title,year,doi,venue,type,iitrpr_author,department,evidence_source,source_url,confidence,notes
Benzimidazolium-Based Self-Assembled Fluorescent Aggregates for Sensing and Catalytic Degradation of Diethylchlorophosphate,2016,,ACS Applied Materials & Interfaces,journal,Narinder Singh,Chemistry,annual_report,https://www.iitrpr.ac.in/downloads/sites/default/files/Reports/Annual%20Report%202016%20-%2017.pdf,high,"IIT Ropar Annual Report 2016-17, department-wise publication list"
"Highly efficient and recyclable basic mesoporous zeolite catalyzed condensation, hydroxylation, and cycloaddition reactions",2017,,Journal of Colloid and Interface Science,journal,Rajendra Srivastava,Chemistry,annual_report,https://www.iitrpr.ac.in/downloads/sites/default/files/Reports/Annual%20Report%202016%20-%2017.pdf,high,"IIT Ropar Annual Report 2016-17, department-wise publication list"
Construction of 3-fold interpenetrated 3D metal-organic frameworks (MOFs) of Ni(II) for highly efficient capture and conversion of carbon dioxide,2016,,Inorganic Chemistry,journal,C. M. Nagaraja,Chemistry,annual_report,https://www.iitrpr.ac.in/downloads/sites/default/files/Reports/Annual%20Report%202016%20-%2017.pdf,high,"IIT Ropar Annual Report 2016-17, department-wise publication list"
Visible-Light-Assisted Photocatalytic Reduction of Nitroaromatics by Recyclable Ni(II)-Porphyrin Metal-Organic Framework (MOF) at RT,2016,,Inorganic Chemistry,journal,C. M. Nagaraja,Chemistry,annual_report,https://www.iitrpr.ac.in/downloads/sites/default/files/Reports/Annual%20Report%202016%20-%2017.pdf,high,"IIT Ropar Annual Report 2016-17, department-wise publication list"
Synthesis and Application of Cyclic Diaryliodonium Salts: A Platform for Bifunctionalization in a Single Step,2017,,European Journal of Organic Chemistry,journal,Avijit Goswami,Chemistry,annual_report,https://www.iitrpr.ac.in/downloads/sites/default/files/Reports/Annual%20Report%202016%20-%2017.pdf,high,"IIT Ropar Annual Report 2016-17, department-wise publication list"
Fundamental Study of Reversible Hydrogen Storage in Titanium- and Lithium-Functionalized Calix[4]arene,2017,,Journal of Physical Chemistry C,journal,T. J. Dhilip Kumar,Chemistry,annual_report,https://www.iitrpr.ac.in/downloads/sites/default/files/Reports/Annual%20Report%202016%20-%2017.pdf,high,"IIT Ropar Annual Report 2016-17, department-wise publication list"
"An Efficient, Visible Light Driven, Selective Oxidation of Aromatic Alcohols and Amines with O2 Using BiVO4/g-C3N4 Nanocomposite: A Systematic and Comprehensive Study toward the Development of a Photocatalytic Process",2017,,ACS Sustainable Chemistry & Engineering,journal,Rajendra Srivastava,Chemistry,annual_report,https://www.iitrpr.ac.in/downloads/sites/default/files/Reports/Annual%20Report%202016%20-%2017.pdf,high,"IIT Ropar Annual Report 2016-17, department-wise publication list"
"Geometric hitting set, set cover and generalized class cover problems with half-strips in opposite directions",2016,,Discrete Applied Mathematics,journal,Apurva Mudgal,CSE,annual_report,https://www.iitrpr.ac.in/downloads/sites/default/files/Reports/Annual%20Report%202016%20-%2017.pdf,high,"IIT Ropar Annual Report 2016-17, department-wise publication list"
SeeR: Simulated Annealing-based Routing in Opportunistic Mobile Networks,2017,,IEEE Transactions on Mobile Computing,journal,Sujata Pal,CSE,annual_report,https://www.iitrpr.ac.in/downloads/sites/default/files/Reports/Annual%20Report%202016%20-%2017.pdf,high,"IIT Ropar Annual Report 2016-17, department-wise publication list"
Supervised Deep Segmentation Network for Brain Extraction,2016,,"ICVGIP 2016 (Indian Conference on Computer Vision, Graphics and Image Processing)",conference,CSE faculty (AR list),CSE,annual_report,https://www.iitrpr.ac.in/downloads/sites/default/files/Reports/Annual%20Report%202016%20-%2017.pdf,high,"IIT Ropar Annual Report 2016-17, department-wise publication list; IIT Ropar author identified from department section"
Spot Garbage: Smartphone App to Detect Garbage Using Deep Learning,2016,,ACM UbiComp 2016,conference,Narayanan C. Krishnan,CSE,annual_report,https://www.iitrpr.ac.in/downloads/sites/default/files/Reports/Annual%20Report%202016%20-%2017.pdf,high,"IIT Ropar Annual Report 2016-17, department-wise publication list"
Stabbing Line Segments with Disks and Related Problems,2016,,28th Canadian Conference on Computational Geometry (CCCG 2016),conference,Apurva Mudgal,CSE,annual_report,https://www.iitrpr.ac.in/downloads/sites/default/files/Reports/Annual%20Report%202016%20-%2017.pdf,high,"IIT Ropar Annual Report 2016-17, department-wise publication list"
Supervised Heterogeneous Domain Adaptation via Random Forests,2016,,IJCAI 2016,conference,Narayanan C. Krishnan,CSE,annual_report,https://www.iitrpr.ac.in/downloads/sites/default/files/Reports/Annual%20Report%202016%20-%2017.pdf,high,"IIT Ropar Annual Report 2016-17, department-wise publication list"
Lithium-intercalated Graphene Interconnects: Prospects for On-chip Applications,2016,,IEEE Journal of the Electron Devices Society,journal,Rohit Sharma,EE,annual_report,https://www.iitrpr.ac.in/downloads/sites/default/files/Reports/Annual%20Report%202016%20-%2017.pdf,high,"IIT Ropar Annual Report 2016-17, department-wise publication list"
Vehicle Tracking in Video Using Fractional Feedback Kalman Filter,2016,,IEEE Transactions on Computational Imaging,journal,EE faculty (AR list),EE,annual_report,https://www.iitrpr.ac.in/downloads/sites/default/files/Reports/Annual%20Report%202016%20-%2017.pdf,high,"IIT Ropar Annual Report 2016-17, department-wise publication list; IIT Ropar author identified from department section"
Uncertainty of optimal generation cost due to integration of renewable energy sources,2016,,Energy Systems,journal,EE faculty (AR list),EE,annual_report,https://www.iitrpr.ac.in/downloads/sites/default/files/Reports/Annual%20Report%202016%20-%2017.pdf,high,"IIT Ropar Annual Report 2016-17, department-wise publication list; IIT Ropar author identified from department section"
"Effect of spatial extent of atmospheric variables on development of statistical downscaling model for monthly precipitation in Yamuna-Hindon Interbasin, India",2016,,Journal of Hydrologic Engineering,journal,Civil faculty (AR list),Civil,annual_report,https://www.iitrpr.ac.in/downloads/sites/default/files/Reports/Annual%20Report%202016%20-%2017.pdf,high,"IIT Ropar Annual Report 2016-17, department-wise publication list; IIT Ropar author identified from department section"
Worst-case photovoltaic generation and power change distribution under dense cloud cover,2016,,IEEE Transactions on Sustainable Energy,journal,EE faculty (AR list),EE,annual_report,https://www.iitrpr.ac.in/downloads/sites/default/files/Reports/Annual%20Report%202016%20-%2017.pdf,high,"IIT Ropar Annual Report 2016-17, department-wise publication list; IIT Ropar author identified from department section"
Interrogating Racialized Perceptions in Toni Morrison's The Bluest Eye and God Help the Child,2017,,Dialog,journal,HSS faculty (AR list),HSS,annual_report,https://www.iitrpr.ac.in/downloads/sites/default/files/Reports/Annual%20Report%202016%20-%2017.pdf,high,"IIT Ropar Annual Report 2016-17, department-wise publication list; IIT Ropar author identified from department section"
Kanauji of Kanpur: A brief overview,2016,,Acta Linguistica Asiatica,journal,HSS faculty (AR list),HSS,annual_report,https://www.iitrpr.ac.in/downloads/sites/default/files/Reports/Annual%20Report%202016%20-%2017.pdf,high,"IIT Ropar Annual Report 2016-17, department-wise publication list; IIT Ropar author identified from department section"
Current account dynamics and capital mobility in the newly industrialized countries,2016,,International Review of Applied Economics,journal,HSS faculty (AR list),HSS,annual_report,https://www.iitrpr.ac.in/downloads/sites/default/files/Reports/Annual%20Report%202016%20-%2017.pdf,high,"IIT Ropar Annual Report 2016-17, department-wise publication list; IIT Ropar author identified from department section"
Bank-specific determinants of non-performing assets of Indian banks,2016,,International Economics and Economic Policy,journal,HSS faculty (AR list),HSS,annual_report,https://www.iitrpr.ac.in/downloads/sites/default/files/Reports/Annual%20Report%202016%20-%2017.pdf,high,"IIT Ropar Annual Report 2016-17, department-wise publication list; IIT Ropar author identified from department section"
Diffraction of surface water waves by an undulating bed topography in the presence of vertical barrier,2016,,Ocean Engineering,journal,S. C. Martha,Mathematics,annual_report,https://www.iitrpr.ac.in/downloads/sites/default/files/Reports/Annual%20Report%202016%20-%2017.pdf,high,"IIT Ropar Annual Report 2016-17, department-wise publication list"
Induced Matching in Some Subclasses of Bipartite Graphs,2017,,CALDAM 2017 (LNCS 10156),conference,Arti Pandey,Mathematics,annual_report,https://www.iitrpr.ac.in/downloads/sites/default/files/Reports/Annual%20Report%202016%20-%2017.pdf,high,"IIT Ropar Annual Report 2016-17, department-wise publication list"
A new stability result for the modified Craig-Sneyd scheme applied to two-dimensional convection-diffusion equations with mixed derivatives,2016,,Applied Mathematics and Computation,journal,Mathematics faculty (AR list),Mathematics,annual_report,https://www.iitrpr.ac.in/downloads/sites/default/files/Reports/Annual%20Report%202016%20-%2017.pdf,high,"IIT Ropar Annual Report 2016-17, department-wise publication list; IIT Ropar author identified from department section"
Early warning signals for critical transitions in a thermoacoustic system,2016,,Scientific Reports,journal,Partha Sharathi Dutta,Mathematics,annual_report,https://www.iitrpr.ac.in/downloads/sites/default/files/Reports/Annual%20Report%202016%20-%2017.pdf,high,"IIT Ropar Annual Report 2016-17, department-wise publication list"
The role of passing in a two-dimensional network,2016,,Nonlinear Dynamics,journal,Arvind Kumar Gupta,Mathematics,annual_report,https://www.iitrpr.ac.in/downloads/sites/default/files/Reports/Annual%20Report%202016%20-%2017.pdf,high,"IIT Ropar Annual Report 2016-17, department-wise publication list"
The impact of a predator on the outcome of competition in the three-trophic food web,2017,,Journal of Theoretical Biology,journal,Partha Sharathi Dutta,Mathematics,annual_report,https://www.iitrpr.ac.in/downloads/sites/default/files/Reports/Annual%20Report%202016%20-%2017.pdf,high,"IIT Ropar Annual Report 2016-17, department-wise publication list"
Fingering instability and mixing of a blob in porous media,2016,,Physical Review E,journal,Manoranjan Mishra,Mathematics,annual_report,https://www.iitrpr.ac.in/downloads/sites/default/files/Reports/Annual%20Report%202016%20-%2017.pdf,high,"IIT Ropar Annual Report 2016-17, department-wise publication list"
Atom-assisted quadrature squeezing of a mechanical oscillator inside a dispersive cavity,2016,,Physical Review A,journal,Asoka Biswas,Physics,annual_report,https://www.iitrpr.ac.in/downloads/sites/default/files/Reports/Annual%20Report%202016%20-%2017.pdf,high,"IIT Ropar Annual Report 2016-17, department-wise publication list"
Coherence and Its Role in Excitation Energy Transfer in Fenna-Matthews-Olson Complex,2017,,Journal of Physical Chemistry B,journal,Physics faculty (AR list),Physics,annual_report,https://www.iitrpr.ac.in/downloads/sites/default/files/Reports/Annual%20Report%202016%20-%2017.pdf,high,"IIT Ropar Annual Report 2016-17, department-wise publication list; IIT Ropar author identified from department section"
Interaction between dual cavity modes in a planar photonic microcavity,2016,,Journal of Modern Optics,journal,Rajesh V. Nair,Physics,annual_report,https://www.iitrpr.ac.in/downloads/sites/default/files/Reports/Annual%20Report%202016%20-%2017.pdf,high,"IIT Ropar Annual Report 2016-17, department-wise publication list"
Erosion dynamics of faceted pyramidal surfaces,2016,,Current Applied Physics,journal,Subhendu Sarkar,Physics,annual_report,https://www.iitrpr.ac.in/downloads/sites/default/files/Reports/Annual%20Report%202016%20-%2017.pdf,high,"IIT Ropar Annual Report 2016-17, department-wise publication list"
Optical switching and bistability in four-level atomic systems,2016,,Physical Review A,journal,Physics faculty (AR list),Physics,annual_report,https://www.iitrpr.ac.in/downloads/sites/default/files/Reports/Annual%20Report%202016%20-%2017.pdf,high,"IIT Ropar Annual Report 2016-17, department-wise publication list; IIT Ropar author identified from department section"
Polarization-selective branching of stop gaps in three-dimensional photonic crystals,2016,,Physical Review A,journal,Rajesh V. Nair,Physics,annual_report,https://www.iitrpr.ac.in/downloads/sites/default/files/Reports/Annual%20Report%202016%20-%2017.pdf,high,"IIT Ropar Annual Report 2016-17, department-wise publication list"
Constraining some Horndeski gravity theories,2017,,Physical Review D,journal,Physics faculty (AR list),Physics,annual_report,https://www.iitrpr.ac.in/downloads/sites/default/files/Reports/Annual%20Report%202016%20-%2017.pdf,high,"IIT Ropar Annual Report 2016-17, department-wise publication list; IIT Ropar author identified from department section"
Measurement-induced operation of two-ion quantum heat machines,2017,,Physical Review E,journal,Asoka Biswas,Physics,annual_report,https://www.iitrpr.ac.in/downloads/sites/default/files/Reports/Annual%20Report%202016%20-%2017.pdf,high,"IIT Ropar Annual Report 2016-17, department-wise publication list"
Incomplete fusion in 16O+159Tb,2016,,Nuclear Physics A,journal,Pushpendra P. Singh,Physics,annual_report,https://www.iitrpr.ac.in/downloads/sites/default/files/Reports/Annual%20Report%202016%20-%2017.pdf,high,"IIT Ropar Annual Report 2016-17, department-wise publication list"
Experimental force modeling for deformation machining stretching mode for aluminum alloys,2017,,Sadhana,journal,Mechanical faculty (AR list),Mechanical,annual_report,https://www.iitrpr.ac.in/downloads/sites/default/files/Reports/Annual%20Report%202016%20-%2017.pdf,high,"IIT Ropar Annual Report 2016-17, department-wise publication list; IIT Ropar author identified from department section"
Estimation of growth features and thermophysical properties of melanoma within 3-D human skin using genetic algorithm and simulated annealing,2016,,International Journal of Heat and Mass Transfer,journal,Mechanical faculty (AR list),Mechanical,annual_report,https://www.iitrpr.ac.in/downloads/sites/default/files/Reports/Annual%20Report%202016%20-%2017.pdf,high,"IIT Ropar Annual Report 2016-17, department-wise publication list; IIT Ropar author identified from department section"
"Comparison of deforming forces, residual stresses and geometrical accuracy of deformation machining with conventional bending and forming",2016,,Journal of Materials Processing Technology,journal,Mechanical faculty (AR list),Mechanical,annual_report,https://www.iitrpr.ac.in/downloads/sites/default/files/Reports/Annual%20Report%202016%20-%2017.pdf,high,"IIT Ropar Annual Report 2016-17, department-wise publication list; IIT Ropar author identified from department section"
Development of a new reduced hydrogen combustion mechanism with NOx and parametric study of hydrogen HCCI combustion using stochastic reactor model,2017,,Energy Conversion and Management,journal,Mechanical faculty (AR list),Mechanical,annual_report,https://www.iitrpr.ac.in/downloads/sites/default/files/Reports/Annual%20Report%202016%20-%2017.pdf,high,"IIT Ropar Annual Report 2016-17, department-wise publication list; IIT Ropar author identified from department section"
"Spray characteristics, engine performance and emissions analysis for Karanja biodiesel and its blends",2017,,Energy,journal,Mechanical faculty (AR list),Mechanical,annual_report,https://www.iitrpr.ac.in/downloads/sites/default/files/Reports/Annual%20Report%202016%20-%2017.pdf,high,"IIT Ropar Annual Report 2016-17, department-wise publication list; IIT Ropar author identified from department section"
Thermal analysis of induced damage to the healthy cell during RFA of breast tumor,2016,,Journal of Thermal Biology,journal,Mechanical faculty (AR list),Mechanical,annual_report,https://www.iitrpr.ac.in/downloads/sites/default/files/Reports/Annual%20Report%202016%20-%2017.pdf,high,"IIT Ropar Annual Report 2016-17, department-wise publication list; IIT Ropar author identified from department section"
Non-modal stability analysis of miscible viscous fingering with non-monotonic viscosity profiles,2018,,Journal of Fluid Mechanics,journal,Manoranjan Mishra,Mathematics,annual_report,https://www.iitrpr.ac.in/downloads/sites/default/files/Reports/Annual%20Report%202018-19.pdf,high,"IIT Ropar Annual Report 2018-19, department-wise publication list"
"Analysis of the effects of inclination angle, nanoparticle volume fraction and its size on forced convection from an inclined elliptic cylinder in aqueous nanofluids",2019,,Journal of Thermal Analysis and Calorimetry,journal,Chandi Sasmal,Chemical,annual_report,https://www.iitrpr.ac.in/downloads/sites/default/files/Reports/Annual%20Report%202018-19.pdf,high,"IIT Ropar Annual Report 2018-19, department-wise publication list"
A numerical study on reaction-induced radial fingering instability,2019,10.48550/arXiv.1812.02631,Journal of Fluid Mechanics,journal,Manoranjan Mishra,Mathematics,annual_report,https://www.iitrpr.ac.in/downloads/sites/default/files/Reports/Annual%20Report%202018-19.pdf,high,"IIT Ropar Annual Report 2018-19, department-wise publication list; also found via arxiv (https://arxiv.org/abs/1812.02631)"
Effect of anti-Langmuir adsorption on spreading in porous media,2018,,EPL (Europhysics Letters),journal,Manoranjan Mishra,Mathematics,annual_report,https://www.iitrpr.ac.in/downloads/sites/default/files/Reports/Annual%20Report%202018-19.pdf,high,"IIT Ropar Annual Report 2018-19, department-wise publication list"
Economic and environmental potentials for natural gas to enhance biomass-to-liquid fuels technologies,2018,,Green Chemistry,journal,Asad H. Sahir,Chemical,annual_report,https://www.iitrpr.ac.in/downloads/sites/default/files/Reports/Annual%20Report%202018-19.pdf,medium,"IIT Ropar Annual Report 2018-19, department-wise publication list; author may have been at NREL at time of work; listed in IIT Ropar AR"
Construction of a 3D porous Co(II) metal-organic framework (MOF) with Lewis acidic metal sites exhibiting selective CO2 capture and conversion under mild conditions,2019,,New Journal of Chemistry,journal,C. M. Nagaraja,Chemistry,annual_report,https://www.iitrpr.ac.in/downloads/sites/default/files/Reports/Annual%20Report%202018-19.pdf,high,"IIT Ropar Annual Report 2018-19, department-wise publication list"
Hydrazone-Linkage-Based Self-Healing and Injectable Xanthan-Poly(ethylene glycol) Hydrogels for Controlled Drug Release and 3D Cell Culture,2018,,ACS Applied Materials & Interfaces,journal,Yashveer Singh,Chemistry,annual_report,https://www.iitrpr.ac.in/downloads/sites/default/files/Reports/Annual%20Report%202018-19.pdf,high,"IIT Ropar Annual Report 2018-19, department-wise publication list"
High Performance Fluorescent Turn-On Probe for Amitriptyline Based on Hybrid Nanoassembly of Organic-Inorganic Nanoparticles,2019,,ACS Applied Bio Materials,journal,Narinder Singh,Chemistry,annual_report,https://www.iitrpr.ac.in/downloads/sites/default/files/Reports/Annual%20Report%202018-19.pdf,high,"IIT Ropar Annual Report 2018-19, department-wise publication list"
Fine Tuning of Polymer-Coated Gold Nanohybrids: Sensor for the Selective Detection of Quinalphos and Device Fabrication for Water Purification,2019,,ACS Applied Nano Materials,journal,Narinder Singh,Chemistry,annual_report,https://www.iitrpr.ac.in/downloads/sites/default/files/Reports/Annual%20Report%202018-19.pdf,high,"IIT Ropar Annual Report 2018-19, department-wise publication list"
Numerical simulation of wave propagation across multiple parallel rock joints using DEM,2018,,Indian Geotechnical Conference 2018,conference,Resmi Sebastian,Civil,annual_report,https://www.iitrpr.ac.in/downloads/sites/default/files/Reports/Annual%20Report%202018-19.pdf,high,"IIT Ropar Annual Report 2018-19, department-wise publication list"
Detecting glacier surface changes using object-based change detection,2018,,IEEE IGARSS 2018,conference,Reet Kamal Tiwari,Civil,annual_report,https://www.iitrpr.ac.in/downloads/sites/default/files/Reports/Annual%20Report%202018-19.pdf,high,"IIT Ropar Annual Report 2018-19, department-wise publication list"
NP-hardness of geometric set cover and hitting set with rectangles containing a common point,2019,,Information Processing Letters,journal,Apurva Mudgal,CSE,annual_report,https://www.iitrpr.ac.in/downloads/sites/default/files/Reports/Annual%20Report%202018-19.pdf,high,"IIT Ropar Annual Report 2018-19, department-wise publication list"
Automatic Group Affect Analysis in Images via Visual Attribute and Feature Networks,2018,,IEEE ICIP 2018,conference,Abhinav Dhall,CSE,annual_report,https://www.iitrpr.ac.in/downloads/sites/default/files/Reports/Annual%20Report%202018-19.pdf,high,"IIT Ropar Annual Report 2018-19, department-wise publication list"
Load Balancing in Network Voronoi Diagrams under Overload Penalties,2018,,DEXA 2018,conference,Venkata M. V. Gunturi,CSE,annual_report,https://www.iitrpr.ac.in/downloads/sites/default/files/Reports/Annual%20Report%202018-19.pdf,high,"IIT Ropar Annual Report 2018-19, department-wise publication list"
Cryptanalytic time-memory trade-off for password hashing schemes,2018,,International Journal of Information Security,journal,Somitra Sanadhya,CSE,annual_report,https://www.iitrpr.ac.in/downloads/sites/default/files/Reports/Annual%20Report%202018-19.pdf,high,"IIT Ropar Annual Report 2018-19, department-wise publication list"
"Microgrid Fault Detection Methods: Reviews, Issues and Future Trends",2018,,IEEE ISGT Asia 2018,conference,EE faculty (AR list),EE,annual_report,https://www.iitrpr.ac.in/downloads/sites/default/files/Reports/Annual%20Report%202018-19.pdf,high,"IIT Ropar Annual Report 2018-19, department-wise publication list; IIT Ropar author identified from department section"
Applicability of active infrared thermography for screening of human breast: a numerical study,2018,,Journal of Biomedical Optics,journal,Ravibabu Mulaveesala,EE,annual_report,https://www.iitrpr.ac.in/downloads/sites/default/files/Reports/Annual%20Report%202018-19.pdf,high,"IIT Ropar Annual Report 2018-19, department-wise publication list"
MsEDNet: Multi-Scale Deep Saliency Learning for Moving Object Detection,2018,,IEEE SMC 2018,conference,Subrahmanyam Murala; Abhinav Dhall,EE,annual_report,https://www.iitrpr.ac.in/downloads/sites/default/files/Reports/Annual%20Report%202018-19.pdf,high,"IIT Ropar Annual Report 2018-19, department-wise publication list"
"Bilayer graphene/HgCdTe based very long infrared photodetector with superior external quantum efficiency, responsivity, and detectivity",2018,,RSC Advances,journal,MME faculty (AR list),MME,annual_report,https://www.iitrpr.ac.in/downloads/sites/default/files/Reports/Annual%20Report%202018-19.pdf,medium,"IIT Ropar Annual Report 2018-19, department-wise publication list; IIT Ropar author identified from department section; IIT Ropar faculty author not identified individually (MME list)"
Dynamic environment-induced multistability and critical transition in a metacommunity ecosystem,2019,,Physical Review E,journal,Partha Sharathi Dutta,Mathematics,annual_report,https://www.iitrpr.ac.in/downloads/sites/default/files/Reports/Annual%20Report%202018-19.pdf,high,"IIT Ropar Annual Report 2018-19, department-wise publication list"
In situ investigations of microstructural changes during tensile deformation of AISI 304L stainless steels,2019,,Archives of Civil and Mechanical Engineering,journal,Mechanical faculty (AR list),Mechanical,annual_report,https://www.iitrpr.ac.in/downloads/sites/default/files/Reports/Annual%20Report%202018-19.pdf,high,"IIT Ropar Annual Report 2018-19, department-wise publication list; IIT Ropar author identified from department section"
"Wearable Upper Limb Exoskeletons: Generations, Design Challenges and Task Oriented Synthesis",2019,,"New Trends in Medical and Service Robotics (Mechanisms and Machine Science, Springer)",other,Ekta Singla,Mechanical,annual_report,https://www.iitrpr.ac.in/downloads/sites/default/files/Reports/Annual%20Report%202018-19.pdf,high,"IIT Ropar Annual Report 2018-19, department-wise publication list"
Parametric study of the energy efficiency of the HDH desalination unit integrated with nanofluid-based solar collector,2019,,Journal of Thermal Analysis and Calorimetry,journal,Himanshu Tyagi,Mechanical,annual_report,https://www.iitrpr.ac.in/downloads/sites/default/files/Reports/Annual%20Report%202018-19.pdf,high,"IIT Ropar Annual Report 2018-19, department-wise publication list"
Optimization of laser-assisted joining through an integrated experimental-simulation approach,2018,,International Journal of Advanced Manufacturing Technology,journal,Ravi Kant,Mechanical,annual_report,https://www.iitrpr.ac.in/downloads/sites/default/files/Reports/Annual%20Report%202018-19.pdf,high,"IIT Ropar Annual Report 2018-19, department-wise publication list"
Triggering of flow asymmetry by anisotropic deflection of lamella during the impact of a drop onto superhydrophobic surfaces,2018,,Physics of Fluids,journal,Sarit K. Das,Mechanical,annual_report,https://www.iitrpr.ac.in/downloads/sites/default/files/Reports/Annual%20Report%202018-19.pdf,high,"IIT Ropar Annual Report 2018-19, department-wise publication list"
Particle creation by de Sitter black holes revisited,2018,,Physical Review D,journal,Physics faculty (AR list),Physics,annual_report,https://www.iitrpr.ac.in/downloads/sites/default/files/Reports/Annual%20Report%202018-19.pdf,high,"IIT Ropar Annual Report 2018-19, department-wise publication list; IIT Ropar author identified from department section"
Nanoscale Topographical Fluctuations: A Key Factor for Evaporative Colloidal Self-Assembly,2018,,Langmuir,journal,Subhendu Sarkar,Physics,annual_report,https://www.iitrpr.ac.in/downloads/sites/default/files/Reports/Annual%20Report%202018-19.pdf,high,"IIT Ropar Annual Report 2018-19, department-wise publication list"
Bandgap Tunability in a One-Dimensional System,2018,,Condensed Matter,journal,Rakesh Kumar,Physics,annual_report,https://www.iitrpr.ac.in/downloads/sites/default/files/Reports/Annual%20Report%202018-19.pdf,high,"IIT Ropar Annual Report 2018-19, department-wise publication list"
Inflammation-induced mTORC2-Akt-mTORC1 signaling promotes macrophage foam cell formation,2018,,Biochimie,journal,Durba Pal,Biomedical,annual_report,https://www.iitrpr.ac.in/downloads/sites/default/files/Reports/Annual%20Report%202018-19.pdf,high,"IIT Ropar Annual Report 2018-19, department-wise publication list"
An EEG based Quantitative Analysis of Absorbed Meditative State,2019,,IEEE/EMBS NER 2019,conference,Biomedical faculty (AR list),Biomedical,annual_report,https://www.iitrpr.ac.in/downloads/sites/default/files/Reports/Annual%20Report%202018-19.pdf,high,"IIT Ropar Annual Report 2018-19, department-wise publication list; IIT Ropar author identified from department section"
Using Deep Learning to Classify Burnt Body Parts Images for Better Burns Diagnosis,2018,,SaMBA-MICCAI 2018 workshop,conference,Puneet Goyal,CSE,annual_report,https://www.iitrpr.ac.in/downloads/sites/default/files/Reports/Annual%20Report%202018-19.pdf,high,"IIT Ropar Annual Report 2018-19, department-wise publication list"
A multifunctional cobalt iron sulfide electrocatalyst for high performance Zn-air batteries and overall water splitting,2022,,Journal of Materials Chemistry A,journal,Tharamani C. Nagaiah,Chemistry,annual_report,https://www.iitrpr.ac.in/downloads/sites/default/files/IIT%20Ropar%20Annual%20Report%202022-23%20Optimized.pdf,high,"IIT Ropar Annual Report 2022-23, department-wise publication list"
Visible-Light-Mediated (sp3)C-H Functionalization of Ethers Enabled by Electron Donor-Acceptor Complex,2022,,ACS Organic & Inorganic Au,journal,Indranil Chatterjee,Chemistry,annual_report,https://www.iitrpr.ac.in/downloads/sites/default/files/IIT%20Ropar%20Annual%20Report%202022-23%20Optimized.pdf,high,"IIT Ropar Annual Report 2022-23, department-wise publication list"
Organic Cation Receptor for Colorimetric Lateral Flow Device: Detection of Zearalenone in Food Samples,2022,,ACS Applied Materials & Interfaces,journal,Narinder Singh,Chemistry,annual_report,https://www.iitrpr.ac.in/downloads/sites/default/files/IIT%20Ropar%20Annual%20Report%202022-23%20Optimized.pdf,high,"IIT Ropar Annual Report 2022-23, department-wise publication list"
Challenges and prospects in the selective photoreduction of CO2 to C1 and C2 products with nanostructured materials: A review,2022,,Materials Horizons,journal,Rajendra Srivastava,Chemistry,annual_report,https://www.iitrpr.ac.in/downloads/sites/default/files/IIT%20Ropar%20Annual%20Report%202022-23%20Optimized.pdf,high,"IIT Ropar Annual Report 2022-23, department-wise publication list"
"A Comprehensive Review on Solar Pond Research in India: Past, Present and Future",2022,,Solar Energy,journal,Sayantan Ganguly,Civil,annual_report,https://www.iitrpr.ac.in/downloads/sites/default/files/IIT%20Ropar%20Annual%20Report%202022-23%20Optimized.pdf,high,"IIT Ropar Annual Report 2022-23, department-wise publication list"
Modeling of opening for realistic assessment of infilled RC frame buildings,2022,10.1016/j.istruc.2022.05.110,Structures,journal,Putul Haldar,Civil,annual_report,https://www.iitrpr.ac.in/downloads/sites/default/files/IIT%20Ropar%20Annual%20Report%202022-23%20Optimized.pdf,high,"IIT Ropar Annual Report 2022-23, department-wise publication list"
Resonant column and cyclic torsional shear tests on Sutlej river sand subjected to the seismicity of Himalayan and Shivalik hill ranges: A case study,2023,,Soil Dynamics and Earthquake Engineering,journal,Resmi Sebastian,Civil,annual_report,https://www.iitrpr.ac.in/downloads/sites/default/files/IIT%20Ropar%20Annual%20Report%202022-23%20Optimized.pdf,high,"IIT Ropar Annual Report 2022-23, department-wise publication list"
Analytical solutions for predicting seepage in a layered ditch drainage system under Dirichlet and lagging Robin boundary conditions,2022,10.1080/02626667.2022.2101891,Hydrological Sciences Journal,journal,Ratan Sarmah; Ickkshaanshu Sonkar; Sagar Rohidas Chavan,Civil,annual_report,https://www.iitrpr.ac.in/downloads/sites/default/files/IIT%20Ropar%20Annual%20Report%202022-23%20Optimized.pdf,high,"IIT Ropar Annual Report 2022-23, department-wise publication list"
Analysis of differential glacier behaviour in Sikkim Himalayas in view of changing climate,2022,10.1080/10106049.2022.2105403,Geocarto International,journal,Reet Kamal Tiwari,Civil,annual_report,https://www.iitrpr.ac.in/downloads/sites/default/files/IIT%20Ropar%20Annual%20Report%202022-23%20Optimized.pdf,high,"IIT Ropar Annual Report 2022-23, department-wise publication list"
Mapping the landslide susceptibility considering future land-use land-cover scenario,2023,10.1007/s10346-022-01968-7,Landslides,journal,Reet Kamal Tiwari; Naveen James,Civil,annual_report,https://www.iitrpr.ac.in/downloads/sites/default/files/IIT%20Ropar%20Annual%20Report%202022-23%20Optimized.pdf,high,"IIT Ropar Annual Report 2022-23, department-wise publication list"
A Fault-Tolerant Power Converter with Multi-Switch Fault Diagnosis and Repair Capability for 4-Phase 8/6 SRM Drives,2022,,IEEE Transactions on Transportation Electrification,journal,A. V. Ravi Teja,EE,annual_report,https://www.iitrpr.ac.in/downloads/sites/default/files/IIT%20Ropar%20Annual%20Report%202022-23%20Optimized.pdf,high,"IIT Ropar Annual Report 2022-23, department-wise publication list"
Fast Discharging (N+1) Switch Converter With Regenerative Flyback Operation for N-Phase SRM Drives,2022,,IEEE Transactions on Power Electronics,journal,A. V. Ravi Teja,EE,annual_report,https://www.iitrpr.ac.in/downloads/sites/default/files/IIT%20Ropar%20Annual%20Report%202022-23%20Optimized.pdf,high,"IIT Ropar Annual Report 2022-23, department-wise publication list"
A Digital Frequency Locked Loop With Minimum Computation Overhead for Heavily Distorted Single-Phase Grid Systems,2022,,IEEE Transactions on Instrumentation and Measurement,journal,A. V. Ravi Teja,EE,annual_report,https://www.iitrpr.ac.in/downloads/sites/default/files/IIT%20Ropar%20Annual%20Report%202022-23%20Optimized.pdf,high,"IIT Ropar Annual Report 2022-23, department-wise publication list"
Unified Multi-Weather Visibility Restoration,2022,10.1109/TMM.2022.3225712,IEEE Transactions on Multimedia,journal,Subrahmanyam Murala,EE,annual_report,https://www.iitrpr.ac.in/downloads/sites/default/files/IIT%20Ropar%20Annual%20Report%202022-23%20Optimized.pdf,high,"IIT Ropar Annual Report 2022-23, department-wise publication list"
Out-of-plane biphilic surface structuring for enhanced capillary-driven dropwise condensation,2023,,Langmuir,journal,Chander Shekhar Sharma,Mechanical,annual_report,https://www.iitrpr.ac.in/downloads/sites/default/files/IIT%20Ropar%20Annual%20Report%202022-23%20Optimized.pdf,high,"IIT Ropar Annual Report 2022-23, department-wise publication list"
Multiphysics modelling and high-speed imaging-based validation of discharge plasma in micro-EDM,2023,,CIRP Journal of Manufacturing Science and Technology,journal,Chandrakant K. Nirala,Mechanical,annual_report,https://www.iitrpr.ac.in/downloads/sites/default/files/IIT%20Ropar%20Annual%20Report%202022-23%20Optimized.pdf,high,"IIT Ropar Annual Report 2022-23, department-wise publication list"
Augmenting the Leidenfrost temperature of droplets via nanobubble dispersion,2022,,Langmuir,journal,Devranjan Samanta; Neelkanth Nirmalkar,Mechanical,annual_report,https://www.iitrpr.ac.in/downloads/sites/default/files/IIT%20Ropar%20Annual%20Report%202022-23%20Optimized.pdf,high,"IIT Ropar Annual Report 2022-23, department-wise publication list"
Computationally inexpensive semi-analytical thermal model to predict melt-pool dimensions for a single-track in Selective Laser Melting,2022,,Journal of Manufacturing Processes,journal,Anupam Agrawal,Mechanical,annual_report,https://www.iitrpr.ac.in/downloads/sites/default/files/IIT%20Ropar%20Annual%20Report%202022-23%20Optimized.pdf,high,"IIT Ropar Annual Report 2022-23, department-wise publication list"
An Audio-Seismic Fusion Framework for Human Activity Recognition in an Outdoor Environment,2022,,IEEE Sensors Journal,journal,Neeraj Goel; Mukesh Saini,CSE,annual_report,https://www.iitrpr.ac.in/downloads/sites/default/files/IIT%20Ropar%20Annual%20Report%202022-23%20Optimized.pdf,high,"IIT Ropar Annual Report 2022-23, department-wise publication list"
"A Survey on Seismic Sensor based Target Detection, Localization, Identification, and Activity Recognition",2023,,ACM Computing Surveys,journal,Neeraj Goel; Mukesh Saini,CSE,annual_report,https://www.iitrpr.ac.in/downloads/sites/default/files/IIT%20Ropar%20Annual%20Report%202022-23%20Optimized.pdf,high,"IIT Ropar Annual Report 2022-23, department-wise publication list"
Scheduling algorithms for truly heterogeneous hierarchical fog networks,2022,,Software: Practice and Experience,journal,Nitin Auluck,CSE,annual_report,https://www.iitrpr.ac.in/downloads/sites/default/files/IIT%20Ropar%20Annual%20Report%202022-23%20Optimized.pdf,high,"IIT Ropar Annual Report 2022-23, department-wise publication list"
QoS-aware multipath routing in software-defined networks,2023,,IEEE Transactions on Network Science and Engineering,journal,Sujata Pal,CSE,annual_report,https://www.iitrpr.ac.in/downloads/sites/default/files/IIT%20Ropar%20Annual%20Report%202022-23%20Optimized.pdf,high,"IIT Ropar Annual Report 2022-23, department-wise publication list"
Efficient algorithms for fair clustering with a new notion of fairness,2023,,Data Mining and Knowledge Discovery,journal,Shweta Jain; Narayanan C. Krishnan,CSE,annual_report,https://www.iitrpr.ac.in/downloads/sites/default/files/IIT%20Ropar%20Annual%20Report%202022-23%20Optimized.pdf,high,"IIT Ropar Annual Report 2022-23, department-wise publication list"
A Matching Based Spatial Crowdsourcing Framework for Egalitarian Task Assignment,2022,,IEEE MDM 2022,conference,Venkata M. V. Gunturi,CSE,annual_report,https://www.iitrpr.ac.in/downloads/sites/default/files/IIT%20Ropar%20Annual%20Report%202022-23%20Optimized.pdf,high,"IIT Ropar Annual Report 2022-23, department-wise publication list"
Large-scale mRNA translation and the intricate effects of competition for the finite pool of ribosomes,2022,,Journal of the Royal Society Interface,journal,Arvind Kumar Gupta,Mathematics,annual_report,https://www.iitrpr.ac.in/downloads/sites/default/files/IIT%20Ropar%20Annual%20Report%202022-23%20Optimized.pdf,high,"IIT Ropar Annual Report 2022-23, department-wise publication list"
Do neighbourhood effects matter for the geographical concentration? Evidence from the Indian industries,2022,,Theoretical Economics Letters,journal,Smruti Ranjan Behera,HSS,annual_report,https://www.iitrpr.ac.in/downloads/sites/default/files/IIT%20Ropar%20Annual%20Report%202022-23%20Optimized.pdf,high,"IIT Ropar Annual Report 2022-23, department-wise publication list"
Exploration of a Psychological Defensive Syndrome against depressive symptomatology in a community sample of Indian women,2022,,Psychological Reports,journal,Parwinder Singh,HSS,annual_report,https://www.iitrpr.ac.in/downloads/sites/default/files/IIT%20Ropar%20Annual%20Report%202022-23%20Optimized.pdf,high,"IIT Ropar Annual Report 2022-23, department-wise publication list"
Bifurcation in flows of wormlike micellar solutions past three vertically aligned microcylinders in a channel,2022,,Physics of Fluids,journal,Chandi Sasmal,Chemical,annual_report,https://www.iitrpr.ac.in/downloads/sites/default/files/IIT%20Ropar%20Annual%20Report%202022-23%20Optimized.pdf,high,"IIT Ropar Annual Report 2022-23, department-wise publication list"
Effect of organic matrix alteration on strain rate dependent mechanical behaviour of cortical bone,2022,,Journal of the Mechanical Behavior of Biomedical Materials,journal,Navin Kumar,Mechanical,annual_report,https://www.iitrpr.ac.in/downloads/sites/default/files/IIT%20Ropar%20Annual%20Report%202022-23%20Optimized.pdf,high,"IIT Ropar Annual Report 2022-23, department-wise publication list"
MiR-330-5p and miR-1270 target essential components of RNA polymerase I transcription and exhibit a novel tumor suppressor role in lung adenocarcinoma,2023,,Cancer Gene Therapy,journal,Srivatsava Naidu,Biomedical,annual_report,https://www.iitrpr.ac.in/downloads/sites/default/files/IIT%20Ropar%20Annual%20Report%202022-23%20Optimized.pdf,high,"IIT Ropar Annual Report 2022-23, department-wise publication list"
Modeling Oxidation of AlCoCrFeNi High Entropy Alloy using Stochastic Cellular Automata,2022,,Entropy,journal,Pratik K. Ray,MME,annual_report,https://www.iitrpr.ac.in/downloads/sites/default/files/IIT%20Ropar%20Annual%20Report%202022-23%20Optimized.pdf,high,"IIT Ropar Annual Report 2022-23, department-wise publication list"
Design of an ultra-thin hepta-band metamaterial absorber for sensing applications,2022,,Optical and Quantum Electronics,journal,Neha Sardana,MME,annual_report,https://www.iitrpr.ac.in/downloads/sites/default/files/IIT%20Ropar%20Annual%20Report%202022-23%20Optimized.pdf,high,"IIT Ropar Annual Report 2022-23, department-wise publication list"
Generating high-energy densities by sidelobe suppression in the far field of phase-locked lasers,2022,,Journal of the Optical Society of America B,journal,Vishwa Pal,Physics,annual_report,https://www.iitrpr.ac.in/downloads/sites/default/files/IIT%20Ropar%20Annual%20Report%202022-23%20Optimized.pdf,high,"IIT Ropar Annual Report 2022-23, department-wise publication list"
A Rindler road to Carrollian worldsheets,2022,,Journal of High Energy Physics,journal,Shankhadeep Chakrabortty,Physics,annual_report,https://www.iitrpr.ac.in/downloads/sites/default/files/IIT%20Ropar%20Annual%20Report%202022-23%20Optimized.pdf,high,"IIT Ropar Annual Report 2022-23, department-wise publication list"
A strategic review on gallium oxide based power electronics: Recent progress and future prospects,2022,,Materials Today Communications,journal,Mukesh Kumar,Physics,annual_report,https://www.iitrpr.ac.in/downloads/sites/default/files/IIT%20Ropar%20Annual%20Report%202022-23%20Optimized.pdf,high,"IIT Ropar Annual Report 2022-23, department-wise publication list"
Hoop compression driven instabilities in spontaneously formed multilayer graphene blisters over a polymeric substrate,2023,,Nanotechnology,journal,Rakesh Kumar; Rajeev Ahuja,Physics,annual_report,https://www.iitrpr.ac.in/downloads/sites/default/files/IIT%20Ropar%20Annual%20Report%202022-23%20Optimized.pdf,high,"IIT Ropar Annual Report 2022-23, department-wise publication list"
Topological phase transition associated with structural phase transition in ternary half Heusler compound LiAuBi,2022,,Journal of Physics: Condensed Matter,journal,Rakesh Kumar,Physics,annual_report,https://www.iitrpr.ac.in/downloads/sites/default/files/IIT%20Ropar%20Annual%20Report%202022-23%20Optimized.pdf,high,"IIT Ropar Annual Report 2022-23, department-wise publication list"
Algorithmic aspects of b-disjunctive domination in graphs,2018,,Journal of Combinatorial Optimization,journal,Arti Pandey,Mathematics,faculty_page,https://www.iitrpr.ac.in/maths/?p=2848,high,Faculty/lab page publication list; author was IIT Ropar faculty at publication date (joining date checked where shown)
Algorithmic Aspects of Semitotal Domination in Graphs,2019,,Theoretical Computer Science,journal,Arti Pandey,Mathematics,faculty_page,https://www.iitrpr.ac.in/maths/?p=2848,high,Faculty/lab page publication list; author was IIT Ropar faculty at publication date (joining date checked where shown)
Complexity and Algorithms for Semipaired Domination in Graphs,2020,,Theory of Computing Systems,journal,Arti Pandey,Mathematics,faculty_page,https://www.iitrpr.ac.in/maths/?p=2848,high,Faculty/lab page publication list; author was IIT Ropar faculty at publication date (joining date checked where shown)
Maximum Weighted Edge Biclique Problem on Bipartite Graphs,2020,,CALDAM 2020 (LNCS 12016),conference,Arti Pandey,Mathematics,faculty_page,https://www.iitrpr.ac.in/maths/?p=2848,high,Faculty/lab page publication list; author was IIT Ropar faculty at publication date (joining date checked where shown)
Semitotal Domination on AT-Free Graphs and Circle Graphs,2021,,CALDAM 2021 (LNCS 12601),conference,Arti Pandey,Mathematics,faculty_page,https://www.iitrpr.ac.in/maths/?p=2848,high,Faculty/lab page publication list; author was IIT Ropar faculty at publication date (joining date checked where shown)
Complexity of Paired Domination in AT-free and Planar graphs,2022,,Theoretical Computer Science,journal,Arti Pandey,Mathematics,faculty_page,https://www.iitrpr.ac.in/maths/?p=2848,high,Faculty/lab page publication list; author was IIT Ropar faculty at publication date (joining date checked where shown)
Computation of Grundy dominating sequences in (co-)bipartite graphs,2023,,Computational and Applied Mathematics,journal,Arti Pandey,Mathematics,faculty_page,https://www.iitrpr.ac.in/maths/?p=2848,high,Faculty/lab page publication list; author was IIT Ropar faculty at publication date (joining date checked where shown)
Cosecure Domination: Hardness Results and Algorithms,2023,,IWOCA 2023 (LNCS 13889),conference,Arti Pandey,Mathematics,faculty_page,https://www.iitrpr.ac.in/maths/?p=2848,high,Faculty/lab page publication list; author was IIT Ropar faculty at publication date (joining date checked where shown)
Some Algorithmic Results for Eternal Vertex Cover Problem in Graphs,2024,,Journal of Graph Algorithms and Applications,journal,Arti Pandey,Mathematics,faculty_page,https://www.iitrpr.ac.in/maths/?p=2848,high,Faculty/lab page publication list; author was IIT Ropar faculty at publication date (joining date checked where shown)
(Independent) Roman Domination Parameterized by Distance to Cluster,2024,,COCOA 2024 (LNCS 15435),conference,Arti Pandey,Mathematics,faculty_page,https://www.iitrpr.ac.in/maths/?p=2848,high,Faculty/lab page publication list; author was IIT Ropar faculty at publication date (joining date checked where shown)
Eternal connected vertex cover problem in graphs: Complexity and algorithms,2025,,Theoretical Computer Science,journal,Arti Pandey,Mathematics,faculty_page,https://www.iitrpr.ac.in/maths/?p=2848,high,Faculty/lab page publication list; author was IIT Ropar faculty at publication date (joining date checked where shown)
Does Salting-Out Effect Nucleate Nanobubbles in Water: Spontaneous Nucleation?,2022,,Ultrasonics Sonochemistry,journal,Neelkanth Nirmalkar,Chemical,faculty_page,https://www.iitrpr.ac.in/chemical/People/faculty/neel.php,high,Faculty/lab page publication list; author was IIT Ropar faculty at publication date (joining date checked where shown)
Novel strategies to enhance hydrodynamic cavitation in a circular venturi using RANS numerical simulations,2021,,Water Research,journal,Neelkanth Nirmalkar,Chemical,faculty_page,https://www.iitrpr.ac.in/chemical/People/faculty/neel.php,medium,Faculty/lab page publication list; author was IIT Ropar faculty at publication date (joining date checked where shown); IIT Ropar author is a co-author; multi-institution paper
Bulk nanobubbles in aqueous salt solution,2022,10.1016/j.matpr.2021.12.477,Materials Today: Proceedings,conference,Neelkanth Nirmalkar,Chemical,faculty_page,https://www.iitrpr.ac.in/chemical/People/faculty/neel.php,high,Faculty/lab page publication list; author was IIT Ropar faculty at publication date (joining date checked where shown)
Use of Phase Change Materials for Energy-efficient Buildings in India,2021,10.1007/978-981-16-0594-9_11,New Research Directions in Solar Energy Technologies (Springer book chapter),other,Himanshu Tyagi,Mechanical,faculty_page,https://iitrpr.ac.in/mechanical/dr-himanshu-tyagi/,high,Faculty/lab page publication list; author was IIT Ropar faculty at publication date (joining date checked where shown)
Thermodynamic Analysis of a Hybrid Novel Solar Powered Humidification-Dehumidification Coupled with Direct Contact Membrane Distillation System,2024,,Energy Conversion and Management,journal,Himanshu Tyagi,Mechanical,faculty_page,https://iitrpr.ac.in/mechanical/dr-himanshu-tyagi/,high,Faculty/lab page publication list; author was IIT Ropar faculty at publication date (joining date checked where shown)
Performance Analysis of Sub-Cooled Transcritical CO2 Refrigeration System Using Vapour Absorption Refrigeration System and Dew Point Evaporative Cooling,2024,10.1016/j.energy.2024.133219,Energy,journal,Himanshu Tyagi,Mechanical,faculty_page,https://iitrpr.ac.in/mechanical/dr-himanshu-tyagi/,high,Faculty/lab page publication list; author was IIT Ropar faculty at publication date (joining date checked where shown)
Performance Analysis of Solar Collector Integrated with Porous Metallic Foam,2025,10.3390/app15052432,Applied Sciences,journal,Himanshu Tyagi,Mechanical,faculty_page,https://iitrpr.ac.in/mechanical/dr-himanshu-tyagi/,high,Faculty/lab page publication list; author was IIT Ropar faculty at publication date (joining date checked where shown)
Uniform Temperature Distribution and Reduced Convection Losses: Top and Bottom Heating Strategies for Nanofluid and Surface Absorption-based Solar Thermal Systems,2025,,Applied Thermal Engineering,journal,Himanshu Tyagi,Mechanical,faculty_page,https://iitrpr.ac.in/mechanical/dr-himanshu-tyagi/,high,Faculty/lab page publication list; author was IIT Ropar faculty at publication date (joining date checked where shown)
Eco-design approaches for developing eco-friendly products: A review,2019,,"Advances in Industrial and Production Engineering (Lecture Notes in Mechanical Engineering, Springer)",other,Prabir Sarkar,Mechanical,faculty_page,https://iitrpr.ac.in/mechanical/dr-prabir-sarkar/,high,Faculty/lab page publication list; author was IIT Ropar faculty at publication date (joining date checked where shown)
An artificial neural network tool to support the decision making of designers for environmentally conscious product development,2023,10.1016/j.eswa.2022.118679,Expert Systems with Applications,journal,Prabir Sarkar,Mechanical,faculty_page,https://iitrpr.ac.in/mechanical/dr-prabir-sarkar/,high,Faculty/lab page publication list; author was IIT Ropar faculty at publication date (joining date checked where shown)
"Understanding entrepreneurship thinking for designers: Perspectives from entrepreneurs, academicians, product designers, and students",2025,,Thinking Skills and Creativity,journal,Prabir Sarkar,Mechanical,faculty_page,https://iitrpr.ac.in/mechanical/dr-prabir-sarkar/,high,Faculty/lab page publication list; author was IIT Ropar faculty at publication date (joining date checked where shown)
Directed explorations during flood disasters using multi-UAV system,2022,,IEEE CASE 2022,conference,Shashi Shekhar Jha,CSE,faculty_page,https://sites.google.com/view/shashi-iitrpr/,high,Faculty/lab page publication list; author was IIT Ropar faculty at publication date (joining date checked where shown)
Deep deterministic policy gradient based multi-UAV control for moving convoy tracking,2023,,Engineering Applications of Artificial Intelligence,journal,Shashi Shekhar Jha,CSE,faculty_page,https://sites.google.com/view/shashi-iitrpr/,high,Faculty/lab page publication list; author was IIT Ropar faculty at publication date (joining date checked where shown)
Decentralized Critical Area Coverage Using Multi-UAV System with Guided Explorations During Floods,2023,,IEEE CASE 2023,conference,Shashi Shekhar Jha,CSE,faculty_page,https://sites.google.com/view/shashi-iitrpr/,high,Faculty/lab page publication list; author was IIT Ropar faculty at publication date (joining date checked where shown)
On subset selection of multiple humans to improve human-AI team accuracy,2023,,AAMAS 2023,conference,Shashi Shekhar Jha; Shweta Jain,CSE,faculty_page,https://sites.google.com/view/shashi-iitrpr/,high,Faculty/lab page publication list; author was IIT Ropar faculty at publication date (joining date checked where shown)
Take Expert Advice Judiciously: Combining Groupwise Calibrated Model Probabilities with Expert Predictions,2023,,ECAI 2023,conference,Shashi Shekhar Jha; Shweta Jain,CSE,faculty_page,https://sites.google.com/view/shashi-iitrpr/,high,Faculty/lab page publication list; author was IIT Ropar faculty at publication date (joining date checked where shown)
Granular Ball K-Class Twin Support Vector Classifier,2025,,Pattern Recognition,journal,M. A. Ganaie (Mudasir Ahmad),CSE,faculty_page,https://cse.iitrpr.ac.in/mudasir/,high,Faculty/lab page publication list; author was IIT Ropar faculty at publication date (joining date checked where shown)
MAVEN: Multi-modal Attention for Valence-Arousal Emotion Network,2025,,CVPR 2025 (Workshops),conference,M. A. Ganaie (Mudasir Ahmad),CSE,faculty_page,https://cse.iitrpr.ac.in/mudasir/,high,Faculty/lab page publication list; author was IIT Ropar faculty at publication date (joining date checked where shown)
Ensemble deep generalized eigen-value random vector functional link network for classification problems,2025,,Computers and Electrical Engineering,journal,M. A. Ganaie (Mudasir Ahmad),CSE,faculty_page,https://cse.iitrpr.ac.in/mudasir/,high,Faculty/lab page publication list; author was IIT Ropar faculty at publication date (joining date checked where shown)
Defining the role of mobility as a service - A discrete choice framework incorporating missing data,2025,10.1016/j.tbs.2025.101110,Travel Behaviour and Society,journal,Rahul T. M.,Civil,faculty_page,https://www.rahultm.com/,high,Faculty/lab page publication list; author was IIT Ropar faculty at publication date (joining date checked where shown)
Decoding the factors shaping Gen Z and Millennial choices of electric two-wheeler purchase propensity in a developing market,2026,10.1016/j.cstp.2026.101858,Case Studies on Transport Policy,journal,Rahul T. M.,Civil,faculty_page,https://www.rahultm.com/,high,Faculty/lab page publication list; author was IIT Ropar faculty at publication date (joining date checked where shown)
A Rule-based S-Transform and AdaBoost based Approach for Power Quality Assessment,2016,10.1016/j.epsr.2016.01.003,Electric Power System Research,journal,Ranjana Sodhi,EE,faculty_page,https://www.iitrpr.ac.in/ee/profile.faculty.php?mail=rsodhi%40iitrpr.ac.in,high,Faculty/lab page publication list; author was IIT Ropar faculty at publication date (joining date checked where shown)
A Meticulous Approach towards Contingency Clustering in Power System,2017,10.1109/POWERI.2016.8077280,IEEE Power India Conference,conference,Ranjana Sodhi,EE,faculty_page,https://www.iitrpr.ac.in/ee/profile.faculty.php?mail=rsodhi%40iitrpr.ac.in,high,Faculty/lab page publication list; author was IIT Ropar faculty at publication date (joining date checked where shown)
A Robust Frequency Estimator for Single-phase MicroGrid Applications,2018,10.1109/PESGM.2017.8273941,IEEE General Meeting Power& Energy Society,conference,Ranjana Sodhi,EE,faculty_page,https://www.iitrpr.ac.in/ee/profile.faculty.php?mail=rsodhi%40iitrpr.ac.in,high,Faculty/lab page publication list; author was IIT Ropar faculty at publication date (joining date checked where shown)
Distribution-level Synchrophasor Estimation,2019,10.1109/NPSC.2018.8771750,National Power Systems Conference (NPSC),conference,Ranjana Sodhi,EE,faculty_page,https://www.iitrpr.ac.in/ee/profile.faculty.php?mail=rsodhi%40iitrpr.ac.in,high,Faculty/lab page publication list; author was IIT Ropar faculty at publication date (joining date checked where shown)
An Automatic State Detection Algorithm for Non-Intrusive Load Monitoring,2020,10.1109/INDICON47234.2019.9030372,IEEE India Conference (INDICON),conference,Ranjana Sodhi,EE,faculty_page,https://www.iitrpr.ac.in/ee/profile.faculty.php?mail=rsodhi%40iitrpr.ac.in,high,Faculty/lab page publication list; author was IIT Ropar faculty at publication date (joining date checked where shown)
Advancements in Microgrid Voltage Control Schemes,2021,10.1109/NPSC49263.2020.9331907,National Power Systems Conference (NPSC),conference,Ranjana Sodhi,EE,faculty_page,https://www.iitrpr.ac.in/ee/profile.faculty.php?mail=rsodhi%40iitrpr.ac.in,high,Faculty/lab page publication list; author was IIT Ropar faculty at publication date (joining date checked where shown)
A Data Driven Passive Islanding Detection Scheme,2022,10.1109/PIICON56320.2022.10045174,Power India International Conference (PIICON),conference,Ranjana Sodhi,EE,faculty_page,https://www.iitrpr.ac.in/ee/profile.faculty.php?mail=rsodhi%40iitrpr.ac.in,high,Faculty/lab page publication list; author was IIT Ropar faculty at publication date (joining date checked where shown)
A Data-Driven Passive Islanding Scheme,2023,10.1109/TIA.2023.3348425,IEEE Transactions on Industry Applications,journal,Ranjana Sodhi,EE,faculty_page,https://www.iitrpr.ac.in/ee/profile.faculty.php?mail=rsodhi%40iitrpr.ac.in,high,Faculty/lab page publication list; author was IIT Ropar faculty at publication date (joining date checked where shown)
A Fast Multilevel Vulnerability Assessment Strategy for Power Systems Cyber Security,2024,10.1109/SEFET61574.2024.10717925,"Sustainable Energy and Future Electric Transportation (SEFET), International Conference on",conference,Ranjana Sodhi,EE,faculty_page,https://www.iitrpr.ac.in/ee/profile.faculty.php?mail=rsodhi%40iitrpr.ac.in,high,Faculty/lab page publication list; author was IIT Ropar faculty at publication date (joining date checked where shown)
Channel-based Antenna Synthesis for Improved In-vehicle UWB MB-OFDM Communications,2019,10.1049/iet-map.2018.5735,"IET Microwaves, Antennas & Propagation",journal,Ashwani Sharma,EE,faculty_page,https://www.iitrpr.ac.in/ee/profile.faculty.php?mail=ashwani.sharma%40iitrpr.ac.in,high,Faculty/lab page publication list; author was IIT Ropar faculty at publication date (joining date checked where shown)
A Magnetic Resonance Coupling Based Touchless Pad for Human-Computer Interfacing,2020,10.1109/ICIIS51140.2020.9342687,IEEE ICIIS 2020,conference,Ashwani Sharma,EE,faculty_page,https://www.iitrpr.ac.in/ee/profile.faculty.php?mail=ashwani.sharma%40iitrpr.ac.in,high,Faculty/lab page publication list; author was IIT Ropar faculty at publication date (joining date checked where shown)
"A Miniaturized Wideband Antenna for Vehicular Communication, WiMAX, and WLAN Applications",2020,10.1109/ICRAMET51080.2020.9298666,"International Conference on Radar, Antenna, Microwave, Electronics, and Telecommunications (ICRAMET)",conference,Ashwani Sharma,EE,faculty_page,https://www.iitrpr.ac.in/ee/profile.faculty.php?mail=ashwani.sharma%40iitrpr.ac.in,high,Faculty/lab page publication list; author was IIT Ropar faculty at publication date (joining date checked where shown)
A Highly Efficient Compact High Gain RFID Tag Antenna for Millimeter Wave Applications,2021,10.1109/InCAP52216.2021.9726189,InCAP,conference,Ashwani Sharma,EE,faculty_page,https://www.iitrpr.ac.in/ee/profile.faculty.php?mail=ashwani.sharma%40iitrpr.ac.in,high,Faculty/lab page publication list; author was IIT Ropar faculty at publication date (joining date checked where shown)
Antenna Using a Magnetic-Slab Located in the Principal Magnetic-Field Region Beneath the Patch,2021,10.2528/PIERC21010303,Progress In Electromagnetics Research C,journal,Ashwani Sharma,EE,faculty_page,https://www.iitrpr.ac.in/ee/profile.faculty.php?mail=ashwani.sharma%40iitrpr.ac.in,high,Faculty/lab page publication list; author was IIT Ropar faculty at publication date (joining date checked where shown)
Three dimensional miniaturized super wideband antenna with filtering capabilities,2022,10.1002/mmce.23200,Int J RF Microw Comput Aided Eng,journal,Ashwani Sharma,EE,faculty_page,https://www.iitrpr.ac.in/ee/profile.faculty.php?mail=ashwani.sharma%40iitrpr.ac.in,high,Faculty/lab page publication list; author was IIT Ropar faculty at publication date (joining date checked where shown)
A Planar Orbicular Rectenna Array System With 3-D Uniform Coverage for Wireless Powering of IoT Nodes,2023,10.1109/TMTT.2022.3217073,IEEE Transactions on Microwave Theory and Techniques,journal,Ashwani Sharma,EE,faculty_page,https://www.iitrpr.ac.in/ee/profile.faculty.php?mail=ashwani.sharma%40iitrpr.ac.in,high,Faculty/lab page publication list; author was IIT Ropar faculty at publication date (joining date checked where shown)
Spatially Arranged Relay Coils to Improve the Misalignment Tolerance at an Enhanced Transfer Distance,2024,10.1109/TAP.2024.3352234,IEEE Transactions on Antennas and Propagation,journal,Ashwani Sharma,EE,faculty_page,https://www.iitrpr.ac.in/ee/profile.faculty.php?mail=ashwani.sharma%40iitrpr.ac.in,high,Faculty/lab page publication list; author was IIT Ropar faculty at publication date (joining date checked where shown)
On the estimation of actual space charge using pulsed electro-acoustic system,2016,10.1109/TDEI.2016.7736873,IEEE Transactions on Dielectrics and Electrical Insulation,journal,C. C. Reddy,EE,faculty_page,https://www.iitrpr.ac.in/ee/profile.faculty.php?mail=reddy%40iitrpr.ac.in,high,Faculty/lab page publication list; author was IIT Ropar faculty at publication date (joining date checked where shown)
Dependence of space charge dynamics in LDPE on history of voltage application,2016,10.1109/TDEI.2015.005317,IEEE Transactions on Dielectrics and Electrical Insulation,journal,C. C. Reddy,EE,faculty_page,https://www.iitrpr.ac.in/ee/profile.faculty.php?mail=reddy%40iitrpr.ac.in,high,Faculty/lab page publication list; author was IIT Ropar faculty at publication date (joining date checked where shown)
A Method for Surface Voltage Measurement of an Overhead Insulated Conductor,2020,10.1109/TIM.2020.3021803,IEEE Transactions on Instrumentation and Measurement,journal,C. C. Reddy,EE,faculty_page,https://www.iitrpr.ac.in/ee/profile.faculty.php?mail=reddy%40iitrpr.ac.in,high,Faculty/lab page publication list; author was IIT Ropar faculty at publication date (joining date checked where shown)
"Analytical model for homocharge accumulation in LDPE — role of conduction, injection and diffusion",2020,10.1109/TDEI.2019.008328,IEEE Transactions on Dielectrics and Electrical Insulation,journal,C. C. Reddy,EE,faculty_page,https://www.iitrpr.ac.in/ee/profile.faculty.php?mail=reddy%40iitrpr.ac.in,high,Faculty/lab page publication list; author was IIT Ropar faculty at publication date (joining date checked where shown)
Direct Measurement of Accumulated Space Charge Using External Currents,2021,10.1109/TIM.2020.3041381,IEEE Transactions on Instrumentation and Measurement,journal,C. C. Reddy,EE,faculty_page,https://www.iitrpr.ac.in/ee/profile.faculty.php?mail=reddy%40iitrpr.ac.in,high,Faculty/lab page publication list; author was IIT Ropar faculty at publication date (joining date checked where shown)
Simulation of Electro-thermal Runaway and Thermal Limits of a Loaded HVDC Cable,2021,10.1109/TPWRD.2021.3112558,IEEE Transactions on Power Delivery,journal,C. C. Reddy,EE,faculty_page,https://www.iitrpr.ac.in/ee/profile.faculty.php?mail=reddy%40iitrpr.ac.in,high,Faculty/lab page publication list; author was IIT Ropar faculty at publication date (joining date checked where shown)
Leakage Current Measurement in LDPE under DC Polarity Reversal Stress,2022,10.1109/CATCON56237.2022.10077696,2022 IEEE 6th International Conference on Condition Assessment Techniques in Electrical Systems (CATCON),conference,C. C. Reddy,EE,faculty_page,https://www.iitrpr.ac.in/ee/profile.faculty.php?mail=reddy%40iitrpr.ac.in,high,Faculty/lab page publication list; author was IIT Ropar faculty at publication date (joining date checked where shown)
Investigations on the Local Thermal Breakdown in Polymeric Insulation,2023,10.23919/ISEIM60444.2023.10329055,2023 International Symposium on Electrical Insulating Materials (ISEIM),conference,C. C. Reddy,EE,faculty_page,https://www.iitrpr.ac.in/ee/profile.faculty.php?mail=reddy%40iitrpr.ac.in,high,Faculty/lab page publication list; author was IIT Ropar faculty at publication date (joining date checked where shown)
Noise impact on parameter estimation for optimum signal deconvolution,2024,10.1080/03772063.2024.2320831,"IETE Journal of Research, Taylor & Francis",journal,C. C. Reddy,EE,faculty_page,https://www.iitrpr.ac.in/ee/profile.faculty.php?mail=reddy%40iitrpr.ac.in,high,Faculty/lab page publication list; author was IIT Ropar faculty at publication date (joining date checked where shown)
Impact of Temperature on Reliability of MFIS HZO-based Ferroelectric Tunnel Junctions,2022,10.1109/IRPS48227.2022.9764585,IEEE International Reliability Physics Symposium (IRPS),conference,Pardeep Duhan,EE,faculty_page,https://www.iitrpr.ac.in/ee/profile.faculty.php?mail=pduhan%40iitrpr.ac.in,high,Faculty/lab page publication list; author was IIT Ropar faculty at publication date (joining date checked where shown)
Endurance Study of Silicon-Doped Hafnium Oxide (HSO) and Zirconium-Doped Hafnium Oxide (HZO)-Based FeFET Memory,2023,10.1109/TED.2023.3316138,IEEE Transactions on Electron Devices,journal,Pardeep Duhan,EE,faculty_page,https://www.iitrpr.ac.in/ee/profile.faculty.php?mail=pduhan%40iitrpr.ac.in,high,Faculty/lab page publication list; author was IIT Ropar faculty at publication date (joining date checked where shown)
TCAD-based investigation of the origin of 1/f noise in advanced 22 nm FDSOI MOSFETs,2024,10.1063/5.0232149,Applied Physics Letters,journal,Pardeep Duhan,EE,faculty_page,https://www.iitrpr.ac.in/ee/profile.faculty.php?mail=pduhan%40iitrpr.ac.in,high,Faculty/lab page publication list; author was IIT Ropar faculty at publication date (joining date checked where shown)
Excitation of high-quality quasi-BIC toroidal mode in a lattice perturbed terahertz metasurface,2024,10.1063/5.0228324,Applied Physics Letters,journal,Pardeep Duhan,EE,faculty_page,https://www.iitrpr.ac.in/ee/profile.faculty.php?mail=pduhan%40iitrpr.ac.in,high,Faculty/lab page publication list; author was IIT Ropar faculty at publication date (joining date checked where shown)
1/f Noise Model for Extracting Bulk Trap Density in Scaled Metal Oxide Semiconductor Field Effect Transistors,2025,10.1063/5.0299430,Journal of Applied Physics,journal,Pardeep Duhan,EE,faculty_page,https://www.iitrpr.ac.in/ee/profile.faculty.php?mail=pduhan%40iitrpr.ac.in,high,Faculty/lab page publication list; author was IIT Ropar faculty at publication date (joining date checked where shown)
A review on cellular network infrastructure evolution: challenges and opportunties,2019,10.1109/ICIIS47346.2019.9063261,IEEE ICIIS 2019,conference,Brijesh Kumbhani,EE,faculty_page,https://www.iitrpr.ac.in/ee/profile.faculty.php?mail=brijesh%40iitrpr.ac.in,high,Faculty/lab page publication list; author was IIT Ropar faculty at publication date (joining date checked where shown)
The Evolution of radio access network towards open-RAN: Challenges and Opportunties,2020,10.1109/WCNCW48565.2020.9124820,IEEE WCNC 2020 Workshops,conference,Brijesh Kumbhani,EE,faculty_page,https://www.iitrpr.ac.in/ee/profile.faculty.php?mail=brijesh%40iitrpr.ac.in,high,Faculty/lab page publication list; author was IIT Ropar faculty at publication date (joining date checked where shown)
mm-wave micro-wave integrated Sub-RAN for CRAN performance enhancement,2021,,IET Communications,journal,Brijesh Kumbhani,EE,faculty_page,https://www.iitrpr.ac.in/ee/profile.faculty.php?mail=brijesh%40iitrpr.ac.in,medium,Faculty/lab page publication list; author was IIT Ropar faculty at publication date (joining date checked where shown); no DOI on page; year from page only
Integrated RAN to meet the QoS of Modern Wireless Application,2022,10.1109/ICIIS53135.2021.9660644,IEEE ICIIS 2021,conference,Brijesh Kumbhani,EE,faculty_page,https://www.iitrpr.ac.in/ee/profile.faculty.php?mail=brijesh%40iitrpr.ac.in,high,Faculty/lab page publication list; author was IIT Ropar faculty at publication date (joining date checked where shown)
RSMA for Future Generation Multiple Access: Challenges and Opportunties,2023,10.1109/ICIIS58898.2023.10253542,IEEE ICIIS 2023,conference,Brijesh Kumbhani,EE,faculty_page,https://www.iitrpr.ac.in/ee/profile.faculty.php?mail=brijesh%40iitrpr.ac.in,high,Faculty/lab page publication list; author was IIT Ropar faculty at publication date (joining date checked where shown)
"Carnivalesque subversion and the narrative gaze of children: Taika Waititi’s Boy (2010), Hunt for the Wilderpeople (2016), and Jojo Rabbit (2019)",2022,10.1080/17503175.2022.2050591,Studies in Australasian Cinema,journal,Aparna Nandha,HSS,faculty_page,https://www.iitrpr.ac.in/hss/profile.faculty.php?mail=aparna.nandha%40iitrpr.ac.in,medium,Faculty/lab page publication list; author was IIT Ropar faculty at publication date (joining date checked where shown); joining date of author not confirmed for 2022
Women and the Precarity of War: Reading Women Militants and Activists in Sharmila Seyyid’s Ummath,2023,,Journal of International Women's Studies,journal,Aparna Nandha,HSS,faculty_page,https://www.iitrpr.ac.in/hss/profile.faculty.php?mail=aparna.nandha%40iitrpr.ac.in,high,Faculty/lab page publication list; author was IIT Ropar faculty at publication date (joining date checked where shown)
"Growing Up in the “Dirty South”: Precarious Black Childhoods in Jesmyn Ward’s Sing, Unburied, Sing and Salvage the Bones",2025,10.1080/00064246.2024.2432443,The Black Scholar,journal,Aparna Nandha,HSS,faculty_page,https://www.iitrpr.ac.in/hss/profile.faculty.php?mail=aparna.nandha%40iitrpr.ac.in,high,Faculty/lab page publication list; author was IIT Ropar faculty at publication date (joining date checked where shown)
Philosophy of health in ancient Indian martial art: Traditional knowledge of marma embedded in kalarippayattu and the health benefits of its practice,2025,10.1007/s43539-025-00154-7,Indian Journal of History of Science,journal,Aparna Nandha,HSS,faculty_page,https://www.iitrpr.ac.in/hss/profile.faculty.php?mail=aparna.nandha%40iitrpr.ac.in,high,Faculty/lab page publication list; author was IIT Ropar faculty at publication date (joining date checked where shown)
A note on normal complement problem,2017,,Journal of Algebra and its Applications,journal,Tapas Chatterjee; Manju Khan,Mathematics,faculty_page,https://www.iitrpr.ac.in/maths/?p=3275,high,Faculty/lab page publication list; author was IIT Ropar faculty at publication date (joining date checked where shown)
A vanishing criterion for Dirichlet series with periodic coefficients,2018,,Contemporary Mathematics (AMS Proceedings) vol. 701,other,Tapas Chatterjee,Mathematics,faculty_page,https://www.iitrpr.ac.in/maths/?p=3275,high,Faculty/lab page publication list; author was IIT Ropar faculty at publication date (joining date checked where shown)
Shifted Euler constants and a generalization of Euler-Stieltjes constants,2019,10.1016/j.jnt.2019.04.001,Journal of Number Theory,journal,Tapas Chatterjee,Mathematics,faculty_page,https://www.iitrpr.ac.in/maths/?p=3275,high,Faculty/lab page publication list; author was IIT Ropar faculty at publication date (joining date checked where shown)
Linear Independence of Harmonic Numbers over the field of Algebraic Numbers,2020,10.1007/s11139-018-0124-6,Ramanujan Journal,journal,Tapas Chatterjee,Mathematics,faculty_page,https://www.iitrpr.ac.in/maths/?p=3275,high,Faculty/lab page publication list; author was IIT Ropar faculty at publication date (joining date checked where shown)
On the Structure of Format Preserving Sets in the Diffusion Layer of Block Ciphers,2022,10.1109/TIT.2022.3187407,IEEE Transactions on Information Theory,journal,Tapas Chatterjee,Mathematics,faculty_page,https://www.iitrpr.ac.in/maths/?p=3275,high,Faculty/lab page publication list; author was IIT Ropar faculty at publication date (joining date checked where shown)
On q-Analogue of Euler-Stieltjes constants,2023,,Proceedings of the American Mathematical Society,journal,Tapas Chatterjee,Mathematics,faculty_page,https://www.iitrpr.ac.in/maths/?p=3275,high,Faculty/lab page publication list; author was IIT Ropar faculty at publication date (joining date checked where shown)
Transcendental nature of p-adic digamma values,2024,10.1007/s40993-024-00570-1,Research in Number Theory,journal,Tapas Chatterjee,Mathematics,faculty_page,https://www.iitrpr.ac.in/maths/?p=3275,high,Faculty/lab page publication list; author was IIT Ropar faculty at publication date (joining date checked where shown)
A note on cyclic MDS and non-MDS matrices,2025,,Cryptography and Communications,journal,Tapas Chatterjee,Mathematics,faculty_page,https://www.iitrpr.ac.in/maths/?p=3275,high,Faculty/lab page publication list; author was IIT Ropar faculty at publication date (joining date checked where shown)
A note on Wilf's Conjecture,2026,10.1007/s00233-026-10640-8,Semigroup Forum,journal,Tapas Chatterjee,Mathematics,faculty_page,https://www.iitrpr.ac.in/maths/?p=3275,high,Faculty/lab page publication list; author was IIT Ropar faculty at publication date (joining date checked where shown)
Vulnerable options with regime switching and stochastic liquidity,2024,10.1016/j.qref.2024.101930,The Quarterly Review of Economics and Finance,journal,Puneet Pasricha,Mathematics,faculty_page,https://www.iitrpr.ac.in/maths/?p=3149,high,Faculty/lab page publication list; author was IIT Ropar faculty at publication date (joining date checked where shown)
Analytically pricing European options in dynamic markets: Incorporating liquidity variations and economic cycles,2024,10.1016/j.econmod.2024.106839,Economic Modelling,journal,Puneet Pasricha,Mathematics,faculty_page,https://www.iitrpr.ac.in/maths/?p=3149,high,Faculty/lab page publication list; author was IIT Ropar faculty at publication date (joining date checked where shown)
European Option Pricing in Regime Switching Framework via Physics-Informed Residual Learning,2025,10.1016/j.eswa.2025.128226,Expert Systems with Applications,journal,Puneet Pasricha; Arvind Kumar Gupta,Mathematics,faculty_page,https://www.iitrpr.ac.in/maths/?p=3149,high,Faculty/lab page publication list; author was IIT Ropar faculty at publication date (joining date checked where shown)
Homotopy perturbation method and its convergence analysis for nonlinear collisional fragmentation equations,2023,10.1098/rspa.2023.0567,Proceedings of the Royal Society A,journal,Jitendra Kumar,Mathematics,faculty_page,https://iitrpr.ac.in/maths/?p=5302,medium,Faculty/lab page publication list; author was IIT Ropar faculty at publication date (joining date checked where shown); author moved from IIT Kharagpur in Mar 2022; 2023 paper likely IIT Ropar affiliation
Homotopy analysis method and its convergence analysis for a nonlinear simultaneous aggregation-fragmentation model,2023,10.1016/j.chaos.2023.114204,"Chaos, Solitons and Fractals",journal,Jitendra Kumar,Mathematics,faculty_page,https://iitrpr.ac.in/maths/?p=5302,medium,Faculty/lab page publication list; author was IIT Ropar faculty at publication date (joining date checked where shown); author moved from IIT Kharagpur in Mar 2022; 2023 paper likely IIT Ropar affiliation
"Multivariate population balance modeling and simulation of ultrasound-assisted crystallization of a plate-type pharmaceutical: Nucleation, growth, and breakage",2024,10.1016/j.compchemeng.2024.108651,Computers & Chemical Engineering,journal,Jitendra Kumar,Mathematics,faculty_page,https://iitrpr.ac.in/maths/?p=5302,high,Faculty/lab page publication list; author was IIT Ropar faculty at publication date (joining date checked where shown)
Corrosion Behaviour of Plasma-Sprayed Baghdadite Bioceramic Coatings Reinforced with Carbon Nanotubes,2024,,Journal of Alloys and Compounds,journal,Harpreet Singh; Khushboo Rakha,Mechanical,faculty_page,https://iitrpr.ac.in/mechanical/dr-harpreet-singh/,high,Faculty/lab page publication list; author was IIT Ropar faculty at publication date (joining date checked where shown)
In-situ Synthesized Polymer-Derived SiC Reinforced Aluminium Matrix Composites,2024,,Journal of Alloys and Compounds,journal,Harpreet Singh; Ravi Mohan Prasad,Mechanical,faculty_page,https://iitrpr.ac.in/mechanical/dr-harpreet-singh/,high,Faculty/lab page publication list; author was IIT Ropar faculty at publication date (joining date checked where shown)
Examining the Contribution of Tamping Effect on Inter-splat Bonding during Cold Spray,2024,10.1016/j.msea.2024.146112,Materials Science and Engineering: A,journal,Harpreet Singh; Ravi Kant,Mechanical,faculty_page,https://iitrpr.ac.in/mechanical/dr-harpreet-singh/,high,Faculty/lab page publication list; author was IIT Ropar faculty at publication date (joining date checked where shown)
Highly reflective ZrC-Cu-based metal matrix composite coatings deposited via cold-spray for laser protection applications,2025,,Optics & Laser Technology,journal,Ekta Singla; Harpreet Singh,Mechanical,faculty_page,https://iitrpr.ac.in/mechanical/dr-ekta-singla/,high,Faculty/lab page publication list; author was IIT Ropar faculty at publication date (joining date checked where shown)
Effect of laser-wire interaction on bead characteristics at non-planar orientations during off-axis directed energy deposition,2024,,Progress in Additive Manufacturing,journal,Ekta Singla; Ravi Kant,Mechanical,faculty_page,https://iitrpr.ac.in/mechanical/dr-ekta-singla/,high,Faculty/lab page publication list; author was IIT Ropar faculty at publication date (joining date checked where shown)
A Task-Based Dimensional Synthesis of an Upper-Limb Exoskeleton: A Hybrid Configuration,2022,,"Machines, Mechanism and Robotics (Springer LNME)",conference,Ekta Singla,Mechanical,faculty_page,https://iitrpr.ac.in/mechanical/dr-ekta-singla/,high,Faculty/lab page publication list; author was IIT Ropar faculty at publication date (joining date checked where shown)
A multi-level adaptive mesh refinement strategy for unified phase field fracture modeling using unstructured conformal simplices,2025,,Computer Methods in Applied Mechanics and Engineering,journal,Sachin Kumar,Mechanical,faculty_page,https://iitrpr.ac.in/mechanical/dr-sachin-kumar/,high,Faculty/lab page publication list; author was IIT Ropar faculty at publication date (joining date checked where shown)
Smoothed floating node method for modelling cohesive fracture in quasi-brittle materials,2024,,Mechanics of Advanced Materials and Structures,journal,Sachin Kumar,Mechanical,faculty_page,https://iitrpr.ac.in/mechanical/dr-sachin-kumar/,high,Faculty/lab page publication list; author was IIT Ropar faculty at publication date (joining date checked where shown)
Nonlinear transient response of sandwich beams with functionally graded porous core under moving load,2023,,Engineering Analysis with Boundary Elements,journal,Sachin Kumar,Mechanical,faculty_page,https://iitrpr.ac.in/mechanical/dr-sachin-kumar/,high,Faculty/lab page publication list; author was IIT Ropar faculty at publication date (joining date checked where shown)
Bandgap formation mechanism in tacticity inspired elastic mechanical metastructures,2024,,Scientific Reports,journal,Rajendra Munian,Mechanical,faculty_page,https://iitrpr.ac.in/mechanical/dr-rajendra-munian/,high,Faculty/lab page publication list; author was IIT Ropar faculty at publication date (joining date checked where shown)
Ultrasonic guided waves through coalescence of matrix cracks and delaminations in laminated composites,2023,,Journal of Composite Materials,journal,Rajendra Munian,Mechanical,faculty_page,https://iitrpr.ac.in/mechanical/dr-rajendra-munian/,high,Faculty/lab page publication list; author was IIT Ropar faculty at publication date (joining date checked where shown)
Edgy salient local binary patterns in inter-plane relationship for image retrieval in diabetic retinopathy,2017,10.1016/j.procs.2017.09.103,Procedia Computer Science,conference,Subrahmanyam Murala,EE,faculty_page,https://www.iitrpr.ac.in/ee/profile.faculty.php?mail=subbumurala%40iitrpr.ac.in,high,Faculty/lab page publication list; author was IIT Ropar faculty at publication date (joining date checked where shown)
MSFgNet: A novel compact end-to-end deep network for moving object detection,2018,10.1109/TITS.2018.2880096,IEEE Transactions on Intelligent Transportation Systems,journal,Subrahmanyam Murala,EE,faculty_page,https://www.iitrpr.ac.in/ee/profile.faculty.php?mail=subbumurala%40iitrpr.ac.in,high,Faculty/lab page publication list; author was IIT Ropar faculty at publication date (joining date checked where shown)
CANDID: Robust change dynamics and deterministic update policy for dynamic background subtraction,2018,10.1109/ICPR.2018.8545504,24th International Conference on Pattern Recognition (ICPR),conference,Subrahmanyam Murala,EE,faculty_page,https://www.iitrpr.ac.in/ee/profile.faculty.php?mail=subbumurala%40iitrpr.ac.in,high,Faculty/lab page publication list; author was IIT Ropar faculty at publication date (joining date checked where shown)
LEARNet: Dynamic imaging network for micro expression recognition,2019,10.1109/TIP.2019.2912358,IEEE Transactions on Image Processing,journal,Subrahmanyam Murala,EE,faculty_page,https://www.iitrpr.ac.in/ee/profile.faculty.php?mail=subbumurala%40iitrpr.ac.in,high,Faculty/lab page publication list; author was IIT Ropar faculty at publication date (joining date checked where shown)
Cdnet: Single image de-hazing using unpaired adversarial training,2019,10.1109/WACV.2019.00127,IEEE Winter Conference on Applications of Computer Vision (WACV),conference,Subrahmanyam Murala,EE,faculty_page,https://www.iitrpr.ac.in/ee/profile.faculty.php?mail=subbumurala%40iitrpr.ac.in,high,Faculty/lab page publication list; author was IIT Ropar faculty at publication date (joining date checked where shown)
Depth-based end-to-end deep network for human action recognition,2019,10.1049/iet-cvi.2018.5020,IET Computer Vision,journal,Subrahmanyam Murala,EE,faculty_page,https://www.iitrpr.ac.in/ee/profile.faculty.php?mail=subbumurala%40iitrpr.ac.in,high,Faculty/lab page publication list; author was IIT Ropar faculty at publication date (joining date checked where shown)
Varicolored image de-hazing,2020,10.1109/CVPR42600.2020.00462,IEEE/CVF CVPR 2020,conference,Subrahmanyam Murala,EE,faculty_page,https://www.iitrpr.ac.in/ee/profile.faculty.php?mail=subbumurala%40iitrpr.ac.in,high,Faculty/lab page publication list; author was IIT Ropar faculty at publication date (joining date checked where shown)
Deep underwater image restoration and beyond,2020,10.1109/LSP.2020.2988590,IEEE Signal Processing Letters,journal,Subrahmanyam Murala,EE,faculty_page,https://www.iitrpr.ac.in/ee/profile.faculty.php?mail=subbumurala%40iitrpr.ac.in,high,Faculty/lab page publication list; author was IIT Ropar faculty at publication date (joining date checked where shown)
Hyperrealistic image inpainting with hypergraphs,2021,10.1109/WACV48630.2021.00396,IEEE WACV 2021,conference,Subrahmanyam Murala,EE,faculty_page,https://www.iitrpr.ac.in/ee/profile.faculty.php?mail=subbumurala%40iitrpr.ac.in,high,Faculty/lab page publication list; author was IIT Ropar faculty at publication date (joining date checked where shown)
UW-GAN: Single-image depth estimation and image enhancement for underwater images,2021,10.1109/TIM.2021.3120130,IEEE Transactions on Instrumentation and Measurement,journal,Subrahmanyam Murala,EE,faculty_page,https://www.iitrpr.ac.in/ee/profile.faculty.php?mail=subbumurala%40iitrpr.ac.in,high,Faculty/lab page publication list; author was IIT Ropar faculty at publication date (joining date checked where shown)
Wipernet: A lightweight multi-weather restoration network for enhanced surveillance,2022,10.1109/TITS.2022.3208372,IEEE Transactions on Intelligent Transportation Systems,journal,Subrahmanyam Murala,EE,faculty_page,https://www.iitrpr.ac.in/ee/profile.faculty.php?mail=subbumurala%40iitrpr.ac.in,high,Faculty/lab page publication list; author was IIT Ropar faculty at publication date (joining date checked where shown)
Template-free Synthesis of Zn1-xCdxS Nanocrystals with Tunable Band Structure for Efficient Water Splitting and Reduction of Nitroaromatics in Water,2017,,ACS Sustainable Chemistry & Engineering,journal,C. M. Nagaraja,Chemistry,faculty_page,https://www.iitrpr.ac.in/CMNagaraja/,high,Faculty/lab page publication list; author was IIT Ropar faculty at publication date (joining date checked where shown)
Rational Design of a 3D Mn(II)-Metal-Organic Framework Based on a Nonmetallated Porphyrin Linker for Selective Capture of CO2 and One-Pot Synthesis of Styrene Carbonates,2018,,Chemistry - A European Journal,journal,C. M. Nagaraja,Chemistry,faculty_page,https://www.iitrpr.ac.in/CMNagaraja/,high,Faculty/lab page publication list; author was IIT Ropar faculty at publication date (joining date checked where shown)
Visible-light-driven selective oxidation of biomass-derived HMF to DFF coupled with H2 generation by noble metal-free Zn0.5Cd0.5S/MnO2 heterostructures,2020,,ACS Applied Energy Materials,journal,C. M. Nagaraja,Chemistry,faculty_page,https://www.iitrpr.ac.in/CMNagaraja/,high,Faculty/lab page publication list; author was IIT Ropar faculty at publication date (joining date checked where shown)
Noble metal-free Cu(I)-anchored NHC-based MOF for highly recyclable fixation of CO2 under RT and atmospheric pressure conditions,2021,,Green Chemistry,journal,C. M. Nagaraja,Chemistry,faculty_page,https://www.iitrpr.ac.in/CMNagaraja/,high,Faculty/lab page publication list; author was IIT Ropar faculty at publication date (joining date checked where shown)
Strategic design of covalent organic frameworks (COFs) for photocatalytic hydrogen generation,2023,,Journal of Materials Chemistry A,journal,C. M. Nagaraja,Chemistry,faculty_page,https://www.iitrpr.ac.in/CMNagaraja/,high,Faculty/lab page publication list; author was IIT Ropar faculty at publication date (joining date checked where shown)
Design of Porphyrin-based Frameworks for Artificial Photosynthesis and Environmental Remediation: Recent Progress and Future Prospects,2024,,Coordination Chemistry Reviews,journal,C. M. Nagaraja,Chemistry,faculty_page,https://www.iitrpr.ac.in/CMNagaraja/,high,Faculty/lab page publication list; author was IIT Ropar faculty at publication date (joining date checked where shown)
Noble-Metal-Free Cu(I)-Catalyzed sp and sp2 C-H Carboxylation to Produce High-Value Compounds via CO2 Fixation under Atmospheric Conditions,2025,,ACS Applied Materials & Interfaces,journal,C. M. Nagaraja; T. J. Dhilip Kumar,Chemistry,faculty_page,https://www.iitrpr.ac.in/CMNagaraja/,high,Faculty/lab page publication list; author was IIT Ropar faculty at publication date (joining date checked where shown)
Electronic Engineering of Donor-Acceptor Covalent Organic Frameworks via Fluorine Substitution for Efficient Solar Hydrogen Production,2026,,Small,journal,C. M. Nagaraja; T. J. Dhilip Kumar,Chemistry,faculty_page,https://www.iitrpr.ac.in/CMNagaraja/,high,Faculty/lab page publication list; author was IIT Ropar faculty at publication date (joining date checked where shown)
Chimera patterns induced by distance-dependent power-law coupling in ecological networks,2016,10.1103/PhysRevE.94.032206,Physical Review E,journal,Partha Sharathi Dutta,Mathematics,faculty_page,https://www.iitrpr.ac.in/maths/?p=3127,high,Faculty/lab page publication list; author was IIT Ropar faculty at publication date (joining date checked where shown)
Regime shifts driven by dynamic correlations in gene expression noise,2017,10.1103/PhysRevE.96.022409,Physical Review E,journal,Partha Sharathi Dutta,Mathematics,faculty_page,https://www.iitrpr.ac.in/maths/?p=3127,high,Faculty/lab page publication list; author was IIT Ropar faculty at publication date (joining date checked where shown); also found via arxiv (https://arxiv.org/abs/1612.01104)
Robustness of early warning signals for catastrophic and non-catastrophic transitions,2018,10.1111/oik.05172,Oikos,journal,Partha Sharathi Dutta,Mathematics,faculty_page,https://www.iitrpr.ac.in/maths/?p=3127,high,Faculty/lab page publication list; author was IIT Ropar faculty at publication date (joining date checked where shown)
Anticipating critical transitions in epithelial-hybrid-mesenchymal cell-fate determination,2019,10.1073/pnas.1913773116,Proceedings of the National Academy of Sciences (PNAS),journal,Partha Sharathi Dutta,Mathematics,faculty_page,https://www.iitrpr.ac.in/maths/?p=3127,high,Faculty/lab page publication list; author was IIT Ropar faculty at publication date (joining date checked where shown)
Persistence and stability of interacting species in response to climate warming: The role of trophic structure,2020,10.1007/s12080-020-00456-9,Theoretical Ecology,journal,Partha Sharathi Dutta,Mathematics,faculty_page,https://www.iitrpr.ac.in/maths/?p=3127,high,Faculty/lab page publication list; author was IIT Ropar faculty at publication date (joining date checked where shown)
Effects of stochasticity and social norms on complex dynamics of fisheries,2021,10.1103/PhysRevE.103.022401,Physical Review E,journal,Partha Sharathi Dutta,Mathematics,faculty_page,https://www.iitrpr.ac.in/maths/?p=3127,high,Faculty/lab page publication list; author was IIT Ropar faculty at publication date (joining date checked where shown); also found via arxiv (https://arxiv.org/abs/2009.13778)
Machine learning methods trained on simple models can predict critical transitions in complex natural systems,2022,10.1098/rsos.211475,Royal Society Open Science,journal,Partha Sharathi Dutta; Narayanan C. Krishnan,Mathematics,faculty_page,https://www.iitrpr.ac.in/maths/?p=3127,high,Faculty/lab page publication list; author was IIT Ropar faculty at publication date (joining date checked where shown)
Critical rates of climate warming and abrupt collapse of ecosystems,2022,10.1098/rspa.2022.0086,Proceedings of the Royal Society A,journal,Partha Sharathi Dutta,Mathematics,faculty_page,https://www.iitrpr.ac.in/maths/?p=3127,high,Faculty/lab page publication list; author was IIT Ropar faculty at publication date (joining date checked where shown)
Noise-induced symmetry breaking in a network of excitable ecological systems,2023,10.1103/PhysRevE.107.024410,Physical Review E,journal,Partha Sharathi Dutta,Mathematics,faculty_page,https://www.iitrpr.ac.in/maths/?p=3127,high,Faculty/lab page publication list; author was IIT Ropar faculty at publication date (joining date checked where shown)
A New Paradigm for IRS-NOMA Transmission,2024,10.1109/TVT.2024.3384433,IEEE Transactions on Vehicular Technology,journal,Satyam Agarwal; Brijesh Kumbhani,EE,faculty_page,https://www.iitrpr.ac.in/ee/profile.faculty.php?mail=satyam%40iitrpr.ac.in,high,Faculty/lab page publication list; author was IIT Ropar faculty at publication date (joining date checked where shown)
Communication Receiver Design for PSK-LFM Joint Sensing and Communication Waveform,2024,10.1109/ICCWorkshops59551.2024.10615893,IEEE ICC 2024 Workshops,conference,Satyam Agarwal; Brijesh Kumbhani; Sam Darshi,EE,faculty_page,https://www.iitrpr.ac.in/ee/profile.faculty.php?mail=satyam%40iitrpr.ac.in,high,Faculty/lab page publication list; author was IIT Ropar faculty at publication date (joining date checked where shown)
SDDNet: A Semantic Network for Software Design and Development Domain Via Graph Database,2016,10.1007/978-3-319-40985-6_7,ICCS 2016,conference,Balwinder Sodhi,CSE,faculty_page,https://cse.iitrpr.ac.in/sodhi/,high,Faculty/lab page publication list; author was IIT Ropar faculty at publication date (joining date checked where shown)
APR: architectural pattern recommender,2017,10.1145/3019612.3019780,ACM SAC 2017,conference,Balwinder Sodhi,CSE,faculty_page,https://cse.iitrpr.ac.in/sodhi/,high,Faculty/lab page publication list; author was IIT Ropar faculty at publication date (joining date checked where shown)
Using Stack Overflow content to assist in code review,2019,10.1002/spe.2706,Software: Practice and Experience,journal,Balwinder Sodhi,CSE,faculty_page,https://cse.iitrpr.ac.in/sodhi/,high,Faculty/lab page publication list; author was IIT Ropar faculty at publication date (joining date checked where shown)
A Defect Estimator for Source Code: Linking Defect Reports with Programming Constructs Usage Metrics,2020,10.1145/3384517,ACM Transactions on Software Engineering and Methodology,journal,Balwinder Sodhi,CSE,faculty_page,https://cse.iitrpr.ac.in/sodhi/,high,Faculty/lab page publication list; author was IIT Ropar faculty at publication date (joining date checked where shown)
Quantum Computing Platforms: Assessing the Impact on Quality Attributes and SDLC Activities,2021,10.1109/ICSA51549.2021.00016,IEEE ICSA 2021,conference,Balwinder Sodhi,CSE,faculty_page,https://cse.iitrpr.ac.in/sodhi/,high,Faculty/lab page publication list; author was IIT Ropar faculty at publication date (joining date checked where shown)
A Bilayer Clustered-Priority-Driven Energy Management Model for Inclining Block Rate Tariff Environment,2022,10.1109/TII.2021.3114361,IEEE Transactions on Industrial Informatics,journal,Balwinder Sodhi; Ranjana Sodhi,CSE,faculty_page,https://cse.iitrpr.ac.in/sodhi/,high,Faculty/lab page publication list; author was IIT Ropar faculty at publication date (joining date checked where shown)
Hybrid quantum-classical solution for electric vehicle charger placement problem,2023,10.1007/s00500-022-07478-x,Soft Computing,journal,Balwinder Sodhi,CSE,faculty_page,https://cse.iitrpr.ac.in/sodhi/,high,Faculty/lab page publication list; author was IIT Ropar faculty at publication date (joining date checked where shown)
Speeding up Government Procurement Workflows with LLMs,2024,10.1007/978-3-031-68211-7_3,EGOVIS 2024,conference,Balwinder Sodhi,CSE,faculty_page,https://cse.iitrpr.ac.in/sodhi/,high,Faculty/lab page publication list; author was IIT Ropar faculty at publication date (joining date checked where shown)
Using Incremental LLM Context for Cost Reduction in LLM-Driven IoT Applications,2025,10.1007/978-3-032-02138-0_4,ECSA 2025,conference,Balwinder Sodhi,CSE,faculty_page,https://cse.iitrpr.ac.in/sodhi/,high,Faculty/lab page publication list; author was IIT Ropar faculty at publication date (joining date checked where shown)
A user-configurable navigation system for wideness and turn-aware routing,2026,,27th IEEE International Conference on Mobile Data Management (MDM),conference,"KK Dutta , VMV Gunturi",(see digest),dept_page,https://www.iitrpr.ac.in/library/pb_aug_26.php,high,IIT Ropar Library Publications Digest (institute list of IIT Ropar-authored outputs); IIT Ropar author not individually marked in text
Context-aware multimodal depression detection via LLM-derived PHQ-9 personal feature injection,2026,,IEEE International Conference on Image Processing (ICIP),conference,"H Yang, P Kumar , X Li",(see digest),dept_page,https://www.iitrpr.ac.in/library/pb_aug_26.php,high,IIT Ropar Library Publications Digest (institute list of IIT Ropar-authored outputs); IIT Ropar author not individually marked in text
Scalable magnetic tunnel junction arrays for wireless radio frequency sensing and energy harvesting,2026,,IEEE International Magnetic Conference-Short Papers (INTERMAG Short Papers),conference,"AS Sandhu, R Sharma, R Sharma",(see digest),dept_page,https://www.iitrpr.ac.in/library/pb_aug_26.php,high,IIT Ropar Library Publications Digest (institute list of IIT Ropar-authored outputs); IIT Ropar author not individually marked in text
Design and simulation of stretchable crossbar array for neuromorphic computing,2026,,IEEE 30th Workshop on Signal and Power Integrity (SPI),conference,T Manna…R Sharma,(see digest),dept_page,https://www.iitrpr.ac.in/library/pb_july_26.php,high,IIT Ropar Library Publications Digest (institute list of IIT Ropar-authored outputs); IIT Ropar author not individually marked in text
DualCare: A blockchain framework for secure medical data sharing with dual consent,2026,,IEEE International Conference on Blockchain and Cryptocurrency (ICBC),conference,"K Hemlata, S Saxena, D Barodiya, Raman, S Pal , S Pal",(see digest),dept_page,https://www.iitrpr.ac.in/library/pb_july_26.php,high,IIT Ropar Library Publications Digest (institute list of IIT Ropar-authored outputs); IIT Ropar author not individually marked in text
Estimating the longitudinal impact of traditional and modern teaching methods on engineering student,2026,,IEEE Global Engineering Education Conference (EDUCON),conference,"K Panchal, P Kumar",(see digest),dept_page,https://www.iitrpr.ac.in/library/pb_july_26.php,high,IIT Ropar Library Publications Digest (institute list of IIT Ropar-authored outputs); IIT Ropar author not individually marked in text
Finite blocklength analysis of active and passive STARS-CR-NOMA with practical constraints,2026,,IEEE International Conference on Communications (ICC),conference,"S Kumar, B Kumbhani , K Singh, A Kaushik",(see digest),dept_page,https://www.iitrpr.ac.in/library/pb_july_26.php,high,IIT Ropar Library Publications Digest (institute list of IIT Ropar-authored outputs); IIT Ropar author not individually marked in text
FeeDeR: Fee-based bi-directional rebalancing in payment channel network,2026,,IEEE International Conference on Blockchain and Cryptocurrency (ICBC),conference,"S Mishra, S Kapoor, S Pal",(see digest),dept_page,https://www.iitrpr.ac.in/library/pb_july_26.php,high,IIT Ropar Library Publications Digest (institute list of IIT Ropar-authored outputs); IIT Ropar author not individually marked in text
Focused optical vortices with extended DOF via flat multilevel diffractive lens,2026,,International Conference Laser Optics (ICLO),conference,"A Kumari , TM Hayward, R Menon, V Pal",(see digest),dept_page,https://www.iitrpr.ac.in/library/pb_july_26.php,high,IIT Ropar Library Publications Digest (institute list of IIT Ropar-authored outputs); IIT Ropar author not individually marked in text
Impact of image fusion of optical and microwave satellite imagery under cloudy conditions,2026,,IEEE Mediterranean and Middle-East Geoscience and Remote Sensing Symposium (M2GARSS),conference,"N Vyas, GK Sethi, S Singh",(see digest),dept_page,https://www.iitrpr.ac.in/library/pb_july_26.php,high,IIT Ropar Library Publications Digest (institute list of IIT Ropar-authored outputs); IIT Ropar author not individually marked in text
Kinematic characterization of a 5-DOF exoskeleton for biomimetic shoulder movement assistance,2026,10.1145/3787370.3787421,7th International Conference of the Robotics Society (AIR),conference,"E Singla, AK Rout",(see digest),dept_page,https://www.iitrpr.ac.in/library/pb_july_26.php,high,IIT Ropar Library Publications Digest (institute list of IIT Ropar-authored outputs); IIT Ropar author not individually marked in text
MXene coupled SPR sensor for sensitivity enhancement,2026,,CLEO: Science and Innovations (CLEO 2026),conference,"GP Singh, A Pandey, N Sardana",(see digest),dept_page,https://www.iitrpr.ac.in/library/pb_july_26.php,high,IIT Ropar Library Publications Digest (institute list of IIT Ropar-authored outputs); IIT Ropar author not individually marked in text
Strata: Proactive page placement in hybrid memory systems,2026,10.1145/3801487.3807573,23rd ACM International Conference on Computing Frontiers (CF),conference,"Upasna, VK Tavva",(see digest),dept_page,https://www.iitrpr.ac.in/library/pb_july_26.php,high,IIT Ropar Library Publications Digest (institute list of IIT Ropar-authored outputs); IIT Ropar author not individually marked in text
Thermal control of Q-factor in terahertz quasi-BIC metasurfaces via lanthanum m-type hexaferrites,2026,,CLEO: Science and Innovations (CLEO 2026),conference,"KM Rohith, S Biswas… G Kumar",(see digest),dept_page,https://www.iitrpr.ac.in/library/pb_july_26.php,high,IIT Ropar Library Publications Digest (institute list of IIT Ropar-authored outputs); IIT Ropar author not individually marked in text
Advances in machine learning for stochastic transport: A perspective of cellular biology and urban transit systems,2026,,"Shaping AI: Ethics, Society, and the Future of Technology: Book Chapter",other,"NK Pande, A Kumar, AK Gupta",(see digest),dept_page,https://www.iitrpr.ac.in/library/pb_aug_26.php,high,IIT Ropar Library Publications Digest (institute list of IIT Ropar-authored outputs); IIT Ropar author not individually marked in text
Assessment of potential glacial lake outburst flood in Uttarakhand using remote sensing and GIS,2026,,"Shaping AI: Ethics, Society, and the Future of Technology: Book Chapter",other,"N Sharma, S Pathak",(see digest),dept_page,https://www.iitrpr.ac.in/library/pb_aug_26.php,high,IIT Ropar Library Publications Digest (institute list of IIT Ropar-authored outputs); IIT Ropar author not individually marked in text
Decadal morphodynamic evolution of the Sutlej river basin: A geospatial perspective on channel shifts and basin response,2026,,Geospatial Technology and Advanced Instrumentation in Addressing Water Resources Planning and Management: Book Chapter,other,"S Kaur, S Pathak",(see digest),dept_page,https://www.iitrpr.ac.in/library/pb_aug_26.php,high,IIT Ropar Library Publications Digest (institute list of IIT Ropar-authored outputs); IIT Ropar author not individually marked in text
Implementing LID techniques for runoff reduction through the curve number method considering slope variation in Uttarakhand,2026,,Geospatial Technology and Advanced Instrumentation in Addressing Water Resources Planning and Management: Book Chapter,other,"S Pathak , C Bhardwaj",(see digest),dept_page,https://www.iitrpr.ac.in/library/pb_aug_26.php,high,IIT Ropar Library Publications Digest (institute list of IIT Ropar-authored outputs); IIT Ropar author not individually marked in text
Blockchain for urban welfare in the global south: A capability-driven framework for digital inclusion and sustainable impact,2026,10.1002/9781394346523.ch13,Blockchain Success Stories: Real‐World Case Studies in Digital Finance: Book Chapter,other,"J Singh , SK Chatrath, J Verma, GS Batra",(see digest),dept_page,https://www.iitrpr.ac.in/library/pb_july_26.php,high,IIT Ropar Library Publications Digest (institute list of IIT Ropar-authored outputs); IIT Ropar author not individually marked in text
Interface‐driven performance enhancement in perovskite solar cells using oxygen-tuned Cu‐doped NiOx hole transport layer,2026,10.1002/solr.70425,Solar RRL,journal,"Puja , PK Bhunia, A Verma, G Bassi , MAG Namboothiry, M Kumar",(see digest),dept_page,https://www.iitrpr.ac.in/library/pb_july_26.php,high,IIT Ropar Library Publications Digest (institute list of IIT Ropar-authored outputs); IIT Ropar author not individually marked in text
Multifunctional membrane for dyes removal and pathogen inactivation in textile effluent,2026,10.1002/cctc.70988,ChemCatChem,journal,"R Devi, S Jaswal , R Dhir, J Singh, A Singh, N Kaur, N Singh",(see digest),dept_page,https://www.iitrpr.ac.in/library/pb_aug_26.php,high,IIT Ropar Library Publications Digest (institute list of IIT Ropar-authored outputs); IIT Ropar author not individually marked in text
Simultaneous TCR and IL-2 agonism selectively enhances epitope-specific CD8 T-cell responses during chronic viral infection,2026,10.1128/jvi.00593-26,Journal of Virology,journal,"M Hashimoto, MA Khan , A Akhtar, JN Agrewala …R Ahmed",(see digest),dept_page,https://www.iitrpr.ac.in/library/pb_aug_26.php,high,IIT Ropar Library Publications Digest (institute list of IIT Ropar-authored outputs); IIT Ropar author not individually marked in text
Stability and computational assessment of fractional Maxwell–Casson fluid in a Darcy-Brinkman model with variable porosity,2026,10.1108/HFF-12-2025-1040/1385640,International Journal of Numerical Methods for Heat & Fluid Flow,journal,"S Bansal, AK Gupta , S Sharma",(see digest),dept_page,https://www.iitrpr.ac.in/library/pb_july_26.php,high,IIT Ropar Library Publications Digest (institute list of IIT Ropar-authored outputs); IIT Ropar author not individually marked in text
Multidirectional spin–orbit torque magnetization dynamics in beyond room temperature van der waals magnet devices,2026,10.1021/acs.nanolett.6c02494,Nano Letters,journal,"B Zhao, L Bainsla …SP Dash",(see digest),dept_page,https://www.iitrpr.ac.in/library/pb_july_26.php,high,IIT Ropar Library Publications Digest (institute list of IIT Ropar-authored outputs); IIT Ropar author not individually marked in text
Facet-directed growth of spiky gold datura-shaped nanoparticles as SERS platforms enabling the detection of psychotropic and explosive molecules,2026,10.1021/acsanm.6c01347,ACS Applied Nano Materials,journal,"K Bhardwaj, K Kumar, L Dhanda, PP Fuaadh Saneen, SK Meena , A Jaiswal",(see digest),dept_page,https://www.iitrpr.ac.in/library/pb_july_26.php,high,IIT Ropar Library Publications Digest (institute list of IIT Ropar-authored outputs); IIT Ropar author not individually marked in text
A tutorial on measurement of electrochemical water-splitting performance parameters: Methods and best practices,2026,10.1021/acsmeasuresciau.6c00147,ACS Measurement Science Au,journal,"M Sharma, C Prakash, VK Singh , A Dixit",(see digest),dept_page,https://www.iitrpr.ac.in/library/pb_aug_26.php,high,IIT Ropar Library Publications Digest (institute list of IIT Ropar-authored outputs); IIT Ropar author not individually marked in text
Engineering an electrode–electrolyte interphase for ultrastable aqueous aluminium–air battery,2026,10.1002/ange.9665476,Angewandte Chemie,journal,"K Garg, S Kaur, K Kumar, SK Meena, TC Nagaiah",(see digest),dept_page,https://www.iitrpr.ac.in/library/pb_july_26.php,high,IIT Ropar Library Publications Digest (institute list of IIT Ropar-authored outputs); IIT Ropar author not individually marked in text
"Mapping interpersonal hate: A network and mediation analysis of anger, rumination, and grudge",2026,10.1080/00223980.2026.2716095,The Journal of Psychology,journal,"R Gangopadhyay, P Singh",(see digest),dept_page,https://www.iitrpr.ac.in/library/pb_aug_26.php,high,IIT Ropar Library Publications Digest (institute list of IIT Ropar-authored outputs); IIT Ropar author not individually marked in text
Atomically dispersed Fe–Nx sites in a triazine–bis (imino) pyridine covalent organic framework enabling bifunctional nitrate-to-ammonia conversion and oxygen evolution,2026,10.1021/acs.chemmater.6c00769,Chemistry of Materials,journal,"KC Ranjeesh, C Tayal, J Rawat … TC Nagaiah , D Shetty",(see digest),dept_page,https://www.iitrpr.ac.in/library/pb_aug_26.php,high,IIT Ropar Library Publications Digest (institute list of IIT Ropar-authored outputs); IIT Ropar author not individually marked in text
Evaluation of liquefaction response of waste foundry sand using energy dissipation approach,2026,10.1680/jgele.26.00013,Géotechnique Letters,journal,"A Kumar, S Sharma, N James, A Parihar",(see digest),dept_page,https://www.iitrpr.ac.in/library/pb_aug_26.php,high,IIT Ropar Library Publications Digest (institute list of IIT Ropar-authored outputs); IIT Ropar author not individually marked in text
Effect of pore structure response on compressibility characteristics of a preloaded soft clayey soil under dry-wet cycles,2026,10.1080/19386362.2026.2719685,International Journal of Geotechnical Engineering,journal,"G Prasad, M Raheena",(see digest),dept_page,https://www.iitrpr.ac.in/library/pb_aug_26.php,high,IIT Ropar Library Publications Digest (institute list of IIT Ropar-authored outputs); IIT Ropar author not individually marked in text
Additive free 3D printing and in vitro cytocompatibility analysis of jute-derived TEMPO oxidized nano-cellulose scaffolds,2026,10.1039/d6ma00311g/1280440/Additive-free-3D-printing-and-in-vitro,Materials Advances,journal,"S Ghosh, A Mukherjee, JH Rajput, A Poundarik, B Das",(see digest),dept_page,https://www.iitrpr.ac.in/library/pb_july_26.php,high,IIT Ropar Library Publications Digest (institute list of IIT Ropar-authored outputs); IIT Ropar author not individually marked in text
"Environmental, social and governance (ESG) dimensions and bank performance: A systematic literature review",2026,10.1002/bse.71240,Business Strategy and the Environment,journal,"S Chakraborty, S Bardhan , K Dalal",(see digest),dept_page,https://www.iitrpr.ac.in/library/pb_july_26.php,high,IIT Ropar Library Publications Digest (institute list of IIT Ropar-authored outputs); IIT Ropar author not individually marked in text
Optimization of β2 and β4 deformations for 176Yb using quasi-elastic barrier distribution,2026,,Nuclear Physics A,journal,"G Ram, MK Sharma… Amanjot … PP Singh , BP Singh",(see digest),dept_page,https://www.iitrpr.ac.in/library/pb_aug_26.php,high,IIT Ropar Library Publications Digest (institute list of IIT Ropar-authored outputs); IIT Ropar author not individually marked in text
"AF-CANet: Augmentation-free, curriculum-guided attention UNet framework for few-shot document layout analysis",2026,,Pattern Recognition Letters,journal,"HS Kawoosa , S Rangasrinivasan, S Setlur, P Goyal , V Govindaraju",(see digest),dept_page,https://www.iitrpr.ac.in/library/pb_july_26.php,high,IIT Ropar Library Publications Digest (institute list of IIT Ropar-authored outputs); IIT Ropar author not individually marked in text
"Metaheuristic-optimized bell-shaped slotted pentaband patch antenna for C, X, Ku, and K band applications",2026,,Scientific Reports,journal,"M Hannan, A Singh, S Bansal , F Shafi, O Singh, M Aknan, K Kouser",(see digest),dept_page,https://www.iitrpr.ac.in/library/pb_july_26.php,high,IIT Ropar Library Publications Digest (institute list of IIT Ropar-authored outputs); IIT Ropar author not individually marked in text
False data injection detection in isolated AC microgrids using Ramanujan’s sum and singular value decomposition,2026,,IEEE Transactions on Industry Applications,journal,"M Pandit, S De, R Sodhi",(see digest),dept_page,https://www.iitrpr.ac.in/library/pb_aug_26.php,high,IIT Ropar Library Publications Digest (institute list of IIT Ropar-authored outputs); IIT Ropar author not individually marked in text
Post-earthquake recovery of reinforced concrete buildings in India: Hybrid framework and application,2026,,Bulletin of Earthquake Engineering,journal,"D Baldev, M Surana",(see digest),dept_page,https://www.iitrpr.ac.in/library/pb_july_26.php,high,IIT Ropar Library Publications Digest (institute list of IIT Ropar-authored outputs); IIT Ropar author not individually marked in text
Adaptive behavioural strategies promote species persistence in niche-constrained ecological communities,2026,,"Proceedings of the Royal Society A: Mathematical, Physical and Engineering Sciences",journal,"S Bhandary, PS Dutta",(see digest),dept_page,https://www.iitrpr.ac.in/library/pb_aug_26.php,high,IIT Ropar Library Publications Digest (institute list of IIT Ropar-authored outputs); IIT Ropar author not individually marked in text
Holographic P-wave Superconductors in 1+1 Dimensions,2017,10.48550/arXiv.1610.08757,"Phys. Rev. D 96, 086001 (2017)",journal,Shankhadeep Chakrabortty,Physics,arxiv,https://arxiv.org/abs/1610.08757,high,IIT Ropar/Rupnagar affiliation found in first 2 pages of arXiv PDF; year = arXiv announcement year; DOI is arXiv DOI (journal DOI not looked up)
Inhomogeneous Tensionless Superstrings,2017,10.48550/arXiv.1710.03482,arXiv preprint,other,Shankhadeep Chakrabortty,Physics,arxiv,https://arxiv.org/abs/1710.03482,high,IIT Ropar/Rupnagar affiliation found in first 2 pages of arXiv PDF; year = arXiv announcement year; DOI is arXiv DOI (journal DOI not looked up)
Emergent $α$-like fermionic vacuum structure and entanglement in the hyperbolic de Sitter spacetime,2018,10.48550/arXiv.1812.07317,arXiv preprint,other,Shankhadeep Chakrabortty,Physics,arxiv,https://arxiv.org/abs/1812.07317,high,IIT Ropar/Rupnagar affiliation found in first 2 pages of arXiv PDF; year = arXiv announcement year; DOI is arXiv DOI (journal DOI not looked up)
"Dirac fermion, cosmological event horizons and quantum entanglement",2020,10.48550/arXiv.1912.12272,"Phys. Rev. D 101, 085016 (2020)",journal,Shankhadeep Chakrabortty,Physics,arxiv,https://arxiv.org/abs/1912.12272,high,IIT Ropar/Rupnagar affiliation found in first 2 pages of arXiv PDF; year = arXiv announcement year; DOI is arXiv DOI (journal DOI not looked up)
Increased persistence via asynchrony in oscillating ecological populations with long-range interaction,2017,10.48550/arXiv.1703.01503,"Phys. Rev. E 96, 042202 (2017)",journal,Partha Sharathi Dutta,Mathematics,arxiv,https://arxiv.org/abs/1703.01503,high,IIT Ropar/Rupnagar affiliation found in first 2 pages of arXiv PDF; year = arXiv announcement year; DOI is arXiv DOI (journal DOI not looked up)
Effects of time-varying habitat connectivity on metacommunity persistence,2022,10.48550/arXiv.2203.05767,arXiv preprint,other,Partha Sharathi Dutta,Mathematics,arxiv,https://arxiv.org/abs/2203.05767,high,IIT Ropar/Rupnagar affiliation found in first 2 pages of arXiv PDF; year = arXiv announcement year; DOI is arXiv DOI (journal DOI not looked up)
Three-dimensional vortex-bright solitons in a spin-orbit coupled spin-$1$ condensate,2018,10.48550/arXiv.1712.09337,"Phys. Rev. A 97, 013629 (2018)",journal,Sandeep Gautam,Physics,arxiv,https://arxiv.org/abs/1712.09337,high,IIT Ropar/Rupnagar affiliation found in first 2 pages of arXiv PDF; year = arXiv announcement year; DOI is arXiv DOI (journal DOI not looked up)
Limitation of the Lee-Huang-Yang interaction in forming a self-bound state in Bose-Einstein condensates,2019,10.48550/arXiv.1810.12843,Ann. Phys. 409 (2019) 167917,journal,Sandeep Gautam,Physics,arxiv,https://arxiv.org/abs/1810.12843,high,IIT Ropar/Rupnagar affiliation found in first 2 pages of arXiv PDF; year = arXiv announcement year; DOI is arXiv DOI (journal DOI not looked up)
Weak-coupling to unitarity crossover in Bose-Fermi mixtures: Mixing-demixing and spontaneous symmetry breaking in trapped systems,2019,10.48550/arXiv.1906.01451,Phys. Rev. A 100 (2019) 023626,journal,Sandeep Gautam,Physics,arxiv,https://arxiv.org/abs/1906.01451,high,IIT Ropar/Rupnagar affiliation found in first 2 pages of arXiv PDF; year = arXiv announcement year; DOI is arXiv DOI (journal DOI not looked up)
FORTRESS II: FORTRAN programs for solving coupled Gross-Pitaevskii equations for spin-orbit coupled spin-2 Bose-Einstein condensate,2022,10.48550/arXiv.2011.08892,"Comput. Phys. Commun. 279, 108442 (2022)",journal,Sandeep Gautam,Physics,arxiv,https://arxiv.org/abs/2011.08892,high,IIT Ropar/Rupnagar affiliation found in first 2 pages of arXiv PDF; year = arXiv announcement year; DOI is arXiv DOI (journal DOI not looked up)
Two-atom quantum gate in hybrid cavity optomechanics,2016,10.48550/arXiv.1608.01978,arXiv preprint,other,Asoka Biswas,Physics,arxiv,https://arxiv.org/abs/1608.01978,high,IIT Ropar/Rupnagar affiliation found in first 2 pages of arXiv PDF; year = arXiv announcement year; DOI is arXiv DOI (journal DOI not looked up)
Adiabatic transfer of energy fluctuations between membranes inside an optical cavity,2017,10.48550/arXiv.1706.05869,"Phys. Rev. A 96, 023837 (2017)",journal,Asoka Biswas,Physics,arxiv,https://arxiv.org/abs/1706.05869,high,IIT Ropar/Rupnagar affiliation found in first 2 pages of arXiv PDF; year = arXiv announcement year; DOI is arXiv DOI (journal DOI not looked up)
Critical-point behavior of a measurement-based quantum heat engine,2018,10.48550/arXiv.1812.00927,"Phys. Rev. E 98, 052147 (2018)",journal,Asoka Biswas,Physics,arxiv,https://arxiv.org/abs/1812.00927,high,IIT Ropar/Rupnagar affiliation found in first 2 pages of arXiv PDF; year = arXiv announcement year; DOI is arXiv DOI (journal DOI not looked up)
Finite-time performance of a single-ion quantum Otto engine,2021,10.48550/arXiv.2106.06700,"Phys. Rev. E 103, 032144 (2021)",journal,Asoka Biswas,Physics,arxiv,https://arxiv.org/abs/2106.06700,high,IIT Ropar/Rupnagar affiliation found in first 2 pages of arXiv PDF; year = arXiv announcement year; DOI is arXiv DOI (journal DOI not looked up)
Deep Cross Modal Learning for Caricature Verification and Identification(CaVINet),2018,10.48550/arXiv.1807.11688,arXiv preprint,other,Narayanan C Krishnan,CSE,arxiv,https://arxiv.org/abs/1807.11688,high,IIT Ropar/Rupnagar affiliation found in first 2 pages of arXiv PDF; year = arXiv announcement year; DOI is arXiv DOI (journal DOI not looked up)
Implicit Discriminator in Variational Autoencoder,2019,10.48550/arXiv.1909.13062,arXiv preprint,other,Narayanan C Krishnan,CSE,arxiv,https://arxiv.org/abs/1909.13062,high,IIT Ropar/Rupnagar affiliation found in first 2 pages of arXiv PDF; year = arXiv announcement year; DOI is arXiv DOI (journal DOI not looked up)
On Duality Gap as a Measure for Monitoring GAN Training,2020,10.48550/arXiv.2012.06723,arXiv preprint,other,Narayanan C Krishnan,CSE,arxiv,https://arxiv.org/abs/2012.06723,high,IIT Ropar/Rupnagar affiliation found in first 2 pages of arXiv PDF; year = arXiv announcement year; DOI is arXiv DOI (journal DOI not looked up)
Towards Reducing Aleatoric Uncertainty for Medical Imaging Tasks,2021,10.48550/arXiv.2110.11012,arXiv preprint,other,Narayanan C Krishnan,CSE,arxiv,https://arxiv.org/abs/2110.11012,high,IIT Ropar/Rupnagar affiliation found in first 2 pages of arXiv PDF; year = arXiv announcement year; DOI is arXiv DOI (journal DOI not looked up)
Capturing Knowledge Triggering in Collaborative Settings,2018,10.48550/arXiv.1809.00349,arXiv preprint,other,Sudarshan Iyengar,CSE,arxiv,https://arxiv.org/abs/1809.00349,high,IIT Ropar/Rupnagar affiliation found in first 2 pages of arXiv PDF; year = arXiv announcement year; DOI is arXiv DOI (journal DOI not looked up)
Centrality Measures in Complex Networks: A Survey,2020,10.48550/arXiv.2011.07190,arXiv preprint,other,Sudarshan Iyengar,CSE,arxiv,https://arxiv.org/abs/2011.07190,high,IIT Ropar/Rupnagar affiliation found in first 2 pages of arXiv PDF; year = arXiv announcement year; DOI is arXiv DOI (journal DOI not looked up)
Push-Down Trees: Optimal Self-Adjusting Complete Trees,2018,10.48550/arXiv.1807.04613,arXiv preprint,other,Kaushik Mondal,Mathematics,arxiv,https://arxiv.org/abs/1807.04613,high,IIT Ropar/Rupnagar affiliation found in first 2 pages of arXiv PDF; year = arXiv announcement year; DOI is arXiv DOI (journal DOI not looked up)
Efficient Dispersion on an Anonymous Ring in the Presence of Weak Byzantine Robots,2020,10.48550/arXiv.2004.11439,arXiv preprint,other,Kaushik Mondal,Mathematics,arxiv,https://arxiv.org/abs/2004.11439,high,IIT Ropar/Rupnagar affiliation found in first 2 pages of arXiv PDF; year = arXiv announcement year; DOI is arXiv DOI (journal DOI not looked up)
Pebble Guided Near Optimal Treasure Hunt in Anonymous Graphs,2021,10.48550/arXiv.2103.05933,arXiv preprint,other,Kaushik Mondal,Mathematics,arxiv,https://arxiv.org/abs/2103.05933,high,IIT Ropar/Rupnagar affiliation found in first 2 pages of arXiv PDF; year = arXiv announcement year; DOI is arXiv DOI (journal DOI not looked up)
Collaborative Dispersion by Silent Robots,2022,10.48550/arXiv.2202.05710,arXiv preprint,other,Kaushik Mondal,Mathematics,arxiv,https://arxiv.org/abs/2202.05710,high,IIT Ropar/Rupnagar affiliation found in first 2 pages of arXiv PDF; year = arXiv announcement year; DOI is arXiv DOI (journal DOI not looked up)
MAIRE -- A Model-Agnostic Interpretable Rule Extraction Procedure for Explaining Classifiers,2020,10.48550/arXiv.2011.01506,arXiv preprint,other,Shweta Jain,CSE,arxiv,https://arxiv.org/abs/2011.01506,high,IIT Ropar/Rupnagar affiliation found in first 2 pages of arXiv PDF; year = arXiv announcement year; DOI is arXiv DOI (journal DOI not looked up)
Exploring and Mitigating Gender Bias in Recommender Systems with Explicit Feedback,2021,10.48550/arXiv.2112.02530,arXiv preprint,other,Shweta Jain,CSE,arxiv,https://arxiv.org/abs/2112.02530,high,IIT Ropar/Rupnagar affiliation found in first 2 pages of arXiv PDF; year = arXiv announcement year; DOI is arXiv DOI (journal DOI not looked up)
Affective Computational Advertising Based on Perceptual Metrics,2022,10.48550/arXiv.2207.07297,arXiv preprint,other,Shweta Jain,CSE,arxiv,https://arxiv.org/abs/2207.07297,high,IIT Ropar/Rupnagar affiliation found in first 2 pages of arXiv PDF; year = arXiv announcement year; DOI is arXiv DOI (journal DOI not looked up)
Ballooning Multi-Armed Bandits,2020,10.48550/arXiv.2001.10055,arXiv preprint,other,Swapnil Dhamal,CSE,arxiv,https://arxiv.org/abs/2001.10055,high,IIT Ropar/Rupnagar affiliation found in first 2 pages of arXiv PDF; year = arXiv announcement year; DOI is arXiv DOI (journal DOI not looked up)
Individual Fairness in Feature-Based Pricing for Monopoly Markets,2022,10.48550/arXiv.2202.12844,arXiv preprint,other,Swapnil Dhamal,CSE,arxiv,https://arxiv.org/abs/2202.12844,high,IIT Ropar/Rupnagar affiliation found in first 2 pages of arXiv PDF; year = arXiv announcement year; DOI is arXiv DOI (journal DOI not looked up)
Simultaneously Achieving Group Exposure Fairness and Within-Group Meritocracy in Stochastic Bandits,2024,10.48550/arXiv.2402.05575,arXiv preprint,other,Swapnil Dhamal,CSE,arxiv,https://arxiv.org/abs/2402.05575,high,IIT Ropar/Rupnagar affiliation found in first 2 pages of arXiv PDF; year = arXiv announcement year; DOI is arXiv DOI (journal DOI not looked up)
The Multi-Stage Assignment Problem: A Fairness Perspective,2025,10.48550/arXiv.2508.13856,arXiv preprint,other,Swapnil Dhamal,CSE,arxiv,https://arxiv.org/abs/2508.13856,high,IIT Ropar/Rupnagar affiliation found in first 2 pages of arXiv PDF; year = arXiv announcement year; DOI is arXiv DOI (journal DOI not looked up)
Stability of miscible Rayleigh-Taylor fingers in porous media with non-monotonic density profiles,2021,10.48550/arXiv.1712.09058,"AIP Advances 11, 085201 (2021)",journal,Manoranjan Mishra,Mathematics,arxiv,https://arxiv.org/abs/1712.09058,high,IIT Ropar/Rupnagar affiliation found in first 2 pages of arXiv PDF; year = arXiv announcement year; DOI is arXiv DOI (journal DOI not looked up)
Effect of Serum Starvation on Rheology of Cell Monolayers,2021,10.48550/arXiv.2103.09294,arXiv preprint,other,Manoranjan Mishra,Mathematics,arxiv,https://arxiv.org/abs/2103.09294,high,IIT Ropar/Rupnagar affiliation found in first 2 pages of arXiv PDF; year = arXiv announcement year; DOI is arXiv DOI (journal DOI not looked up)
Existence and Uniqueness of Solution to Unsteady Darcy-Brinkman Problem with Korteweg Stress for Modelling Miscible Porous Media Flow,2023,10.48550/arXiv.2308.04843,arXiv preprint,other,Manoranjan Mishra,Mathematics,arxiv,https://arxiv.org/abs/2308.04843,high,IIT Ropar/Rupnagar affiliation found in first 2 pages of arXiv PDF; year = arXiv announcement year; DOI is arXiv DOI (journal DOI not looked up)
Fusion of Borromean nucleus $^{9}$Be with $^{197}$Au target at near barrier energies,2019,10.48550/arXiv.1911.06039,arXiv preprint,other,Pushpendra P. Singh,Physics,arxiv,https://arxiv.org/abs/1911.06039,high,IIT Ropar/Rupnagar affiliation found in first 2 pages of arXiv PDF; year = arXiv announcement year; DOI is arXiv DOI (journal DOI not looked up)
Background Estimation Studies for Positron Double Beta Decay,2021,10.48550/arXiv.2111.08825,arXiv preprint,other,Pushpendra P. Singh,Physics,arxiv,https://arxiv.org/abs/2111.08825,high,IIT Ropar/Rupnagar affiliation found in first 2 pages of arXiv PDF; year = arXiv announcement year; DOI is arXiv DOI (journal DOI not looked up)
Spectroscopic performance evaluation and modeling of a low background HPGe detector using GEANT4,2023,10.48550/arXiv.2308.11725,arXiv preprint,other,Pushpendra P. Singh,Physics,arxiv,https://arxiv.org/abs/2308.11725,high,IIT Ropar/Rupnagar affiliation found in first 2 pages of arXiv PDF; year = arXiv announcement year; DOI is arXiv DOI (journal DOI not looked up)
"Exploring $β^+$ decay/EC residues in $^{118}$Sn($^{12}$C,x)$^{130}$Ba reaction",2024,10.48550/arXiv.2410.03691,arXiv preprint,other,Pushpendra P. Singh,Physics,arxiv,https://arxiv.org/abs/2410.03691,high,IIT Ropar/Rupnagar affiliation found in first 2 pages of arXiv PDF; year = arXiv announcement year; DOI is arXiv DOI (journal DOI not looked up)
Stability of and conduction in single-walled Si$_2$BN nanotubes,2022,10.48550/arXiv.2203.07838,arXiv preprint,other,Vivekanand Shukla,Physics,arxiv,https://arxiv.org/abs/2203.07838,high,IIT Ropar/Rupnagar affiliation found in first 2 pages of arXiv PDF; year = arXiv announcement year; DOI is arXiv DOI (journal DOI not looked up)
Element-Specific Visualization of Layer-Parity and Twist-Dependent Magnetism in CrSBr,2026,10.48550/arXiv.2607.26003,arXiv preprint,other,Vivekanand Shukla,Physics,arxiv,https://arxiv.org/abs/2607.26003,high,IIT Ropar/Rupnagar affiliation found in first 2 pages of arXiv PDF; year = arXiv announcement year; DOI is arXiv DOI (journal DOI not looked up)
Generation of non-classical states of photons from metal-dielectric interface: a novel architecture for quantum information processing,2018,10.48550/arXiv.1809.03877,arXiv preprint,other,Shubhrangshu Dasgupta,Physics,arxiv,https://arxiv.org/abs/1809.03877,high,IIT Ropar/Rupnagar affiliation found in first 2 pages of arXiv PDF; year = arXiv announcement year; DOI is arXiv DOI (journal DOI not looked up)
Obtaining entangled photons from fully mixed states using beam splitters,2020,10.48550/arXiv.2011.11902,arXiv preprint,other,Shubhrangshu Dasgupta,Physics,arxiv,https://arxiv.org/abs/2011.11902,high,IIT Ropar/Rupnagar affiliation found in first 2 pages of arXiv PDF; year = arXiv announcement year; DOI is arXiv DOI (journal DOI not looked up)
"Strong entanglement criteria for mixed states, based on uncertainty relations",2022,10.48550/arXiv.2210.16551,arXiv preprint,other,Shubhrangshu Dasgupta,Physics,arxiv,https://arxiv.org/abs/2210.16551,high,IIT Ropar/Rupnagar affiliation found in first 2 pages of arXiv PDF; year = arXiv announcement year; DOI is arXiv DOI (journal DOI not looked up)
Beyond Images: Adaptive Fusion of Visual and Textual Data for Food Classification,2023,10.48550/arXiv.2308.02562,arXiv preprint,other,Puneet Goyal,CSE,arxiv,https://arxiv.org/abs/2308.02562,high,IIT Ropar/Rupnagar affiliation found in first 2 pages of arXiv PDF; year = arXiv announcement year; DOI is arXiv DOI (journal DOI not looked up)
Multimodal Fusion Learning with Dual Attention for Medical Imaging,2025,10.48550/arXiv.2412.01248,IEEE/CVF Winter Conference on Applications of Computer Vision WACV 2025,journal,Puneet Goyal,CSE,arxiv,https://arxiv.org/abs/2412.01248,high,IIT Ropar/Rupnagar affiliation found in first 2 pages of arXiv PDF; year = arXiv announcement year; DOI is arXiv DOI (journal DOI not looked up)
Camera Model Identification with SPAIR-Swin and Entropy based Non-Homogeneous Patches,2025,10.48550/arXiv.2503.22120,arXiv preprint,other,Puneet Goyal,CSE,arxiv,https://arxiv.org/abs/2503.22120,high,IIT Ropar/Rupnagar affiliation found in first 2 pages of arXiv PDF; year = arXiv announcement year; DOI is arXiv DOI (journal DOI not looked up)
Advancing Multimodal Fusion on Heterogeneous Medical Data with Hybrid Geometry Attention,2026,10.48550/arXiv.2607.19086,arXiv preprint,other,Puneet Goyal,CSE,arxiv,https://arxiv.org/abs/2607.19086,high,IIT Ropar/Rupnagar affiliation found in first 2 pages of arXiv PDF; year = arXiv announcement year; DOI is arXiv DOI (journal DOI not looked up)
"6,6'-Biindeno[1,2-b]fluorene: an open-shell indenofluorene dimer",2024,10.1039/d4sc03996c,Chemical Science,journal,Soumyajit Das,Chemistry,websearch,https://www.ncbi.nlm.nih.gov/pmc/articles/PMC11587529/,high,"Found via search string ""IIT Ropar"" scientists findings ""published in the journal"" (Nature Index article page) and refined title search; PMC page lists Dept of Chemistry, IIT Ropar; DOI shown on result page"
Oxygen nano-bubbles attenuate hypoxia-induced tumour malignancy in tumour xenograft models,2023,,Annals of Oncology (ESMO Congress 2023 abstract 2310P),conference,IIT Ropar Biomedical/Chemical/Chemistry authors,Biomedical,websearch,https://oncologypro.esmo.org/meeting-resources/esmo-congress-2023/oxygen-nano-bubbles-attenuate-hypoxia-induced-tumour-malignancy-in-tumour-xenograft-models,medium,"Title surfaced in search snippets of IIT Ropar library digest; confirmed via ESMO abstract page result listing IIT Ropar departments; abstract (supplement), not full paper"
An end-to-end edge aggregation network for moving object segmentation,2020,10.1109/CVPR42600.2020.00817,IEEE/CVF CVPR 2020,conference,Subrahmanyam Murala,EE,news,https://www.iitrpr.ac.in/downloads/sites/default/files/Prajwalam%20Volume%2010%2C%20Issue%201%2C%20April%202021.pdf,high,IIT Ropar newsletter Prajwalam (Apr 2021) reports Dr Murala's group CVPR 2020 papers on moving object segmentation and dehazing; exact title+DOI from Murala's EE profile page
Early warning signals have limited applicability to empirical lake data,2023,,Nature Communications,journal,Partha Sharathi Dutta; Smita Deb,Mathematics,websearch,https://www.natureindex.com/institution-outputs/articles/Chemistry/countries-India/India/Indian%20Institute%20of%20Technology%20Ropar%20(IIT%20Ropar)/n_article/academic/557a4553140ba0721b8b45a4,high,Surfaced by search string: IIT Ropar Nature Communications paper researchers 2024 (search snippet of IIT Ropar library digest / Nature Index); author is IIT Ropar Maths faculty since 2013; no DOI looked up
