title,year,doi,venue,type,iitr_author,department,evidence_source,source_url,confidence,notes
Disruption of cysteine metabolism leads to synthetic lethality and in vivo fitness impairment in Acinetobacter baumannii,2026,10.1128/mbio.00842-26,mBio,journal,BSBE IIT Roorkee team,Biosciences and Bioengineering,news,https://timesofindia.indiatimes.com/city/dehradun/iit-roorkee-researchers-identify-metabolic-weak-spot-in-deadly-hospital-superbug/articleshow/131945273.cms,high,TOI 24 Jun 2026 gives exact title and journal; IITR BSBE researchers (news linked from iitr.ac.in homepage); DOI added afterwards via Crossref exact-title lookup (year +-1)
Nanoenhanced Bacterial Stimulation of Rhodococcus jostii RHA1: A New Pathway for Sustainable Degradation of Phthalate in Complex Water Matrices,2026,10.1021/acsestwater.5c01049,ACS ES&T Water,journal,Nitin Khandelwal,Hydrology,news,https://timesofindia.indiatimes.com/city/dehradun/iit-r-researchers-develop-nano-enabled-method-to-remove-plastic-pollutants-from-water/articleshow/126510608.cms,high,TOI 13 Jan 2026 gives exact title and journal; led by Nitin Khandelwal (Hydrology); year = news year (online could be late 2025); DOI added afterwards via Crossref exact-title lookup (year +-1)
Unveiling Mechanistic and Structural Insights of EstS1 Esterase: A Potent Broad-Spectrum Phthalate Diester Degrading Enzyme,2025,10.1101/2024.08.14.607922,Structure,journal,Pravindra Kumar; Shalja Verma,Biosciences and Bioengineering,news,https://www.thehindu.com/sci-tech/iit-roorkee-uses-bacterial-enzymes-to-degrade-plasticizers/article69085296.ece,high,"The Hindu 11 Jan 2025 (journal Structure, Pravindra Kumar); title from bioRxiv preprint 10.1101/2024.08.14.607922 whose PDF lists BSBE IIT Roorkee; Structure 2025 vol 33; DOI added afterwards via Crossref exact-title lookup (year +-1)"
Largest known madtsoiid snake from warm Eocene period of India suggests intercontinental Gondwana dispersal,2024,10.1038/s41598-024-58377-0,Scientific Reports,journal,Sunil Bajpai; Debajit Datta,Earth Sciences,news,https://www.hindustantimes.com/trending/iit-roorkee-professors-discover-fossil-of-47-million-year-old-snake-in-gujarat-see-pic-101713523529459.html,high,"HT Apr 2024 news (IIT Roorkee professors, Vasuki indicus); title confirmed via follow-up web search (researchgate/phys.org hits) - Datta and Bajpai, Scientific Reports 2024; DOI added afterwards via Crossref exact-title lookup (year +-1)"
Probing the Shell Effects on Fission: The New Superheavy Nucleus 257Sg,2025,10.1103/s7hr-y7zq,Physical Review Letters,journal,M. Maiti,Physics,news,https://www.pioneeredge.in/iit-roorkee-contributes-to-discovery-of-new-superheavy-element-isotope-sg-257/,high,"Pioneer Edge Sep 2025 news; GSI press release gives DOI and names IIT Roorkee as collaborator; APS abstract page lists M. Maiti, IIT Roorkee"
Self-Organization of Microcompartments Powered by Enzyme-Driven Solutal Flows at the Water-Oil Interface,2025,,Journal of the American Chemical Society,journal,B. V. V. S. Pavan Kumar,Chemistry,news,https://www.educationtimes.com/article/newsroom/99740074/research-update-iit-roorkee-creates-life-like-microscopic-agents-capable-of-sensing-adapting-and-responding-to-complex-environments,high,"News: P. S. Patwal under Prof Pavan Kumar Bosukonda, JACS; title from Patwal's lab-member publications page (pankajpatwal.owlstown.net)"
Chemomechanical Self-Oscillatory Microgel Motility in Stratified Chemical Media,2025,10.1002/adma.202415568,Advanced Materials,journal,B. V. V. S. Pavan Kumar,Chemistry,faculty_page,https://pankajpatwal.owlstown.net/publications,high,"Lab-member (IITR PhD scholar, Chemistry) publications page; co-author B.V.V.S. Pavan Kumar (IITR Chemistry); DOI added afterwards via Crossref exact-title lookup (year +-1)"
pH-responsive regulation of multiphase coacervate wetting via phase selective enrichment of fatty acids,2026,,Chemical Science,journal,B. V. V. S. Pavan Kumar,Chemistry,faculty_page,https://pankajpatwal.owlstown.net/publications,high,"Lab-member (IITR PhD scholar, Chemistry) publications page; co-author B.V.V.S. Pavan Kumar (IITR Chemistry)"
"Chemical Communication in Artificial Cells: Basic Concepts, Design and Challenges",2022,10.3389/fmolb.2022.880525,Frontiers in Molecular Biosciences,journal,B. V. V. S. Pavan Kumar,Chemistry,faculty_page,https://pankajpatwal.owlstown.net/publications,high,"Lab-member (IITR PhD scholar, Chemistry) publications page; co-author B.V.V.S. Pavan Kumar (IITR Chemistry); DOI added afterwards via Crossref exact-title lookup (year +-1)"
"Tectonics of the Chamba Nappe, NW Himalaya and its regional implications",2017,10.3301/IJG.2015.39,Italian Journal of Geosciences,journal,Surya Lahoti; Kislay Kumud; Yash Gupta,Earth Sciences,websearch,https://www.italianjournalofgeosciences.it/297/article-704/tectonics-of-the-chamba-nappe-nw-himalaya-and-its-regional-implications.html,high,WS#3 hit; article page lists Dept of Earth Sciences IIT Roorkee for 3 authors
Design and Development of a Pine Needle Briquetting Machine for the Uttarakhand Region of India,2024,10.22075/macs.2024.33800.1644,Mechanics of Advanced Composite Structures,journal,MIED IIT Roorkee authors,Mechanical and Industrial Engineering,websearch,https://macs.semnan.ac.ir/article_8927.html,high,WS#3 hit; article page lists Dept of MIED and Design Innovation Centre IIT Roorkee; DOI printed on page; year from DOI
Clearance and blockage effects on hydrodynamic performance of hybrid hydrokinetic turbine,2023,10.1016/j.seta.2023.103210,,journal,R. P. Saini,Hydro and Renewable Energy,websearch,https://tethys-engineering.pnnl.gov/taxonomy/term/4362,high,"WS#12 hit: Tethys Engineering (PNNL) organisation page 'Marine Energy Documents Related to Indian Institute of Technology, Roorkee'; R.P. Saini is HRED faculty; venue not shown on page; DOI added afterwards via Crossref exact-title lookup (year +-1)"
A review on modifications and performance assessment techniques in cross-flow hydrokinetic system,2022,10.1016/j.seta.2021.101933,,journal,R. P. Saini,Hydro and Renewable Energy,websearch,https://tethys-engineering.pnnl.gov/taxonomy/term/4362,high,"WS#12 hit: Tethys Engineering (PNNL) organisation page 'Marine Energy Documents Related to Indian Institute of Technology, Roorkee'; R.P. Saini is HRED faculty; venue not shown on page; DOI added afterwards via Crossref exact-title lookup (year +-1)"
Assessment of hydrokinetic energy - A case study of eastern Yamuna canal,2021,10.1016/j.matpr.2020.08.595,,journal,R. P. Saini,Hydro and Renewable Energy,websearch,https://tethys-engineering.pnnl.gov/taxonomy/term/4362,high,"WS#12 hit: Tethys Engineering (PNNL) organisation page 'Marine Energy Documents Related to Indian Institute of Technology, Roorkee'; R.P. Saini is HRED faculty; venue not shown on page; DOI added afterwards via Crossref exact-title lookup (year +-1)"
"A review on technology, configurations, and performance of cross-flow hydrokinetic turbines",2019,10.1002/er.4625,,journal,R. P. Saini,Hydro and Renewable Energy,websearch,https://tethys-engineering.pnnl.gov/taxonomy/term/4362,high,"WS#12 hit: Tethys Engineering (PNNL) organisation page 'Marine Energy Documents Related to Indian Institute of Technology, Roorkee'; R.P. Saini is HRED faculty; venue not shown on page; DOI added afterwards via Crossref exact-title lookup (year +-1)"
CityGuessr: City-Level Video Geo-Localization on a Global Scale,2024,,ECCV 2024,conference,Gaurav Kumar Nayak,Mehta Family School of Data Science and AI,websearch,https://sites.google.com/view/gauravnayak,medium,WS#16 hit: homepage says joined IITR Apr 2024 and paper accepted Jul 2024 (after joining); affiliation on paper may be UCF -> medium
An experimental study on crib fires in a closed compartment,2017,10.2298/tsci141206156d,Thermal Science,journal,Ravi Kumar; Amit Kumar Dhiman,Mechanical and Industrial Engineering; Chemical Engineering,websearch,https://www.thermalscience.rs/authors/3669,high,"WS#1/#5/#20/#27 hits (thermalscience.vinca.rs author pages; first unreachable due to expired cert, re-fetched via redirect www.thermalscience.rs); page shows all 3 authors at IIT Roorkee; other Thermal Science author pages only had 2008-2012 papers (out of range); DOI added afterwards via Crossref exact-title lookup (year +-1)"
Applications of Thesaurus in Digital Libraries,2017,10.14429/djlit.37.5.11169,DESIDOC Journal of Library & Information Technology,journal,S. K. Sunny,Mahatma Gandhi Central Library,annual_report,https://iitr.ac.in/Careers/static/Institute/Annual_Reports/2017-2018/AnnualReportEnglishVersion2017-18.pdf,high,"IITR Annual Report 2017-18, Central Library section 'Research Papers/Book Chapter' (library staff authors); DOI added afterwards via Crossref exact-title lookup (year +-1)"
Evaluating the effectiveness of thesauri in digital information retrieval systems,2018,10.1108/EL-02-2017-0033,The Electronic Library,journal,S. K. Sunny,Mahatma Gandhi Central Library,annual_report,https://iitr.ac.in/Careers/static/Institute/Annual_Reports/2017-2018/AnnualReportEnglishVersion2017-18.pdf,high,"IITR Annual Report 2017-18, Central Library section 'Research Papers/Book Chapter' (library staff authors)"
Potential Roles and Applications of Thesauri in Digital Information Retrieval Systems,2018,10.1109/ettlis.2018.8485215,IEEE 5th International Symposium: Emerging Trends and Technologies in Libraries and Information Services (ETTLIS),conference,S. K. Sunny,Mahatma Gandhi Central Library,annual_report,https://iitr.ac.in/Careers/static/Institute/Annual_Reports/2017-2018/AnnualReportEnglishVersion2017-18.pdf,high,"IITR Annual Report 2017-18, Central Library section 'Research Papers/Book Chapter' (library staff authors); DOI added afterwards via Crossref exact-title lookup (year +-1)"
The Role of Library and Information Services for Rural Development,2017,,Dynamics of Rural Librarianship in 21st Century (Levant Books),book_chapter,Rimai Atonring,Mahatma Gandhi Central Library,annual_report,https://iitr.ac.in/Careers/static/Institute/Annual_Reports/2017-2018/AnnualReportEnglishVersion2017-18.pdf,high,"IITR Annual Report 2017-18, Central Library section 'Research Papers/Book Chapter' (library staff authors)"
Grain Refinement of Cast Al-Si-Mg Alloys Using Electromagnetic Stirring,2018,,"International Conference on Nanoscience, Nanotechnology & Advanced Materials, Hong Kong",conference,D. K. Dwivedi,Mechanical and Industrial Engineering,annual_report,https://iitr.ac.in/Careers/static/Institute/Annual_Reports/2017-2018/AnnualReportEnglishVersion2017-18.pdf,high,"IITR Annual Report 2017-18, MIED faculty achievements: best paper award (Hong Kong, Jan 2018)"
Path Planning and Control for Omni-directional Mobile Robot using Q-Learning and CLIK Algorithm for Home Environment,2022,,IMAACA (International Conference on Integrated Modeling and Analysis in Applied Control and Automation),conference,P. M. Pathak,Mechanical and Industrial Engineering,annual_report,https://iitr.ac.in/Careers/static/Institute/Annual_Reports/2022-2023/AnnualReportEnglishVersion2022-23.pdf,high,"IITR Annual Report 2022-23, faculty awards: Best Paper Award at IMAACA (P.M. Pathak); year taken as 2022 (AR year 2022-23)"
Influence of Sloping Ground and Pile Group on Sand Reliquefaction Behavior using Centrifuge Modelling,2025,10.1139/cgj-2024-0386,Canadian Geotechnical Journal,journal,B. K. Maheshwari,Earthquake Engineering,dept_page,https://iitr.ac.in/Departments/Earthquake%20Department/Research/publications.html,high,Dept of Earthquake Engineering publications page (dept-only list); DOI added afterwards via Crossref exact-title lookup (year +-1)
Seismic response of combined piled raft foundation using advanced liquefaction model,2024,10.1016/j.soildyn.2024.108694,Soil Dynamics and Earthquake Engineering,journal,B. K. Maheshwari,Earthquake Engineering,dept_page,https://iitr.ac.in/Departments/Earthquake%20Department/Research/publications.html,high,Dept of Earthquake Engineering publications page (dept-only list)
Liquefaction and Reliquefaction Mitigation of Sand Specimen Treated with Prefabricated Vertical Drains: an Experimental Investigation,2025,10.1016/j.geotexmem.2024.09.018,Geotextiles and Geomembranes,journal,B. K. Maheshwari,Earthquake Engineering,dept_page,https://iitr.ac.in/Departments/Earthquake%20Department/Research/publications.html,high,Dept of Earthquake Engineering publications page (dept-only list)
Seismic Behaviour of Twin Tunnels in Jointed Rock Mass,2024,,18th World Conference on Earthquake Engineering (Milan),conference,B. K. Maheshwari,Earthquake Engineering,dept_page,https://iitr.ac.in/Departments/Earthquake%20Department/Research/publications.html,high,Dept of Earthquake Engineering publications page (dept-only list)
Cyclic testing and diagonal strut modelling of different types of masonry infills in reinforced concrete frames designed for modern codes,2024,10.1016/j.engstruct.2024.118695,Engineering Structures,journal,Yogendra Singh; Pankaj Agarwal,Earthquake Engineering,dept_page,https://iitr.ac.in/Departments/Earthquake%20Department/Research/publications.html,high,Dept of Earthquake Engineering publications page (dept-only list)
Uttarakhand State Earthquake Early Warning System: A Case Study of the Himalayan Environment,2024,10.3390/s24113272,Sensors,journal,M. L. Sharma,Earthquake Engineering,dept_page,https://iitr.ac.in/Departments/Earthquake%20Department/Research/publications.html,high,Dept of Earthquake Engineering publications page (dept-only list)
Early Warning Potential of Regional Seismic Network: Seismic Assessment of One of the Precursors of Chamoli 2021 Disaster,2024,10.1007/s41748-023-00364-y,Earth Systems and Environment,journal,M. L. Sharma,Earthquake Engineering,dept_page,https://iitr.ac.in/Departments/Earthquake%20Department/Research/publications.html,high,Dept of Earthquake Engineering publications page (dept-only list)
Quantification of site city interaction effects on responses of buildings and basin under earthquake loading,2024,10.1080/13632469.2024.2402431,Journal of Earthquake Engineering,journal,J. P. Narayan,Earthquake Engineering,dept_page,https://iitr.ac.in/Departments/Earthquake%20Department/Research/publications.html,high,Dept of Earthquake Engineering publications page (dept-only list)
Sliding mass floor system for seismic response control,2024,10.1016/j.soildyn.2024.108682,Soil Dynamics and Earthquake Engineering,journal,Manish Shrikhande,Earthquake Engineering,dept_page,https://iitr.ac.in/Departments/Earthquake%20Department/Research/publications.html,high,Dept of Earthquake Engineering publications page (dept-only list); DOI added afterwards via Crossref exact-title lookup (year +-1)
Design considerations and optimum design parameters of a friction damper in SDOF systems for seismic response reduction,2024,10.1080/13632469.2023.2239369,Journal of Earthquake Engineering,journal,Manish Shrikhande,Earthquake Engineering,dept_page,https://iitr.ac.in/Departments/Earthquake%20Department/Research/publications.html,high,Dept of Earthquake Engineering publications page (dept-only list)
Local and global integrative retrofitting of reinforced concrete frames using in-plane buckling steel braces,2025,10.1002/eqe.4247,Earthquake Engineering & Structural Dynamics,journal,P. C. Ashok Kumar,Earthquake Engineering,dept_page,https://iitr.ac.in/Departments/Earthquake%20Department/Research/publications.html,high,Dept of Earthquake Engineering publications page (dept-only list); DOI added afterwards via Crossref exact-title lookup (year +-1)
Lateral capacity and failure mechanisms of skirted foundation resting on slopes,2025,10.1007/s11440-024-02486-7,Acta Geotechnica,journal,R. S. Jakka,Earthquake Engineering,dept_page,https://iitr.ac.in/Departments/Earthquake%20Department/Research/publications.html,high,Dept of Earthquake Engineering publications page (dept-only list); DOI added afterwards via Crossref exact-title lookup (year +-1)
Out-of-plane behavior of masonry infills of different types and slenderness ratios under reversed cyclic loading,2025,10.1061/JSENDH.STENG-13761,Journal of Structural Engineering (ASCE),journal,Yogendra Singh,Earthquake Engineering,dept_page,https://iitr.ac.in/Departments/Earthquake%20Department/Research/publications.html,high,Dept of Earthquake Engineering publications page (dept-only list)
"Unveiling earthquake hazard in Noida, India: a combined probabilistic and deterministic seismic hazard assessment",2024,10.1007/s41062-024-01390-z,Innovative Infrastructure Solutions,journal,Josodhir Das,Earthquake Engineering,dept_page,https://iitr.ac.in/Departments/Earthquake%20Department/Research/publications.html,high,Dept of Earthquake Engineering publications page (dept-only list); DOI added afterwards via Crossref exact-title lookup (year +-1)
Cyclic tests on hybrid buckling-restrained braces with Fe-based SMA core elements,2020,10.1016/j.jcsr.2020.106323,Journal of Constructional Steel Research,journal,P. C. Ashok Kumar,Earthquake Engineering,dept_page,https://iitr.ac.in/Departments/Earthquake%20Department/Research/publications.html,high,Dept of Earthquake Engineering publications page (dept-only list); DOI added afterwards via Crossref exact-title lookup (year +-1)
Analytical modelling of out-of-plane flexural response of unreinforced and strengthened masonry walls,2020,10.1016/j.engstruct.2020.110797,Engineering Structures,journal,Yogendra Singh,Earthquake Engineering,dept_page,https://iitr.ac.in/Departments/Earthquake%20Department/Research/publications.html,high,Dept of Earthquake Engineering publications page (dept-only list); DOI added afterwards via Crossref exact-title lookup (year +-1)
Effect of Rail Irregularities and Rail Pad on Track Vibration and Noise,2021,10.1007/s12205-021-1345-6,KSCE Journal of Civil Engineering,journal,Yogendra Singh,Earthquake Engineering,dept_page,https://iitr.ac.in/Departments/Earthquake%20Department/Research/publications.html,high,Dept of Earthquake Engineering publications page (dept-only list); DOI added afterwards via Crossref exact-title lookup (year +-1)
Determination and Prediction of the Ultimate Bearing Capacity of a Strip Footing on Undrained Clayey Slopes,2019,10.18690/actageotechslov.16.2.50-65.2019,Acta Geotechnica Slovenica,journal,R. S. Jakka,Earthquake Engineering,dept_page,https://iitr.ac.in/Departments/Earthquake%20Department/Research/publications.html,high,Dept of Earthquake Engineering publications page (dept-only list); also found via faculty_page (https://iitr.ac.in/Departments/Earthquake%20Department/People/Faculty/Ravi%20Sankar%20Jakka.html); DOI added afterwards via Crossref exact-title lookup (year +-1)
A prototype earthquake early warning system for northern India,2019,10.1080/13632469.2019.1625828,Journal of Earthquake Engineering,journal,R. S. Jakka,Earthquake Engineering,dept_page,https://iitr.ac.in/Departments/Earthquake%20Department/Research/publications.html,high,Dept of Earthquake Engineering publications page (dept-only list); DOI added afterwards via Crossref exact-title lookup (year +-1)
Out-of-plane flexural behaviour of masonry wallettes strengthened using FRP composites and externally bonded grids: Comparative study,2019,10.1016/j.compositesb.2019.107302,Composites Part B: Engineering,journal,Yogendra Singh,Earthquake Engineering,dept_page,https://iitr.ac.in/Departments/Earthquake%20Department/Research/publications.html,high,Dept of Earthquake Engineering publications page (dept-only list); DOI added afterwards via Crossref exact-title lookup (year +-1)
Crustal anisotropy from shear-wave splitting of local earthquakes in the Garhwal Lesser Himalaya,2019,10.1093/gji/ggz404,Geophysical Journal International,journal,M. L. Sharma,Earthquake Engineering,dept_page,https://iitr.ac.in/Departments/Earthquake%20Department/Research/publications.html,high,Dept of Earthquake Engineering publications page (dept-only list); DOI added afterwards via Crossref exact-title lookup (year +-1)
A Seismic Moment Magnitude Scale,2019,10.1785/0120180338,Bulletin of the Seismological Society of America,journal,M. L. Sharma,Earthquake Engineering,dept_page,https://iitr.ac.in/Departments/Earthquake%20Department/Research/publications.html,high,Dept of Earthquake Engineering publications page (dept-only list); DOI added afterwards via Crossref exact-title lookup (year +-1)
A hybrid of deep learning and hand-crafted features based approach for snow cover mapping,2018,10.1080/01431161.2018.1519277,International Journal of Remote Sensing,journal,Josodhir Das,Earthquake Engineering,dept_page,https://iitr.ac.in/Departments/Earthquake%20Department/Research/publications.html,high,Dept of Earthquake Engineering publications page (dept-only list)
Effect of Structural Configuration on Floor Acceleration Demand in Hill-side Buildings,2018,,Earthquake Engineering and Structural Dynamics,journal,Yogendra Singh,Earthquake Engineering,dept_page,https://iitr.ac.in/Departments/Earthquake%20Department/Research/publications.html,high,Dept of Earthquake Engineering publications page (dept-only list)
Numerical and experimental investigations on inelastic cyclic performance of mid-span gusset plate connections,2018,10.1002/eqe.3049,Earthquake Engineering and Structural Dynamics,journal,P. C. Ashok Kumar,Earthquake Engineering,dept_page,https://iitr.ac.in/Departments/Earthquake%20Department/Research/publications.html,high,Dept of Earthquake Engineering publications page (dept-only list); DOI added afterwards via Crossref exact-title lookup (year +-1)
In-plane Behaviour of Unreinforced Masonry Strengthened with Welded Wire Mesh and Mortar,2018,,Construction and Building Materials,journal,R. N. Dubey,Earthquake Engineering,dept_page,https://iitr.ac.in/Departments/Earthquake%20Department/Research/publications.html,high,Dept of Earthquake Engineering publications page (dept-only list)
"Effect of Data Uncertainty and Inversion Non-Uniqueness of Surface Wave Tests on VS,30 Estimation",2018,10.1016/j.soildyn.2018.02.030,Soil Dynamics and Earthquake Engineering,journal,R. S. Jakka,Earthquake Engineering,dept_page,https://iitr.ac.in/Departments/Earthquake%20Department/Research/publications.html,high,Dept of Earthquake Engineering publications page (dept-only list); DOI added afterwards via Crossref exact-title lookup (year +-1)
Global strain rates in western to central Himalayas and their implications in seismic hazard assessment,2018,,Natural Hazards,journal,M. L. Sharma,Earthquake Engineering,dept_page,https://iitr.ac.in/Departments/Earthquake%20Department/Research/publications.html,high,Dept of Earthquake Engineering publications page (dept-only list); also found via faculty_page (https://iitr.ac.in/Departments/Earthquake%20Department/People/Faculty/100201.html)
Wavelet packet characterization of scenario earthquake ground motions,2017,,Journal of Earthquake and Tsunami,journal,Manish Shrikhande,Earthquake Engineering,dept_page,https://iitr.ac.in/Departments/Earthquake%20Department/Research/publications.html,high,Dept of Earthquake Engineering publications page (dept-only list)
Probabilistic Models for Earthquakes with Large Return Periods in Himalaya Region,2017,10.1007/s00024-017-1667-y,Pure and Applied Geophysics,journal,M. L. Sharma,Earthquake Engineering,dept_page,https://iitr.ac.in/Departments/Earthquake%20Department/Research/publications.html,high,Dept of Earthquake Engineering publications page (dept-only list); DOI added afterwards via Crossref exact-title lookup (year +-1)
Modified seismic design of concentrically braced frames considering column demands,2017,,Earthquake Engineering and Structural Dynamics,journal,P. C. Ashok Kumar,Earthquake Engineering,dept_page,https://iitr.ac.in/Departments/Earthquake%20Department/Research/publications.html,high,Dept of Earthquake Engineering publications page (dept-only list)
Nonlinear SSI Analysis in Time Domain using coupled FEM-SBFEM for a soil-pile system,2017,10.1680/jgeot.16.p.029,Geotechnique,journal,B. K. Maheshwari,Earthquake Engineering,dept_page,https://iitr.ac.in/Departments/Earthquake%20Department/Research/publications.html,high,Dept of Earthquake Engineering publications page (dept-only list); DOI added afterwards via Crossref exact-title lookup (year +-1)
Measuring the impact of enhanced building performance on the seismic resilience of a residential community,2017,10.1193/040916eqs057m,Earthquake Spectra,journal,Yogendra Singh,Earthquake Engineering,dept_page,https://iitr.ac.in/Departments/Earthquake%20Department/Research/publications.html,high,Dept of Earthquake Engineering publications page (dept-only list); DOI added afterwards via Crossref exact-title lookup (year +-1)
Multi-parameter algorithm for Earthquake Early Warning,2016,10.1080/19475705.2015.1069409,"Geomatics, Natural Hazards and Risk",journal,M. L. Sharma,Earthquake Engineering,dept_page,https://iitr.ac.in/Departments/Earthquake%20Department/Research/publications.html,high,Dept of Earthquake Engineering publications page (dept-only list); DOI added afterwards via Crossref exact-title lookup (year +-1)
Rehabilitation Technique for Severely Damaged Concrete Gravity Dam,2016,10.1061/(ASCE)SC.1943-5576.0000287,Practice Periodical on Structural Design and Construction,journal,Pankaj Agarwal,Earthquake Engineering,dept_page,https://iitr.ac.in/Departments/Earthquake%20Department/Research/publications.html,high,Dept of Earthquake Engineering publications page (dept-only list)
A step towards mapping rainfall erosivity for India using high-resolution GPM satellite rainfall products,2022,10.1016/j.catena.2022.106067,CATENA,journal,M. K. Jain,Hydrology,dept_page,https://iitr.ac.in/Departments/Hydrology%20Department/Research/Research%20Scholars/Research%20Publications%202021-2025.html,high,Dept of Hydrology research publications 2021-2025 page
Improving the assessment of polluted sites using an integrated bio-physico-chemical monitoring framework,2022,10.1016/j.chemosphere.2021.133344,Chemosphere,journal,Brijesh K. Yadav,Hydrology,dept_page,https://iitr.ac.in/Departments/Hydrology%20Department/Research/Research%20Scholars/Research%20Publications%202021-2025.html,high,Dept of Hydrology research publications 2021-2025 page
"Trend analysis of hydro-meteorological parameters in the Jhelum River basin, North Western Himalayas",2022,10.1007/s00704-022-04014-7,Theoretical and Applied Climatology,journal,N. K. Goel,Hydrology,dept_page,https://iitr.ac.in/Departments/Hydrology%20Department/Research/Research%20Scholars/Research%20Publications%202021-2025.html,high,Dept of Hydrology research publications 2021-2025 page
A complex network approach to study the extreme precipitation patterns in a river basin,2022,10.1002/essoar.10509273.2,Chaos,journal,Ankit Agarwal,Hydrology,dept_page,https://iitr.ac.in/Departments/Hydrology%20Department/Research/Research%20Scholars/Research%20Publications%202021-2025.html,high,Dept of Hydrology research publications 2021-2025 page; DOI added afterwards via Crossref exact-title lookup (year +-1)
Evaluation of flow resistance equations for high gradient rivers using geometric standard deviation of bed material,2022,10.1016/j.jhydrol.2021.127292,Journal of Hydrology,journal,Sumit Sen,Hydrology,dept_page,https://iitr.ac.in/Departments/Hydrology%20Department/Research/Research%20Scholars/Research%20Publications%202021-2025.html,high,Dept of Hydrology research publications 2021-2025 page; DOI added afterwards via Crossref exact-title lookup (year +-1)
Hydrological process monitoring for springshed management in the Indian Himalayan region: field observatory and reference database,2021,10.18520/cs/v120/i5/791-799,Current Science,journal,Sumit Sen,Hydrology,dept_page,https://iitr.ac.in/Departments/Hydrology%20Department/Research/Research%20Scholars/Research%20Publications%202021-2025.html,high,Dept of Hydrology research publications 2021-2025 page; DOI added afterwards via Crossref exact-title lookup (year +-1)
Ranking and Characterization of Precipitation Extremes for the past 113 years for Indian western Himalayas,2021,10.1002/joc.7215,International Journal of Climatology,journal,Ankit Agarwal,Hydrology,dept_page,https://iitr.ac.in/Departments/Hydrology%20Department/Research/Research%20Scholars/Research%20Publications%202021-2025.html,high,Dept of Hydrology research publications 2021-2025 page
Treatment of biologically treated distillery spent wash employing electrocoagulation and reverse-osmosis treatment train,2021,10.1080/09593330.2021.1946596,Environmental Technology,journal,Himanshu Joshi,Hydrology,dept_page,https://iitr.ac.in/Departments/Hydrology%20Department/Research/Research%20Scholars/Research%20Publications%202021-2025.html,high,Dept of Hydrology research publications 2021-2025 page
Assessment of spring flows in Indian Himalayan micro-watersheds - A hydrogeological approach,2021,10.1016/j.jhydrol.2021.126354,Journal of Hydrology,journal,Sumit Sen,Hydrology,dept_page,https://iitr.ac.in/Departments/Hydrology%20Department/Research/Research%20Scholars/Research%20Publications%202021-2025.html,high,Dept of Hydrology research publications 2021-2025 page; DOI added afterwards via Crossref exact-title lookup (year +-1)
"Removal of Copper, Nickel, and Zinc Ions from an Aqueous Solution through Electrochemical and Nanofiltration Membrane Processes",2022,10.3390/app12010280,Applied Sciences,journal,Himanshu Joshi,Hydrology,dept_page,https://iitr.ac.in/Departments/Hydrology%20Department/Research/Research%20Scholars/Research%20Publications%202021-2025.html,high,Dept of Hydrology research publications 2021-2025 page; DOI added afterwards via Crossref exact-title lookup (year +-1)
An Assessment of Global Satellite-based Precipitation Datasets in Capturing Precipitation Extremes: A Comparison with Observed Precipitation Dataset in India,2020,10.1002/joc.6419,International Journal of Climatology,journal,M. K. Jain,Hydrology,dept_page,https://iitr.ac.in/Departments/Hydrology%20Department/Research/Research%20Scholars/Research%20Publications%202016-2020.html,high,Dept of Hydrology research publications 2016-2020 page
Assessment of precipitation extremes in India during the 21st century under SSP1-1.9 mitigation scenarios of CMIP6 GCMs,2020,10.1016/j.jhydrol.2020.125422,Journal of Hydrology,journal,M. K. Jain,Hydrology,dept_page,https://iitr.ac.in/Departments/Hydrology%20Department/Research/Research%20Scholars/Research%20Publications%202016-2020.html,high,Dept of Hydrology research publications 2016-2020 page; DOI added afterwards via Crossref exact-title lookup (year +-1)
"Impact of ENSO, Global Warming, and Land Surface Elevation on Extreme Precipitation in India",2020,10.1061/(ASCE)HE.1943-5584.0001872,Journal of Hydrologic Engineering,journal,Hydrology faculty (dept list),Hydrology,dept_page,https://iitr.ac.in/Departments/Hydrology%20Department/Research/Research%20Scholars/Research%20Publications%202016-2020.html,high,Dept of Hydrology research publications 2016-2020 page
Investigation of Multi-model Spatiotemporal Mesoscale Drought Projections over India under Climate Change Scenario,2018,10.1016/j.jhydrol.2018.10.012,Journal of Hydrology,journal,Hydrology faculty (dept list),Hydrology,dept_page,https://iitr.ac.in/Departments/Hydrology%20Department/Research/Research%20Scholars/Research%20Publications%202016-2020.html,high,Dept of Hydrology research publications 2016-2020 page
Performance evaluation of duplex constructed wetlands for the treatment of diesel contaminated wastewater,2018,10.1016/j.chemosphere.2018.04.036,Chemosphere,journal,Brijesh K. Yadav,Hydrology,dept_page,https://iitr.ac.in/Departments/Hydrology%20Department/Research/Research%20Scholars/Research%20Publications%202016-2020.html,high,Dept of Hydrology research publications 2016-2020 page
Understanding Plot-Scale Hydrology of Lesser Himalayan Watershed- A Field Study and HYDRUS-2D Modeling Approach,2018,,Hydrological Processes,journal,Sumit Sen,Hydrology,dept_page,https://iitr.ac.in/Departments/Hydrology%20Department/Research/Research%20Scholars/Research%20Publications%202016-2020.html,high,Dept of Hydrology research publications 2016-2020 page
Data Based Modeling Approach for Variable Density Flow and Solute Transport Simulation in a Coastal Aquifer,2018,10.1080/02626667.2017.1413491,Hydrological Sciences Journal,journal,Brijesh K. Yadav,Hydrology,dept_page,https://iitr.ac.in/Departments/Hydrology%20Department/Research/Research%20Scholars/Research%20Publications%202016-2020.html,high,Dept of Hydrology research publications 2016-2020 page
A simulation-optimization approach for the consideration of well clogging during cost estimation of in-situ bioremediation system,2017,10.1061/(ASCE)HE.1943-5584.0001622,Journal of Hydrologic Engineering,journal,Brijesh K. Yadav,Hydrology,dept_page,https://iitr.ac.in/Departments/Hydrology%20Department/Research/Research%20Scholars/Research%20Publications%202016-2020.html,high,Dept of Hydrology research publications 2016-2020 page
Performance of the Xinanjiang Model,2017,10.1007/978-981-10-5801-1_49,"Hydrologic Modelling (Water Science and Technology Library vol 81, Springer)",book_chapter,M. K. Jain; M. Perumal,Hydrology,dept_page,https://iitr.ac.in/Departments/Hydrology%20Department/Research/Research%20Scholars/Research%20Publications%202016-2020.html,high,Dept of Hydrology research publications 2016-2020 page; DOI added afterwards via Crossref exact-title lookup (year +-1)
"Evaluation of spring discharge dynamics using recession curve analysis: a case study in data-scarce region, Lesser Himalayas, India",2017,10.1007/s40899-017-0138-z,Sustainable Water Resources Management,journal,Sumit Sen,Hydrology,dept_page,https://iitr.ac.in/Departments/Hydrology%20Department/Research/Research%20Scholars/Research%20Publications%202016-2020.html,high,Dept of Hydrology research publications 2016-2020 page
"Analysis of Water Level Fluctuations and TDS Variations in the Groundwater at Mewat (Nuh) District, Haryana (India)",2016,10.12944/cwe.11.2.06,Current World Environment,journal,Brijesh K. Yadav,Hydrology,dept_page,https://iitr.ac.in/Departments/Hydrology%20Department/Research/Research%20Scholars/Research%20Publications%202016-2020.html,high,Dept of Hydrology research publications 2016-2020 page; DOI added afterwards via Crossref exact-title lookup (year +-1)
Impact of alcohol on biodiesel production and properties,2016,10.1016/j.rser.2015.11.048,Renewable and Sustainable Energy Reviews,journal,M. P. Sharma,Hydro and Renewable Energy,dept_page,https://iitr.ac.in/Departments/Hydro%20and%20Renewable%20Energy%20Department/Research/Publications%20(Year%202016-17).html,high,HRED publications page 2016-17; DOI added afterwards via Crossref exact-title lookup (year +-1)
Comparative analysis of effect of methanol and ethanol on Karanja biodiesel production and its optimization,2016,,Fuel,journal,M. P. Sharma,Hydro and Renewable Energy,dept_page,https://iitr.ac.in/Departments/Hydro%20and%20Renewable%20Energy%20Department/Research/Publications%20(Year%202016-17).html,high,HRED publications page 2016-17
Development of optimal integrated renewable energy model with battery storage for a remote Indian area,2016,10.1016/j.energy.2016.06.005,Energy,journal,R. P. Saini,Hydro and Renewable Energy,dept_page,https://iitr.ac.in/Departments/Hydro%20and%20Renewable%20Energy%20Department/Research/Publications%20(Year%202016-17).html,high,HRED publications page 2016-17; DOI added afterwards via Crossref exact-title lookup (year +-1)
A review on modelling and simulation of building energy systems,2016,,Renewable and Sustainable Energy Reviews,journal,Arun Kumar,Hydro and Renewable Energy,dept_page,https://iitr.ac.in/Departments/Hydro%20and%20Renewable%20Energy%20Department/Research/Publications%20(Year%202016-17).html,high,HRED publications page 2016-17
Study on flow inside a Pelton bucket and similarity laws for erosion,2016,,IOP Conf. Series: Earth and Environmental Science (28th IAHR Symposium on Hydraulic Machinery and Systems),conference,Arun Kumar,Hydro and Renewable Energy,dept_page,https://iitr.ac.in/Departments/Hydro%20and%20Renewable%20Energy%20Department/Research/Publications%20(Year%202016-17).html,high,HRED publications page 2016-17
"Estimation of Green House Gas emissions from Koteshwar hydropower reservoir, India",2017,10.1007/s10661-017-5958-7,Environmental Monitoring and Assessment,journal,M. P. Sharma,Hydro and Renewable Energy,dept_page,https://iitr.ac.in/Departments/Hydro%20and%20Renewable%20Energy%20Department/Research/Publications%20(Year%202017-18).html,high,HRED publications page 2017-18; DOI added afterwards via Crossref exact-title lookup (year +-1)
Experimental investigation on power output of different photovoltaic array configurations under uniform and partial shading scenarios,2017,10.1016/j.energy.2017.03.139,Energy,journal,R. P. Saini,Hydro and Renewable Energy,dept_page,https://iitr.ac.in/Departments/Hydro%20and%20Renewable%20Energy%20Department/Research/Publications%20(Year%202017-18).html,high,HRED publications page 2017-18; DOI added afterwards via Crossref exact-title lookup (year +-1)
Hydro-abrasive erosion in hydro turbines: a review,2017,10.1080/15435075.2018.1431546,Renewable and Sustainable Energy Reviews,journal,S. K. Singal,Hydro and Renewable Energy,dept_page,https://iitr.ac.in/Departments/Hydro%20and%20Renewable%20Energy%20Department/Research/Publications%20(Year%202017-18).html,high,HRED publications page 2017-18; DOI added afterwards via Crossref exact-title lookup (year +-1)
Numerical investigation of cavitating flow in elbow type draft tube,2017,10.1504/pcfd.2017.084345,International Journal of Progress in Computational Fluid Dynamics,journal,R. P. Saini,Hydro and Renewable Energy,dept_page,https://iitr.ac.in/Departments/Hydro%20and%20Renewable%20Energy%20Department/Research/Publications%20(Year%202017-18).html,high,HRED publications page 2017-18; DOI added afterwards via Crossref exact-title lookup (year +-1)
A numerical analysis to study the effect of radius ratio and attachment angle on hybrid hydrokinetic turbine performance,2018,10.1016/j.esd.2018.09.005,Energy for Sustainable Development,journal,R. P. Saini,Hydro and Renewable Energy,dept_page,https://iitr.ac.in/Departments/Hydro%20and%20Renewable%20Energy%20Department/Research/Publications%20(Year%202018-19).html,high,HRED publications page 2018-19; DOI added afterwards via Crossref exact-title lookup (year +-1)
Development of hydrokinetic energy technology: A review,2019,10.1002/er.4529,International Journal of Energy Research,journal,S. K. Singal,Hydro and Renewable Energy,dept_page,https://iitr.ac.in/Departments/Hydro%20and%20Renewable%20Energy%20Department/Research/Publications%20(Year%202018-19).html,high,HRED publications page 2018-19; DOI added afterwards via Crossref exact-title lookup (year +-1)
Use of Principal Component Analysis for parameter selection for development of a novel Water Quality Index: A case study of river Ganga India,2019,10.1016/j.ecolind.2018.09.025,Ecological Indicators,journal,S. K. Singal,Hydro and Renewable Energy,dept_page,https://iitr.ac.in/Departments/Hydro%20and%20Renewable%20Energy%20Department/Research/Publications%20(Year%202018-19).html,high,HRED publications page 2018-19; DOI added afterwards via Crossref exact-title lookup (year +-1)
Unsteady Simulation of Cavitating Turbulent Flow for Low Head Francis Turbine,2018,10.1088/1755-1315/240/2/022007,"29th IAHR Symposium on Hydraulic Machinery and Systems, Kyoto",conference,R. P. Saini,Hydro and Renewable Energy,dept_page,https://iitr.ac.in/Departments/Hydro%20and%20Renewable%20Energy%20Department/Research/Publications%20(Year%202018-19).html,high,HRED publications page 2018-19; DOI added afterwards via Crossref exact-title lookup (year +-1)
Energy and exergy analysis for heliostat based solar thermal power plant,2018,10.1109/icpeices.2018.8897404,"2nd IEEE International Conference on Power Electronics, Intelligent Control and Energy Systems (ICPEICES-2018)",conference,R. P. Saini,Hydro and Renewable Energy,dept_page,https://iitr.ac.in/Departments/Hydro%20and%20Renewable%20Energy%20Department/Research/Publications%20(Year%202018-19).html,high,HRED publications page 2018-19; DOI added afterwards via Crossref exact-title lookup (year +-1)
Performance Assessment of Different Photovoltaic Technologies for Canal-Top and Reservoir Applications in Subtropical Humid Climate,2019,10.1109/jphotov.2019.2892520,IEEE Journal of Photovoltaics,journal,Arun Kumar,Hydro and Renewable Energy,dept_page,https://iitr.ac.in/Departments/Hydro%20and%20Renewable%20Energy%20Department/Research/Publications%20(Year%202019-20).html,high,HRED publications page 2019-20; DOI added afterwards via Crossref exact-title lookup (year +-1)
Experimental Characterization of the Performance of Different Photovoltaic Technologies on Water-bodies,2020,10.1002/pip.3204,Progress in Photovoltaics: Research and Applications,journal,Arun Kumar,Hydro and Renewable Energy,dept_page,https://iitr.ac.in/Departments/Hydro%20and%20Renewable%20Energy%20Department/Research/Publications%20(Year%202019-20).html,high,HRED publications page 2019-20; DOI added afterwards via Crossref exact-title lookup (year +-1)
Analytical modelling and mechanism of hydro-abrasive erosion in Pelton buckets,2019,10.1016/j.wear.2019.203003,Wear,journal,Arun Kumar,Hydro and Renewable Energy,dept_page,https://iitr.ac.in/Departments/Hydro%20and%20Renewable%20Energy%20Department/Research/Publications%20(Year%202019-20).html,high,HRED publications page 2019-20; DOI added afterwards via Crossref exact-title lookup (year +-1)
Long-term prediction of greenhouse gas risk to the Chinese hydropower reservoirs,2019,10.1016/j.scitotenv.2018.07.314,Science of the Total Environment,journal,M. P. Sharma,Hydro and Renewable Energy,dept_page,https://iitr.ac.in/Departments/Hydro%20and%20Renewable%20Energy%20Department/Research/Publications%20(Year%202019-20).html,high,HRED publications page 2019-20; DOI added afterwards via Crossref exact-title lookup (year +-1)
Current trends and prospects in microalgae-based bioenergy production,2020,10.1016/j.jece.2020.104025,Journal of Environmental Chemical Engineering,journal,Sanjeev Kumar Prajapati,Hydro and Renewable Energy,dept_page,https://iitr.ac.in/Departments/Hydro%20and%20Renewable%20Energy%20Department/Research/Publications%20(Year%202019-20).html,high,HRED publications page 2019-20; DOI added afterwards via Crossref exact-title lookup (year +-1)
A computational investigation to analyze the effects of different rotor parameters on hybrid hydrokinetic turbine performance,2020,10.1016/j.oceaneng.2020.107019,Ocean Engineering,journal,R. P. Saini,Hydro and Renewable Energy,dept_page,https://iitr.ac.in/Departments/Hydro%20and%20Renewable%20Energy%20Department/Research/Publications%20(Year%202019-20).html,high,HRED publications page 2019-20; DOI added afterwards via Crossref exact-title lookup (year +-1)
Elucidation of ball bearing performance utilizing product functions of vibration signals and locality sensitive discriminant analysis,2020,10.1177/1464419319871816,Proc IMechE Part K: J Multi-body Dynamics. pp. 50–66,journal,"Tiwari Prashant & Upadhyay, S. H",Mechanical and Industrial Engineering,dept_page,https://iitr.ac.in/Departments/Mechanical%20and%20Industrial%20Engineering%20Department/Research/Publications.html,high,MIED department publications page; random sample (seed 31) of entries whose venue string carries a year; DOI links on this page are misaligned with entries so no DOI recorded; DOI added afterwards via Crossref exact-title lookup (year +-1)
Investigation and measurement of porosity in Al + 4.5Cu/6wt%TiB2 in situ composite: optimization and statistical modelling,2020,10.1016/j.jmrt.2020.05.045,Journal of Materials Research & Technology,journal,"S. Mozammil, R. Verma, J. Karloopia and P. K. Jha",Mechanical and Industrial Engineering,dept_page,https://iitr.ac.in/Departments/Mechanical%20and%20Industrial%20Engineering%20Department/Research/Publications.html,high,MIED department publications page; random sample (seed 31) of entries whose venue string carries a year; DOI links on this page are misaligned with entries so no DOI recorded; DOI added afterwards via Crossref exact-title lookup (year +-1)
Detailed Design Optimization of Three-Fluid Parallel-Flow Plate-Fin Heat Exchanger Using Second Law,2020,,ASME Journal of Heat Transfer,journal,"Harpreet Kaur Aasi, Manish Mishra",Mechanical and Industrial Engineering,dept_page,https://iitr.ac.in/Departments/Mechanical%20and%20Industrial%20Engineering%20Department/Research/Publications.html,high,MIED department publications page; random sample (seed 31) of entries whose venue string carries a year; DOI links on this page are misaligned with entries so no DOI recorded
Flexural band gaps and response attenuation of periodic piping systems enhanced with localized and distributed resonators,2020,10.1038/s41598-019-56724-0,Scientific Reports. Vol. 10,journal,"Iqbal M, Jaya MM, Bursi OS, Kumar A",Mechanical and Industrial Engineering,dept_page,https://iitr.ac.in/Departments/Mechanical%20and%20Industrial%20Engineering%20Department/Research/Publications.html,high,MIED department publications page; random sample (seed 31) of entries whose venue string carries a year; DOI links on this page are misaligned with entries so no DOI recorded; DOI added afterwards via Crossref exact-title lookup (year +-1)
Mechanical behavior of FSW joint welded by a novel designed stationary shoulder tool,2020,10.1016/j.jmatprotec.2019.116482,Journal of Material Processing Technology. pp. 116482,journal,"Sunil Sinhmar, D K Dwivedi",Mechanical and Industrial Engineering,dept_page,https://iitr.ac.in/Departments/Mechanical%20and%20Industrial%20Engineering%20Department/Research/Publications.html,high,MIED department publications page; random sample (seed 31) of entries whose venue string carries a year; DOI links on this page are misaligned with entries so no DOI recorded; DOI added afterwards via Crossref exact-title lookup (year +-1)
Proposal of hemodynamically improved design of an axial flow blood pump for LVAD,2020,10.1007/s11517-019-02097-5,Medical & Biological Eng & Computing. pp. 401-418,journal,"Kannojiya V, Das AK, Das PK",Mechanical and Industrial Engineering,dept_page,https://iitr.ac.in/Departments/Mechanical%20and%20Industrial%20Engineering%20Department/Research/Publications.html,high,MIED department publications page; random sample (seed 31) of entries whose venue string carries a year; DOI links on this page are misaligned with entries so no DOI recorded; DOI added afterwards via Crossref exact-title lookup (year +-1)
Study of Performance of Solar Flat Plate Collector Using Al2O3/Water Nanofluids,2020,10.1007/978-981-15-2662-6_15,"Springer Proceedings in Energy, Suneet Singh and Venkatasailanathan Ramadesigan (Eds): Advances in Energy Research. pp. 978-981-15-2661-9",conference,"Pankaj Raj, Geleta Fekadu and Sudhakar Subudh",Mechanical and Industrial Engineering,dept_page,https://iitr.ac.in/Departments/Mechanical%20and%20Industrial%20Engineering%20Department/Research/Publications.html,high,MIED department publications page; random sample (seed 31) of entries whose venue string carries a year; DOI links on this page are misaligned with entries so no DOI recorded; DOI added afterwards via Crossref exact-title lookup (year +-1)
Microstructure and mechanical properties of A-TIG welded AISI 316L SS-Alloy 800 dissimilar metal joint,2020,10.1016/j.msea.2020.139685,Materials Science and Engineering: A (Elsevier),journal,"Anup Kulkarni, D. K. Dwivedi, M. Vasudevan",Mechanical and Industrial Engineering,dept_page,https://iitr.ac.in/Departments/Mechanical%20and%20Industrial%20Engineering%20Department/Research/Publications.html,high,MIED department publications page; random sample (seed 31) of entries whose venue string carries a year; DOI links on this page are misaligned with entries so no DOI recorded; DOI added afterwards via Crossref exact-title lookup (year +-1)
Effects of yttrium addition and ageing on the mechanical properties of AA2024 fabricated through multi-step stir casting,2020,,Transactions of Non-ferrous Metal Society of China,journal,Ch.S. Vidyasagar and D.B. Karunakar,Mechanical and Industrial Engineering,dept_page,https://iitr.ac.in/Departments/Mechanical%20and%20Industrial%20Engineering%20Department/Research/Publications.html,high,MIED department publications page; random sample (seed 31) of entries whose venue string carries a year; DOI links on this page are misaligned with entries so no DOI recorded
Microwave Processing of Biomaterials for Orthopedic Implants: Challenges and Possibilities,2020,10.1007/s11837-020-04003-z,JOM 72,journal,"Apurbba Kumar Sharma, and Shivani Gupta",Mechanical and Industrial Engineering,dept_page,https://iitr.ac.in/Departments/Mechanical%20and%20Industrial%20Engineering%20Department/Research/Publications.html,high,MIED department publications page; random sample (seed 31) of entries whose venue string carries a year; DOI links on this page are misaligned with entries so no DOI recorded; DOI added afterwards via Crossref exact-title lookup (year +-1)
Numerical investigation into flow and solidification behavior of billet continuous casting with and without mold electromagnetic stirring,2021,10.1002/htj.22335,Heat Transfer,journal,"V. K. Gupta, P. K. Jha and P. K. Jain",Mechanical and Industrial Engineering,dept_page,https://iitr.ac.in/Departments/Mechanical%20and%20Industrial%20Engineering%20Department/Research/Publications.html,high,MIED department publications page; random sample (seed 31) of entries whose venue string carries a year; DOI links on this page are misaligned with entries so no DOI recorded; DOI added afterwards via Crossref exact-title lookup (year +-1)
Biodynamic response analysis of semi-supine human under varying vertical excitations,2021,10.1016/j.ergon.2021.103195,International Journal of Industrial Ergonomics,journal,"R. Govindan, VH Saran and SP Harsha",Mechanical and Industrial Engineering,dept_page,https://iitr.ac.in/Departments/Mechanical%20and%20Industrial%20Engineering%20Department/Research/Publications.html,high,MIED department publications page; random sample (seed 31) of entries whose venue string carries a year; DOI links on this page are misaligned with entries so no DOI recorded; DOI added afterwards via Crossref exact-title lookup (year +-1)
Topology optimization of soft compressible phononic laminates for widening the mechanically tunable band gaps,2021,10.1016/j.compstruct.2022.115389,"Composite Structures, Art. No: 115389 (14 pp.)",journal,"A. K. Sharma, M. M. Joglekar, D.M. Joglekar, and Z. Alam",Mechanical and Industrial Engineering,dept_page,https://iitr.ac.in/Departments/Mechanical%20and%20Industrial%20Engineering%20Department/Research/Publications.html,high,MIED department publications page; random sample (seed 31) of entries whose venue string carries a year; DOI links on this page are misaligned with entries so no DOI recorded; DOI added afterwards via Crossref exact-title lookup (year +-1)
Vibration response analysis of PZT-4/PZT-5H based functionally graded tapered plate subjected to electro-mechanical loading,2021,10.1016/j.mechrescom.2021.103765,Mechanics Research Communications,journal,Pawan Kumar and SP Harsha,Mechanical and Industrial Engineering,dept_page,https://iitr.ac.in/Departments/Mechanical%20and%20Industrial%20Engineering%20Department/Research/Publications.html,high,MIED department publications page; random sample (seed 31) of entries whose venue string carries a year; DOI links on this page are misaligned with entries so no DOI recorded; DOI added afterwards via Crossref exact-title lookup (year +-1)
A study on microstructure and mechanical properties of in-situ processed Aluminum alloy composites,2021,10.1016/j.matpr.2021.02.492,Materials Today: Proceedings,conference,"J. Karloopia, S. Mozammil, P. K. Jha and T. S. Srivatsan",Mechanical and Industrial Engineering,dept_page,https://iitr.ac.in/Departments/Mechanical%20and%20Industrial%20Engineering%20Department/Research/Publications.html,high,MIED department publications page; random sample (seed 31) of entries whose venue string carries a year; DOI links on this page are misaligned with entries so no DOI recorded; DOI added afterwards via Crossref exact-title lookup (year +-1)
An Ontology-Based Framework for Decision Support in Assembly Variant Design,2021,10.1115/1.4048127,"Journal of Computing and Information Science in Engineering(JCISE), ASME Transactions (2021) 21(2): 021007..",journal,"Das S.K., Swain A.K.",Mechanical and Industrial Engineering,dept_page,https://iitr.ac.in/Departments/Mechanical%20and%20Industrial%20Engineering%20Department/Research/Publications.html,high,MIED department publications page; random sample (seed 31) of entries whose venue string carries a year; DOI links on this page are misaligned with entries so no DOI recorded; also found via faculty_page (https://iitr.ac.in/Departments/Mechanical%20and%20Industrial%20Engineering%20Department/People/Faculty/100640.html); DOI added afterwards via Crossref exact-title lookup (year +-1)
Analysis of Porosity Effect on Free Vibration and Buckling Responses for Sandwich S-FGM Plate Resting on Pasternak Foundation using Galerkin Vlasov’s Method,2021,,Journal of Sandwich Structures and Materials,journal,Simran J Singh and SP Harsha,Mechanical and Industrial Engineering,dept_page,https://iitr.ac.in/Departments/Mechanical%20and%20Industrial%20Engineering%20Department/Research/Publications.html,high,MIED department publications page; random sample (seed 31) of entries whose venue string carries a year; DOI links on this page are misaligned with entries so no DOI recorded
Dynamic Analysis of Low-Pressure Steam Turbine Last Stage Fir Tree Root Blade,2021,10.1115/1.4048380,Journal of failure Analysis and Prevention,journal,"R. Bhamu, A. Shukla, SC Sharma, and SP Harsha",Mechanical and Industrial Engineering,dept_page,https://iitr.ac.in/Departments/Mechanical%20and%20Industrial%20Engineering%20Department/Research/Publications.html,high,MIED department publications page; random sample (seed 31) of entries whose venue string carries a year; DOI links on this page are misaligned with entries so no DOI recorded; DOI added afterwards via Crossref exact-title lookup (year +-1)
Performance evaluation of three signal decomposition methods for bearing fault detection and classification,2022,10.1177/14644193221136661,"Proceedings of the Institution of Mechanical Engineers, Part K: Journal of Multi-body Dynamics",journal,"Mathur, Amit, Pradeep Kumar, and S. P. Harsha",Mechanical and Industrial Engineering,dept_page,https://iitr.ac.in/Departments/Mechanical%20and%20Industrial%20Engineering%20Department/Research/Publications.html,high,MIED department publications page; random sample (seed 31) of entries whose venue string carries a year; DOI links on this page are misaligned with entries so no DOI recorded; DOI added afterwards via Crossref exact-title lookup (year +-1)
High temperature thermal contact conductance measurement and correlation for pressure tube and calandria tube interface under CO2 environment,2022,10.1016/j.nucengdes.2023.112239,"Nuclear Engineering and Design, (Elsevier), accepted, (2022)",journal,Andallib Tariq and Khursheed Anwar Khan,Mechanical and Industrial Engineering,dept_page,https://iitr.ac.in/Departments/Mechanical%20and%20Industrial%20Engineering%20Department/Research/Publications.html,high,MIED department publications page; random sample (seed 31) of entries whose venue string carries a year; DOI links on this page are misaligned with entries so no DOI recorded; DOI added afterwards via Crossref exact-title lookup (year +-1)
Optimal mud pressure design using nonlinear failure criteria for wellbores in shaley sedimentary reservoirs,2026,10.1002/dug2.12131,Deep Underground Science and Engineering,journal,"Burnwal, R. K. and Singh, A.",Civil Engineering,dept_page,https://civil.iitr.ac.in/Publication.aspx,high,"Civil Engg Dept publication page, default (2026) year tab; every 8th entry sampled; author field = full author string from page (IITR author not marked); older-year tabs need ASP.NET postback which timed out"
Modeling of Wheat Yield Using Plant Structural Biomarkers,2026,10.1038/s41598-026-36373-w,Scientific Reports,journal,"Dwivedi, A. K., Ojha, C. S. P., Singh, V. P., Singh, N., Singh, H. and Singh, D.",Civil Engineering,dept_page,https://civil.iitr.ac.in/Publication.aspx,high,"Civil Engg Dept publication page, default (2026) year tab; every 8th entry sampled; author field = full author string from page (IITR author not marked); older-year tabs need ASP.NET postback which timed out"
A strain-dependent modified pseudodynamic analysis of expanded landfill stability under leachate conditions,2026,10.1139/cgj-2025-0840,Canadian Geotechnical Journal,journal,"Pathak, S. and Chatterjee, K.",Civil Engineering,dept_page,https://civil.iitr.ac.in/Publication.aspx,high,"Civil Engg Dept publication page, default (2026) year tab; every 8th entry sampled; author field = full author string from page (IITR author not marked); older-year tabs need ASP.NET postback which timed out"
Sustainable mobility in cities: Benchmarking level of service for shared micro-mobility services,2026,10.1016/j.jclepro.2026.147830,Journal of Cleaner Production,journal,"Kathait, N. and Agarwal, A.",Civil Engineering,dept_page,https://civil.iitr.ac.in/Publication.aspx,high,"Civil Engg Dept publication page, default (2026) year tab; every 8th entry sampled; author field = full author string from page (IITR author not marked); older-year tabs need ASP.NET postback which timed out"
Enhancing municipal solid waste stabilization through sustainable aerobic landfill technologies,2026,10.1016/j.jenvman.2025.128427,Journal of Environmental Management,journal,"Ghosh A., Paul T., Mishra A., Yee J.J., Park S.H.",Civil Engineering,dept_page,https://civil.iitr.ac.in/Publication.aspx,high,"Civil Engg Dept publication page, default (2026) year tab; every 8th entry sampled; author field = full author string from page (IITR author not marked); older-year tabs need ASP.NET postback which timed out"
On the evaluation of global terrestrial water storage and divergent governing factors centring policymaking,2026,10.1016/j.jenvman.2025.128455,Journal of Environmental Management,journal,"Anjaneyulu, R., Abhishek",Civil Engineering,dept_page,https://civil.iitr.ac.in/Publication.aspx,high,"Civil Engg Dept publication page, default (2026) year tab; every 8th entry sampled; author field = full author string from page (IITR author not marked); older-year tabs need ASP.NET postback which timed out"
Impact of land use on bus driver inattentiveness: Insights into crash risks,2026,10.1080/15389588.2026.2638536,Traffic Injury Prevention,journal,"Thakur, D. S., Sekhar, C. R., Velmurugan, S., Arkatkar, S., and Parida, M.",Civil Engineering,dept_page,https://civil.iitr.ac.in/Publication.aspx,high,"Civil Engg Dept publication page, default (2026) year tab; every 8th entry sampled; author field = full author string from page (IITR author not marked); older-year tabs need ASP.NET postback which timed out"
Durability and environmental performance of phosphogypsum and fly ash mix with lime and NaOH additives for road subgrade and subbase applications,2026,10.1061/JMCEE7.MTENG-21355,"Journals of Materials in Civil Engineering, ASCE",journal,"Thakur, Y., Tyagi, A. and Sarkar, S.",Civil Engineering,dept_page,https://civil.iitr.ac.in/Publication.aspx,high,"Civil Engg Dept publication page, default (2026) year tab; every 8th entry sampled; author field = full author string from page (IITR author not marked); older-year tabs need ASP.NET postback which timed out"
Eco-hydraulic role of native Indian vegetation in wetland bank stabilization and water quality improvement: A numerical and bioengineering perspective,2026,10.1016/j.pce.2026.104456,"Physics and Chemistry of the Earth, Parts A/B/C",journal,"Singh, A. K., Pandey, G., Ojha, C. S. P. and Singh, R. P.",Civil Engineering,dept_page,https://civil.iitr.ac.in/Publication.aspx,high,"Civil Engg Dept publication page, default (2026) year tab; every 8th entry sampled; author field = full author string from page (IITR author not marked); older-year tabs need ASP.NET postback which timed out"
Automated satellite-based glacial lake inventory and change detection in High Mountain Asia,2026,10.1038/s41598-026-35446-0,Scientific Reports,journal,"Kumar, R., and VIJAY, S",Civil Engineering,dept_page,https://civil.iitr.ac.in/Publication.aspx,high,"Civil Engg Dept publication page, default (2026) year tab; every 8th entry sampled; author field = full author string from page (IITR author not marked); older-year tabs need ASP.NET postback which timed out"
Elasto-Plastic Semi-Analytical Solution for Deep Circular Tunnels Considering Excavation-Induced Damage in Surrounding Rock Mass,2026,10.1007/s00603-026-05678-7,Rock Mechanics and Rock Engineering,journal,"Arora, K. and Singh, A.",Civil Engineering,dept_page,https://civil.iitr.ac.in/Publication.aspx,high,"Civil Engg Dept publication page, default (2026) year tab; every 8th entry sampled; author field = full author string from page (IITR author not marked); older-year tabs need ASP.NET postback which timed out"
"Synergistic reinforcement of cement composites by CNF and TEMPO-CNF: Improved hydration, microstructure, and mechanical performance",2026,10.1016/j.conbuildmat.2026.146254,Construction and Building Materials,journal,"Dey, N., Bhalke, A., Ray, S., Sarkar, S. and Maji, P. K.",Civil Engineering,dept_page,https://civil.iitr.ac.in/Publication.aspx,high,"Civil Engg Dept publication page, default (2026) year tab; every 8th entry sampled; author field = full author string from page (IITR author not marked); older-year tabs need ASP.NET postback which timed out"
Model-scale tests on the time-dependent response of single piles and 2 × 2 pile groups under combined loads,2026,10.1016/j.oceaneng.2026.127185,Ocean Engineering,journal,Kami V.B. and Mishra A.,Civil Engineering,dept_page,https://civil.iitr.ac.in/Publication.aspx,high,"Civil Engg Dept publication page, default (2026) year tab; every 8th entry sampled; author field = full author string from page (IITR author not marked); older-year tabs need ASP.NET postback which timed out"
A Study of Weathering and Anisotropy on the Fatigue Life of Himachal Gneiss Under Cyclic Loading Using Chemical Weathering Indices,2026,10.1007/s00603-026-05892-3,Rock Mechanics and Rock Engineering,journal,"Kaushal, H., Singh, A. and Samadhiya, N. K.",Civil Engineering,dept_page,https://civil.iitr.ac.in/Publication.aspx,high,"Civil Engg Dept publication page, default (2026) year tab; every 8th entry sampled; author field = full author string from page (IITR author not marked); older-year tabs need ASP.NET postback which timed out"
YOLO-AI-Driven Spatiotemporal Emission Estimation of On-Road Transport in Tirupati Smart City Using Deep Learning and the COPERT Model,2026,10.1016/j.trd.2026.105265,Transportation Research Part D: Transport and Environment,journal,"Badavath, B., Sharma, M., Yadav, H., Sengar, V. and Jain, S",Civil Engineering,dept_page,https://civil.iitr.ac.in/Publication.aspx,high,"Civil Engg Dept publication page, default (2026) year tab; every 8th entry sampled; author field = full author string from page (IITR author not marked); older-year tabs need ASP.NET postback which timed out"
"Secure authentication scheme to thwart RT MITM, CR MITM and malicious browser extension based phishing attacks",2018,10.1016/j.jisa.2018.07.001,Journal of Information Security and Applications,journal,Manoj Misra,Computer Science and Engineering,faculty_page,https://iitr.ac.in/Departments/Computer%20Science%20and%20Engineering%20Department/People/Faculty/100137.html,high,IITR faculty profile page (free-text 'By:/Published In:' list); at IIT Roorkee since 1998 per page; DOI added afterwards via Crossref exact-title lookup (year +-1)
Towards scalable and load-balanced mobile agents-based data aggregation for wireless sensor networks,2017,10.1016/j.compeleceng.2017.10.020,Computers and Electrical Engineering,journal,Manoj Misra,Computer Science and Engineering,faculty_page,https://iitr.ac.in/Departments/Computer%20Science%20and%20Engineering%20Department/People/Faculty/100137.html,high,IITR faculty profile page (free-text 'By:/Published In:' list); at IIT Roorkee since 1998 per page; DOI added afterwards via Crossref exact-title lookup (year +-1)
SmartITS: Smartphone-based identification and tracking using seamless indoor-outdoor localization,2017,10.1016/j.jnca.2017.09.003,Journal of Network and Computer Applications,journal,Manoj Misra,Computer Science and Engineering,faculty_page,https://iitr.ac.in/Departments/Computer%20Science%20and%20Engineering%20Department/People/Faculty/100137.html,high,IITR faculty profile page (free-text 'By:/Published In:' list); at IIT Roorkee since 1998 per page; DOI added afterwards via Crossref exact-title lookup (year +-1)
A phish detector using lightweight search features,2016,10.1016/j.cose.2016.08.003,Computers & Security,journal,Manoj Misra,Computer Science and Engineering,faculty_page,https://iitr.ac.in/Departments/Computer%20Science%20and%20Engineering%20Department/People/Faculty/100137.html,high,IITR faculty profile page (free-text 'By:/Published In:' list); at IIT Roorkee since 1998 per page; DOI added afterwards via Crossref exact-title lookup (year +-1)
A Survey and classification of web phishing detection schemes,2016,10.1002/sec.1674,Security and Communication Networks,journal,Manoj Misra,Computer Science and Engineering,faculty_page,https://iitr.ac.in/Departments/Computer%20Science%20and%20Engineering%20Department/People/Faculty/100137.html,high,IITR faculty profile page (free-text 'By:/Published In:' list); at IIT Roorkee since 1998 per page; DOI added afterwards via Crossref exact-title lookup (year +-1)
Evaluation of Senior Pedestrian’s Travel Experience at Ekamara Kshetra Bhubaneswar,2020,10.1016/j.trpro.2020.08.206,Transportation research procedia,journal,P.S. Chani,Architecture and Planning,faculty_page,https://iitr.ac.in/Departments/Architecture%20and%20Planning%20Department/People/Faculty/P.S.%20Chani.html,high,IITR faculty profile page (structured publication list); joined IITR 1997; DOI added afterwards via Crossref exact-title lookup (year +-1)
Ageing-Friendly Neighbourhoods: A Study of Mobility and Out-of-Home Activity,2021,10.1007/978-981-15-9554-7_24,Proceedings of SDEI 2020,conference,P.S. Chani,Architecture and Planning,faculty_page,https://iitr.ac.in/Departments/Architecture%20and%20Planning%20Department/People/Faculty/P.S.%20Chani.html,high,IITR faculty profile page (structured publication list); joined IITR 1997; DOI added afterwards via Crossref exact-title lookup (year +-1)
"Decisive design and building construction technologies vis-à-vis embodied water consumption assessment in conventional masonry houses: Case of Jammu, India",2022,10.1016/j.enbuild.2022.112588,Energy and Buildings,journal,P.S. Chani,Architecture and Planning,faculty_page,https://iitr.ac.in/Departments/Architecture%20and%20Planning%20Department/People/Faculty/P.S.%20Chani.html,high,IITR faculty profile page (structured publication list); joined IITR 1997; DOI added afterwards via Crossref exact-title lookup (year +-1)
Restoring the mind: A neuropsychological investigation of university campus built environment aspects for student well-being,2023,10.1016/j.buildenv.2023.110810,Building and Environment,journal,P.S. Chani,Architecture and Planning,faculty_page,https://iitr.ac.in/Departments/Architecture%20and%20Planning%20Department/People/Faculty/P.S.%20Chani.html,high,IITR faculty profile page (structured publication list); joined IITR 1997; DOI added afterwards via Crossref exact-title lookup (year +-1)
"Utilising GIS for Studying Urban Entropy, Population Dynamics, and Ventilation Disparity: A Case Study of Changing Land Use, Land Cover, and Socially Vulnerable Hotspots in Hyderabad, India",2024,10.1016/j.pce.2024.103748,"Physics and Chemistry of the Earth, Parts A/B/C",journal,P.S. Chani,Architecture and Planning,faculty_page,https://iitr.ac.in/Departments/Architecture%20and%20Planning%20Department/People/Faculty/P.S.%20Chani.html,high,IITR faculty profile page (structured publication list); joined IITR 1997; DOI added afterwards via Crossref exact-title lookup (year +-1)
Framework for Evaluating and Mitigating Industrial Air Pollution in India: Systematic Review of Concepts and Unmet Needs,2025,10.1061/jhtrbp.hzeng-1356,"Journal of Hazardous, Toxic, and Radioactive Waste",journal,P.S. Chani,Architecture and Planning,faculty_page,https://iitr.ac.in/Departments/Architecture%20and%20Planning%20Department/People/Faculty/P.S.%20Chani.html,high,IITR faculty profile page (structured publication list); joined IITR 1997; DOI added afterwards via Crossref exact-title lookup (year +-1)
Assessment of pedestrians’ travel experience at the religious city of Puri using structural equation modelling,2020,10.1080/13574809.2019.1677147,Journal of Urban Design,journal,P.S. Chani,Architecture and Planning,faculty_page,https://iitr.ac.in/Departments/Architecture%20and%20Planning%20Department/People/Faculty/P.S.%20Chani.html,high,IITR faculty profile page (structured publication list); joined IITR 1997; DOI added afterwards via Crossref exact-title lookup (year +-1)
Insight on the Evolution and Distinction of Inclusive Growth,2016,10.1080/09614524.2016.1167169,Development in Practice,journal,Arindam Biswas,Architecture and Planning,faculty_page,https://iitr.ac.in/Departments/Architecture%20and%20Planning%20Department/People/Faculty/100649.html,high,IITR faculty profile page (structured publication list); joined IITR 2014; DOI added afterwards via Crossref exact-title lookup (year +-1)
Guidelines for Physical Infrastructure in Industrial Area Planning: A Review of the Indian Context,2017,,Journal for Studies in Management and Planning,journal,Arindam Biswas,Architecture and Planning,faculty_page,https://iitr.ac.in/Departments/Architecture%20and%20Planning%20Department/People/Faculty/100649.html,high,IITR faculty profile page (structured publication list); joined IITR 2014
"Practices in sustainable industrial infrastructure and technology: A case study of Gujarat, India",2018,10.14419/ijet.v7i4.20503,International Journal of Engineering & Technology,journal,Arindam Biswas,Architecture and Planning,faculty_page,https://iitr.ac.in/Departments/Architecture%20and%20Planning%20Department/People/Faculty/100649.html,high,IITR faculty profile page (structured publication list); joined IITR 2014; DOI added afterwards via Crossref exact-title lookup (year +-1)
Why People Refrain from Cycling in Indian Cities? A Comparative Investigation,2019,,International Review for Spatial Planning and Sustainable Development,journal,Arindam Biswas,Architecture and Planning,faculty_page,https://iitr.ac.in/Departments/Architecture%20and%20Planning%20Department/People/Faculty/100649.html,high,IITR faculty profile page (structured publication list); joined IITR 2014
Establishing metropolitan governance within the independent local governments: Lesson from India’s 74th constitutional amendment act,2020,,Journal of Urban Management,journal,Arindam Biswas,Architecture and Planning,faculty_page,https://iitr.ac.in/Departments/Architecture%20and%20Planning%20Department/People/Faculty/100649.html,high,IITR faculty profile page (structured publication list); joined IITR 2014
Performance assessment of governance in Indian smart city development,2021,10.1108/sasbe-04-2019-0045,Smart and Sustainable Built Environment,journal,Arindam Biswas,Architecture and Planning,faculty_page,https://iitr.ac.in/Departments/Architecture%20and%20Planning%20Department/People/Faculty/100649.html,high,IITR faculty profile page (structured publication list); joined IITR 2014; DOI added afterwards via Crossref exact-title lookup (year +-1)
Introducing greenswales: A nature-based approach to preserve seasonal channels,2022,,Geographica Pannonica,journal,Arindam Biswas,Architecture and Planning,faculty_page,https://iitr.ac.in/Departments/Architecture%20and%20Planning%20Department/People/Faculty/100649.html,high,IITR faculty profile page (structured publication list); joined IITR 2014
"A 'Smart' Development Plan, Integrating People and Technology",2016,,"Institute of Town Planners, India Journal",journal,Uttam Kumar Roy,Architecture and Planning,faculty_page,https://iitr.ac.in/Departments/Architecture%20and%20Planning%20Department/People/Faculty/Uttam%20Kumar%20Roy.html,high,IITR faculty profile page (structured publication list); joined IITR 2012
Taxonomy of urban mixed land use planning,2019,10.1016/j.landusepol.2019.104102,Land Use Policy,journal,Uttam Kumar Roy,Architecture and Planning,faculty_page,https://iitr.ac.in/Departments/Architecture%20and%20Planning%20Department/People/Faculty/Uttam%20Kumar%20Roy.html,high,IITR faculty profile page (structured publication list); joined IITR 2012; DOI added afterwards via Crossref exact-title lookup (year +-1)
Exploring satisfaction for transfers at intermodal interchanges: A comparison of Germany and India,2022,10.1016/j.jpubtr.2022.100005,Journal of Public Transportation,journal,Uttam Kumar Roy,Architecture and Planning,faculty_page,https://iitr.ac.in/Departments/Architecture%20and%20Planning%20Department/People/Faculty/Uttam%20Kumar%20Roy.html,high,IITR faculty profile page (structured publication list); joined IITR 2012; DOI added afterwards via Crossref exact-title lookup (year +-1)
Economic Implications and Public Readiness for Urban Green Space Development in Agra: A Strategic Evaluation in the City of Taj,2024,10.25034/ijcua.2024.v8n2-14,Journal of Contemporary Urban Affairs,journal,Uttam Kumar Roy,Architecture and Planning,faculty_page,https://iitr.ac.in/Departments/Architecture%20and%20Planning%20Department/People/Faculty/Uttam%20Kumar%20Roy.html,high,IITR faculty profile page (structured publication list); joined IITR 2012; DOI added afterwards via Crossref exact-title lookup (year +-1)
Methodology for evaluating sidewalk based on continuous pedestrian movement on the sidewalk segment − A case study of Kochi city,2025,10.1016/j.trip.2025.101393,Transportation Research Interdisciplinary Perspectives (TRIP),journal,Uttam Kumar Roy,Architecture and Planning,faculty_page,https://iitr.ac.in/Departments/Architecture%20and%20Planning%20Department/People/Faculty/Uttam%20Kumar%20Roy.html,high,IITR faculty profile page (structured publication list); joined IITR 2012; DOI added afterwards via Crossref exact-title lookup (year +-1)
Space standardisation of low-income housing units in India,2016,10.1108/ijhma-12-2014-0057,International Journal of Housing Markets and Analysis,journal,Uttam Kumar Roy,Architecture and Planning,faculty_page,https://iitr.ac.in/Departments/Architecture%20and%20Planning%20Department/People/Faculty/Uttam%20Kumar%20Roy.html,high,IITR faculty profile page (structured publication list); joined IITR 2012; DOI added afterwards via Crossref exact-title lookup (year +-1)
Affordable housing using industrialized construction: A market-based standardization of housing units in India,2024,10.1080/17452007.2023.2243945,Architectural Engineering and Design Management,journal,Uttam Kumar Roy,Architecture and Planning,faculty_page,https://iitr.ac.in/Departments/Architecture%20and%20Planning%20Department/People/Faculty/Uttam%20Kumar%20Roy.html,high,IITR faculty profile page (structured publication list); joined IITR 2012; DOI added afterwards via Crossref exact-title lookup (year +-1)
Potential of Trametes maxima IIPLC-32 derived laccase for the detoxification of phenolic inhibitors in lignocellulosic biomass prehydrolysate,2018,10.1016/j.ibiod.2018.05.009,International Biodeterioration & Biodegradation,journal,Sanjoy Ghosh,Biosciences and Bioengineering,faculty_page,https://iitr.ac.in/Departments/Biosciences%20and%20Bioengineering%20Department/People/Faculty/100455.html,high,IITR faculty profile page (structured publication list); joined IITR 2006; DOI added afterwards via Crossref exact-title lookup (year +-1)
Chicken feather derived novel support material for immobilization of laccase and its application in oxidation of veratryl alcohol,2019,10.1021/acssuschemeng.8b05679,ACS Sustainable Chem. Eng.,journal,Sanjoy Ghosh,Biosciences and Bioengineering,faculty_page,https://iitr.ac.in/Departments/Biosciences%20and%20Bioengineering%20Department/People/Faculty/100455.html,high,IITR faculty profile page (structured publication list); joined IITR 2006; DOI added afterwards via Crossref exact-title lookup (year +-1)
Saccharification of kans grass biomass by a novel fractional hydrolysis method followed by co-culture fermentation for bioethanol production,2020,10.1016/j.renene.2019.07.016,Renewable Energy,journal,Sanjoy Ghosh,Biosciences and Bioengineering,faculty_page,https://iitr.ac.in/Departments/Biosciences%20and%20Bioengineering%20Department/People/Faculty/100455.html,high,IITR faculty profile page (structured publication list); joined IITR 2006; DOI added afterwards via Crossref exact-title lookup (year +-1)
Optimization and kinetic modelling of Trametes maxima IIPLC-32 laccase and application in recalcitrant dye decolorization,2021,,New Journal of Chemistry,journal,Sanjoy Ghosh,Biosciences and Bioengineering,faculty_page,https://iitr.ac.in/Departments/Biosciences%20and%20Bioengineering%20Department/People/Faculty/100455.html,high,IITR faculty profile page (structured publication list); joined IITR 2006
Utilisation of waste pine needles for the production of cellulolytic enzyme in a solid state fermentation bioreactor and high calorific value fuel pellets from fermented residue: Towards a biorefinery approach,2022,,Renewable energy,journal,Sanjoy Ghosh,Biosciences and Bioengineering,faculty_page,https://iitr.ac.in/Departments/Biosciences%20and%20Bioengineering%20Department/People/Faculty/100455.html,high,IITR faculty profile page (structured publication list); joined IITR 2006
Solid-state fermentation-based enzyme-assisted extraction of eicosapentaenoic acid-rich oil from Nannochloropsis sp,2023,10.1016/j.biortech.2023.128763,Bioresource Technology,journal,Sanjoy Ghosh,Biosciences and Bioengineering,faculty_page,https://iitr.ac.in/Departments/Biosciences%20and%20Bioengineering%20Department/People/Faculty/100455.html,high,IITR faculty profile page (structured publication list); joined IITR 2006; DOI added afterwards via Crossref exact-title lookup (year +-1)
Sequential fermentation with in situ distillation for bioethanol and xylitol production from mixed sugars: a novel approach for lignocellulosic material-based biorefineries,2024,10.1007/s13399-023-04433-0,Biomass Conversion and Biorefinery,journal,Sanjoy Ghosh,Biosciences and Bioengineering,faculty_page,https://iitr.ac.in/Departments/Biosciences%20and%20Bioengineering%20Department/People/Faculty/100455.html,high,IITR faculty profile page (structured publication list); joined IITR 2006; DOI added afterwards via Crossref exact-title lookup (year +-1)
Homogentisic acid-based whole-cell biosensor for detection of alkaptonuria disease,2021,10.1021/acs.analchem.0c04914,Analytical Chemistry,journal,Naveen Kumar,Biosciences and Bioengineering,faculty_page,https://iitr.ac.in/Departments/Biosciences%20and%20Bioengineering%20Department/People/Faculty/100504.html,medium,IITR faculty profile page; IITR joining date not on page -> only 2020+ kept; DOI added afterwards via Crossref exact-title lookup (year +-1)
Development and characterization of sodium caseinate based probiotic edible film with chia mucilage as a protectant for the safe delivery of probiotics in functional bakery,2022,10.1016/j.fhfh.2022.100065,Food Hydrocolloids for Health,journal,Naveen Kumar,Biosciences and Bioengineering,faculty_page,https://iitr.ac.in/Departments/Biosciences%20and%20Bioengineering%20Department/People/Faculty/100504.html,medium,IITR faculty profile page; IITR joining date not on page -> only 2020+ kept; DOI added afterwards via Crossref exact-title lookup (year +-1)
Concurrent mitigation and facile monitoring of xenobiotics by a highly efficient and recyclable nanoengineered catalyst,2023,10.1016/j.cej.2023.145074,Chemical Engineering Journal,journal,Naveen Kumar,Biosciences and Bioengineering,faculty_page,https://iitr.ac.in/Departments/Biosciences%20and%20Bioengineering%20Department/People/Faculty/100504.html,medium,IITR faculty profile page; IITR joining date not on page -> only 2020+ kept; DOI added afterwards via Crossref exact-title lookup (year +-1)
Bacteriocins sourced from traditional fermented foods for ensuring food safety: the microbial guards,2024,10.1002/jsfa.13783,Journal of the Science of Food and Agriculture,journal,Naveen Kumar,Biosciences and Bioengineering,faculty_page,https://iitr.ac.in/Departments/Biosciences%20and%20Bioengineering%20Department/People/Faculty/100504.html,medium,IITR faculty profile page; IITR joining date not on page -> only 2020+ kept; DOI added afterwards via Crossref exact-title lookup (year +-1)
A chemical genetic approach using genetically encoded reporters to detect and assess the toxicity of plant secondary metabolites against bacterial pathogens,2021,10.1016/j.jhazmat.2021.126399,Journal of Hazardous Materials,journal,Naveen Kumar,Biosciences and Bioengineering,faculty_page,https://iitr.ac.in/Departments/Biosciences%20and%20Bioengineering%20Department/People/Faculty/100504.html,medium,IITR faculty profile page; IITR joining date not on page -> only 2020+ kept; DOI added afterwards via Crossref exact-title lookup (year +-1)
Genetic regulatory element based whole-cell biosensors for the detection of metabolic disorders,2022,10.1016/j.bios.2021.113869,Biosensors and Bioelectronics,journal,Naveen Kumar,Biosciences and Bioengineering,faculty_page,https://iitr.ac.in/Departments/Biosciences%20and%20Bioengineering%20Department/People/Faculty/100504.html,medium,IITR faculty profile page; IITR joining date not on page -> only 2020+ kept; DOI added afterwards via Crossref exact-title lookup (year +-1)
Understanding of probiotic origin antimicrobial peptides: a sustainable approach ensuring food safety,2024,10.1038/s41538-024-00304-8,NPJ Science of Food,journal,Naveen Kumar,Biosciences and Bioengineering,faculty_page,https://iitr.ac.in/Departments/Biosciences%20and%20Bioengineering%20Department/People/Faculty/100504.html,medium,IITR faculty profile page; IITR joining date not on page -> only 2020+ kept; DOI added afterwards via Crossref exact-title lookup (year +-1)
Anticancer Activity of Fruit and Leaf Extracts of Averrhoa Bilimbi on MCF-7 Human Breast Cancer Cell Lines,2016,,Austin J Pharmacol Ther,journal,Maya S. Nair,Biosciences and Bioengineering,faculty_page,https://iitr.ac.in/Departments/Biosciences%20and%20Bioengineering%20Department/People/Faculty/100536.html,high,IITR faculty profile page (structured publication list); joined IITR 2007
Binding of resveratrol to the minor groove DNA sequences with AATT and TTAA segments induces differential stability,2017,,J. of Photochem. Photobiol. B,journal,Maya S. Nair,Biosciences and Bioengineering,faculty_page,https://iitr.ac.in/Departments/Biosciences%20and%20Bioengineering%20Department/People/Faculty/100536.html,high,IITR faculty profile page (structured publication list); joined IITR 2007
Spectroscopic Studies on the Interaction of Serum Albumins with Plant Derived Natural Molecules,2018,10.1080/05704928.2017.1402184,Appl. Spectroscopy Reviews,journal,Maya S. Nair,Biosciences and Bioengineering,faculty_page,https://iitr.ac.in/Departments/Biosciences%20and%20Bioengineering%20Department/People/Faculty/100536.html,high,IITR faculty profile page (structured publication list); joined IITR 2007; DOI added afterwards via Crossref exact-title lookup (year +-1)
"Molecular modeling, simulation and principal component analysis of binding of resveratrol and its analogues with DNA",2019,10.1080/07391102.2019.1662849,Journal of Biomolecular Structure and Dynamics,journal,Maya S. Nair,Biosciences and Bioengineering,faculty_page,https://iitr.ac.in/Departments/Biosciences%20and%20Bioengineering%20Department/People/Faculty/100536.html,high,IITR faculty profile page (structured publication list); joined IITR 2007; DOI added afterwards via Crossref exact-title lookup (year +-1)
Deciphering the interaction of flavones with calf thymus DNA and octamer DNA sequence (CCAATTGG)2,2021,10.1039/d1ra04101k,RSC Advances,journal,Maya S. Nair,Biosciences and Bioengineering,faculty_page,https://iitr.ac.in/Departments/Biosciences%20and%20Bioengineering%20Department/People/Faculty/100536.html,high,IITR faculty profile page (structured publication list); joined IITR 2007; DOI added afterwards via Crossref exact-title lookup (year +-1)
An insight into the pharmacological and analytical potential of Andrographolide,2022,10.1111/fcp.12757,Fundam Clin Pharmacol.,journal,Maya S. Nair,Biosciences and Bioengineering,faculty_page,https://iitr.ac.in/Departments/Biosciences%20and%20Bioengineering%20Department/People/Faculty/100536.html,high,IITR faculty profile page (structured publication list); joined IITR 2007; DOI added afterwards via Crossref exact-title lookup (year +-1)
"Identification of potential DNA gyrase inhibitors: virtual screening, extra-precision docking and molecular dynamics simulation study",2023,,Chem. Pap.,journal,Maya S. Nair,Biosciences and Bioengineering,faculty_page,https://iitr.ac.in/Departments/Biosciences%20and%20Bioengineering%20Department/People/Faculty/100536.html,high,IITR faculty profile page (structured publication list); joined IITR 2007
Colloidal Quantum Dot Light Emitting Diodes at Telecom Wavelength with 18% Quantum Efficiency and Over 1 MHz Bandwidth,2022,10.1002/advs.202200637,Advanced Science,journal,Santanu Pradhan,Centre for Nanotechnology,faculty_page,https://iitr.ac.in/Centres/Centre%20for%20Nanotechnology/People/Faculty/100944.html,high,IITR faculty profile page (structured publication list); joined IITR 2021; DOI added afterwards via Crossref exact-title lookup (year +-1)
Designing energetic landscape in the multi-bandgap lead sulphide colloidal quantum dots ensemble for efficient solar spectrum utilization,2024,10.1016/j.solener.2024.112321,Solar Energy,journal,Santanu Pradhan,Centre for Nanotechnology,faculty_page,https://iitr.ac.in/Centres/Centre%20for%20Nanotechnology/People/Faculty/100944.html,high,IITR faculty profile page (structured publication list); joined IITR 2021; DOI added afterwards via Crossref exact-title lookup (year +-1)
Nanoscale Bulk-Heterojunction Channel-Enabled Self-Powered Broadband Lateral Photodetectors for Efficient Weak Light Detection,2025,10.1002/adom.202500664,Advanced Optical Materials,journal,Santanu Pradhan,Centre for Nanotechnology,faculty_page,https://iitr.ac.in/Centres/Centre%20for%20Nanotechnology/People/Faculty/100944.html,high,IITR faculty profile page (structured publication list); joined IITR 2021; DOI added afterwards via Crossref exact-title lookup (year +-1)
"Low‐Threshold, Highly Stable Colloidal Quantum Dot Short‐Wave Infrared Laser enabled by Suppression of Trap‐Assisted Auger Recombination",2022,10.1002/adma.202107532,Advanced materials,journal,Santanu Pradhan,Centre for Nanotechnology,faculty_page,https://iitr.ac.in/Centres/Centre%20for%20Nanotechnology/People/Faculty/100944.html,high,IITR faculty profile page (structured publication list); joined IITR 2021; DOI added afterwards via Crossref exact-title lookup (year +-1)
"Achieving Ultra-Stable, Near-Unity Photoluminescence Quantum Yield Under Extreme Humidity and High Electric Field for CsPbBr3 Nanocrystals Through the Surface Attachment of ZnO Nanoparticles",2024,10.1021/acsaom.3c00376,ACS Appl. Opt. Mater.,journal,Santanu Pradhan,Centre for Nanotechnology,faculty_page,https://iitr.ac.in/Centres/Centre%20for%20Nanotechnology/People/Faculty/100944.html,high,IITR faculty profile page (structured publication list); joined IITR 2021; DOI added afterwards via Crossref exact-title lookup (year +-1)
Visible‐blind ZnMgO Colloidal Quantum Dot Downconverters expand Silicon CMOS Sensors Spectral Coverage into Ultraviolet and enable UV Band Discrimination,2022,10.1002/adma.202109498,Advanced materials,journal,Santanu Pradhan,Centre for Nanotechnology,faculty_page,https://iitr.ac.in/Centres/Centre%20for%20Nanotechnology/People/Faculty/100944.html,high,IITR faculty profile page (structured publication list); joined IITR 2021; DOI added afterwards via Crossref exact-title lookup (year +-1)
Ultralow Dark Current in Lead Sulfide Colloidal Quantum Dots Near-Infrared Photodetectors Achieved through Trap Passivation with Efficient Surface Ligands Attachment,2024,10.1021/acsaelm.4c01750,ACS Applied Electronic Materials,journal,Santanu Pradhan,Centre for Nanotechnology,faculty_page,https://iitr.ac.in/Centres/Centre%20for%20Nanotechnology/People/Faculty/100944.html,high,IITR faculty profile page (structured publication list); joined IITR 2021; DOI added afterwards via Crossref exact-title lookup (year +-1)
Recent technological and methodological advances for the investigation of landslide dams,2021,10.1016/j.earscirev.2021.103646,Earth-Science Reviews,journal,Srikrishnan Siva Subramanian,Centre of Excellence in Disaster Mitigation and Management,faculty_page,https://iitr.ac.in/Centres/Centre%20of%20Excellence%20in%20Disaster%20Mitigation%20and%20Management/People/Faculty/100958.html,high,IITR faculty profile page (structured publication list); joined IITR 2021; DOI added afterwards via Crossref exact-title lookup (year +-1)
New simplified transient method for determining the coefficient of permeability of unsaturated soil,2022,10.1016/j.enggeo.2022.106564,Engineering Geology,journal,Srikrishnan Siva Subramanian,Centre of Excellence in Disaster Mitigation and Management,faculty_page,https://iitr.ac.in/Centres/Centre%20of%20Excellence%20in%20Disaster%20Mitigation%20and%20Management/People/Faculty/100958.html,high,IITR faculty profile page (structured publication list); joined IITR 2021; DOI added afterwards via Crossref exact-title lookup (year +-1)
Early warning system for rainfall- and snowmelt-induced slope failure in seasonally cold regions,2021,10.1016/j.sandf.2020.11.009,Soils and Foundations,journal,Srikrishnan Siva Subramanian,Centre of Excellence in Disaster Mitigation and Management,faculty_page,https://iitr.ac.in/Centres/Centre%20of%20Excellence%20in%20Disaster%20Mitigation%20and%20Management/People/Faculty/100958.html,high,IITR faculty profile page (structured publication list); joined IITR 2021; DOI added afterwards via Crossref exact-title lookup (year +-1)
Changes in debris-flow susceptibility after the Wenchuan earthquake revealed by meteorological and hydro-meteorological thresholds,2022,10.2139/ssrn.3929270,CATENA,journal,Srikrishnan Siva Subramanian,Centre of Excellence in Disaster Mitigation and Management,faculty_page,https://iitr.ac.in/Centres/Centre%20of%20Excellence%20in%20Disaster%20Mitigation%20and%20Management/People/Faculty/100958.html,high,IITR faculty profile page (structured publication list); joined IITR 2021; DOI added afterwards via Crossref exact-title lookup (year +-1)
"Catastrophic debris flows triggered by the 20 August 2019 rainfall, a decade since the Wenchuan earthquake, China",2021,10.1007/s10346-021-01713-6,Landslides,journal,Srikrishnan Siva Subramanian,Centre of Excellence in Disaster Mitigation and Management,faculty_page,https://iitr.ac.in/Centres/Centre%20of%20Excellence%20in%20Disaster%20Mitigation%20and%20Management/People/Faculty/100958.html,high,IITR faculty profile page (structured publication list); joined IITR 2021; DOI added afterwards via Crossref exact-title lookup (year +-1)
A FEM-MPM hybrid coupled framework based on local shear strength method for simulating rainfall/runoff-induced landslide runout,2022,10.1007/s10346-022-01849-z,Landslides,journal,Srikrishnan Siva Subramanian,Centre of Excellence in Disaster Mitigation and Management,faculty_page,https://iitr.ac.in/Centres/Centre%20of%20Excellence%20in%20Disaster%20Mitigation%20and%20Management/People/Faculty/100958.html,high,IITR faculty profile page (structured publication list); joined IITR 2021; DOI added afterwards via Crossref exact-title lookup (year +-1)
Extreme precipitation induced concurrent events trigger prolonged disruptions in regional road networks,2021,10.1088/1748-9326/ac2d67,Environmental Research Letters,journal,Srikrishnan Siva Subramanian,Centre of Excellence in Disaster Mitigation and Management,faculty_page,https://iitr.ac.in/Centres/Centre%20of%20Excellence%20in%20Disaster%20Mitigation%20and%20Management/People/Faculty/100958.html,high,IITR faculty profile page (structured publication list); joined IITR 2021; DOI added afterwards via Crossref exact-title lookup (year +-1)
Esterification of glycerol with acetic acid over highly active and stable alumina-based catalysts: A reaction kinetic study,2016,,Chemical & Biochemical Engineering Quarterly,journal,Prakash Biswas,Chemical Engineering,faculty_page,https://iitr.ac.in/Departments/Chemical%20Engineering%20Department/People/Faculty/100540.html,high,IITR faculty profile page (structured publication list); joined IITR 2009
"Catalytic performance and reaction mechanism study over highly stable and efficient Cu-Zn/MgO catalyst for hydrogenolysis of glycerol to 1, 2-propanediol",2017,,Catalysis Letters,journal,Prakash Biswas,Chemical Engineering,faculty_page,https://iitr.ac.in/Departments/Chemical%20Engineering%20Department/People/Faculty/100540.html,high,IITR faculty profile page (structured publication list); joined IITR 2009
Development of a kinetic model for hydrogenolysis of glycerol over Cu/MgO catalyst in a slurry reactor,2018,,Industrial Engineering & Chemistry Research,journal,Prakash Biswas,Chemical Engineering,faculty_page,https://iitr.ac.in/Departments/Chemical%20Engineering%20Department/People/Faculty/100540.html,high,IITR faculty profile page (structured publication list); joined IITR 2009
"Production of propylene glycol (propane‑1, 2‑diol) in the vapor phase over Cu–Ni/γ‑Al2O3 catalyst in a downflow tubular reactor: effect of catalyst calcination temperature and kinetic study",2019,,"Reaction Kinetics, Mechanisms and Catalysis",journal,Prakash Biswas,Chemical Engineering,faculty_page,https://iitr.ac.in/Departments/Chemical%20Engineering%20Department/People/Faculty/100540.html,high,IITR faculty profile page (structured publication list); joined IITR 2009
"Continuous production of propylene glycol (1, 2-propanediol) by the hydrogenolysis of glycerol over a bi-functional Cu-Ru/MgO catalyst",2020,10.1039/d0re00285b,Reaction Chemistry & Engineering,journal,Prakash Biswas,Chemical Engineering,faculty_page,https://iitr.ac.in/Departments/Chemical%20Engineering%20Department/People/Faculty/100540.html,high,IITR faculty profile page (structured publication list); joined IITR 2009; DOI added afterwards via Crossref exact-title lookup (year +-1)
"Kinetic model for the manufacturing of 1, 2-propanediol (1, 2-PDO) via hydrogenolysis of bio-glycerol over layered double hydroxide (LDH) derived Cu0.45Zn0.15Mg5.4Al2O9 catalyst in an autoclave reactor",2021,10.1007/s10562-021-03791-6,Catalysis Letters,journal,Prakash Biswas,Chemical Engineering,faculty_page,https://iitr.ac.in/Departments/Chemical%20Engineering%20Department/People/Faculty/100540.html,high,IITR faculty profile page (structured publication list); joined IITR 2009
"Optimization of reaction parameters by using response surface methodology (RSM) for the selective dehydration of glucose to 5-hydroxymethylfurfural (5-HMF), a valuable platform chemical over a mesoporous TiO2 catalyst in dimethylsulfoxide (DMSO) medium",2022,10.1016/j.cattod.2022.03.019,Catalysis Today,journal,Prakash Biswas,Chemical Engineering,faculty_page,https://iitr.ac.in/Departments/Chemical%20Engineering%20Department/People/Faculty/100540.html,high,IITR faculty profile page (structured publication list); joined IITR 2009
Catalytic gasification of light and heavy gas oils in supercritical water,2020,10.1016/j.joei.2020.04.018,Journal of the Energy Institute,journal,N.Siva Mohan Reddy,Chemical Engineering,faculty_page,https://iitr.ac.in/Departments/Chemical%20Engineering%20Department/People/Faculty/N.Siva%20Mohan%20Reddy.html,high,IITR faculty profile page (structured publication list); joined IITR 2015; DOI added afterwards via Crossref exact-title lookup (year +-1)
Treatment of real industrial pharmaceutical wastewater using wet peroxide oxidation,2021,10.1002/cjce.23941,The Canadian Journal of Chemical Engineering,journal,N.Siva Mohan Reddy,Chemical Engineering,faculty_page,https://iitr.ac.in/Departments/Chemical%20Engineering%20Department/People/Faculty/N.Siva%20Mohan%20Reddy.html,high,IITR faculty profile page (structured publication list); joined IITR 2015; DOI added afterwards via Crossref exact-title lookup (year +-1)
"Hydrothermal flames for subaquatic, terrestrial and extraterrestrial applications",2022,10.1016/j.jhazmat.2021.127520,Journal of Hazardous Materials,journal,N.Siva Mohan Reddy,Chemical Engineering,faculty_page,https://iitr.ac.in/Departments/Chemical%20Engineering%20Department/People/Faculty/N.Siva%20Mohan%20Reddy.html,high,IITR faculty profile page (structured publication list); joined IITR 2015; DOI added afterwards via Crossref exact-title lookup (year +-1)
A circular approach for the treatment of aqueous metal effluent and biomass to generate superparamagnetic nanometal carbon hybrid and hydrogen-rich gas mixture,2023,10.1016/j.hazadv.2022.100213,Journal of Hazardous Materials Advances,journal,N.Siva Mohan Reddy,Chemical Engineering,faculty_page,https://iitr.ac.in/Departments/Chemical%20Engineering%20Department/People/Faculty/N.Siva%20Mohan%20Reddy.html,high,IITR faculty profile page (structured publication list); joined IITR 2015; DOI added afterwards via Crossref exact-title lookup (year +-1)
Hydrothermal liquefaction of Fe-impregnated Water hyacinth for generation of liquid bio-fuels and nano Fe carbon hybrids,2020,10.1016/j.biortech.2020.123691,Bioresource Technology,journal,N.Siva Mohan Reddy,Chemical Engineering,faculty_page,https://iitr.ac.in/Departments/Chemical%20Engineering%20Department/People/Faculty/N.Siva%20Mohan%20Reddy.html,high,IITR faculty profile page (structured publication list); joined IITR 2015; DOI added afterwards via Crossref exact-title lookup (year +-1)
Hydrothermal treatment of metal impregnated biomass for the generation of H2 and nanometal carbon hybrids,2022,10.1016/j.envres.2021.112536,Environmental Research,journal,N.Siva Mohan Reddy,Chemical Engineering,faculty_page,https://iitr.ac.in/Departments/Chemical%20Engineering%20Department/People/Faculty/N.Siva%20Mohan%20Reddy.html,high,IITR faculty profile page (structured publication list); joined IITR 2015; DOI added afterwards via Crossref exact-title lookup (year +-1)
Green synthesis of nanometal impregnated biomass–antiviral potential,2020,10.1016/j.msec.2020.110934,Materials Science and Engineering: C,journal,N.Siva Mohan Reddy,Chemical Engineering,faculty_page,https://iitr.ac.in/Departments/Chemical%20Engineering%20Department/People/Faculty/N.Siva%20Mohan%20Reddy.html,high,IITR faculty profile page (structured publication list); joined IITR 2015; DOI added afterwards via Crossref exact-title lookup (year +-1)
Efficient microfiltration of oil-water emulsion using ACF-supported and GO-dispersed RF membrane,2020,10.1016/j.seppur.2020.117310,International Journal of Hydrogen Energy,journal,Ashish Yadav,Chemical Engineering,faculty_page,https://iitr.ac.in/Departments/Chemical%20Engineering%20Department/People/Faculty/100916.html,high,IITR faculty profile page (structured publication list); joined IITR 2020; DOI added afterwards via Crossref exact-title lookup (year +-1)
Microchannel–engraved and Cu–dispersed carbon nanocomposite film as a chemiresistive sensor for aqueous metal ions,2021,10.1016/j.ces.2020.116282,Chemical Engineering Science,journal,Ashish Yadav,Chemical Engineering,faculty_page,https://iitr.ac.in/Departments/Chemical%20Engineering%20Department/People/Faculty/100916.html,high,IITR faculty profile page (structured publication list); joined IITR 2020; DOI added afterwards via Crossref exact-title lookup (year +-1)
Facile measurement of cortisol using microchannel embedded Cu-rGO-polymer composite chemiresistive sensor,2022,10.1016/j.cep.2021.108656,Chemical Engineering and Processing - Process Intensification,journal,Ashish Yadav,Chemical Engineering,faculty_page,https://iitr.ac.in/Departments/Chemical%20Engineering%20Department/People/Faculty/100916.html,high,IITR faculty profile page (structured publication list); joined IITR 2020; DOI added afterwards via Crossref exact-title lookup (year +-1)
Emerging single-atom catalysts and nanomaterials for photoelectrochemical reduction of carbon dioxide to value-added products: A review of the current state-of-the-art and future perspectives,2023,10.1021/acs.energyfuels.3c00311,Energy & Fuels,journal,Ashish Yadav,Chemical Engineering,faculty_page,https://iitr.ac.in/Departments/Chemical%20Engineering%20Department/People/Faculty/100916.html,high,IITR faculty profile page (structured publication list); joined IITR 2020; DOI added afterwards via Crossref exact-title lookup (year +-1)
Multi-doped borophene catalysts with engineered defects for CO2 reduction: A DFT study,2024,10.1016/j.jcis.2023.10.052,Journal of Colloid and Interface Science,journal,Ashish Yadav,Chemical Engineering,faculty_page,https://iitr.ac.in/Departments/Chemical%20Engineering%20Department/People/Faculty/100916.html,high,IITR faculty profile page (structured publication list); joined IITR 2020; DOI added afterwards via Crossref exact-title lookup (year +-1)
Leveraging the heterostructure-driven synergy in lychee-like Ni–Mn telluride amalgamated with Ti3C2Tx MXene for binder-free all-solid-state hybrid supercapacitors,2025,10.1021/acsami.5c05172,ACS Applied Materials & Interfaces,journal,Ashish Yadav,Chemical Engineering,faculty_page,https://iitr.ac.in/Departments/Chemical%20Engineering%20Department/People/Faculty/100916.html,high,IITR faculty profile page (structured publication list); joined IITR 2020; DOI added afterwards via Crossref exact-title lookup (year +-1)
Electrochemical hydrogen storage behavior in Ni-ceria-impregnated carbon micro-nanofibers,2021,,International Journal of Hydrogen Energy,journal,Ashish Yadav,Chemical Engineering,faculty_page,https://iitr.ac.in/Departments/Chemical%20Engineering%20Department/People/Faculty/100916.html,high,IITR faculty profile page (structured publication list); joined IITR 2020
Conversion of the greenhouse gases CH4 and CO2 to CH3COOH using transition metal Clusters: Two birds with one stone,2024,10.1016/j.cplett.2024.141339,Chem. Phys. Lett.,journal,Ramachandran C.N.,Chemistry,faculty_page,https://iitr.ac.in/Departments/Chemistry%20Department/People/Faculty/100604.html,medium,IITR faculty profile page; IITR joining date not on page -> only 2020+ kept; DOI added afterwards via Crossref exact-title lookup (year +-1)
Staircase Alignment of Phosphacoumarin Dimers as Alternate n- and p-Type Organic Semiconductors for Photocurrent Generation,2025,10.1021/acsaelm.5c00832,ACS Applied Electronic Materials,journal,Ramachandran C.N.,Chemistry,faculty_page,https://iitr.ac.in/Departments/Chemistry%20Department/People/Faculty/100604.html,medium,IITR faculty profile page; IITR joining date not on page -> only 2020+ kept; DOI added afterwards via Crossref exact-title lookup (year +-1)
Computational studies of valine-induced methane hydrate nucleation: role of hydrophobic and hydrophilic sites,2026,10.1080/08927022.2026.2647265,Mol. Sim.,journal,Ramachandran C.N.,Chemistry,faculty_page,https://iitr.ac.in/Departments/Chemistry%20Department/People/Faculty/100604.html,medium,IITR faculty profile page; IITR joining date not on page -> only 2020+ kept; DOI added afterwards via Crossref exact-title lookup (year +-1)
Substitution-induced band shifts and relative population of cis–trans azobenzene,2024,10.1007/s00214-024-03138-5,Theor. Chem. Acc.,journal,Ramachandran C.N.,Chemistry,faculty_page,https://iitr.ac.in/Departments/Chemistry%20Department/People/Faculty/100604.html,medium,IITR faculty profile page; IITR joining date not on page -> only 2020+ kept; DOI added afterwards via Crossref exact-title lookup (year +-1)
Computational Studies of the Optoelectronic and Charge Transport Properties of Porphyrin and Corrole‐Based Molecules,2025,10.1002/poc.4673,J. Phys. Org. Chemistry,journal,Ramachandran C.N.,Chemistry,faculty_page,https://iitr.ac.in/Departments/Chemistry%20Department/People/Faculty/100604.html,medium,IITR faculty profile page; IITR joining date not on page -> only 2020+ kept; DOI added afterwards via Crossref exact-title lookup (year +-1)
Rationalizing Guest-Driven Cooperative Effect in a Hierarchical Host–Guest Aqueous Assembly,2026,10.1002/smll.74523,Small,journal,Ramachandran C.N.,Chemistry,faculty_page,https://iitr.ac.in/Departments/Chemistry%20Department/People/Faculty/100604.html,medium,IITR faculty profile page; IITR joining date not on page -> only 2020+ kept; DOI added afterwards via Crossref exact-title lookup (year +-1)
Tuning of the singlet–triplet energy gap of donor-linker-acceptor based thermally activated delayed fluorescent emitters,2024,10.1007/s10895-023-03365-2,J. Fluoresc.,journal,Ramachandran C.N.,Chemistry,faculty_page,https://iitr.ac.in/Departments/Chemistry%20Department/People/Faculty/100604.html,medium,IITR faculty profile page; IITR joining date not on page -> only 2020+ kept; DOI added afterwards via Crossref exact-title lookup (year +-1)
Hydrothermal synthesis of multifunctional Cu2Te nanoparticles as photocatalyst and as supercapacitor electrode,2024,10.1016/j.inoche.2024.112532,Inorganic Chemistry Communication,journal,Raj Kumar Dutta,Chemistry,faculty_page,https://iitr.ac.in/Departments/Chemistry%20Department/People/Faculty/100460.html,high,IITR faculty profile page (structured publication list); joined IITR 2006; DOI added afterwards via Crossref exact-title lookup (year +-1)
"Nucleotide-grafted coal for high-efficiency removal of uranium: performance, optimisation, and insight into the adsorption mechanism",2025,10.1007/s11356-025-36653-4,Environmental Science and Pollution Research,journal,Raj Kumar Dutta,Chemistry,faculty_page,https://iitr.ac.in/Departments/Chemistry%20Department/People/Faculty/100460.html,high,IITR faculty profile page (structured publication list); joined IITR 2006; DOI added afterwards via Crossref exact-title lookup (year +-1)
Synthesis and preclinical validation of 5HT1A receptor-targeted carbon dots functionalized with Gd3+ and 99mTc as a multi-modal SPECT and MRI probe for molecular imaging,2026,,Nanoscale,journal,Raj Kumar Dutta,Chemistry,faculty_page,https://iitr.ac.in/Departments/Chemistry%20Department/People/Faculty/100460.html,high,IITR faculty profile page (structured publication list); joined IITR 2006
Surface Modification of p‐type ZnO Nanorods by Nitrogen Doped SiO2 Dots as an Efficient Solar Photocatalyst for Degradation of Ciprofloxacin in Water,2024,10.1002/adsu.202400034,Advanced Sustainable Systems,journal,Raj Kumar Dutta,Chemistry,faculty_page,https://iitr.ac.in/Departments/Chemistry%20Department/People/Faculty/100460.html,high,IITR faculty profile page (structured publication list); joined IITR 2006; DOI added afterwards via Crossref exact-title lookup (year +-1)
Sigma-2 receptor-targeted functionalized carbon dots enable selective Fe3+ detection and cellular imaging,2025,,Analytical Methods,journal,Raj Kumar Dutta,Chemistry,faculty_page,https://iitr.ac.in/Departments/Chemistry%20Department/People/Faculty/100460.html,high,IITR faculty profile page (structured publication list); joined IITR 2006
Nitrogen Functionalized Siloxane-Based Quantum Dots as a Photoluminescent Platform for Sensing and Cellular Imaging Applications,2026,10.1002/cptc.202600013,ChemPhotoChem,journal,Raj Kumar Dutta,Chemistry,faculty_page,https://iitr.ac.in/Departments/Chemistry%20Department/People/Faculty/100460.html,high,IITR faculty profile page (structured publication list); joined IITR 2006; DOI added afterwards via Crossref exact-title lookup (year +-1)
"L-arginine and 1,4-Butanediol conjugated highly ordered nitrogen doped carbon dots as photoluminescent probe for “turn off” based detection of organic pollutants in real sample matrices",2024,10.1016/j.inoche.2024.112049,Inorganic Chemistry Communications,journal,Raj Kumar Dutta,Chemistry,faculty_page,https://iitr.ac.in/Departments/Chemistry%20Department/People/Faculty/100460.html,high,IITR faculty profile page (structured publication list); joined IITR 2006; DOI added afterwards via Crossref exact-title lookup (year +-1)
Connecting Energetic Nitropyrazole and Nitrobenzene Moieties with C-C Bonds using Suzuki Cross?Coupling Reaction: A Novel Route to Thermally Stable Energetic Materials,2022,10.1002/ajoc.202200543,Asian Journal of Organic Chemistry,journal,Dheeraj Kumar,Chemistry,faculty_page,https://iitr.ac.in/Departments/Chemistry%20Department/People/Faculty/100812.html,high,IITR faculty profile page (structured publication list); joined IITR 2018; DOI added afterwards via Crossref exact-title lookup (year +-1)
Polynitro Functionalized 4-Phenyl-1H-pyrazoles as Heat-Resistant Explosives,2023,10.1039/d3ob00949a,Organic & Biomolecular Chemistry,journal,Dheeraj Kumar,Chemistry,faculty_page,https://iitr.ac.in/Departments/Chemistry%20Department/People/Faculty/100812.html,high,IITR faculty profile page (structured publication list); joined IITR 2018; DOI added afterwards via Crossref exact-title lookup (year +-1)
"Synthesis and Characterization of N-Methylene-C-Bridged 4-Substituted-3,5-dinitropyrazoles and 1,2,4-Triazolone",2024,,Dalton Transactions,journal,Dheeraj Kumar,Chemistry,faculty_page,https://iitr.ac.in/Departments/Chemistry%20Department/People/Faculty/100812.html,high,IITR faculty profile page (structured publication list); joined IITR 2018
A Facile Route for the Synthesis of Insensitive Energetic Materials,2025,,"Propellants, Explosives, Pyrotechnics",journal,Dheeraj Kumar,Chemistry,faculty_page,https://iitr.ac.in/Departments/Chemistry%20Department/People/Faculty/100812.html,high,IITR faculty profile page (structured publication list); joined IITR 2018
Design and Synthesis of Insensitive Fused Triazolo-Pyrimidine-Based Energetic Materials,2026,10.1021/acs.orglett.6c01282,Organic Letters,journal,Dheeraj Kumar,Chemistry,faculty_page,https://iitr.ac.in/Departments/Chemistry%20Department/People/Faculty/100812.html,high,IITR faculty profile page (structured publication list); joined IITR 2018; DOI added afterwards via Crossref exact-title lookup (year +-1)
"Controlling the Energetic Properties of N-Methylene-C-Linked 4-Hydroxy-3,5-dinitropyrazole- and Tetrazole-Based Compounds via a Selective Mono- and Dicationic Salt Formation Strategy",2023,10.1021/acs.joc.3c01530,Journal of Organic Chemistry,journal,Dheeraj Kumar,Chemistry,faculty_page,https://iitr.ac.in/Departments/Chemistry%20Department/People/Faculty/100812.html,high,IITR faculty profile page (structured publication list); joined IITR 2018; DOI added afterwards via Crossref exact-title lookup (year +-1)
Pushing the Limit of Oxygen Balance on a Benzofuroxan Framework: K2DNDP as an Extremely Dense and Thermally Stable Material as a Substitute for Lead Azide,2024,10.1021/acs.orglett.4c00398,Organic Letters,journal,Dheeraj Kumar,Chemistry,faculty_page,https://iitr.ac.in/Departments/Chemistry%20Department/People/Faculty/100812.html,high,IITR faculty profile page (structured publication list); joined IITR 2018; DOI added afterwards via Crossref exact-title lookup (year +-1)
[C7] Dynamic Matching Algorithms in Practice,2020,,ESA,journal,Shahbaz Khan,Computer Science and Engineering,faculty_page,https://iitr.ac.in/Departments/Computer%20Science%20and%20Engineering%20Department/People/Faculty/100971.html,medium,IITR faculty profile page; IITR joining date not on page -> only 2020+ kept
[C9] Optimal Construction of Hierarchical Overlap Graphs,2021,,Conference: CPM,conference,Shahbaz Khan,Computer Science and Engineering,faculty_page,https://iitr.ac.in/Departments/Computer%20Science%20and%20Engineering%20Department/People/Faculty/100971.html,medium,IITR faculty profile page; IITR joining date not on page -> only 2020+ kept
"[J5] Safety in s-t Paths, Trails and Walks",2022,,Algorithmica,journal,Shahbaz Khan,Computer Science and Engineering,faculty_page,https://iitr.ac.in/Departments/Computer%20Science%20and%20Engineering%20Department/People/Faculty/100971.html,medium,IITR faculty profile page; IITR joining date not on page -> only 2020+ kept
"[C13] Cut paths and their remainder structure, with applications",2023,,Conference: STACS,conference,Shahbaz Khan,Computer Science and Engineering,faculty_page,https://iitr.ac.in/Departments/Computer%20Science%20and%20Engineering%20Department/People/Faculty/100971.html,medium,IITR faculty profile page; IITR joining date not on page -> only 2020+ kept
[J9] Flowtigs: Safety in flow decompositions for assembly graphs,2024,,iScience,journal,Shahbaz Khan,Computer Science and Engineering,faculty_page,https://iitr.ac.in/Departments/Computer%20Science%20and%20Engineering%20Department/People/Faculty/100971.html,medium,IITR faculty profile page; IITR joining date not on page -> only 2020+ kept
"[C8] Simple dynamic algorithms for Maximal Independent Set, Maximum Flow and Maximum Matching",2021,,Conference: SOSA,conference,Shahbaz Khan,Computer Science and Engineering,faculty_page,https://iitr.ac.in/Departments/Computer%20Science%20and%20Engineering%20Department/People/Faculty/100971.html,medium,IITR faculty profile page; IITR joining date not on page -> only 2020+ kept
[C12] Width Helps and Hinders Splitting Flows,2022,,Conference: ESA,conference,Shahbaz Khan,Computer Science and Engineering,faculty_page,https://iitr.ac.in/Departments/Computer%20Science%20and%20Engineering%20Department/People/Faculty/100971.html,medium,IITR faculty profile page; IITR joining date not on page -> only 2020+ kept
High resolution sequence stratigraphy of Lower Cretaceous rocks of the Jaisalmer Basin,2023,10.29041/strat.20.2.03,Stratigraphy,journal,Abhayanand Singh Maurya,Earth Sciences,faculty_page,https://iitr.ac.in/Departments/Earth%20Sciences%20Department/People/Faculty/100562.html,high,IITR faculty profile page (structured publication list); joined IITR 2011; DOI added afterwards via Crossref exact-title lookup (year +-1)
"Carbonaceous aerosol in the Brahmaputra plains: Sources, and influence from the hotspot Indo-Gangetic plains, India",2024,10.1007/s10874-024-09464-z,Journal of Atmospheric Chemistry,journal,Abhayanand Singh Maurya,Earth Sciences,faculty_page,https://iitr.ac.in/Departments/Earth%20Sciences%20Department/People/Faculty/100562.html,high,IITR faculty profile page (structured publication list); joined IITR 2011; DOI added afterwards via Crossref exact-title lookup (year +-1)
First Neogene bat from India: implications for a possible radiation of Vespertilioninae during the Middle Miocene Climatic Optimum,2025,10.1080/02724634.2025.2611988,Journal of Vertebrate Paleontology,journal,Abhayanand Singh Maurya,Earth Sciences,faculty_page,https://iitr.ac.in/Departments/Earth%20Sciences%20Department/People/Faculty/100562.html,high,IITR faculty profile page (structured publication list); joined IITR 2011; DOI added afterwards via Crossref exact-title lookup (year +-1)
"Biomarker and carbon isotope signatures constrain changes in organic matter inputs during the Oligocene-Miocene interval of Kutch Basin, western India: climatic and tectonic implications",2026,10.1016/j.jseaes.2026.107003,Journal of Asian Earth Sciences,journal,Abhayanand Singh Maurya,Earth Sciences,faculty_page,https://iitr.ac.in/Departments/Earth%20Sciences%20Department/People/Faculty/100562.html,high,IITR faculty profile page (structured publication list); joined IITR 2011; DOI added afterwards via Crossref exact-title lookup (year +-1)
"A freshwater ostracod assemblage from the Kesavi intertrappean beds (latest Cretaceous/earliest Paleocene) of lower Narmada Valley, Malwa Sub-province of Deccan Traps, Dhar District, Madhya Pradesh, India",2023,10.1177/05529360231181799,Journal of the Palaeontological Society of India,journal,Abhayanand Singh Maurya,Earth Sciences,faculty_page,https://iitr.ac.in/Departments/Earth%20Sciences%20Department/People/Faculty/100562.html,high,IITR faculty profile page (structured publication list); joined IITR 2011; DOI added afterwards via Crossref exact-title lookup (year +-1)
"Centennial-millennial scale global climate-linked monsoonal and non-monsoonal changes in the eastern Arabian Sea during the last 42,800 years",2024,10.1016/j.margeo.2024.107307,Marine Geology,journal,Abhayanand Singh Maurya,Earth Sciences,faculty_page,https://iitr.ac.in/Departments/Earth%20Sciences%20Department/People/Faculty/100562.html,high,IITR faculty profile page (structured publication list); joined IITR 2011; DOI added afterwards via Crossref exact-title lookup (year +-1)
Changes in the upper water-column structure of the eastern equatorial Indian Ocean during 12.8–4.7 ka,2025,10.1016/j.quaint.2025.109917,Quaternary International,journal,Abhayanand Singh Maurya,Earth Sciences,faculty_page,https://iitr.ac.in/Departments/Earth%20Sciences%20Department/People/Faculty/100562.html,high,IITR faculty profile page (structured publication list); joined IITR 2011; DOI added afterwards via Crossref exact-title lookup (year +-1)
A holistic approach on the gold metallogeny of the Singhbhum crustal province: Implications from tectono-metamorphic events during the Archean-Proterozoic regime,2021,10.1016/j.precamres.2021.106376,Precambrian Research,journal,Rajarshi Chakravarti,Earth Sciences,faculty_page,https://iitr.ac.in/Departments/Earth%20Sciences%20Department/People/Faculty/100930.html,high,IITR faculty profile page (structured publication list); joined IITR 2021; DOI added afterwards via Crossref exact-title lookup (year +-1)
A geochemical and mineral chemical assessment of sediment provenance and post-depositional alteration of auriferous conglomerates in the Singhbhum Craton,2022,10.1016/j.gexplo.2022.107095,Journal of Geochemical Exploration,journal,Rajarshi Chakravarti,Earth Sciences,faculty_page,https://iitr.ac.in/Departments/Earth%20Sciences%20Department/People/Faculty/100930.html,high,IITR faculty profile page (structured publication list); joined IITR 2021; DOI added afterwards via Crossref exact-title lookup (year +-1)
A need to integrate metagenomics and metabolomics in geosciences and develop the deep-time digital earth-biome database of India,2023,10.18520/cs/v124/i1/26-37,Current Science,journal,Rajarshi Chakravarti,Earth Sciences,faculty_page,https://iitr.ac.in/Departments/Earth%20Sciences%20Department/People/Faculty/100930.html,high,IITR faculty profile page (structured publication list); joined IITR 2021; DOI added afterwards via Crossref exact-title lookup (year +-1)
"Trace element geochemistry of pyrite in the uraniferous dolostone from Tummalapalle area of the Cuddapah Basin, India: Implications for gold mineralization",2025,10.1016/j.oregeorev.2025.106980,Ore Geology Reviews,journal,Rajarshi Chakravarti,Earth Sciences,faculty_page,https://iitr.ac.in/Departments/Earth%20Sciences%20Department/People/Faculty/100930.html,high,IITR faculty profile page (structured publication list); joined IITR 2021
"Magnetite-dominated Au-Cu mineralization recorded in the Lawa deposit, North Singhbhum Mobile Belt: Evidence for possible IOCG affinity",2026,10.1016/j.lithos.2026.108617,Lithos,journal,Rajarshi Chakravarti,Earth Sciences,faculty_page,https://iitr.ac.in/Departments/Earth%20Sciences%20Department/People/Faculty/100930.html,high,IITR faculty profile page (structured publication list); joined IITR 2021; DOI added afterwards via Crossref exact-title lookup (year +-1)
"Detrital zircon ages from Archaean conglomerates in the Singhbhum Craton, eastern India: implications on economic Au‑U potential",2022,10.1007/s00126-022-01121-3,Mineralium Deposita,journal,Rajarshi Chakravarti,Earth Sciences,faculty_page,https://iitr.ac.in/Departments/Earth%20Sciences%20Department/People/Faculty/100930.html,high,IITR faculty profile page (structured publication list); joined IITR 2021; DOI added afterwards via Crossref exact-title lookup (year +-1)
Gold and Trace Element Release From Pyrite During Prograde Metamorphism of Carbonaceous Metapelites: Implications for Orogenic Gold Formation,2025,10.5382/econgeo.5168,Economic Geology,journal,Rajarshi Chakravarti,Earth Sciences,faculty_page,https://iitr.ac.in/Departments/Earth%20Sciences%20Department/People/Faculty/100930.html,high,IITR faculty profile page (structured publication list); joined IITR 2021
A comparative evaluation of supervised machine learning algorithms for township level landslide susceptibility zonation in parts of Indian Himalayas,2020,10.1016/j.catena.2020.104751,Catena,journal,Ajanta Goswami,Earth Sciences,faculty_page,https://iitr.ac.in/Departments/Earth%20Sciences%20Department/People/Faculty/100710.html,medium,IITR faculty profile page; IITR joining date not on page -> only 2020+ kept; DOI added afterwards via Crossref exact-title lookup (year +-1)
Prioritization of sites for Managed Aquifer Recharge in a semi-arid environment in western India using GIS-Based multicriteria evaluation strategy,2021,10.1016/j.gsd.2020.100501,Groundwater sustainable development,journal,Ajanta Goswami,Earth Sciences,faculty_page,https://iitr.ac.in/Departments/Earth%20Sciences%20Department/People/Faculty/100710.html,medium,IITR faculty profile page; IITR joining date not on page -> only 2020+ kept; DOI added afterwards via Crossref exact-title lookup (year +-1)
Estimation of Surface Temperature Lapse Rate Over the Uttarakhand Region Using 107 Station Data and MODIS-LST Data,2022,10.1080/10106049.2022.2093993,Geocarto International,journal,Ajanta Goswami,Earth Sciences,faculty_page,https://iitr.ac.in/Departments/Earth%20Sciences%20Department/People/Faculty/100710.html,medium,IITR faculty profile page; IITR joining date not on page -> only 2020+ kept; DOI added afterwards via Crossref exact-title lookup (year +-1)
"Modeling relationship between land use land cover changes, land surface temperature and urban heat island in Indore City of Central India",2023,,Theoretical and Applied Climatology,journal,Ajanta Goswami,Earth Sciences,faculty_page,https://iitr.ac.in/Departments/Earth%20Sciences%20Department/People/Faculty/100710.html,medium,IITR faculty profile page; IITR joining date not on page -> only 2020+ kept
"snow cover characterization and its linkage with climate change over the Chenab river basin, western Himalayas",2020,,GIScience Remote Sensing,journal,Ajanta Goswami,Earth Sciences,faculty_page,https://iitr.ac.in/Departments/Earth%20Sciences%20Department/People/Faculty/100710.html,medium,IITR faculty profile page; IITR joining date not on page -> only 2020+ kept
Quantification of groundwater recharge and its spatio-temporal variability in the Ganga river basin,2021,10.1080/10106049.2021.1914748,"Geocarto International, vol. 0, no. 0, pp. 1–22",journal,Ajanta Goswami,Earth Sciences,faculty_page,https://iitr.ac.in/Departments/Earth%20Sciences%20Department/People/Faculty/100710.html,medium,IITR faculty profile page; IITR joining date not on page -> only 2020+ kept; DOI added afterwards via Crossref exact-title lookup (year +-1)
"Predicting the impacts of urban development on seasonal urban thermal environment in Guwahati city, northeast India",2022,10.1016/j.buildenv.2022.109724,Building and Environment,journal,Ajanta Goswami,Earth Sciences,faculty_page,https://iitr.ac.in/Departments/Earth%20Sciences%20Department/People/Faculty/100710.html,medium,IITR faculty profile page; IITR joining date not on page -> only 2020+ kept; DOI added afterwards via Crossref exact-title lookup (year +-1)
Compression and Cyclic Shear Behavior of Lime Mortar Brick Masonry,2017,10.1142/s1793431117500154,Journal of Earthquake and Tsunami,journal,Pankaj Agrawal,Earthquake Engineering,faculty_page,https://iitr.ac.in/Departments/Earthquake%20Department/People/Faculty/100208.html,high,IITR faculty profile page (structured publication list); joined IITR 2001; DOI added afterwards via Crossref exact-title lookup (year +-1)
Correlation between computed stress response and observed damage of a heritage masonry building,2018,10.1142/s1793431118500021,Journal of Earthquake and Tsunami,journal,Pankaj Agrawal,Earthquake Engineering,faculty_page,https://iitr.ac.in/Departments/Earthquake%20Department/People/Faculty/100208.html,high,IITR faculty profile page (structured publication list); joined IITR 2001; DOI added afterwards via Crossref exact-title lookup (year +-1)
Post-yield deformation parameters of reinforced concrete beam with corroded reinforcement,2019,10.1002/suco.201800037,Structural Concrete,journal,Pankaj Agrawal,Earthquake Engineering,faculty_page,https://iitr.ac.in/Departments/Earthquake%20Department/People/Faculty/100208.html,high,IITR faculty profile page (structured publication list); joined IITR 2001; DOI added afterwards via Crossref exact-title lookup (year +-1)
Comparative Post-yield Performance Evaluation of Flexure Member with Corroded Reinforcement,2021,10.1080/15732479.2020.1731557,Structure and Infrastructure Engineering,journal,Pankaj Agrawal,Earthquake Engineering,faculty_page,https://iitr.ac.in/Departments/Earthquake%20Department/People/Faculty/100208.html,high,IITR faculty profile page (structured publication list); joined IITR 2001; DOI added afterwards via Crossref exact-title lookup (year +-1)
Out-of-Plane Performance Evaluation of Energy Dissipating Hysteretic Infill Wall System Under Cyclic Loading,2022,10.1177/87552930221128331,Earthquake Spectra,journal,Pankaj Agrawal,Earthquake Engineering,faculty_page,https://iitr.ac.in/Departments/Earthquake%20Department/People/Faculty/100208.html,high,IITR faculty profile page (structured publication list); joined IITR 2001; DOI added afterwards via Crossref exact-title lookup (year +-1)
Damage Index Evaluation of Concrete Gravity Dam Based On Hysteresis Behavior and Stiffness Degradation Under Cyclic Loading,2017,10.1142/s0219455417500092,International Journal of Structural Stability and Dynamics,journal,Pankaj Agrawal,Earthquake Engineering,faculty_page,https://iitr.ac.in/Departments/Earthquake%20Department/People/Faculty/100208.html,high,IITR faculty profile page (structured publication list); joined IITR 2001; DOI added afterwards via Crossref exact-title lookup (year +-1)
Performance Evaluation of Innovative Hybrid Rebar Coupler in RC Beams Subjected to Monotonic Loading,2018,,Structural Concrete,journal,Pankaj Agrawal,Earthquake Engineering,faculty_page,https://iitr.ac.in/Departments/Earthquake%20Department/People/Faculty/100208.html,high,IITR faculty profile page (structured publication list); joined IITR 2001
Spectral Estimation of Noisy Seismogram using Time-Frequency Analyses,2016,10.4018/ijgee.2016010102,IJGEE,journal,M.L. Sharma,Earthquake Engineering,faculty_page,https://iitr.ac.in/Departments/Earthquake%20Department/People/Faculty/100201.html,high,IITR faculty profile page (structured publication list); joined IITR 1986; DOI added afterwards via Crossref exact-title lookup (year +-1)
"Reply to “Comment on ‘Unbiased Estimation of Moment Magnitude from Body‐ & Surface‐Wave Mag.’ by R. Das, H. R. Wason, and M. L. Sharma &‘Comparative Ana. of Regre. Methods Used for Seismic Mag. Con.’ by P. Gasperini, B. Lolli, and S. Castellaro” by J. Puj",2017,,Bulletin of the Seismological Society of America,journal,M.L. Sharma,Earthquake Engineering,faculty_page,https://iitr.ac.in/Departments/Earthquake%20Department/People/Faculty/100201.html,high,IITR faculty profile page (structured publication list); joined IITR 1986
Crustal anisotropy from shear wave spilliting of local earthquakes in the Garhwal lesser Himalaya,2019,,Geophysical Journal International,journal,M.L. Sharma,Earthquake Engineering,faculty_page,https://iitr.ac.in/Departments/Earthquake%20Department/People/Faculty/100201.html,high,IITR faculty profile page (structured publication list); joined IITR 1986
Review of the current practice of inclusion of seismicity in landslide susceptibility conation: A case study for Himalaya,2020,,Himalayan Geology,journal,M.L. Sharma,Earthquake Engineering,faculty_page,https://iitr.ac.in/Departments/Earthquake%20Department/People/Faculty/100201.html,high,IITR faculty profile page (structured publication list); joined IITR 1986
"Landslide Susceptibility Zonation With Special Emphasis on Tectonic Features for Occurrence of Landslides in Lower Indian Himalaya,",2021,10.1007/s12524-020-01285-3,Journal of the Indian Society of Remote Sensing,journal,M.L. Sharma,Earthquake Engineering,faculty_page,https://iitr.ac.in/Departments/Earthquake%20Department/People/Faculty/100201.html,high,IITR faculty profile page (structured publication list); joined IITR 1986; DOI added afterwards via Crossref exact-title lookup (year +-1)
Design and implementation of earthquake early warning dissemination mobile app for Uttarakhand (India),2022,10.1002/essoar.10508725.1,Journal of Seismology,journal,M.L. Sharma,Earthquake Engineering,faculty_page,https://iitr.ac.in/Departments/Earthquake%20Department/People/Faculty/100201.html,high,IITR faculty profile page (structured publication list); joined IITR 1986; DOI added afterwards via Crossref exact-title lookup (year +-1)
"Influence of Local Site Conditions on Strong Ground Motion Characteristics at Tarai Region of Uttarakhand, India",2016,10.1007/s11069-015-2120-0,Natural Hazards,journal,Ravi Sankar Jakka,Earthquake Engineering,faculty_page,https://iitr.ac.in/Departments/Earthquake%20Department/People/Faculty/Ravi%20Sankar%20Jakka.html,high,IITR faculty profile page (structured publication list); joined IITR 2010; DOI added afterwards via Crossref exact-title lookup (year +-1)
Discussion on Experiential and Numerical Studies of Circular Footing Resting on Confined Granular Subgrade Adjacent of Slope,2017,,International Journal of Geomechanics,journal,Ravi Sankar Jakka,Earthquake Engineering,faculty_page,https://iitr.ac.in/Departments/Earthquake%20Department/People/Faculty/Ravi%20Sankar%20Jakka.html,high,IITR faculty profile page (structured publication list); joined IITR 2010
Effect of Uncertainty in Vs N Correlations on Seismic Site Response Analysis,2018,,Journal of Earth System Science,journal,Ravi Sankar Jakka,Earthquake Engineering,faculty_page,https://iitr.ac.in/Departments/Earthquake%20Department/People/Faculty/Ravi%20Sankar%20Jakka.html,high,IITR faculty profile page (structured publication list); joined IITR 2010
"Mapping Surface Wave Dispersion Uncertainty in Vs Profiles to VS,30 and Site Response Analysis",2020,10.1016/j.soildyn.2020.106298,Soil Dynamics and Earthquake Engineering,journal,Ravi Sankar Jakka,Earthquake Engineering,faculty_page,https://iitr.ac.in/Departments/Earthquake%20Department/People/Faculty/Ravi%20Sankar%20Jakka.html,high,IITR faculty profile page (structured publication list); joined IITR 2010; DOI added afterwards via Crossref exact-title lookup (year +-1)
Site Characterization of Strong Motion Stations of Himalaya and Adjoining Plains,2021,10.1007/s12517-021-07231-y,Arab. J. Geosci.,journal,Ravi Sankar Jakka,Earthquake Engineering,faculty_page,https://iitr.ac.in/Departments/Earthquake%20Department/People/Faculty/Ravi%20Sankar%20Jakka.html,high,IITR faculty profile page (structured publication list); joined IITR 2010; DOI added afterwards via Crossref exact-title lookup (year +-1)
Selection of an Appropriate Bedrock for Site Amplification Studies,2022,10.21203/rs.3.rs-898670/v1,Natural Hazards,journal,Ravi Sankar Jakka,Earthquake Engineering,faculty_page,https://iitr.ac.in/Departments/Earthquake%20Department/People/Faculty/Ravi%20Sankar%20Jakka.html,high,IITR faculty profile page (structured publication list); joined IITR 2010; DOI added afterwards via Crossref exact-title lookup (year +-1)
Initiatives and Technical Challenges in Smart Distribution Grid,2016,10.1016/j.rser.2015.12.257,International Journal of Renewable and Sustainable Energy Reviews,journal,N.P. Padhy,Electrical Engineering,faculty_page,https://iitr.ac.in/Departments/Electrical%20Engineering%20Department/People/Faculty/100083.html,high,IITR faculty profile page (structured publication list); joined IITR 1998; DOI added afterwards via Crossref exact-title lookup (year +-1)
Residential Electricity Cost Minimization Model Through Open Well-Pico Turbine Pumped Storage System,2017,10.1016/j.apenergy.2017.03.020,Applied Energy,journal,N.P. Padhy,Electrical Engineering,faculty_page,https://iitr.ac.in/Departments/Electrical%20Engineering%20Department/People/Faculty/100083.html,high,IITR faculty profile page (structured publication list); joined IITR 1998; DOI added afterwards via Crossref exact-title lookup (year +-1)
New Problem Formulation for Optimal Demand Side Response in Hybrid AC/DC Systems,2018,10.1109/pesgm.2017.8274078,IEEE Transaction on Smart Grid,journal,N.P. Padhy,Electrical Engineering,faculty_page,https://iitr.ac.in/Departments/Electrical%20Engineering%20Department/People/Faculty/100083.html,high,IITR faculty profile page (structured publication list); joined IITR 1998; DOI added afterwards via Crossref exact-title lookup (year +-1)
A Network-Topology-Based Approach for the Load-Flow Solution of AC–DC Distribution System With Distributed Generations,2019,10.1109/tii.2018.2852714,IEEE Transactions on Industrial Informatics,journal,N.P. Padhy,Electrical Engineering,faculty_page,https://iitr.ac.in/Departments/Electrical%20Engineering%20Department/People/Faculty/100083.html,high,IITR faculty profile page (structured publication list); joined IITR 1998; DOI added afterwards via Crossref exact-title lookup (year +-1)
A Graph-Theoretic Based Approach for the Load-Flow Solution of Three Phase Distribution Network in the Presence of Distributed Generations,2020,,"IET Generation, Transmission & Distribution",journal,N.P. Padhy,Electrical Engineering,faculty_page,https://iitr.ac.in/Departments/Electrical%20Engineering%20Department/People/Faculty/100083.html,high,IITR faculty profile page (structured publication list); joined IITR 1998
Risk Constrained Energy Efficient Optimal Operation of a Converter Governed AC/DC Hybrid Distribution Network with Distributed Energy Resources and Volt-VAR Controlling Devices,2021,10.1109/tia.2021.3081526,IEEE Transactions on Industry Applications,journal,N.P. Padhy,Electrical Engineering,faculty_page,https://iitr.ac.in/Departments/Electrical%20Engineering%20Department/People/Faculty/100083.html,high,IITR faculty profile page (structured publication list); joined IITR 1998; DOI added afterwards via Crossref exact-title lookup (year +-1)
Optimal Power Flow Based DR in Active Distribution Network with Reactive Power Control,2022,10.1109/jsyst.2021.3106397,IEEE Systems Journal,journal,N.P. Padhy,Electrical Engineering,faculty_page,https://iitr.ac.in/Departments/Electrical%20Engineering%20Department/People/Faculty/100083.html,high,IITR faculty profile page (structured publication list); joined IITR 1998; DOI added afterwards via Crossref exact-title lookup (year +-1)
Trajectory Tracking Control of Wheeled Mobile Robot Using Fuzzy Logic Controller with Optimal Parameters,2024,,Robotica,journal,M. Felix Orlando,Electrical Engineering,faculty_page,https://iitr.ac.in/Departments/Electrical%20Engineering%20Department/People/Faculty/100746.html,high,IITR faculty profile page (structured publication list); joined IITR 2015
Path Planning for Robot Assisted Steerable Bevel-Tip Needle in 3D Dynamic Environment,2025,10.1109/lra.2025.3562010,IEEE Robotics and Automation Letters,journal,M. Felix Orlando,Electrical Engineering,faculty_page,https://iitr.ac.in/Departments/Electrical%20Engineering%20Department/People/Faculty/100746.html,high,IITR faculty profile page (structured publication list); joined IITR 2015; DOI added afterwards via Crossref exact-title lookup (year +-1)
Prediction of Puncturing Events through LSTM for Multilayer Tissue,2024,10.1088/2057-1976/ad844c,Biomedical Physics & Engineering Express,journal,M. Felix Orlando,Electrical Engineering,faculty_page,https://iitr.ac.in/Departments/Electrical%20Engineering%20Department/People/Faculty/100746.html,high,IITR faculty profile page (structured publication list); joined IITR 2015; DOI added afterwards via Crossref exact-title lookup (year +-1)
"Lower extremity exoskeletons: A systematic review on design, control, and sensing",2025,10.1088/2631-8695/ada663,Engineering Research Express,journal,M. Felix Orlando,Electrical Engineering,faculty_page,https://iitr.ac.in/Departments/Electrical%20Engineering%20Department/People/Faculty/100746.html,high,IITR faculty profile page (structured publication list); joined IITR 2015; DOI added afterwards via Crossref exact-title lookup (year +-1)
Redundancy Resolution of a Mobile Manipulator using the KSOM Based Learning Algorithm,2024,10.1007/s41315-024-00360-z,International Journal of Intelligent Robotics and Applications,journal,M. Felix Orlando,Electrical Engineering,faculty_page,https://iitr.ac.in/Departments/Electrical%20Engineering%20Department/People/Faculty/100746.html,high,IITR faculty profile page (structured publication list); joined IITR 2015; DOI added afterwards via Crossref exact-title lookup (year +-1)
Artificial Neural Network-Augmented Dosiomic Integration for Predicting Distant Recurrence in NSCLC patients Treated with SBRT,2025,10.3389/fonc.2025.1669954,"Frontiers in Oncology, section Radiation Oncology",journal,M. Felix Orlando,Electrical Engineering,faculty_page,https://iitr.ac.in/Departments/Electrical%20Engineering%20Department/People/Faculty/100746.html,high,IITR faculty profile page (structured publication list); joined IITR 2015; DOI added afterwards via Crossref exact-title lookup (year +-1)
Needle Steering Controller Design for Flexible Steerable Needle Utilizing Robust Backstepping Control Strategy,2024,10.1109/tmrb.2024.3421593,IEEE Transactions on Medical Robotics and Bionics,journal,M. Felix Orlando,Electrical Engineering,faculty_page,https://iitr.ac.in/Departments/Electrical%20Engineering%20Department/People/Faculty/100746.html,high,IITR faculty profile page (structured publication list); joined IITR 2015; DOI added afterwards via Crossref exact-title lookup (year +-1)
A Single Phase Seven Level Triple Boost Inverter for Grid-Connected Transformerless PV Applications,2022,10.1109/tie.2022.3215815,IEEE Transactions on Industrial Electronics,journal,Jeevanand S,Electrical Engineering,faculty_page,https://iitr.ac.in/Departments/Electrical%20Engineering%20Department/People/Faculty/100782.html,medium,IITR faculty profile page; IITR joining date not on page -> only 2020+ kept; DOI added afterwards via Crossref exact-title lookup (year +-1)
Design and Implementation of a New Nine Level Boost Inverter for Transformerless Grid-Tied PV Application,2023,10.1109/tec.2023.3292147,IEEE Transactions on Energy Conversion,journal,Jeevanand S,Electrical Engineering,faculty_page,https://iitr.ac.in/Departments/Electrical%20Engineering%20Department/People/Faculty/100782.html,medium,IITR faculty profile page; IITR joining date not on page -> only 2020+ kept; DOI added afterwards via Crossref exact-title lookup (year +-1)
Model Based Stator Interturn Fault Analysis in Synchronous Reluctance Motor Drives,2024,10.1109/tia.2024.3436468,IEEE Transactions on Industry Applications,journal,Jeevanand S,Electrical Engineering,faculty_page,https://iitr.ac.in/Departments/Electrical%20Engineering%20Department/People/Faculty/100782.html,medium,IITR faculty profile page; IITR joining date not on page -> only 2020+ kept; DOI added afterwards via Crossref exact-title lookup (year +-1)
Robust Model based Interturn Fault Detection in DTC-SVM PMSM Drive,2025,10.1109/jsen.2025.3609012,IEEE Sensors Journal,journal,Jeevanand S,Electrical Engineering,faculty_page,https://iitr.ac.in/Departments/Electrical%20Engineering%20Department/People/Faculty/100782.html,medium,IITR faculty profile page; IITR joining date not on page -> only 2020+ kept; DOI added afterwards via Crossref exact-title lookup (year +-1)
Stator Inter Turn Fault Detection in Inverter Fed Induction Motor Using Novel DeepCGS Model,2026,10.1109/tia.2026.3678554,IEEE Transactions on Industry Applications,journal,Jeevanand S,Electrical Engineering,faculty_page,https://iitr.ac.in/Departments/Electrical%20Engineering%20Department/People/Faculty/100782.html,medium,IITR faculty profile page; IITR joining date not on page -> only 2020+ kept; DOI added afterwards via Crossref exact-title lookup (year +-1)
Incipient Interturn Fault Detection and Severity Evaluation in Electric Drive System Using Hybrid HCNN-SVM Based Model,2022,10.1109/tii.2021.3067321,IEEE Transactions on Industrial Informatics,journal,Jeevanand S,Electrical Engineering,faculty_page,https://iitr.ac.in/Departments/Electrical%20Engineering%20Department/People/Faculty/100782.html,medium,IITR faculty profile page; IITR joining date not on page -> only 2020+ kept; DOI added afterwards via Crossref exact-title lookup (year +-1)
Modeling Analysis and Tolerant Capability for Stator Winding Interturn Fault in Synchronous Reluctance Motor With Series and Parallel Connected Windings,2024,10.1109/tie.2024.3440479,IEEE Transactions on Industrial Electronics,journal,Jeevanand S,Electrical Engineering,faculty_page,https://iitr.ac.in/Departments/Electrical%20Engineering%20Department/People/Faculty/100782.html,medium,IITR faculty profile page; IITR joining date not on page -> only 2020+ kept; DOI added afterwards via Crossref exact-title lookup (year +-1)
Quantum photocell based on GaN quantum dots,2020,,Arxiv,journal,Vishvendra Singh Poonia,Electronics and Communication Engineering,faculty_page,https://iitr.ac.in/Departments/Electronics%20and%20Communication%20Engineering%20Department/People/Faculty/100803.html,medium,IITR faculty profile page; IITR joining date not on page -> only 2020+ kept
Universal Quantum Gates based on Quantum Dots,2021,,Arxiv,journal,Vishvendra Singh Poonia,Electronics and Communication Engineering,faculty_page,https://iitr.ac.in/Departments/Electronics%20and%20Communication%20Engineering%20Department/People/Faculty/100803.html,medium,IITR faculty profile page; IITR joining date not on page -> only 2020+ kept
Impact of AC Magnetic Field on Decoherence of Quantum Dot based Single Spin Qubit System,2022,,Arxiv,journal,Vishvendra Singh Poonia,Electronics and Communication Engineering,faculty_page,https://iitr.ac.in/Departments/Electronics%20and%20Communication%20Engineering%20Department/People/Faculty/100803.html,medium,IITR faculty profile page; IITR joining date not on page -> only 2020+ kept
Randomness Enhancement in a Quantum Dot-Based Quantum Random Number Generator by Correctors,2023,10.1109/nano58406.2023.10231225,2023 IEEE 23rd International Conference on Nanotechnology (NANO),conference,Vishvendra Singh Poonia,Electronics and Communication Engineering,faculty_page,https://iitr.ac.in/Departments/Electronics%20and%20Communication%20Engineering%20Department/People/Faculty/100803.html,medium,IITR faculty profile page; IITR joining date not on page -> only 2020+ kept; DOI added afterwards via Crossref exact-title lookup (year +-1)
Quantum coherence enhancement by the chirality-induced spin selectivity effect in the radical-pair mechanism,2024,10.1103/physreva.107.052406,APS March Meeting,journal,Vishvendra Singh Poonia,Electronics and Communication Engineering,faculty_page,https://iitr.ac.in/Departments/Electronics%20and%20Communication%20Engineering%20Department/People/Faculty/100803.html,medium,IITR faculty profile page; IITR joining date not on page -> only 2020+ kept; DOI added afterwards via Crossref exact-title lookup (year +-1)
The avian compass can be sensitive even without sustained electron spin coherence,2021,10.1098/rspa.2020.0778,Proceedings of the Royal Society A,conference,Vishvendra Singh Poonia,Electronics and Communication Engineering,faculty_page,https://iitr.ac.in/Departments/Electronics%20and%20Communication%20Engineering%20Department/People/Faculty/100803.html,medium,IITR faculty profile page; IITR joining date not on page -> only 2020+ kept; DOI added afterwards via Crossref exact-title lookup (year +-1)
A novel bioinspired quantum photocell based on GaN quantum dots,2022,10.1007/s12043-022-02349-4,Pramana,journal,Vishvendra Singh Poonia,Electronics and Communication Engineering,faculty_page,https://iitr.ac.in/Departments/Electronics%20and%20Communication%20Engineering%20Department/People/Faculty/100803.html,medium,IITR faculty profile page; IITR joining date not on page -> only 2020+ kept; DOI added afterwards via Crossref exact-title lookup (year +-1)
Sputtered silicon dioxide layers forMEMS applications,2016,10.1109/raece.2015.7510194,"Proceedings of RAECE 2015, National Conference on Recent Advances in Electronics and Computer Engineering",conference,Sanjeev Manhas,Electronics and Communication Engineering,faculty_page,https://iitr.ac.in/Departments/Electronics%20and%20Communication%20Engineering%20Department/People/Faculty/100522.html,high,IITR faculty profile page (structured publication list); joined IITR 2008; DOI added afterwards via Crossref exact-title lookup (year +-1)
Quint-Band Bandpass Filter Using Two Stepped-Impedance Resonators,2017,,International Journal of Microwave & Optical Technology,journal,Sanjeev Manhas,Electronics and Communication Engineering,faculty_page,https://iitr.ac.in/Departments/Electronics%20and%20Communication%20Engineering%20Department/People/Faculty/100522.html,high,IITR faculty profile page (structured publication list); joined IITR 2008
Improvement of row hammering using metal nanoparticles in DRAMA simulation study,2018,10.1109/led.2018.2861714,IEEE Electron Device Letters,journal,Sanjeev Manhas,Electronics and Communication Engineering,faculty_page,https://iitr.ac.in/Departments/Electronics%20and%20Communication%20Engineering%20Department/People/Faculty/100522.html,high,IITR faculty profile page (structured publication list); joined IITR 2008; DOI added afterwards via Crossref exact-title lookup (year +-1)
Fabrication and Characterization of Carbon Nanotube Microdevices for CO 2 Gas Sensing and Other Applications,2019,10.1109/upcon47278.2019.8980140,"2019 International Conference on Electrical, Electronics and Computer Engineering (UPCON)",conference,Sanjeev Manhas,Electronics and Communication Engineering,faculty_page,https://iitr.ac.in/Departments/Electronics%20and%20Communication%20Engineering%20Department/People/Faculty/100522.html,high,IITR faculty profile page (structured publication list); joined IITR 2008; DOI added afterwards via Crossref exact-title lookup (year +-1)
Mitigating the passing word line induced soft errors in saddle fin DRAM,2020,10.1109/ted.2020.2975758,IEEE Transactions on Electron Devices,journal,Sanjeev Manhas,Electronics and Communication Engineering,faculty_page,https://iitr.ac.in/Departments/Electronics%20and%20Communication%20Engineering%20Department/People/Faculty/100522.html,high,IITR faculty profile page (structured publication list); joined IITR 2008; DOI added afterwards via Crossref exact-title lookup (year +-1)
PCB mounted sensor with high sensitivity SWNT-Based devices for gas sensing applications,2021,10.1016/j.mejo.2021.105043,Microelectronics Journal,journal,Sanjeev Manhas,Electronics and Communication Engineering,faculty_page,https://iitr.ac.in/Departments/Electronics%20and%20Communication%20Engineering%20Department/People/Faculty/100522.html,high,IITR faculty profile page (structured publication list); joined IITR 2008; DOI added afterwards via Crossref exact-title lookup (year +-1)
Temperature-dependent field cycling behavior of ferroelectric hafnium zirconium oxide (HZO) MFM capacitors,2022,10.1109/ted.2022.3172244,IEEE Transactions on Electron Devices,journal,Sanjeev Manhas,Electronics and Communication Engineering,faculty_page,https://iitr.ac.in/Departments/Electronics%20and%20Communication%20Engineering%20Department/People/Faculty/100522.html,high,IITR faculty profile page (structured publication list); joined IITR 2008; DOI added afterwards via Crossref exact-title lookup (year +-1)
E2GC: Energy-efficient Group Convolution in Deep Neural Networks,2020,10.1109/vlsid49098.2020.00044,Proceedings of IEEE International Conference on VLSI Design (VLSID),conference,Sparsh Mittal,Electronics and Communication Engineering,faculty_page,https://iitr.ac.in/Departments/Electronics%20and%20Communication%20Engineering%20Department/People/Faculty/100874.html,medium,IITR faculty profile page; IITR joining date not on page -> only 2020+ kept; DOI added afterwards via Crossref exact-title lookup (year +-1)
SOT and STT Based 4-bit MRAM Cell for High-Density Memory Applications,2021,10.1109/ted.2021.3097294,IEEE Transactions on Electron Devices,journal,Sparsh Mittal,Electronics and Communication Engineering,faculty_page,https://iitr.ac.in/Departments/Electronics%20and%20Communication%20Engineering%20Department/People/Faculty/100874.html,medium,IITR faculty profile page; IITR joining date not on page -> only 2020+ kept; DOI added afterwards via Crossref exact-title lookup (year +-1)
FEEDNet: A Feature Enhanced Encoder-Decoder LSTM Network for Nuclei Segmentation for Histopathological Diagnosis,2022,,Physics in Medicine and Biology,journal,Sparsh Mittal,Electronics and Communication Engineering,faculty_page,https://iitr.ac.in/Departments/Electronics%20and%20Communication%20Engineering%20Department/People/Faculty/100874.html,medium,IITR faculty profile page; IITR joining date not on page -> only 2020+ kept
GAFNet: A Global Fourier Self Attention Based Novel Network for multi-modal downstream tasks,2023,10.1109/wacv56688.2023.00521,Proceedings of IEEE/CVF Winter Conference on Applications of Computer Vision (WACV),conference,Sparsh Mittal,Electronics and Communication Engineering,faculty_page,https://iitr.ac.in/Departments/Electronics%20and%20Communication%20Engineering%20Department/People/Faculty/100874.html,medium,IITR faculty profile page; IITR joining date not on page -> only 2020+ kept; DOI added afterwards via Crossref exact-title lookup (year +-1)
Textual Alchemy: CoFormer for Scene Text Understanding,2024,10.1109/wacv57701.2024.00291,Proceedings of IEEE/CVF Winter Conference on Applications of Computer Vision (WACV),conference,Sparsh Mittal,Electronics and Communication Engineering,faculty_page,https://iitr.ac.in/Departments/Electronics%20and%20Communication%20Engineering%20Department/People/Faculty/100874.html,medium,IITR faculty profile page; IITR joining date not on page -> only 2020+ kept; DOI added afterwards via Crossref exact-title lookup (year +-1)
Novel Hybrid Probabilistic-Statistical Error Metrics for Approximate Adders,2025,10.1016/j.sysarc.2025.103467,Journal of Systems Architecture,journal,Sparsh Mittal,Electronics and Communication Engineering,faculty_page,https://iitr.ac.in/Departments/Electronics%20and%20Communication%20Engineering%20Department/People/Faculty/100874.html,medium,IITR faculty profile page; IITR joining date not on page -> only 2020+ kept; DOI added afterwards via Crossref exact-title lookup (year +-1)
A 38.21-TOPS/W SRAM-Based Digital CIM Macro for Bit-Level Sparsity-Aware MAC Operations,2026,10.1109/vlsitsa69131.2026.11527924,"International VLSI Symposium on Technology, Systems and Applications (VLSI TSA)",conference,Sparsh Mittal,Electronics and Communication Engineering,faculty_page,https://iitr.ac.in/Departments/Electronics%20and%20Communication%20Engineering%20Department/People/Faculty/100874.html,medium,IITR faculty profile page; IITR joining date not on page -> only 2020+ kept; DOI added afterwards via Crossref exact-title lookup (year +-1)
The Sinner-Saint Syndrome in Graham Greene’s Novels,2016,,Rupkatha Journal,journal,Smita Jha,Humanities and Social Sciences,faculty_page,https://iitr.ac.in/Departments/Humanities%20and%20Social%20Sciences%20Department/People/Faculty/100493.html,high,IITR faculty profile page (structured publication list); joined IITR 2007
The Handmaid's Tale: Remapping Identity through Language,2017,,Re-marking,journal,Smita Jha,Humanities and Social Sciences,faculty_page,https://iitr.ac.in/Departments/Humanities%20and%20Social%20Sciences%20Department/People/Faculty/100493.html,high,IITR faculty profile page (structured publication list); joined IITR 2007
The Development of Spelling Ability In Emerging Literates: An Investigation Of Different Models,2018,10.25215/0604.119,The International Journal of Indian Psychology,journal,Smita Jha,Humanities and Social Sciences,faculty_page,https://iitr.ac.in/Departments/Humanities%20and%20Social%20Sciences%20Department/People/Faculty/100493.html,high,IITR faculty profile page (structured publication list); joined IITR 2007; DOI added afterwards via Crossref exact-title lookup (year +-1)
English Tracing the Identity and Ascertaining the Nature of Brahmi-derived Devanagari Script,2019,,Acta Linguistica Asiatica,journal,Smita Jha,Humanities and Social Sciences,faculty_page,https://iitr.ac.in/Departments/Humanities%20and%20Social%20Sciences%20Department/People/Faculty/100493.html,high,IITR faculty profile page (structured publication list); joined IITR 2007
Death in the novels of Virginia Woolf,2021,,Re-markings,journal,Smita Jha,Humanities and Social Sciences,faculty_page,https://iitr.ac.in/Departments/Humanities%20and%20Social%20Sciences%20Department/People/Faculty/100493.html,high,IITR faculty profile page (structured publication list); joined IITR 2007
"‘The urge to know about the roots is just human, I guess’: Vietnamese Memories and Clément Baloup, an interview”",2022,10.1080/1472586x.2022.2036633,Visual Studies,journal,Smita Jha,Humanities and Social Sciences,faculty_page,https://iitr.ac.in/Departments/Humanities%20and%20Social%20Sciences%20Department/People/Faculty/100493.html,high,IITR faculty profile page (structured publication list); joined IITR 2007; DOI added afterwards via Crossref exact-title lookup (year +-1)
Monuments as “Sites of Memory”: Understanding the Sixteenth Century Monumental Past,2023,,"3L: Language, Linguistics, Literature® The Southeast Asian Journal of English Language Studies",journal,Smita Jha,Humanities and Social Sciences,faculty_page,https://iitr.ac.in/Departments/Humanities%20and%20Social%20Sciences%20Department/People/Faculty/100493.html,high,IITR faculty profile page (structured publication list); joined IITR 2007
“The Era of Environmental Derangement: Witnessing Climate Crisis in Amitav Ghosh’s Gun Island,2021,10.21659/rupkatha.v13n2.29,Rupkatha Journal on Interdisciplinary Studies in Humanities,journal,Sanjit Kumar Mishra,Humanities and Social Sciences,faculty_page,https://iitr.ac.in/Departments/Humanities%20and%20Social%20Sciences%20Department/People/Faculty/400128.html,high,IITR faculty profile page (structured publication list); joined IITR 2009; DOI added afterwards via Crossref exact-title lookup (year +-1)
The Will to Serve,2022,,"In Dhiman, S.K., Roberts, G.E. (eds) The Palgrave Handbook of Servant Leadership",journal,Sanjit Kumar Mishra,Humanities and Social Sciences,faculty_page,https://iitr.ac.in/Departments/Humanities%20and%20Social%20Sciences%20Department/People/Faculty/400128.html,high,IITR faculty profile page (structured publication list); joined IITR 2009
Harnessing the Past: Nonconventional Energy and Environmental Practices in Ancient India,2026,,Green Energy Systems (ed. Book Chapter),book_chapter,Sanjit Kumar Mishra,Humanities and Social Sciences,faculty_page,https://iitr.ac.in/Departments/Humanities%20and%20Social%20Sciences%20Department/People/Faculty/400128.html,high,IITR faculty profile page (structured publication list); joined IITR 2009
Psychological and Mental Health Outcomes of Energy Transition: From Pollution Stress to Well-Being,2026,10.1007/978-3-032-30239-7_14,Book Chapter,book_chapter,Sanjit Kumar Mishra,Humanities and Social Sciences,faculty_page,https://iitr.ac.in/Departments/Humanities%20and%20Social%20Sciences%20Department/People/Faculty/400128.html,high,IITR faculty profile page (structured publication list); joined IITR 2009; DOI added afterwards via Crossref exact-title lookup (year +-1)
Eco-centrism in Vedic Traditions: Reinterpreting Ancient Rituals in Contemporary Spiritual Culture,2026,10.1007/s42240-025-00247-7,Journal of Dharma Studies,journal,Sanjit Kumar Mishra,Humanities and Social Sciences,faculty_page,https://iitr.ac.in/Departments/Humanities%20and%20Social%20Sciences%20Department/People/Faculty/400128.html,high,IITR faculty profile page (structured publication list); joined IITR 2009; DOI added afterwards via Crossref exact-title lookup (year +-1)
"Textiles as Texts: Trauma-Witnessing, Agency and Intergenerational Memory in The Dressmaker’s Gift",2026,10.1080/14759756.2026.2714996,TEXTILE,journal,Sanjit Kumar Mishra,Humanities and Social Sciences,faculty_page,https://iitr.ac.in/Departments/Humanities%20and%20Social%20Sciences%20Department/People/Faculty/400128.html,high,IITR faculty profile page (structured publication list); joined IITR 2009; DOI added afterwards via Crossref exact-title lookup (year +-1)
"Case on Indian Muslim Mother’s Health Care Utilization: Its Patterns, Trends and Comparison",2016,,Journal of Management Research and Innovation,journal,Pratap Chandra Mohanty,Humanities and Social Sciences,faculty_page,https://iitr.ac.in/Departments/Humanities%20and%20Social%20Sciences%20Department/People/Faculty/100773.html,high,IITR faculty profile page (structured publication list); joined IITR 2014
What restricts credit to women enterprises? Evidence from India’s Informal Sector,2019,10.1108/ijse-08-2018-0422,International Journal of Social Economics,journal,Pratap Chandra Mohanty,Humanities and Social Sciences,faculty_page,https://iitr.ac.in/Departments/Humanities%20and%20Social%20Sciences%20Department/People/Faculty/100773.html,high,IITR faculty profile page (structured publication list); joined IITR 2014; DOI added afterwards via Crossref exact-title lookup (year +-1)
Inter-temporal and Spatial Variation in Credit Access to Indian Unorganized Women Entrepreneurs,2020,10.1002/pa.2192,Journal of Public Affairs,journal,Pratap Chandra Mohanty,Humanities and Social Sciences,faculty_page,https://iitr.ac.in/Departments/Humanities%20and%20Social%20Sciences%20Department/People/Faculty/100773.html,high,IITR faculty profile page (structured publication list); joined IITR 2014; DOI added afterwards via Crossref exact-title lookup (year +-1)
Covid19: A Prospective Analysis of the Implications of School Closure on Children’s Education and Nutrition,2021,,Children First: Journal on Children's Lives,journal,Pratap Chandra Mohanty,Humanities and Social Sciences,faculty_page,https://iitr.ac.in/Departments/Humanities%20and%20Social%20Sciences%20Department/People/Faculty/100773.html,high,IITR faculty profile page (structured publication list); joined IITR 2014
"Decoding the Three Pandemic Budgets Education, Health, and Nutrition",2022,10.31235/osf.io/47wkt,Economic and Political Weekly,journal,Pratap Chandra Mohanty,Humanities and Social Sciences,faculty_page,https://iitr.ac.in/Departments/Humanities%20and%20Social%20Sciences%20Department/People/Faculty/100773.html,high,IITR faculty profile page (structured publication list); joined IITR 2014; DOI added afterwards via Crossref exact-title lookup (year +-1)
Necessity or Opportunity Driven: Gender Differentials and Structural Changes of Proprietorship in the Indian Unorganized Enterprises,2023,,Global Business Review,journal,Pratap Chandra Mohanty,Humanities and Social Sciences,faculty_page,https://iitr.ac.in/Departments/Humanities%20and%20Social%20Sciences%20Department/People/Faculty/100773.html,high,IITR faculty profile page (structured publication list); joined IITR 2014
Health seeking behaviour during high health-risk period: A Bibliometric Analysis,2024,10.1080/17538157.2024.2412563,Informatics for Health and Social Care,journal,Pratap Chandra Mohanty,Humanities and Social Sciences,faculty_page,https://iitr.ac.in/Departments/Humanities%20and%20Social%20Sciences%20Department/People/Faculty/100773.html,high,IITR faculty profile page (structured publication list); joined IITR 2014
Preparation methods of membrane electrode assemblies for proton exchange membrane fuel cells and unitized regenerative fuel cells : A review,2020,10.1016/j.rser.2020.110286,Renewable and Sustainable Energy Reviews,journal,Amit Bhosale,Hydro and Renewable Energy,faculty_page,https://iitr.ac.in/Departments/Hydro%20and%20Renewable%20Energy%20Department/People/Faculty/100876.html,high,IITR faculty profile page (structured publication list); joined IITR 2020; DOI added afterwards via Crossref exact-title lookup (year +-1)
Performance Evaluation of a Cylindrical PEM Fuel Cell and the Stack,2021,10.2991/ahe.k.210202.019,14th International Renewable Energy Storage Conference 2020,conference,Amit Bhosale,Hydro and Renewable Energy,faculty_page,https://iitr.ac.in/Departments/Hydro%20and%20Renewable%20Energy%20Department/People/Faculty/100876.html,high,IITR faculty profile page (structured publication list); joined IITR 2020; DOI added afterwards via Crossref exact-title lookup (year +-1)
Performance parameters of lift-based vertical axis hydrokinetic turbines-A review,2022,10.1016/j.oceaneng.2022.113089,Ocean Engineering,journal,Amit Bhosale,Hydro and Renewable Energy,faculty_page,https://iitr.ac.in/Departments/Hydro%20and%20Renewable%20Energy%20Department/People/Faculty/100876.html,high,IITR faculty profile page (structured publication list); joined IITR 2020; DOI added afterwards via Crossref exact-title lookup (year +-1)
Prospects of solar-powered nitrogenous fertilizers,2023,10.1016/j.rser.2023.113691,Renewable and Sustainable Energy Reviews,journal,Amit Bhosale,Hydro and Renewable Energy,faculty_page,https://iitr.ac.in/Departments/Hydro%20and%20Renewable%20Energy%20Department/People/Faculty/100876.html,high,IITR faculty profile page (structured publication list); joined IITR 2020; DOI added afterwards via Crossref exact-title lookup (year +-1)
Effect of number of blades on performance and wake recovery for a vertical axis helical hydrokinetic turbine,2024,10.1016/j.energy.2024.131520,Energy,journal,Amit Bhosale,Hydro and Renewable Energy,faculty_page,https://iitr.ac.in/Departments/Hydro%20and%20Renewable%20Energy%20Department/People/Faculty/100876.html,high,IITR faculty profile page (structured publication list); joined IITR 2020; DOI added afterwards via Crossref exact-title lookup (year +-1)
Leveraging C2H4N3+CH3SO3 Ionic Liquid-Embedded MOF-808 and Biobased Vitamin E for Enhanced Performance and Oxidative Tolerance in Zero-Humidified PEMFCs,2025,10.1021/acsaem.4c02795,ACS Applied Energy Materials,journal,Amit Bhosale,Hydro and Renewable Energy,faculty_page,https://iitr.ac.in/Departments/Hydro%20and%20Renewable%20Energy%20Department/People/Faculty/100876.html,high,IITR faculty profile page (structured publication list); joined IITR 2020; DOI added afterwards via Crossref exact-title lookup (year +-1)
Enhancement in thermal performance of high-temperature electrochemical systems using hybrid nanofluids,2026,10.2139/ssrn.6557835,Applied Thermal Engineering,journal,Amit Bhosale,Hydro and Renewable Energy,faculty_page,https://iitr.ac.in/Departments/Hydro%20and%20Renewable%20Energy%20Department/People/Faculty/100876.html,high,IITR faculty profile page (structured publication list); joined IITR 2020; DOI added afterwards via Crossref exact-title lookup (year +-1)
Dynamic hosting capacity analysis for distributed photovoltaic resources-Framework and case study,2020,10.1016/j.apenergy.2020.115633,Applied Energy,journal,Himanshu Jain,Hydro and Renewable Energy,faculty_page,https://iitr.ac.in/Departments/Hydro%20and%20Renewable%20Energy%20Department/People/Faculty/100929.html,medium,IITR faculty profile page; IITR joining date not on page -> only 2020+ kept; DOI added afterwards via Crossref exact-title lookup (year +-1)
The Los Angeles 100% Renewable Energy Study (LA100): Executive Summary,2021,,National Renewable Energy Laboratory,journal,Himanshu Jain,Hydro and Renewable Energy,faculty_page,https://iitr.ac.in/Departments/Hydro%20and%20Renewable%20Energy%20Department/People/Faculty/100929.html,medium,IITR faculty profile page; IITR joining date not on page -> only 2020+ kept
Investigating Impact of Conservation Voltage Reduction (CVR) on Efficiency of Air-Conditioning and Refrigeration Loads,2022,,International Conference on Hydro and Renewable Energy,conference,Himanshu Jain,Hydro and Renewable Energy,faculty_page,https://iitr.ac.in/Departments/Hydro%20and%20Renewable%20Energy%20Department/People/Faculty/100929.html,medium,IITR faculty profile page; IITR joining date not on page -> only 2020+ kept
Implementing Grid Supportive Behavior in Induction Motor-Driven Loads Using Field Oriented Control,2023,10.1109/gtd49768.2023.00032,2023 IEEE PES GTD International Conference and Exposition (GTD),conference,Himanshu Jain,Hydro and Renewable Energy,faculty_page,https://iitr.ac.in/Departments/Hydro%20and%20Renewable%20Energy%20Department/People/Faculty/100929.html,medium,IITR faculty profile page; IITR joining date not on page -> only 2020+ kept; DOI added afterwards via Crossref exact-title lookup (year +-1)
TIMING & SYNCHRONIZATION OF HIERARCHICAL ENGINE FOR LARGE-SCALE INFRASTRUCTURE CO-SIMULATION (HELICS): A CASE STUDY,2024,,"Global Trends in Water Resources, Power & RE Sectors",journal,Himanshu Jain,Hydro and Renewable Energy,faculty_page,https://iitr.ac.in/Departments/Hydro%20and%20Renewable%20Energy%20Department/People/Faculty/100929.html,medium,IITR faculty profile page; IITR joining date not on page -> only 2020+ kept
Developing dynamic models of inverter-based motor loads using active probing-based system identification techniques,2025,10.1016/j.epsr.2025.111906,Electric Power Systems Research,journal,Himanshu Jain,Hydro and Renewable Energy,faculty_page,https://iitr.ac.in/Departments/Hydro%20and%20Renewable%20Energy%20Department/People/Faculty/100929.html,medium,IITR faculty profile page; IITR joining date not on page -> only 2020+ kept; DOI added afterwards via Crossref exact-title lookup (year +-1)
From challenges to solutions: Review and analysis of grid-supportive technologies in sustainable power systems,2026,10.1016/j.apenergy.2025.127111,Applied Energy,journal,Himanshu Jain,Hydro and Renewable Energy,faculty_page,https://iitr.ac.in/Departments/Hydro%20and%20Renewable%20Energy%20Department/People/Faculty/100929.html,medium,IITR faculty profile page; IITR joining date not on page -> only 2020+ kept; DOI added afterwards via Crossref exact-title lookup (year +-1)
Energy sufficiency aspirations of India and the role of renewable resources: Scenarios for future,2018,10.1016/j.rser.2017.06.083,Renewable and Sustainable Energy Reviews,journal,Rhythm Singh,Hydro and Renewable Energy,faculty_page,https://iitr.ac.in/Departments/Hydro%20and%20Renewable%20Energy%20Department/People/Faculty/100816.html,high,IITR faculty profile page (structured publication list); joined IITR 2018; DOI added afterwards via Crossref exact-title lookup (year +-1)
Approximate rooftop solar PV potential of Indian cities for high-level renewable power scenario planning,2020,10.1016/j.seta.2020.100850,Sustainable Energy Technologies and Assessments,journal,Rhythm Singh,Hydro and Renewable Energy,faculty_page,https://iitr.ac.in/Departments/Hydro%20and%20Renewable%20Energy%20Department/People/Faculty/100816.html,high,IITR faculty profile page (structured publication list); joined IITR 2018; DOI added afterwards via Crossref exact-title lookup (year +-1)
Solar-city plans with large-scale energy storage: Metrics to assess the ability to replace fossil-fuel based power,2021,10.1016/j.seta.2021.101065,Sustainable Energy Technologies and Assessments,journal,Rhythm Singh,Hydro and Renewable Energy,faculty_page,https://iitr.ac.in/Departments/Hydro%20and%20Renewable%20Energy%20Department/People/Faculty/100816.html,high,IITR faculty profile page (structured publication list); joined IITR 2018; DOI added afterwards via Crossref exact-title lookup (year +-1)
Study of hourly site-pair correlations of the clear-sky index and its predictor variables for long-term resource planning of solar cities,2022,10.1080/01430750.2022.2063182,International Journal of Ambient Energy,journal,Rhythm Singh,Hydro and Renewable Energy,faculty_page,https://iitr.ac.in/Departments/Hydro%20and%20Renewable%20Energy%20Department/People/Faculty/100816.html,high,IITR faculty profile page (structured publication list); joined IITR 2018; DOI added afterwards via Crossref exact-title lookup (year +-1)
Combining a deep learning model with multivariate empirical mode decomposition for hourly global horizontal irradiance forecasting,2023,10.1016/j.renene.2023.02.052,Renewable Energy,journal,Rhythm Singh,Hydro and Renewable Energy,faculty_page,https://iitr.ac.in/Departments/Hydro%20and%20Renewable%20Energy%20Department/People/Faculty/100816.html,high,IITR faculty profile page (structured publication list); joined IITR 2018; DOI added afterwards via Crossref exact-title lookup (year +-1)
EV adoption in India: barriers and policy solutions from manufacturers' and consumers' perspectives,2024,10.2139/ssrn.4367996,Energy for Sustainable Development,journal,Rhythm Singh,Hydro and Renewable Energy,faculty_page,https://iitr.ac.in/Departments/Hydro%20and%20Renewable%20Energy%20Department/People/Faculty/100816.html,high,IITR faculty profile page (structured publication list); joined IITR 2018; DOI added afterwards via Crossref exact-title lookup (year +-1)
Integrated life cycle assessment and techno-economic analysis of grid-scale energy storage alternatives for India,2025,10.1016/j.spc.2025.01.011,Sustainable Production and Consumption,journal,Rhythm Singh,Hydro and Renewable Energy,faculty_page,https://iitr.ac.in/Departments/Hydro%20and%20Renewable%20Energy%20Department/People/Faculty/100816.html,high,IITR faculty profile page (structured publication list); joined IITR 2018; DOI added afterwards via Crossref exact-title lookup (year +-1)
"Potential Impact of Climate Change on Rainfall Intensity-Duration-Frequency (IDF) Curves in Roorkee, India",2016,,Water Resources Management,journal,D.S. Arya,Hydrology,faculty_page,https://iitr.ac.in/Departments/Hydrology%20Department/People/Faculty/100320.html,high,IITR faculty profile page (structured publication list); joined IITR 1998
"Multi-stage resilience analysis of the nexus flood-sanitation-public health in urban environments: a theoretical framework,",2022,10.1080/1573062x.2022.2047737,Urban Water Journal,journal,D.S. Arya,Hydrology,faculty_page,https://iitr.ac.in/Departments/Hydrology%20Department/People/Faculty/100320.html,high,IITR faculty profile page (structured publication list); joined IITR 1998; DOI added afterwards via Crossref exact-title lookup (year +-1)
Spatio-Temporal Patterns of Precipitation in Arid and Semi-Arid Regions in Western India,2023,10.1007/s12040-023-02084-3,Journal of Earth System Science,journal,D.S. Arya,Hydrology,faculty_page,https://iitr.ac.in/Departments/Hydrology%20Department/People/Faculty/100320.html,high,IITR faculty profile page (structured publication list); joined IITR 1998; DOI added afterwards via Crossref exact-title lookup (year +-1)
"Analysis of hydrological responses using semi-distributed conceptual models in a mountainous catchment in the HKH region,",2024,,Hydrological Sciences Journal,journal,D.S. Arya,Hydrology,faculty_page,https://iitr.ac.in/Departments/Hydrology%20Department/People/Faculty/100320.html,high,IITR faculty profile page (structured publication list); joined IITR 1998
Data-driven approach to generate typical (test) reference year weather files for building energy simulations,2025,10.1016/j.jobe.2025.113218,Journal of Building Engineering,journal,D.S. Arya,Hydrology,faculty_page,https://iitr.ac.in/Departments/Hydrology%20Department/People/Faculty/100320.html,high,IITR faculty profile page (structured publication list); joined IITR 1998
"Event-based Extreme Precipitation Variability Analysis over a part of Hindu Kush Himalayan Region,",2023,,International Journal of Climatology,journal,D.S. Arya,Hydrology,faculty_page,https://iitr.ac.in/Departments/Hydrology%20Department/People/Faculty/100320.html,high,IITR faculty profile page (structured publication list); joined IITR 1998
"Disaggregation of Climatic Variables Using a Novel Stochastic Approach and its Application in Building Performance Simulation Studies,",2024,10.1080/19401493.2024.2427101,Journal of Building Performance Simulation,journal,D.S. Arya,Hydrology,faculty_page,https://iitr.ac.in/Departments/Hydrology%20Department/People/Faculty/100320.html,high,IITR faculty profile page (structured publication list); joined IITR 1998; DOI added afterwards via Crossref exact-title lookup (year +-1)
Control of membrane fouling by dissolved algal organic matter using pre-oxidation with coagulation as seawater pretreatment,2020,,Environmental Science: Water Research & Technology,journal,Bhaskar Jyoti Deka,Hydrology,faculty_page,https://iitr.ac.in/Departments/Hydrology%20Department/People/Faculty/100906.html,high,IITR faculty profile page (structured publication list); joined IITR 2020
PAA@ZIF-8 incorporated nanofibrous membrane for high-efficiency PM2.5 capture,2021,10.1016/j.cej.2020.126584,Chemical Engineering Journal,journal,Bhaskar Jyoti Deka,Hydrology,faculty_page,https://iitr.ac.in/Departments/Hydrology%20Department/People/Faculty/100906.html,high,IITR faculty profile page (structured publication list); joined IITR 2020; DOI added afterwards via Crossref exact-title lookup (year +-1)
Optimization of Polylactic acid-based Medical Textiles via Electrospinning for Healthcare Apparel and Personal Protective Equipment,2022,10.1016/j.scp.2022.100891,Sustainable Chemistry and Pharmacy,journal,Bhaskar Jyoti Deka,Hydrology,faculty_page,https://iitr.ac.in/Departments/Hydrology%20Department/People/Faculty/100906.html,high,IITR faculty profile page (structured publication list); joined IITR 2020; DOI added afterwards via Crossref exact-title lookup (year +-1)
"Electrical impedance spectroscopy for non-destructive detection of wetting, fouling and scaling in membrane distillation",2023,10.2139/ssrn.4227797,Journal of Water Process Engineering,journal,Bhaskar Jyoti Deka,Hydrology,faculty_page,https://iitr.ac.in/Departments/Hydrology%20Department/People/Faculty/100906.html,high,IITR faculty profile page (structured publication list); joined IITR 2020; DOI added afterwards via Crossref exact-title lookup (year +-1)
Evaluating and predicting surfactant-induced hydrophilization of pore channels in membrane distillation,2024,10.1016/j.memsci.2023.122242,Journal of Membrane Science,journal,Bhaskar Jyoti Deka,Hydrology,faculty_page,https://iitr.ac.in/Departments/Hydrology%20Department/People/Faculty/100906.html,high,IITR faculty profile page (structured publication list); joined IITR 2020; DOI added afterwards via Crossref exact-title lookup (year +-1)
Fabrication of multilayer superhydrophobic and biodegradable filters through electrospinning and electrospraying of PHA-SiO2 biopolymer composites,2025,10.1016/j.cej.2025.162466,Chemical Engineering Journal,journal,Bhaskar Jyoti Deka,Hydrology,faculty_page,https://iitr.ac.in/Departments/Hydrology%20Department/People/Faculty/100906.html,high,IITR faculty profile page (structured publication list); joined IITR 2020; DOI added afterwards via Crossref exact-title lookup (year +-1)
Enhancing high-temperature fuel cell performance: The impact of silicotungstic acid on phosphoric acid-doped polyether sulfone-polyvinylpyrrolidone membranes,2026,10.1016/j.jpowsour.2026.239466,Journal of Power Sources,journal,Bhaskar Jyoti Deka,Hydrology,faculty_page,https://iitr.ac.in/Departments/Hydrology%20Department/People/Faculty/100906.html,high,IITR faculty profile page (structured publication list); joined IITR 2020; DOI added afterwards via Crossref exact-title lookup (year +-1)
Healthcare waste management: an interpretive structural modeling approach,2016,10.1108/ijhcqa-02-2016-0010,"International journal of health care quality assurance,Q3",journal,Ramesh Anbanandam,Management Studies,faculty_page,https://iitr.ac.in/Departments/Management%20Studies%20Department/People/Faculty/100595.html,high,IITR faculty profile page (structured publication list); joined IITR 2012; DOI added afterwards via Crossref exact-title lookup (year +-1)
Quality assessment of academic websites using structured equation modelling,2017,10.1504/ijmie.2017.083357,"International Journal of Management in Education,Q1",journal,Ramesh Anbanandam,Management Studies,faculty_page,https://iitr.ac.in/Departments/Management%20Studies%20Department/People/Faculty/100595.html,high,IITR faculty profile page (structured publication list); joined IITR 2012; DOI added afterwards via Crossref exact-title lookup (year +-1)
Analysis and prioritisation of risks in a reverse logistics network using hybrid multi-criteria decision making methods,2018,10.1016/j.jclepro.2017.12.095,"Journal of Cleaner Production,ABDC-A,Q1",journal,Ramesh Anbanandam,Management Studies,faculty_page,https://iitr.ac.in/Departments/Management%20Studies%20Department/People/Faculty/100595.html,high,IITR faculty profile page (structured publication list); joined IITR 2012; DOI added afterwards via Crossref exact-title lookup (year +-1)
Impact of risk management culture on supply chain resilience: An empirical study from Indian manufacturing industry. Proceedings of the Institution of Mechanical Engineers,2019,,"Journal of Risk and Reliability,Q2",journal,Ramesh Anbanandam,Management Studies,faculty_page,https://iitr.ac.in/Departments/Management%20Studies%20Department/People/Faculty/100595.html,high,IITR faculty profile page (structured publication list); joined IITR 2012
Routing vehicles through the cross-docking facility for third-party logistics service providers,2020,,"International Journal of Operational Research,Q3",journal,Ramesh Anbanandam,Management Studies,faculty_page,https://iitr.ac.in/Departments/Management%20Studies%20Department/People/Faculty/100595.html,high,IITR faculty profile page (structured publication list); joined IITR 2012
Impact of Mobility Culture and Population Size on Urban Transportation System Performance in Indian Cities,2021,,Urban Transport Journal,journal,Ramesh Anbanandam,Management Studies,faculty_page,https://iitr.ac.in/Departments/Management%20Studies%20Department/People/Faculty/100595.html,high,IITR faculty profile page (structured publication list); joined IITR 2012
A Fuzzy Analytic Hierarchy Process and VIKOR Framework for Evaluation and Selection of Electric Vehicle Charging Technology for India,2022,10.1007/s40890-022-00150-x,Transportation in Developing Economies,journal,Ramesh Anbanandam,Management Studies,faculty_page,https://iitr.ac.in/Departments/Management%20Studies%20Department/People/Faculty/100595.html,high,IITR faculty profile page (structured publication list); joined IITR 2012; DOI added afterwards via Crossref exact-title lookup (year +-1)
Domestic and international CO2 source-sink matching for decarbonizing India’s electricity,2021,10.1016/j.resconrec.2021.105824,Resour. Conserv. Recycl.,journal,Tarun Sharma,Management Studies,faculty_page,https://iitr.ac.in/Departments/Management%20Studies%20Department/People/Faculty/100926.html,high,IITR faculty profile page (structured publication list); joined IITR 2021; DOI added afterwards via Crossref exact-title lookup (year +-1)
Explaining expedited energy transition toward renewables by COVID-19 in India,2022,10.1016/j.enpol.2022.112986,Energy Policy,journal,Tarun Sharma,Management Studies,faculty_page,https://iitr.ac.in/Departments/Management%20Studies%20Department/People/Faculty/100926.html,high,IITR faculty profile page (structured publication list); joined IITR 2021; DOI added afterwards via Crossref exact-title lookup (year +-1)
Market instrument for the first fuel and its role in decarbonizing Indian industrial production,2024,10.1016/j.enpol.2024.114139,Energy Policy,journal,Tarun Sharma,Management Studies,faculty_page,https://iitr.ac.in/Departments/Management%20Studies%20Department/People/Faculty/100926.html,high,IITR faculty profile page (structured publication list); joined IITR 2021; DOI added afterwards via Crossref exact-title lookup (year +-1)
Indian power sector decarbonization: Net-zero by 2050 or 2070,2025,10.1016/j.esd.2024.101637,Energy for Sustainable Development,journal,Tarun Sharma,Management Studies,faculty_page,https://iitr.ac.in/Departments/Management%20Studies%20Department/People/Faculty/100926.html,high,IITR faculty profile page (structured publication list); joined IITR 2021; DOI added afterwards via Crossref exact-title lookup (year +-1)
"Integrated Energy System Modelling Perspectives for Future Decarbonization Pathways Based on Sector Coupling, Life-cycle Emissions and Vehicle-to-grid Integration",2025,,Renewable and Sustainable Energy Reviews,journal,Tarun Sharma,Management Studies,faculty_page,https://iitr.ac.in/Departments/Management%20Studies%20Department/People/Faculty/100926.html,high,IITR faculty profile page (structured publication list); joined IITR 2021
Affirmative action and government initiatives to improve gender equality in India: a retrospective view,2024,10.1108/edi-03-2021-0086,"Equality, diversity and inclusion: An international journal",journal,Usha Lenka,Management Studies,faculty_page,https://iitr.ac.in/Departments/Management%20Studies%20Department/People/Faculty/100555.html,high,IITR faculty profile page (structured publication list); joined IITR 2010; DOI added afterwards via Crossref exact-title lookup (year +-1)
Enhancing human capital for Industry 4.0: A case of Indian Manufacturing Sector,2025,10.1108/jic-09-2024-0268,Journal of Intellectual Capital,journal,Usha Lenka,Management Studies,faculty_page,https://iitr.ac.in/Departments/Management%20Studies%20Department/People/Faculty/100555.html,high,IITR faculty profile page (structured publication list); joined IITR 2010; DOI added afterwards via Crossref exact-title lookup (year +-1)
A Bibliometric Overview of Research on the Glass Ceiling for Women,2024,10.1007/s11301-024-00457-6,Management Review Quarterly,journal,Usha Lenka,Management Studies,faculty_page,https://iitr.ac.in/Departments/Management%20Studies%20Department/People/Faculty/100555.html,high,IITR faculty profile page (structured publication list); joined IITR 2010; DOI added afterwards via Crossref exact-title lookup (year +-1)
Supporting the differently abled bibliometric review of two decades of research on disability inclusion in the workplace,2025,10.1080/1034912x.2025.2482688,"International Journal of Disability, Development and Education 2023",journal,Usha Lenka,Management Studies,faculty_page,https://iitr.ac.in/Departments/Management%20Studies%20Department/People/Faculty/100555.html,high,IITR faculty profile page (structured publication list); joined IITR 2010; DOI added afterwards via Crossref exact-title lookup (year +-1)
Strategies for gender inclusion in organizations,2024,10.1108/shr-10-2024-0085,Strategic HR Review,journal,Usha Lenka,Management Studies,faculty_page,https://iitr.ac.in/Departments/Management%20Studies%20Department/People/Faculty/100555.html,high,IITR faculty profile page (structured publication list); joined IITR 2010; DOI added afterwards via Crossref exact-title lookup (year +-1)
An Integrated framework for behavioural change to reduce gender gaps in leadership,2025,10.1108/shr-12-2024-0098,Strategic HR Review,journal,Usha Lenka,Management Studies,faculty_page,https://iitr.ac.in/Departments/Management%20Studies%20Department/People/Faculty/100555.html,high,IITR faculty profile page (structured publication list); joined IITR 2010; DOI added afterwards via Crossref exact-title lookup (year +-1)
Unlocking the Potential: Redefining Talent and Competency Mapping for Industry 4.0,2024,10.1108/mrr-07-2023-0496,Management Research Review,journal,Usha Lenka,Management Studies,faculty_page,https://iitr.ac.in/Departments/Management%20Studies%20Department/People/Faculty/100555.html,high,IITR faculty profile page (structured publication list); joined IITR 2010; DOI added afterwards via Crossref exact-title lookup (year +-1)
Well-posedness and tamed Euler schemes for McKean--Vlasov equations driven by Levy noise,2020,,Preprint,journal,Chaman Kumar,Mathematics,faculty_page,https://iitr.ac.in/Departments/Mathematics%20Department/People/Faculty/100781.html,medium,IITR faculty profile page; IITR joining date not on page -> only 2020+ kept
On Explicit Milstein-type Scheme for Mckean--Vlasov Stochastic Differential Equations with Super-linear Drift Coefficient,2021,10.1214/21-ejp676,Electronic Journal of Probability,journal,Chaman Kumar,Mathematics,faculty_page,https://iitr.ac.in/Departments/Mathematics%20Department/People/Faculty/100781.html,medium,IITR faculty profile page; IITR joining date not on page -> only 2020+ kept; DOI added afterwards via Crossref exact-title lookup (year +-1)
Well-posedness and tamed schemes for McKean{Vlasov Equations with Common Noise,2022,10.1214/21-aap1760,Annals of Applied Probability,journal,Chaman Kumar,Mathematics,faculty_page,https://iitr.ac.in/Departments/Mathematics%20Department/People/Faculty/100781.html,medium,IITR faculty profile page; IITR joining date not on page -> only 2020+ kept; DOI added afterwards via Crossref exact-title lookup (year +-1)
Tamed Explicit Scheme of Order 2.0 for Stochastic Differential Equations with Super-linear Drift and Diffusion Coefficients,2023,,preprint,journal,Chaman Kumar,Mathematics,faculty_page,https://iitr.ac.in/Departments/Mathematics%20Department/People/Faculty/100781.html,medium,IITR faculty profile page; IITR joining date not on page -> only 2020+ kept
Milstein Scheme for Stochastic Differential Equation with Markovian Switching and L\'evy Noise,2024,10.1016/j.jmaa.2024.128175,Journal of Mathematical Analysis and Applications,journal,Chaman Kumar,Mathematics,faculty_page,https://iitr.ac.in/Departments/Mathematics%20Department/People/Faculty/100781.html,medium,IITR faculty profile page; IITR joining date not on page -> only 2020+ kept; DOI added afterwards via Crossref exact-title lookup (year +-1)
On explicit tamed Milstein-type scheme for stochastic differential equation with Markovian switching,2020,10.1016/j.cam.2020.112917,Journal of Computational and Applied Mathematics,journal,Chaman Kumar,Mathematics,faculty_page,https://iitr.ac.in/Departments/Mathematics%20Department/People/Faculty/100781.html,medium,IITR faculty profile page; IITR joining date not on page -> only 2020+ kept; DOI added afterwards via Crossref exact-title lookup (year +-1)
A Note on Explicit Milstein-Type Scheme for Stochastic Differential Equation with Markovian Switching,2021,10.1016/j.cam.2021.113594,Journal of Computational and Applied Mathematics,journal,Chaman Kumar,Mathematics,faculty_page,https://iitr.ac.in/Departments/Mathematics%20Department/People/Faculty/100781.html,medium,IITR faculty profile page; IITR joining date not on page -> only 2020+ kept; DOI added afterwards via Crossref exact-title lookup (year +-1)
A novel Random Walk Grey Wolf Optimizer,2019,10.1016/j.swevo.2018.01.001,Swarm and Evolutionary Computation,journal,Kusum Deep,Mathematics,faculty_page,https://iitr.ac.in/Departments/Mathematics%20Department/People/Faculty/100236.html,high,IITR faculty profile page (structured publication list); joined IITR 1996; DOI added afterwards via Crossref exact-title lookup (year +-1)
A Modified Sine Cosine Algorithm with Novel Transition Parameter and Mutation Operator for Global Optimization,2020,10.1016/j.eswa.2020.113395,Expert Systems with Applications,journal,Kusum Deep,Mathematics,faculty_page,https://iitr.ac.in/Departments/Mathematics%20Department/People/Faculty/100236.html,high,IITR faculty profile page (structured publication list); joined IITR 1996; DOI added afterwards via Crossref exact-title lookup (year +-1)
Transformation Operators based Grey Wolf Optimizer for Travelling Salesman Problem,2021,10.1016/j.jocs.2021.101454,Journal of Computational Science,journal,Kusum Deep,Mathematics,faculty_page,https://iitr.ac.in/Departments/Mathematics%20Department/People/Faculty/100236.html,high,IITR faculty profile page (structured publication list); joined IITR 1996; DOI added afterwards via Crossref exact-title lookup (year +-1)
A Random Walk Grey Wolf Optimizer based on dispersion factor for feature selection on Chronic Disease Prediction,2022,10.1016/j.eswa.2022.117864,Expert Systems with Applications,journal,Kusum Deep,Mathematics,faculty_page,https://iitr.ac.in/Departments/Mathematics%20Department/People/Faculty/100236.html,high,IITR faculty profile page (structured publication list); joined IITR 1996; DOI added afterwards via Crossref exact-title lookup (year +-1)
Biogeography Based Optimization with Salp Swarm optimizer inspired operator for solving non-linear continuous optimization problems,2023,10.1016/j.aej.2023.04.054,Alexandria Engineering Journal,journal,Kusum Deep,Mathematics,faculty_page,https://iitr.ac.in/Departments/Mathematics%20Department/People/Faculty/100236.html,high,IITR faculty profile page (structured publication list); joined IITR 1996; DOI added afterwards via Crossref exact-title lookup (year +-1)
Enhanced leadership-inspired grey wolf optimizer for global optimization problems,2019,10.1007/s00366-019-00795-0,Engineering with Computers,journal,Kusum Deep,Mathematics,faculty_page,https://iitr.ac.in/Departments/Mathematics%20Department/People/Faculty/100236.html,high,IITR faculty profile page (structured publication list); joined IITR 1996; DOI added afterwards via Crossref exact-title lookup (year +-1)
A novel hybrid sine cosine algorithm for global optimization and its application to train multilayer perceptron,2020,,Applied Intelligence,journal,Kusum Deep,Mathematics,faculty_page,https://iitr.ac.in/Departments/Mathematics%20Department/People/Faculty/100236.html,high,IITR faculty profile page (structured publication list); joined IITR 1996
A note on strong duality theorem for a multiobjective higher order nondifferentiable symmetric dual programs,2016,10.1007/s12597-015-0221-x,OPSEARCH,journal,Shiv Kumar Gupta,Mathematics,faculty_page,https://iitr.ac.in/Departments/Mathematics%20Department/People/Faculty/100614.html,high,IITR faculty profile page (structured publication list); joined IITR 2012; DOI added afterwards via Crossref exact-title lookup (year +-1)
Duality for the class of a multiobjective problem with support functions under K-Gf-invexity,2017,,Bulletin of the Iranian Mathematical Society,journal,Shiv Kumar Gupta,Mathematics,faculty_page,https://iitr.ac.in/Departments/Mathematics%20Department/People/Faculty/100614.html,high,IITR faculty profile page (structured publication list); joined IITR 2012
Duality in nonlinear programming problems under fuzzy environment with exponential membership functions,2018,10.1186/s13660-018-1812-x,Journal of Inequalities and Applications,journal,Shiv Kumar Gupta,Mathematics,faculty_page,https://iitr.ac.in/Departments/Mathematics%20Department/People/Faculty/100614.html,high,IITR faculty profile page (structured publication list); joined IITR 2012; DOI added afterwards via Crossref exact-title lookup (year +-1)
Methods to solve QPPs with fuzzy parameters and fuzzy variables,2019,10.3233/jifs-18692,Journal of Intelligent & Fuzzy Systems,journal,Shiv Kumar Gupta,Mathematics,faculty_page,https://iitr.ac.in/Departments/Mathematics%20Department/People/Faculty/100614.html,high,IITR faculty profile page (structured publication list); joined IITR 2012; DOI added afterwards via Crossref exact-title lookup (year +-1)
The Karush-Kuhn-Tucker conditions for multiple objective fractional interval valued optimization problems,2020,10.1051/ro/2019055,RAIRO-Operations Research,journal,Shiv Kumar Gupta,Mathematics,faculty_page,https://iitr.ac.in/Departments/Mathematics%20Department/People/Faculty/100614.html,high,IITR faculty profile page (structured publication list); joined IITR 2012; DOI added afterwards via Crossref exact-title lookup (year +-1)
On inexact quadratic programming problems involving mixed terms with an application to tea industry,2021,10.1016/j.cie.2021.107264,Computers and Industrial Engineering,journal,Shiv Kumar Gupta,Mathematics,faculty_page,https://iitr.ac.in/Departments/Mathematics%20Department/People/Faculty/100614.html,high,IITR faculty profile page (structured publication list); joined IITR 2012; DOI added afterwards via Crossref exact-title lookup (year +-1)
Model for transmission and optimal control of anthrax involving human and animal population,2022,10.1142/s0218339022500218,Journal of Biological Systems,journal,Shiv Kumar Gupta,Mathematics,faculty_page,https://iitr.ac.in/Departments/Mathematics%20Department/People/Faculty/100614.html,high,IITR faculty profile page (structured publication list); joined IITR 2012; DOI added afterwards via Crossref exact-title lookup (year +-1)
“Investigation of microstructural and mechanical properties of Al alloy 7075-T6/B4C nanocomposite concocted via Friction stir process,2022,10.1016/j.ceramint.2022.06.212,Ceramics International,journal,Kaushik Pal,Mechanical and Industrial Engineering,faculty_page,https://iitr.ac.in/Departments/Mechanical%20and%20Industrial%20Engineering%20Department/People/Faculty/100592.html,high,IITR faculty profile page (structured publication list); joined IITR 2012; DOI added afterwards via Crossref exact-title lookup (year +-1)
"Microstructural understanding of hydroxyapatite addition on age hardening, internal friction, mechanical and electrochemical response of resorbable magnesium alloys with good cytocompatibility",2023,,ACS Biomaterials Science & Engineering,journal,Kaushik Pal,Mechanical and Industrial Engineering,faculty_page,https://iitr.ac.in/Departments/Mechanical%20and%20Industrial%20Engineering%20Department/People/Faculty/100592.html,high,IITR faculty profile page (structured publication list); joined IITR 2012
Biosynthesis of folic acid appended PHBV modified copper oxide nanorods for pH sensitive drug release in targeted breast cancer therapy,2022,10.1016/j.ijpharm.2022.121831,International Journal of Pharmaceutics,journal,Kaushik Pal,Mechanical and Industrial Engineering,faculty_page,https://iitr.ac.in/Departments/Mechanical%20and%20Industrial%20Engineering%20Department/People/Faculty/100592.html,high,IITR faculty profile page (structured publication list); joined IITR 2012; DOI added afterwards via Crossref exact-title lookup (year +-1)
Exploration of Polydopamine Capped Bimetallic Oxide (CuO-NiO) Nanoparticles Inspired by Mussels for Enhanced and Targeted Paclitaxel Delivery for Synergistic Breast Cancer Therapy,2023,10.1016/j.apsusc.2023.157266,Applied Surface Science,journal,Kaushik Pal,Mechanical and Industrial Engineering,faculty_page,https://iitr.ac.in/Departments/Mechanical%20and%20Industrial%20Engineering%20Department/People/Faculty/100592.html,high,IITR faculty profile page (structured publication list); joined IITR 2012; DOI added afterwards via Crossref exact-title lookup (year +-1)
Experimental and numerical investigation on ZnP coated Mg-Mn based composite materials for internal fixation of tibia midshaft fracture: A comprehensive study,2022,10.1016/j.surfcoat.2022.128785,Surface and Coatings Technology,journal,Kaushik Pal,Mechanical and Industrial Engineering,faculty_page,https://iitr.ac.in/Departments/Mechanical%20and%20Industrial%20Engineering%20Department/People/Faculty/100592.html,high,IITR faculty profile page (structured publication list); joined IITR 2012; DOI added afterwards via Crossref exact-title lookup (year +-1)
Folic acid adorned alginate-polydopamine modified paclitaxel/Zn-CuO nanocomplex for pH triggered drug release and synergistic antitumor efficacy,2023,10.1016/j.ijbiomac.2023.123602,International Journal of Biological Macromolecules,journal,Kaushik Pal,Mechanical and Industrial Engineering,faculty_page,https://iitr.ac.in/Departments/Mechanical%20and%20Industrial%20Engineering%20Department/People/Faculty/100592.html,high,IITR faculty profile page (structured publication list); joined IITR 2012; DOI added afterwards via Crossref exact-title lookup (year +-1)
Solution processed Cu:SnO2 as an efficient electron transport layer for fabrication of low temperature planar perovskite solar cell under ambient conditions,2022,10.1109/jphotov.2022.3162340,IEEE Journal of Photovoltaics,journal,Kaushik Pal,Mechanical and Industrial Engineering,faculty_page,https://iitr.ac.in/Departments/Mechanical%20and%20Industrial%20Engineering%20Department/People/Faculty/100592.html,high,IITR faculty profile page (structured publication list); joined IITR 2012; DOI added afterwards via Crossref exact-title lookup (year +-1)
Experimental investigation of flow over a transversely oscillating square cylinder at intermediate Reynolds number,2016,10.1115/1.4031878,ASME Journal of Fluid Engg,journal,Sushanta Dutta,Mechanical and Industrial Engineering,faculty_page,https://iitr.ac.in/Departments/Mechanical%20and%20Industrial%20Engineering%20Department/People/Faculty/100513.html,high,IITR faculty profile page (structured publication list); joined IITR 2008; DOI added afterwards via Crossref exact-title lookup (year +-1)
Wake flow modification behind a square cylinder using control rods,2018,10.1016/j.jweia.2018.12.002,Journal of Wind Engg & Industrial Aerodynamics,journal,Sushanta Dutta,Mechanical and Industrial Engineering,faculty_page,https://iitr.ac.in/Departments/Mechanical%20and%20Industrial%20Engineering%20Department/People/Faculty/100513.html,high,IITR faculty profile page (structured publication list); joined IITR 2008; DOI added afterwards via Crossref exact-title lookup (year +-1)
Flow around three side by side square cylinders and the effect of the cylinder oscillation,2019,10.1115/1.4045206,ASME Journal of Fluid Engg,journal,Sushanta Dutta,Mechanical and Industrial Engineering,faculty_page,https://iitr.ac.in/Departments/Mechanical%20and%20Industrial%20Engineering%20Department/People/Faculty/100513.html,high,IITR faculty profile page (structured publication list); joined IITR 2008; DOI added afterwards via Crossref exact-title lookup (year +-1)
Flow control over a square cylinder using attached rigid and flexible foil at intermediate flow regime,2020,,Physics of Fluids,journal,Sushanta Dutta,Mechanical and Industrial Engineering,faculty_page,https://iitr.ac.in/Departments/Mechanical%20and%20Industrial%20Engineering%20Department/People/Faculty/100513.html,high,IITR faculty profile page (structured publication list); joined IITR 2008
Influence of length and effective stiffness of an attached flexible foil for flow over a square cylinder,2021,10.1016/j.jfluidstructs.2021.103298,Journal of Fluids and Structures,journal,Sushanta Dutta,Mechanical and Industrial Engineering,faculty_page,https://iitr.ac.in/Departments/Mechanical%20and%20Industrial%20Engineering%20Department/People/Faculty/100513.html,high,IITR faculty profile page (structured publication list); joined IITR 2008; DOI added afterwards via Crossref exact-title lookup (year +-1)
Effects of the synthetic jet on the flow field and heat transfer over a surface-mounted square rib,2022,10.1016/j.expthermflusci.2022.110708,Exp. Thermal Fluid Science,journal,Sushanta Dutta,Mechanical and Industrial Engineering,faculty_page,https://iitr.ac.in/Departments/Mechanical%20and%20Industrial%20Engineering%20Department/People/Faculty/100513.html,high,IITR faculty profile page (structured publication list); joined IITR 2008; DOI added afterwards via Crossref exact-title lookup (year +-1)
Experimental and Numerical Investigation of Bio-Inspired Riblet for drag reduction,2023,10.1115/1.4056185,Journal of Fluid Engg,journal,Sushanta Dutta,Mechanical and Industrial Engineering,faculty_page,https://iitr.ac.in/Departments/Mechanical%20and%20Industrial%20Engineering%20Department/People/Faculty/100513.html,high,IITR faculty profile page (structured publication list); joined IITR 2008; DOI added afterwards via Crossref exact-title lookup (year +-1)
A numerical model for conceptualization of airbag,2016,,SAE Technical Paper,journal,Abinash Kumar Swain,Mechanical and Industrial Engineering,faculty_page,https://iitr.ac.in/Departments/Mechanical%20and%20Industrial%20Engineering%20Department/People/Faculty/100640.html,high,IITR faculty profile page (structured publication list); joined IITR 2013
Investigation of the vehicle restraint system in a frontal impact,2017,10.1080/13588265.2017.1301071,International journal of crashworthiness,journal,Abinash Kumar Swain,Mechanical and Industrial Engineering,faculty_page,https://iitr.ac.in/Departments/Mechanical%20and%20Industrial%20Engineering%20Department/People/Faculty/100640.html,high,IITR faculty profile page (structured publication list); joined IITR 2013; DOI added afterwards via Crossref exact-title lookup (year +-1)
A novel approach to recognize interacting features for manufacturability evaluation of prismatic parts with orthogonal features,2019,10.1007/s00170-019-04073-7,International Journal of Advanced Manufacturing Technology,journal,Abinash Kumar Swain,Mechanical and Industrial Engineering,faculty_page,https://iitr.ac.in/Departments/Mechanical%20and%20Industrial%20Engineering%20Department/People/Faculty/100640.html,high,IITR faculty profile page (structured publication list); joined IITR 2013; DOI added afterwards via Crossref exact-title lookup (year +-1)
An ontology-based modelling and reasoning framework for assembly process selection,2022,10.1007/s00170-022-09002-9,International Journal of Advanced Manufacturing Technology,journal,Abinash Kumar Swain,Mechanical and Industrial Engineering,faculty_page,https://iitr.ac.in/Departments/Mechanical%20and%20Industrial%20Engineering%20Department/People/Faculty/100640.html,high,IITR faculty profile page (structured publication list); joined IITR 2013; DOI added afterwards via Crossref exact-title lookup (year +-1)
A C1 continuous multi-patch framework for adaptive isogeometric topology optimization of plate structures,2024,10.1016/j.cma.2024.117132,Computer Methods in Applied Mechanics and Engineering,journal,Abinash Kumar Swain,Mechanical and Industrial Engineering,faculty_page,https://iitr.ac.in/Departments/Mechanical%20and%20Industrial%20Engineering%20Department/People/Faculty/100640.html,high,IITR faculty profile page (structured publication list); joined IITR 2013; DOI added afterwards via Crossref exact-title lookup (year +-1)
Computational analysis and optimization of foam-filled honeycomb core sandwich structure under air blast loading,2025,10.1177/10996362251317109,Journal of Sandwich Structures & Materials,journal,Abinash Kumar Swain,Mechanical and Industrial Engineering,faculty_page,https://iitr.ac.in/Departments/Mechanical%20and%20Industrial%20Engineering%20Department/People/Faculty/100640.html,high,IITR faculty profile page (structured publication list); joined IITR 2013; DOI added afterwards via Crossref exact-title lookup (year +-1)
Microstructural evolution of as-cast Th–U alloys,2016,10.1016/j.pnucene.2016.01.003,Progress in Nuclear Energy,journal,B.S. Sundar Daniel,Metallurgical and Materials Engineering,faculty_page,https://iitr.ac.in/Departments/Metallurgical%20and%20Materials%20Engineering%20Department/People/Faculty/100399.html,high,IITR faculty profile page (structured publication list); joined IITR 2014; DOI added afterwards via Crossref exact-title lookup (year +-1)
Impression creep behaviour of ultrasonically processed in-situ Al3Ti reinforced aluminium composite,2018,10.1016/j.msea.2018.07.017,Materials Science and Engineering A,journal,B.S. Sundar Daniel,Metallurgical and Materials Engineering,faculty_page,https://iitr.ac.in/Departments/Metallurgical%20and%20Materials%20Engineering%20Department/People/Faculty/100399.html,high,IITR faculty profile page (structured publication list); joined IITR 2014; DOI added afterwards via Crossref exact-title lookup (year +-1)
Physical Simulation and Processing Map of Aluminum 7068 Alloy,2019,10.1520/mpc20190018,Materials Performance and Characterization,journal,B.S. Sundar Daniel,Metallurgical and Materials Engineering,faculty_page,https://iitr.ac.in/Departments/Metallurgical%20and%20Materials%20Engineering%20Department/People/Faculty/100399.html,high,IITR faculty profile page (structured publication list); joined IITR 2014; DOI added afterwards via Crossref exact-title lookup (year +-1)
Impression creep behaviour of ultrasonically processed in-situ Al3Zr-Al alloy composite in as-cast condition,2020,10.1016/j.matchar.2020.110594,Materials Characterization,journal,B.S. Sundar Daniel,Metallurgical and Materials Engineering,faculty_page,https://iitr.ac.in/Departments/Metallurgical%20and%20Materials%20Engineering%20Department/People/Faculty/100399.html,high,IITR faculty profile page (structured publication list); joined IITR 2014; DOI added afterwards via Crossref exact-title lookup (year +-1)
Strengthening Mechanisms in Al3Zr-Reinforced Aluminum Composite Prepared by Ultrasonic Assisted Casting,2021,10.1007/s11665-021-05558-x,Journal of Materials Engineering and Performance,journal,B.S. Sundar Daniel,Metallurgical and Materials Engineering,faculty_page,https://iitr.ac.in/Departments/Metallurgical%20and%20Materials%20Engineering%20Department/People/Faculty/100399.html,high,IITR faculty profile page (structured publication list); joined IITR 2014; DOI added afterwards via Crossref exact-title lookup (year +-1)
"Characterization of microstructural, mechanical and thermophysical properties of Th-52U alloy",2016,10.1016/j.jnucmat.2016.08.021,Journal of Nuclear Materials,journal,B.S. Sundar Daniel,Metallurgical and Materials Engineering,faculty_page,https://iitr.ac.in/Departments/Metallurgical%20and%20Materials%20Engineering%20Department/People/Faculty/100399.html,high,IITR faculty profile page (structured publication list); joined IITR 2014; DOI added afterwards via Crossref exact-title lookup (year +-1)
Strengthening mechanisms in ultrasonically processed aluminium matrix composite with in-situ Al3Ti by salt addition,2018,10.1016/j.compositesb.2017.12.005,Composites Part B-Engineering,journal,B.S. Sundar Daniel,Metallurgical and Materials Engineering,faculty_page,https://iitr.ac.in/Departments/Metallurgical%20and%20Materials%20Engineering%20Department/People/Faculty/100399.html,high,IITR faculty profile page (structured publication list); joined IITR 2014; DOI added afterwards via Crossref exact-title lookup (year +-1)
Mechanical properties of bainitic steel producible by hot rolling,2017,,Archives for Metallurgy and Materials,journal,Sourav Das,Metallurgical and Materials Engineering,faculty_page,https://iitr.ac.in/Departments/Metallurgical%20and%20Materials%20Engineering%20Department/People/Faculty/100737.html,high,IITR faculty profile page (structured publication list); joined IITR 2015
Surface hardening by in-situ grown composite layer on Microalloyed steel employing TIG arcing process,2018,10.1016/j.surfcoat.2018.08.009,Surface and Coatings Technology,journal,Sourav Das,Metallurgical and Materials Engineering,faculty_page,https://iitr.ac.in/Departments/Metallurgical%20and%20Materials%20Engineering%20Department/People/Faculty/100737.html,high,IITR faculty profile page (structured publication list); joined IITR 2015; DOI added afterwards via Crossref exact-title lookup (year +-1)
Simulated stress induced sensitization study for HAZ of 304 LN stainless steel weld using a thermo-mechanical simulator,2019,,Metallurgical and Materials Transactions A,journal,Sourav Das,Metallurgical and Materials Engineering,faculty_page,https://iitr.ac.in/Departments/Metallurgical%20and%20Materials%20Engineering%20Department/People/Faculty/100737.html,high,IITR faculty profile page (structured publication list); joined IITR 2015
A novel approach to synthesize surface composite by in-situ grown VC reinforcement in steel matrix via TIG arcing,2020,10.1016/j.surfcoat.2020.126129,Surface and Coatings Technology,journal,Sourav Das,Metallurgical and Materials Engineering,faculty_page,https://iitr.ac.in/Departments/Metallurgical%20and%20Materials%20Engineering%20Department/People/Faculty/100737.html,high,IITR faculty profile page (structured publication list); joined IITR 2015; DOI added afterwards via Crossref exact-title lookup (year +-1)
Surface modification of AISI 8620 steel by in-situ grown TiC particle using TIG arcing,2021,10.1016/j.surfcoat.2020.126533,Surface and Coatings Technology,journal,Sourav Das,Metallurgical and Materials Engineering,faculty_page,https://iitr.ac.in/Departments/Metallurgical%20and%20Materials%20Engineering%20Department/People/Faculty/100737.html,high,IITR faculty profile page (structured publication list); joined IITR 2015; DOI added afterwards via Crossref exact-title lookup (year +-1)
Surface modification by in-situ grown TiC in bainitic matrix using TIG arcing,2022,,Materials Science and Technology,journal,Sourav Das,Metallurgical and Materials Engineering,faculty_page,https://iitr.ac.in/Departments/Metallurgical%20and%20Materials%20Engineering%20Department/People/Faculty/100737.html,high,IITR faculty profile page (structured publication list); joined IITR 2015
"Origins of strength, strain hardening and fracture in B2 tailored Fe-0.8C-15 Mn-10 Al-5 Ni wt pct austenitic low density steel",2023,10.1007/s11661-023-07155-0,Metallurgical and Materials Transactions A,journal,Sourav Das,Metallurgical and Materials Engineering,faculty_page,https://iitr.ac.in/Departments/Metallurgical%20and%20Materials%20Engineering%20Department/People/Faculty/100737.html,high,IITR faculty profile page (structured publication list); joined IITR 2015; DOI added afterwards via Crossref exact-title lookup (year +-1)
Microstructural Characterization and Mechanical Behaviour of Steel Surface Modified with In Situ Grown Tantalum Carbide Through TIG Arcing,2024,10.1007/s11661-024-07444-2,Metallurgical and Materials Transactions A,journal,Gautam Agarwal,Metallurgical and Materials Engineering,faculty_page,https://iitr.ac.in/Departments/Metallurgical%20and%20Materials%20Engineering%20Department/People/Faculty/100932.html,medium,IITR faculty profile page; IITR joining date not on page -> only 2020+ kept; DOI added afterwards via Crossref exact-title lookup (year +-1)
A multi-scale modeling framework for solidification cracking during welding,2025,10.1016/j.actamat.2024.120530,Acta Materialia,journal,Gautam Agarwal,Metallurgical and Materials Engineering,faculty_page,https://iitr.ac.in/Departments/Metallurgical%20and%20Materials%20Engineering%20Department/People/Faculty/100932.html,medium,IITR faculty profile page; IITR joining date not on page -> only 2020+ kept; DOI added afterwards via Crossref exact-title lookup (year +-1)
Microstructural characterisation of multi-pass Stellite-6 hardfacings developed by pulsed GMAW technique,2026,10.1016/j.surfcoat.2026.133178,Surface and Coatings Technology,journal,Gautam Agarwal,Metallurgical and Materials Engineering,faculty_page,https://iitr.ac.in/Departments/Metallurgical%20and%20Materials%20Engineering%20Department/People/Faculty/100932.html,medium,IITR faculty profile page; IITR joining date not on page -> only 2020+ kept; DOI added afterwards via Crossref exact-title lookup (year +-1)
Effect of TIG-arcing speed on the microstructure vis-à-vis mechanical behaviour of surface modified low carbon steel,2025,10.1016/j.wear.2025.205924,Wear,journal,Gautam Agarwal,Metallurgical and Materials Engineering,faculty_page,https://iitr.ac.in/Departments/Metallurgical%20and%20Materials%20Engineering%20Department/People/Faculty/100932.html,medium,IITR faculty profile page; IITR joining date not on page -> only 2020+ kept; DOI added afterwards via Crossref exact-title lookup (year +-1)
Process-induced microstructural heterogeneity governs dynamic response of wire arc additive manufactured Al-Si alloy,2026,10.1016/j.matchar.2026.116548,Materials Characterization,journal,Gautam Agarwal,Metallurgical and Materials Engineering,faculty_page,https://iitr.ac.in/Departments/Metallurgical%20and%20Materials%20Engineering%20Department/People/Faculty/100932.html,medium,IITR faculty profile page; IITR joining date not on page -> only 2020+ kept; DOI added afterwards via Crossref exact-title lookup (year +-1)
A novel dual-step post-weld heat treatment for 304H/hot-rolled Superni 625 welds: Correlating microstructure and mechanical response,2026,10.1016/j.matchar.2026.117113,Materials Characterization,journal,Gautam Agarwal,Metallurgical and Materials Engineering,faculty_page,https://iitr.ac.in/Departments/Metallurgical%20and%20Materials%20Engineering%20Department/People/Faculty/100932.html,medium,IITR faculty profile page; IITR joining date not on page -> only 2020+ kept; DOI added afterwards via Crossref exact-title lookup (year +-1)
Investigating metallurgical integrity and temperature-dependent mechanical performance of multi-pass dissimilar welds between a cast nickel-based 625 superalloy and 304H stainless steel,2026,10.1016/j.ijpvp.2025.105670,International Journal of Pressure Vessels and Piping,journal,Gautam Agarwal,Metallurgical and Materials Engineering,faculty_page,https://iitr.ac.in/Departments/Metallurgical%20and%20Materials%20Engineering%20Department/People/Faculty/100932.html,medium,IITR faculty profile page; IITR joining date not on page -> only 2020+ kept; DOI added afterwards via Crossref exact-title lookup (year +-1)
Two-dipole and three-dipole dispersion coefficients for interaction of alkaline-earth-metal atoms with alkaline-earth-metal atoms and alkaline-earth-metal ions,2020,10.1103/physreva.102.022817,Phys Rev A,journal,Lalita Sharma,Physics,faculty_page,https://iitr.ac.in/Departments/Physics%20Department/People/Faculty/100565.html,medium,IITR faculty profile page; IITR joining date not on page -> only 2020+ kept; DOI added afterwards via Crossref exact-title lookup (year +-1)
A new approach to study electron and positron scattering from acetylene,2021,10.1016/j.elspec.2021.147118,Journal of Electron Spectroscopy and Related Phenomena,journal,Lalita Sharma,Physics,faculty_page,https://iitr.ac.in/Departments/Physics%20Department/People/Faculty/100565.html,medium,IITR faculty profile page; IITR joining date not on page -> only 2020+ kept; DOI added afterwards via Crossref exact-title lookup (year +-1)
Study of electron impact elastic scattering from Kr@C60 and Xe@C60 using a fully relativistic approach,2022,10.1088/1361-6455/ac7b59,J. Phys. B: At. Mol. Opt. Phys.,journal,Lalita Sharma,Physics,faculty_page,https://iitr.ac.in/Departments/Physics%20Department/People/Faculty/100565.html,medium,IITR faculty profile page; IITR joining date not on page -> only 2020+ kept; DOI added afterwards via Crossref exact-title lookup (year +-1)
"Calculations of energy level, radiative transition parameters, hyperfine structure constants AJ - BJ, Landé gJ factors and isotope shifts for Sc XX using MCDF-RCI method",2023,,Physics Open,journal,Lalita Sharma,Physics,faculty_page,https://iitr.ac.in/Departments/Physics%20Department/People/Faculty/100565.html,medium,IITR faculty profile page; IITR joining date not on page -> only 2020+ kept
Relativistic atomic structure calculations for B-like xenon ion,2024,10.2139/ssrn.4450226,Atomic data and Nuclear data Tables,journal,Lalita Sharma,Physics,faculty_page,https://iitr.ac.in/Departments/Physics%20Department/People/Faculty/100565.html,medium,IITR faculty profile page; IITR joining date not on page -> only 2020+ kept; DOI added afterwards via Crossref exact-title lookup (year +-1)
Electron impact excitation of Ge-like to Cu-like xenon ions in the Extreme Ultraviolet,2020,10.1088/1361-6455/ab8b47,J. Phys. B: At. Mol. Opt. Phys.,journal,Lalita Sharma,Physics,faculty_page,https://iitr.ac.in/Departments/Physics%20Department/People/Faculty/100565.html,medium,IITR faculty profile page; IITR joining date not on page -> only 2020+ kept; DOI added afterwards via Crossref exact-title lookup (year +-1)
"Fully relativistic study on electron impact elastic scattering from Nq+ (q = 1–3), Na+, Arq+ (q = 1–3, 7–8), and Xeq+ (q = 2–6, 8)",2021,10.1002/qua.26815,Int J Quantum Chem.,journal,Lalita Sharma,Physics,faculty_page,https://iitr.ac.in/Departments/Physics%20Department/People/Faculty/100565.html,medium,IITR faculty profile page; IITR joining date not on page -> only 2020+ kept; DOI added afterwards via Crossref exact-title lookup (year +-1)
Exploration of quantum oscillation in antiferromagnetic Weyl semimetal GdSiAl,2025,10.1088/1361-648x/ad912e,J. Phys. Cond. Mat.,journal,Tulika Maitra,Physics,faculty_page,https://iitr.ac.in/Departments/Physics%20Department/People/Faculty/100523.html,high,IITR faculty profile page (structured publication list); joined IITR 2008; DOI added afterwards via Crossref exact-title lookup (year +-1)
"Evidences of topological nodal line semimetal in Mn3GaC: Anomalous Hall effect, thermal transport and DFT studies",2026,10.1038/s41598-025-10563-4,Scientific Reports,journal,Tulika Maitra,Physics,faculty_page,https://iitr.ac.in/Departments/Physics%20Department/People/Faculty/100523.html,high,IITR faculty profile page (structured publication list); joined IITR 2008; DOI added afterwards via Crossref exact-title lookup (year +-1)
Fully spin-polarized two dimensional polar semi-metallic phase in Eu substituted GdI2 monolayer,2025,10.1088/2053-1583/ad7b52,2D Materials,journal,Tulika Maitra,Physics,faculty_page,https://iitr.ac.in/Departments/Physics%20Department/People/Faculty/100523.html,high,IITR faculty profile page (structured publication list); joined IITR 2008; DOI added afterwards via Crossref exact-title lookup (year +-1)
Electronic and physical properties of the topological nodal-line semimetal candidate CoSbTe,2026,10.1103/kf11-91mr,Phys. Rev. B,journal,Tulika Maitra,Physics,faculty_page,https://iitr.ac.in/Departments/Physics%20Department/People/Faculty/100523.html,high,IITR faculty profile page (structured publication list); joined IITR 2008; DOI added afterwards via Crossref exact-title lookup (year +-1)
"Unveiling the impact of Ni doping on the structural, electronic, and magnetic properties of nanocrystalline FeCo2O4 spinel oxide: a combined experimental and ab initio investigations",2025,10.1088/1361-648x/ad9af2,J. Phys. Cond. Mater.,journal,Tulika Maitra,Physics,faculty_page,https://iitr.ac.in/Departments/Physics%20Department/People/Faculty/100523.html,high,IITR faculty profile page (structured publication list); joined IITR 2008; DOI added afterwards via Crossref exact-title lookup (year +-1)
Memory effects and magnetic properties of the quaternary medium entropy (M⁢n0.25⁢C⁢o0.25⁢N⁢i0.25⁢M⁢g0.25)⁢F⁡e2⁢O4 spinel oxide: A combined experimental and first-principles investigation,2026,,Phys. Rev. B,journal,Tulika Maitra,Physics,faculty_page,https://iitr.ac.in/Departments/Physics%20Department/People/Faculty/100523.html,high,IITR faculty profile page (structured publication list); joined IITR 2008
Understanding the role of multi-component elements on the magnetic and magnetocaloric properties of (Mg0. 2Mn0. 2Co0. 2Ni0. 2Cu0. 2) Fe2O4 high entropy spinel oxide,2025,10.1016/j.jmmm.2025.173033,Journal of Magnetism and Magnetic Materials,journal,Tulika Maitra,Physics,faculty_page,https://iitr.ac.in/Departments/Physics%20Department/People/Faculty/100523.html,high,IITR faculty profile page (structured publication list); joined IITR 2008; DOI added afterwards via Crossref exact-title lookup (year +-1)
On M-Theory Dual of Large-N Thermal QCD-Like Theories up to O(R^4) and G-Structure Classification of Underlying Non-Supersymmetric Geometries,2022,,"Advances in Theoretical and Mathematical Physics, https://arxiv.org/pdf/2004.07259.pdf",journal,Aalok Misra,Physics,faculty_page,https://iitr.ac.in/Departments/Physics%20Department/People/Faculty/100390.html,high,IITR faculty profile page (structured publication list); joined IITR 2018
Entanglement entropy and Page curve from the M-theory dual of thermal QCD above Tc at intermediate coupling (https://journals.aps.org/prd/abstract/10.1103/PhysRevD.107.106015),2023,10.1103/PhysRevD.107.106015,Phys. Rev. D.,journal,Aalok Misra,Physics,faculty_page,https://iitr.ac.in/Departments/Physics%20Department/People/Faculty/100390.html,high,IITR faculty profile page (structured publication list); joined IITR 2018
Pole skipping and chaos in hot MQCD (https://link.springer.com/article/10.1007/JHEP05(2024)015),2024,10.1007/JHEP05(2024)015,JHEP,journal,Aalok Misra,Physics,faculty_page,https://iitr.ac.in/Departments/Physics%20Department/People/Faculty/100390.html,high,IITR faculty profile page (structured publication list); joined IITR 2018
"T_ c ​ , Photoproduction, Paramagnetic Anisotropic Plasma, IR Log‐Gravitational‐DBI Renormalization, and G_2 ‐Structure Induced (Almost) Contact 3‐Structures in Hot Strongly Magnetic MQCD at Intermediate Coupling",2025,,Fortschritte der Physik,journal,Aalok Misra,Physics,faculty_page,https://iitr.ac.in/Departments/Physics%20Department/People/Faculty/100390.html,high,IITR faculty profile page (structured publication list); joined IITR 2018
List of publications,2026,,https://scholar.google.co.in/citations?hl=en&pli=1&user=JBP6zgMAAAAJ,journal,Aalok Misra,Physics,faculty_page,https://iitr.ac.in/Departments/Physics%20Department/People/Faculty/100390.html,high,IITR faculty profile page (structured publication list); joined IITR 2018
QCD-compatible supermassive inert top-down holographic mesinos at intermediate coupling (https://journals.aps.org/prd/pdf/10.1103/PhysRevD.108.106013),2023,10.1103/PhysRevD.108.106013,Phys. Rev. D,journal,Aalok Misra,Physics,faculty_page,https://iitr.ac.in/Departments/Physics%20Department/People/Faculty/100390.html,high,IITR faculty profile page (structured publication list); joined IITR 2018
"Bulk viscosity, speed of sound, and contact structure at intermediate coupling (https://journals.aps.org/prd/abstract/10.1103/PhysRevD.110.126010)",2024,10.1103/PhysRevD.110.126010,Physical Review D,journal,Aalok Misra,Physics,faculty_page,https://iitr.ac.in/Departments/Physics%20Department/People/Faculty/100390.html,high,IITR faculty profile page (structured publication list); joined IITR 2018
Di-quaternized graphene oxide based multi-cationic cross-linked monovalent selective anion exchange membrane for electrodialysis,2021,10.1016/j.seppur.2021.119361,Separation and Purification Technology,journal,A. Bandyopadhyay,Polymer and Process Engineering,faculty_page,https://iitr.ac.in/Departments/Polymer%20and%20Process%20Engineering%20Department/People/Faculty/400137.html,high,IITR faculty profile page (structured publication list); joined IITR 2013; DOI added afterwards via Crossref exact-title lookup (year +-1)
A review on the alternative of indium tin oxide coated glass substrate in flexible and bendable organic optoelectronic device,2022,10.1002/pat.5797,Polymers for Advanced Technology,journal,A. Bandyopadhyay,Polymer and Process Engineering,faculty_page,https://iitr.ac.in/Departments/Polymer%20and%20Process%20Engineering%20Department/People/Faculty/400137.html,high,IITR faculty profile page (structured publication list); joined IITR 2013; DOI added afterwards via Crossref exact-title lookup (year +-1)
Synthesis and characterization of novel Al(III)-metallopolymer and its application as a non-volatile resistive memristive material,2023,10.1002/app.53242,Journal of Applied Polymer Science,journal,A. Bandyopadhyay,Polymer and Process Engineering,faculty_page,https://iitr.ac.in/Departments/Polymer%20and%20Process%20Engineering%20Department/People/Faculty/400137.html,high,IITR faculty profile page (structured publication list); joined IITR 2013; DOI added afterwards via Crossref exact-title lookup (year +-1)
"Trivial positional isomerism in ligands triggering different properties in Fe (ii)-metallopolymers; design, synthesis, and characterization",2024,10.1039/d4dt02175d,Dalton Transactions,journal,A. Bandyopadhyay,Polymer and Process Engineering,faculty_page,https://iitr.ac.in/Departments/Polymer%20and%20Process%20Engineering%20Department/People/Faculty/400137.html,high,IITR faculty profile page (structured publication list); joined IITR 2013; DOI added afterwards via Crossref exact-title lookup (year +-1)
Self-cleaning and anti-corrosion coating properties of pristine D3-co-styrene random copolymer synthesized by anionic and ring-opening polymerization,2025,10.1016/j.nxmate.2025.101243,Next Materials,journal,A. Bandyopadhyay,Polymer and Process Engineering,faculty_page,https://iitr.ac.in/Departments/Polymer%20and%20Process%20Engineering%20Department/People/Faculty/400137.html,high,IITR faculty profile page (structured publication list); joined IITR 2013; DOI added afterwards via Crossref exact-title lookup (year +-1)
Morphology-tailored polyaniline hydrogel electrode via rapid freezing polymerization toward high-performance supercapacitor applications at high mass loading,2026,,J.Energy Storage,journal,A. Bandyopadhyay,Polymer and Process Engineering,faculty_page,https://iitr.ac.in/Departments/Polymer%20and%20Process%20Engineering%20Department/People/Faculty/400137.html,high,IITR faculty profile page (structured publication list); joined IITR 2013
Optically transparent and lightweight nanocomposite substrate of poly (methyl methacrylate-co-acrylonitrile)/MWCNT for optoelectronic applications: an experimental and theoretical insight,2021,10.1007/s10853-021-06390-3,Journal of Materials Science,journal,A. Bandyopadhyay,Polymer and Process Engineering,faculty_page,https://iitr.ac.in/Departments/Polymer%20and%20Process%20Engineering%20Department/People/Faculty/400137.html,high,IITR faculty profile page (structured publication list); joined IITR 2013; DOI added afterwards via Crossref exact-title lookup (year +-1)
A Hybrid Wavelet-Support Vector Machine Model for Prediction of Lake Water Level Fluctuations Using Hydro-Meteorological Data,2017,10.1016/j.measurement.2017.03.003,Measurement,journal,Basant Yadav,Water Resources Development and Management,faculty_page,https://iitr.ac.in/Departments/Water%20Resources%20Development%20and%20Management%20Department/People/Faculty/100910.html,high,IITR faculty profile page (structured publication list); joined IITR 2017; DOI added afterwards via Crossref exact-title lookup (year +-1)
Simulation-Optimization Approach for the Consideration of Well Clogging during Cost Estimation of In Situ Bioremediation System,2018,10.1061/(asce)he.1943-5584.0001622,Journal of Hydrologic Engineering,journal,Basant Yadav,Water Resources Development and Management,faculty_page,https://iitr.ac.in/Departments/Water%20Resources%20Development%20and%20Management%20Department/People/Faculty/100910.html,high,IITR faculty profile page (structured publication list); joined IITR 2017; DOI added afterwards via Crossref exact-title lookup (year +-1)
Assessment of LNAPL in Subsurface under Fluctuating Groundwater Table Using 2D Sand Tank Experiments,2019,10.1061/(asce)ee.1943-7870.0001560,Journal of Environmental Engineering,journal,Basant Yadav,Water Resources Development and Management,faculty_page,https://iitr.ac.in/Departments/Water%20Resources%20Development%20and%20Management%20Department/People/Faculty/100910.html,high,IITR faculty profile page (structured publication list); joined IITR 2017; DOI added afterwards via Crossref exact-title lookup (year +-1)
Ensemble Modelling Framework for Groundwater Level Prediction in Urban Areas of India,2020,10.1016/j.scitotenv.2019.135539,Science of the Total Environment,journal,Basant Yadav,Water Resources Development and Management,faculty_page,https://iitr.ac.in/Departments/Water%20Resources%20Development%20and%20Management%20Department/People/Faculty/100910.html,high,IITR faculty profile page (structured publication list); joined IITR 2017; DOI added afterwards via Crossref exact-title lookup (year +-1)
VOCs and GHGs Intrusion and Its Impacts on Subsurface Microbial Community,2021,10.1007/978-981-15-6564-9_13,Fate and Transport of Subsurface Pollutants,journal,Basant Yadav,Water Resources Development and Management,faculty_page,https://iitr.ac.in/Departments/Water%20Resources%20Development%20and%20Management%20Department/People/Faculty/100910.html,high,IITR faculty profile page (structured publication list); joined IITR 2017; DOI added afterwards via Crossref exact-title lookup (year +-1)
The Multiple Uses of Water Derived from Managed Aquifer Recharge Systems in Kenya and India,2022,10.2166/washdev.2022.177,"Journal of Water, Sanitation and Hygiene for Development",journal,Basant Yadav,Water Resources Development and Management,faculty_page,https://iitr.ac.in/Departments/Water%20Resources%20Development%20and%20Management%20Department/People/Faculty/100910.html,high,IITR faculty profile page (structured publication list); joined IITR 2017; DOI added afterwards via Crossref exact-title lookup (year +-1)
"Estimation of Groundwater Recharge in Semiarid Regions under Variable Land Use and Rainfall Conditions: A Case Study of Rajasthan, India",2023,10.1371/journal.pwat.0000061,PLOS Water,journal,Basant Yadav,Water Resources Development and Management,faculty_page,https://iitr.ac.in/Departments/Water%20Resources%20Development%20and%20Management%20Department/People/Faculty/100910.html,high,IITR faculty profile page (structured publication list); joined IITR 2017; DOI added afterwards via Crossref exact-title lookup (year +-1)
3.Trends and Non-Stationarity in Groundwater Level Changes in Rapidly Developing Indian Cities. https://doi.org/10.3390/w12113209,2020,10.3390/w12113209,Water,journal,Idhaya Chandhiran .I,Water Resources Development and Management,faculty_page,https://iitr.ac.in/Departments/Water%20Resources%20Development%20and%20Management%20Department/People/Faculty/100877.html,medium,IITR faculty profile page; IITR joining date not on page -> only 2020+ kept
"4.COVID19 Lockdown Disruptions on Water Resources, Wastewater, and Agriculture in India. doi: 10.3389/frwa.2021.603531",2021,10.3389/frwa.2021.603531,Front. Water,journal,Idhaya Chandhiran .I,Water Resources Development and Management,faculty_page,https://iitr.ac.in/Departments/Water%20Resources%20Development%20and%20Management%20Department/People/Faculty/100877.html,medium,IITR faculty profile page; IITR joining date not on page -> only 2020+ kept
"5.Intensive Agriculture, Nitrogen Legacies, and Water Quality: Intersections and Implications. https://doi.org/10.1088/1748-9326/ac55b5",2022,10.1088/1748-9326/ac55b5,Environmental Research Letters,journal,Idhaya Chandhiran .I,Water Resources Development and Management,faculty_page,https://iitr.ac.in/Departments/Water%20Resources%20Development%20and%20Management%20Department/People/Faculty/100877.html,medium,IITR faculty profile page; IITR joining date not on page -> only 2020+ kept
14.Mapping Indian rice yields through statistical modeling using satellite and climatic data (Conference Paper: Equivalent to Q1). DOI: 10.1109/IGARSS52108.2023.10282888,2023,10.1109/IGARSS52108.2023.10282888,IEEE International Geoscience and Remote Sensing Symposium,conference,Idhaya Chandhiran .I,Water Resources Development and Management,faculty_page,https://iitr.ac.in/Departments/Water%20Resources%20Development%20and%20Management%20Department/People/Faculty/100877.html,medium,IITR faculty profile page; IITR joining date not on page -> only 2020+ kept
7.Setting up methane mitigation measures for Indian rice fields: Representative emissions and new interpretations. https://doi.org/10.1029/2024GB008107,2024,10.1029/2024GB008107,Global Biogeochemical Cycles,journal,Idhaya Chandhiran .I,Water Resources Development and Management,faculty_page,https://iitr.ac.in/Departments/Water%20Resources%20Development%20and%20Management%20Department/People/Faculty/100877.html,medium,IITR faculty profile page; IITR joining date not on page -> only 2020+ kept
8.Enhancing landslide susceptibility mapping in the Himalayas: geospatial and machine learning with explainable AI. https://doi.org/10.1016/j.gr.2025.08.003,2025,10.1016/j.gr.2025.08.003,Gondwana Research,journal,Idhaya Chandhiran .I,Water Resources Development and Management,faculty_page,https://iitr.ac.in/Departments/Water%20Resources%20Development%20and%20Management%20Department/People/Faculty/100877.html,medium,IITR faculty profile page; IITR joining date not on page -> only 2020+ kept
2.Crops as Sensors: Using Crop Yield Data to Increase the Robustness of Hydrologic and Biogeochemical Models. https://doi.org/10.1016/j.jhydrol.2020.125599,2020,10.1016/j.jhydrol.2020.125599,Journal of Hydrology,journal,Idhaya Chandhiran .I,Water Resources Development and Management,faculty_page,https://iitr.ac.in/Departments/Water%20Resources%20Development%20and%20Management%20Department/People/Faculty/100877.html,medium,IITR faculty profile page; IITR joining date not on page -> only 2020+ kept
Height–Area–Storage functional models for evaporation-loss inclusion in reservoir-planning analysis,2019,10.3390/w11071413,Water,journal,K. S. Kasiviswanathan,Water Resources Development and Management,faculty_page,https://iitr.ac.in/Departments/Water%20Resources%20Development%20and%20Management%20Department/People/Faculty/100841.html,high,IITR faculty profile page (structured publication list); joined IITR 2019; DOI added afterwards via Crossref exact-title lookup (year +-1)
Uncertainty quantification using the particle filter for non-stationary hydrological frequency analysis,2020,10.1016/j.jhydrol.2020.124666,Journal of Hydrology,journal,K. S. Kasiviswanathan,Water Resources Development and Management,faculty_page,https://iitr.ac.in/Departments/Water%20Resources%20Development%20and%20Management%20Department/People/Faculty/100841.html,high,IITR faculty profile page (structured publication list); joined IITR 2019; DOI added afterwards via Crossref exact-title lookup (year +-1)
COVID-19 lockdown disruptions on water resources and agriculture in India,2021,,wastewater and agriculture in India,journal,K. S. Kasiviswanathan,Water Resources Development and Management,faculty_page,https://iitr.ac.in/Departments/Water%20Resources%20Development%20and%20Management%20Department/People/Faculty/100841.html,high,IITR faculty profile page (structured publication list); joined IITR 2019
Integration of machine learning and particle filter approaches for forecasting soil moisture,2022,10.1007/s00477-022-02258-3,Stochastic Environmental Research and Risk Assessment,journal,K. S. Kasiviswanathan,Water Resources Development and Management,faculty_page,https://iitr.ac.in/Departments/Water%20Resources%20Development%20and%20Management%20Department/People/Faculty/100841.html,high,IITR faculty profile page (structured publication list); joined IITR 2019; DOI added afterwards via Crossref exact-title lookup (year +-1)
A Global Scale Estimate of Novel Coronavirus (COVID-19) Cases Using Extreme Value Distributions,2020,10.1101/2020.04.17.20069500,medRxiv,journal,K. S. Kasiviswanathan,Water Resources Development and Management,faculty_page,https://iitr.ac.in/Departments/Water%20Resources%20Development%20and%20Management%20Department/People/Faculty/100841.html,high,IITR faculty profile page (structured publication list); joined IITR 2019; DOI added afterwards via Crossref exact-title lookup (year +-1)
Stationary hydrological frequency analysis coupled with uncertainty assessment under nonstationary scenarios. Journal of Hydrology,2021,,Journal of hydrology,journal,K. S. Kasiviswanathan,Water Resources Development and Management,faculty_page,https://iitr.ac.in/Departments/Water%20Resources%20Development%20and%20Management%20Department/People/Faculty/100841.html,high,IITR faculty profile page (structured publication list); joined IITR 2019
Assessment of the spatial-temporal distribution of groundwater recharge in data-scarce large scale African river basin,2022,10.1007/s10661-022-09778-z,Environ Monit Assess,journal,K. S. Kasiviswanathan,Water Resources Development and Management,faculty_page,https://iitr.ac.in/Departments/Water%20Resources%20Development%20and%20Management%20Department/People/Faculty/100841.html,high,IITR faculty profile page (structured publication list); joined IITR 2019; DOI added afterwards via Crossref exact-title lookup (year +-1)
Holographic Aspects of Four Dimensional ${\cal N }=2$ SCFTs and their Marginal Deformations,2019,10.1016/j.nuclphysb.2019.114617,(published; DOI on arXiv listing),journal,Dibakar Roychowdhury,Physics,arxiv,https://arxiv.org/abs/1901.02888,high,IIT Roorkee affiliation found in first 2 pages of arXiv PDF 1901.02888; listed via arXiv author search; DOI from arXiv listing
Nonrelativistic spinning strings,2020,10.1007/JHEP11(2020)044,JHEP 11 (2020) 044,journal,Dibakar Roychowdhury,Physics,arxiv,https://arxiv.org/abs/2008.08895,high,IIT Roorkee affiliation found in first 2 pages of arXiv PDF 2008.08895; listed via arXiv author search; DOI from arXiv listing
Non-integrability for $ \mathcal{N}=1 $ SCFTs in $ 5d $,2021,10.1103/PhysRevD.104.086010,"Phys. Rev. D 104, 086010 (2021)",journal,Dibakar Roychowdhury,Physics,arxiv,https://arxiv.org/abs/2106.10646,high,IIT Roorkee affiliation found in first 2 pages of arXiv PDF 2106.10646; listed via arXiv author search; DOI from arXiv listing
Nonrelativistic expansion of M2 branes and M theory backgrounds,2022,10.1007/JHEP11(2022)152,JHEP 11 (2022) 152,journal,Dibakar Roychowdhury,Physics,arxiv,https://arxiv.org/abs/2208.05646,high,IIT Roorkee affiliation found in first 2 pages of arXiv PDF 2208.05646; listed via arXiv author search; DOI from arXiv listing
On Aspects of Holographic Thermal QCD at Finite Coupling,2016,10.1016/j.nuclphysb.2016.07.014,(published; DOI on arXiv listing),journal,Aalok Misra,Physics,arxiv,https://arxiv.org/abs/1507.02692,high,IIT Roorkee affiliation found in first 2 pages of arXiv PDF 1507.02692; listed via arXiv author search; DOI from arXiv listing
Top-Down Holographic $G$-Structure Glueball Spectroscopy at (N)LO in $N$ and Finite Gauge Coupling,2017,10.1140/epjc/s10052-017-4921-7,(published; DOI on arXiv listing),journal,Aalok Misra,Physics,arxiv,https://arxiv.org/abs/1703.01306,high,IIT Roorkee affiliation found in first 2 pages of arXiv PDF 1703.01306; listed via arXiv author search; DOI from arXiv listing
On Bulk Viscosity at Weak and Strong 't Hooft Couplings,2018,10.48550/arXiv.1807.07950,arXiv,preprint,Aalok Misra,Physics,arxiv,https://arxiv.org/abs/1807.07950,high,IIT Roorkee affiliation found in first 2 pages of arXiv PDF 1807.07950; listed via arXiv author search; arXiv DOI
Bulk Viscosity at Extreme Limits: From Kinetic Theory to Strings,2019,10.1007/JHEP07(2019)145,(published; DOI on arXiv listing),journal,Aalok Misra,Physics,arxiv,https://arxiv.org/abs/1807.04713,high,IIT Roorkee affiliation found in first 2 pages of arXiv PDF 1807.04713; listed via arXiv author search; DOI from arXiv listing
Search for Jacobi shape transition in A $\sim30$ nuclei,2018,10.1103/PhysRevC.97.014317,"Phys. Rev. C 97, 014317 (2018)",journal,P. Arumugam,Physics,arxiv,https://arxiv.org/abs/1708.05940,high,IIT Roorkee affiliation found in first 2 pages of arXiv PDF 1708.05940; listed via arXiv author search; DOI from arXiv listing
A real-time Automated Glitch Detection Pipeline at Ooty Radio Telescope,2021,10.1093/mnras/stab1640,"Monthly Notices of the Royal Astronomical Society, 505, 4, 2021, 5488-5496",journal,P. Arumugam,Physics,arxiv,https://arxiv.org/abs/2106.01942,high,IIT Roorkee affiliation found in first 2 pages of arXiv PDF 2106.01942; listed via arXiv author search; DOI from arXiv listing
A Quantum Algorithm for the Linear Response of Nuclei,2022,10.48550/arXiv.2210.08757,arXiv,preprint,P. Arumugam,Physics,arxiv,https://arxiv.org/abs/2210.08757,high,IIT Roorkee affiliation found in first 2 pages of arXiv PDF 2210.08757; listed via arXiv author search; arXiv DOI
Probing the Strong Equivalence Principle through the External Field Effect. How Do Two Masses Fall?,2026,10.48550/arXiv.2607.10247,arXiv,preprint,P. Arumugam,Physics,arxiv,https://arxiv.org/abs/2607.10247,high,IIT Roorkee affiliation found in first 2 pages of arXiv PDF 2607.10247; listed via arXiv author search; arXiv DOI
Thermodynamics and its correlation with dynamics in a mean-field model and pinned systems: A comparative study using two different methods of entropy calculation,2021,10.1063/5.0065668,(published; DOI on arXiv listing),journal,Shiladitya Sengupta,Physics,arxiv,https://arxiv.org/abs/2108.00617,high,IIT Roorkee affiliation found in first 2 pages of arXiv PDF 2108.00617; listed via arXiv author search; DOI from arXiv listing
Is the glassy dynamics same in 2D as in 3D? The Adam Gibbs relation test,2024,10.1063/5.0174563,"J. Chem. Phys. 161, 034504 (2024)",journal,Shiladitya Sengupta,Physics,arxiv,https://arxiv.org/abs/2308.08743,high,IIT Roorkee affiliation found in first 2 pages of arXiv PDF 2308.08743; listed via arXiv author search; DOI from arXiv listing
Breakdown of the Stokes-Einstein relation in Stillinger-Weber Silicon,2025,10.48550/arXiv.2503.18498,arXiv,preprint,Shiladitya Sengupta,Physics,arxiv,https://arxiv.org/abs/2503.18498,high,IIT Roorkee affiliation found in first 2 pages of arXiv PDF 2503.18498; listed via arXiv author search; arXiv DOI
An Interfacial Balance Rule Governs Binder-Electrolyte Coupling in Lead-Free Perovskite Energy Storage,2026,10.48550/arXiv.2608.08295,arXiv,preprint,Shiladitya Sengupta,Physics,arxiv,https://arxiv.org/abs/2608.08295,high,IIT Roorkee affiliation found in first 2 pages of arXiv PDF 2608.08295; listed via arXiv author search; arXiv DOI
"Nature of the spiral state, electric polarisation and magnetic transitions in Sr-doped YBaCuFeO$_5$: A first-principles study",2018,10.1038/s41598-018-20774-7,"Scientific Reports 8, 2404 (2018)",journal,Tulika Maitra,Physics,arxiv,https://arxiv.org/abs/1703.07311,high,IIT Roorkee affiliation found in first 2 pages of arXiv PDF 1703.07311; listed via arXiv author search; DOI from arXiv listing
Rare Earth Doping and Effective Band-Convergence in SnTe for Improved Thermoelectric Performance,2018,10.1063/1.5055250,"Applied Physics Letters, 113 (19), 193904 (2018)",journal,Tulika Maitra,Physics,arxiv,https://arxiv.org/abs/1811.04389,high,IIT Roorkee affiliation found in first 2 pages of arXiv PDF 1811.04389; listed via arXiv author search; DOI from arXiv listing
"Existence of a critical canting angle of magnetic moments to induce multiferroicity in the Haldane spin-chain system, Tb2BaNiO5",2019,10.1103/PhysRevB.99.100406,"Phys. Rev. B 99, 100406 (2019)",journal,Tulika Maitra,Physics,arxiv,https://arxiv.org/abs/1902.03766,high,IIT Roorkee affiliation found in first 2 pages of arXiv PDF 1902.03766; listed via arXiv author search; DOI from arXiv listing
"Emergence of weak pyrochlore phase and signature of field induced spin ice ground state in Dy$_{2-x}$La$_{x}$Zr$_{2}$O$_{7}$; x = 0, 0.15, 0.3",2020,10.1088/1361-648X/ab8bf6,"Journal of Physics: Condensed Matter 32, 365804 (2020)",journal,Tulika Maitra,Physics,arxiv,https://arxiv.org/abs/2001.05244,high,IIT Roorkee affiliation found in first 2 pages of arXiv PDF 2001.05244; listed via arXiv author search; DOI from arXiv listing
Drag and Diffusion of Heavy Quarks in a hot and anisotropic QCD medium,2017,10.1140/epja/i2017-12299-0,"Eur. Phys. J. A 53, 116 (2017)",journal,Binoy Krishna Patra,Physics,arxiv,https://arxiv.org/abs/1601.02341,high,IIT Roorkee affiliation found in first 2 pages of arXiv PDF 1601.02341; listed via arXiv author search; DOI from arXiv listing
Heavy Quark Potential in a static and strong homogeneous magnetic field,2017,10.1140/epjc/s10052-017-5346-z,(published; DOI on arXiv listing),journal,Binoy Krishna Patra,Physics,arxiv,https://arxiv.org/abs/1703.10508,high,IIT Roorkee affiliation found in first 2 pages of arXiv PDF 1703.10508; listed via arXiv author search; DOI from arXiv listing
Landau Damping in a strong magnetic field: Dissociation of Quarkonia,2018,10.48550/arXiv.1802.06874,arXiv,preprint,Binoy Krishna Patra,Physics,arxiv,https://arxiv.org/abs/1802.06874,high,IIT Roorkee affiliation found in first 2 pages of arXiv PDF 1802.06874; listed via arXiv author search; arXiv DOI
"Revisit to electrical and thermal conductivities, Lorenz number and Knudsen number in thermal QCD in a strong magnetic field",2019,10.1103/PhysRevD.100.016009,"Phys. Rev. D 100, 016009 (2019)",journal,Binoy Krishna Patra,Physics,arxiv,https://arxiv.org/abs/1901.03855,high,IIT Roorkee affiliation found in first 2 pages of arXiv PDF 1901.03855; listed via arXiv author search; DOI from arXiv listing
Structural and Optical Properties of Pulse Laser Deposited Ag_2O Thin Films,2018,10.1063/1.5032732,"AIP Conference Proceedings 1953, 060001 (2018)",conference,Anirban Mitra,Physics,arxiv,https://arxiv.org/abs/1609.09209,high,IIT Roorkee affiliation found in first 2 pages of arXiv PDF 1609.09209; listed via arXiv author search; DOI from arXiv listing
The Study of Hydrophilicity and Optical Properties of Zn and N-doped TiO$_{2}$ Thin Films,2021,10.48550/arXiv.2207.12530,"Proceedings of the 65th DAE Solid State Physics Symposium Volume 55, 506-507 (2021)",conference,Puneet Jain,Physics,arxiv,https://arxiv.org/abs/2207.12530,high,IIT Roorkee affiliation found in first 2 pages of arXiv PDF 2207.12530; listed via arXiv author search; arXiv DOI
Robust a posteriori error analysis for rotation-based formulations of the elasticity/poroelasticity coupling,2021,10.48550/arXiv.2106.09074,arXiv,preprint,Arbaz Khan,Mathematics,arxiv,https://arxiv.org/abs/2106.09074,high,IIT Roorkee affiliation found in first 2 pages of arXiv PDF 2106.09074; listed via arXiv author search; arXiv DOI
Finite element approximation for the delayed generalized Burgers-Huxley equation with weakly singular kernel: Part II Non-Conforming and DG approximation,2023,10.48550/arXiv.2310.07788,arXiv,preprint,Arbaz Khan,Mathematics,arxiv,https://arxiv.org/abs/2310.07788,high,IIT Roorkee affiliation found in first 2 pages of arXiv PDF 2310.07788; listed via arXiv author search; arXiv DOI
Milstein-type Schemes of SDE Driven by Lévy Noise with Super-linear Diffusion Coefficients,2017,10.48550/arXiv.1707.02343,arXiv,preprint,Chaman Kumar,Mathematics,arxiv,https://arxiv.org/abs/1707.02343,high,IIT Roorkee affiliation found in first 2 pages of arXiv PDF 1707.02343; listed via arXiv author search; arXiv DOI
An explicit Milstein-type scheme for interacting particle systems and McKean--Vlasov SDEs with common noise and non-differentiable drift coefficients,2023,10.48550/arXiv.2208.10052,arXiv,preprint,Chaman Kumar,Mathematics,arxiv,https://arxiv.org/abs/2208.10052,high,IIT Roorkee affiliation found in first 2 pages of arXiv PDF 2208.10052; listed via arXiv author search; arXiv DOI
First- and Half-order Schemes for Regime Switching Stochastic Differential Equation with Non-differentiable Drift Coefficient,2025,10.48550/arXiv.2503.06658,arXiv,preprint,Chaman Kumar,Mathematics,arxiv,https://arxiv.org/abs/2503.06658,high,IIT Roorkee affiliation found in first 2 pages of arXiv PDF 2503.06658; listed via arXiv author search; arXiv DOI
Existence and upper semicontinuity of random attractors for the 2D stochastic convective Brinkman-Forchheimer equations in bounded domains,2020,10.48550/arXiv.2011.06206,arXiv,preprint,Manil T. Mohan,Mathematics,arxiv,https://arxiv.org/abs/2011.06206,high,IIT Roorkee affiliation found in first 2 pages of arXiv PDF 2011.06206; listed via arXiv author search; arXiv DOI
Convergence of random attractors towards deterministic singleton attractor for 2D and 3D convective Brinkman-Forchheimer equations,2021,10.48550/arXiv.2103.02154,arXiv,preprint,Manil T. Mohan,Mathematics,arxiv,https://arxiv.org/abs/2103.02154,high,IIT Roorkee affiliation found in first 2 pages of arXiv PDF 2103.02154; listed via arXiv author search; arXiv DOI
Asymptotically autonomous robustness in probability of random attractors for stochastic Navier-Stokes equations on unbounded Poincaré domains,2022,10.48550/arXiv.2208.06808,arXiv,preprint,Manil T. Mohan,Mathematics,arxiv,https://arxiv.org/abs/2208.06808,high,IIT Roorkee affiliation found in first 2 pages of arXiv PDF 2208.06808; listed via arXiv author search; arXiv DOI
Well-posedness and uniform large deviation principle for stochastic Burgers-Huxley equation perturbed by a multiplicative noise,2023,10.48550/arXiv.2302.06162,arXiv,preprint,Manil T. Mohan,Mathematics,arxiv,https://arxiv.org/abs/2302.06162,high,IIT Roorkee affiliation found in first 2 pages of arXiv PDF 2302.06162; listed via arXiv author search; arXiv DOI
DILF-EN framework for Class-Incremental Learning,2021,10.48550/arXiv.2112.12385,arXiv,preprint,Pravendra Singh,Computer Science and Engineering,arxiv,https://arxiv.org/abs/2112.12385,high,IIT Roorkee affiliation found in first 2 pages of arXiv PDF 2112.12385; listed via arXiv author search; arXiv DOI
Attaining Class-level Forgetting in Pretrained Model using Few Samples,2022,10.48550/arXiv.2210.10670,arXiv,preprint,Pravendra Singh,Computer Science and Engineering,arxiv,https://arxiv.org/abs/2210.10670,high,IIT Roorkee affiliation found in first 2 pages of arXiv PDF 2210.10670; listed via arXiv author search; arXiv DOI
CCF: Cross Correcting Framework for Pedestrian Trajectory Prediction,2024,10.48550/arXiv.2406.00749,arXiv,preprint,Pravendra Singh,Computer Science and Engineering,arxiv,https://arxiv.org/abs/2406.00749,high,IIT Roorkee affiliation found in first 2 pages of arXiv PDF 2406.00749; listed via arXiv author search; arXiv DOI
Leveraging Language Prior for Infrared Small Target Detection,2025,10.48550/arXiv.2507.13113,arXiv,preprint,Pravendra Singh,Computer Science and Engineering,arxiv,https://arxiv.org/abs/2507.13113,high,IIT Roorkee affiliation found in first 2 pages of arXiv PDF 2507.13113; listed via arXiv author search; arXiv DOI
Recognizing Gender from Human Facial Regions using Genetic Algorithm,2017,10.48550/arXiv.1712.01661,arXiv,preprint,Partha Pratim Roy,Computer Science and Engineering,arxiv,https://arxiv.org/abs/1712.01661,high,IIT Roorkee affiliation found in first 2 pages of arXiv PDF 1712.01661; listed via arXiv author search; arXiv DOI
Signature Verification Approach using Fusion of Hybrid Texture Features,2019,10.48550/arXiv.1709.09348,arXiv,preprint,Partha Pratim Roy,Computer Science and Engineering,arxiv,https://arxiv.org/abs/1709.09348,high,IIT Roorkee affiliation found in first 2 pages of arXiv PDF 1709.09348; listed via arXiv author search; arXiv DOI
UDBNET: Unsupervised Document Binarization Network via Adversarial Game,2020,10.48550/arXiv.2007.07075,arXiv,preprint,Partha Pratim Roy,Computer Science and Engineering,arxiv,https://arxiv.org/abs/2007.07075,high,IIT Roorkee affiliation found in first 2 pages of arXiv PDF 2007.07075; listed via arXiv author search; arXiv DOI
Hybrid Transformer Network for Different Horizons-based Enriched Wind Speed Forecasting,2022,10.48550/arXiv.2204.09019,arXiv,preprint,Partha Pratim Roy,Computer Science and Engineering,arxiv,https://arxiv.org/abs/2204.09019,high,IIT Roorkee affiliation found in first 2 pages of arXiv PDF 2204.09019; listed via arXiv author search; arXiv DOI
Generalized bent Boolean functions and strongly regular Cayley graphs,2018,10.48550/arXiv.1806.07601,arXiv,preprint,Sugata Gangopadhyay,Computer Science and Engineering,arxiv,https://arxiv.org/abs/1806.07601,high,IIT Roorkee affiliation found in first 2 pages of arXiv PDF 1806.07601; listed via arXiv author search; arXiv DOI
Generalized Boolean Functions and Quantum Circuits on IBM-Q,2019,10.1109/ICCCNT45670.2019.8944437,(published; DOI on arXiv listing),journal,Sugata Gangopadhyay,Computer Science and Engineering,arxiv,https://arxiv.org/abs/1911.06851,high,IIT Roorkee affiliation found in first 2 pages of arXiv PDF 1911.06851; listed via arXiv author search; DOI from arXiv listing
SSIDS: Semi-Supervised Intrusion Detection System by Extending the Logical Analysis of Data,2020,10.48550/arXiv.2007.10608,arXiv,preprint,Sugata Gangopadhyay,Computer Science and Engineering,arxiv,https://arxiv.org/abs/2007.10608,high,IIT Roorkee affiliation found in first 2 pages of arXiv PDF 2007.10608; listed via arXiv author search; arXiv DOI
A quantum algorithm to estimate the closeness to the Strict Avalanche criterion in Boolean functions,2022,10.48550/arXiv.2211.15356,arXiv,preprint,Sugata Gangopadhyay,Computer Science and Engineering,arxiv,https://arxiv.org/abs/2211.15356,high,IIT Roorkee affiliation found in first 2 pages of arXiv PDF 2211.15356; listed via arXiv author search; arXiv DOI
SPEEDNet: Salient Pyramidal Enhancement Encoder-Decoder Network for Colonoscopy Images,2023,10.48550/arXiv.2312.01128,arXiv,preprint,Sparsh Mittal,Electronics and Communication Engineering,arxiv,https://arxiv.org/abs/2312.01128,high,IIT Roorkee affiliation found in first 2 pages of arXiv PDF 2312.01128; listed via arXiv author search; arXiv DOI
Target Detection for OTFS-Aided Cell-Free MIMO ISAC System,2024,10.48550/arXiv.2408.13182,arXiv,preprint,Ekant Sharma,Electronics and Communication Engineering,arxiv,https://arxiv.org/abs/2408.13182,high,IIT Roorkee affiliation found in first 2 pages of arXiv PDF 2408.13182; listed via arXiv author search; arXiv DOI
Full-Duplex Cell-Free mMIMO Systems: Analysis and Decentralized Optimization,2021,10.48550/arXiv.2010.14110,arXiv,preprint,Ekant Sharma,Electronics and Communication Engineering,arxiv,https://arxiv.org/abs/2010.14110,high,IIT Roorkee affiliation found in first 2 pages of arXiv PDF 2010.14110; listed via arXiv author search; arXiv DOI
Analysis and Optimization of RIS-Assisted Cell-Free Massive MIMO NOMA Systems,2024,10.48550/arXiv.2407.04006,arXiv,preprint,Ekant Sharma,Electronics and Communication Engineering,arxiv,https://arxiv.org/abs/2407.04006,high,IIT Roorkee affiliation found in first 2 pages of arXiv PDF 2407.04006; listed via arXiv author search; arXiv DOI
