title,year,doi,venue,type,iitkgp_author,department,evidence_source,source_url,confidence,notes
DFT21: Discrete Fourier Transform in the 21st century,2021,10.36227/techrxiv.16543521.v1,TechRxiv,other,Amardip Ghosh,Aerospace Engineering,faculty_page,https://www.iitkgp.ac.in/department/AE/faculty/ae-amardip.ghosh,medium,"institute faculty page ""All Publications"" list (Article in Periodical); joining year not verified (no bio sketch / not stated) -> restricted to >=2020; doi via crossref exact-title lookup (post-discovery)"
Transient Phenomena Associated with Mode Transition in Strut-Based Dual-Mode Scramjet Engines,2022,,75th Annual Meeting of the Division of Fluid Dynamics,conference,Amardip Ghosh,Aerospace Engineering,faculty_page,https://www.iitkgp.ac.in/department/AE/faculty/ae-amardip.ghosh,medium,"institute faculty page ""All Publications"" list (Conferences); joining year not verified (no bio sketch / not stated) -> restricted to >=2020"
Numerical Investigation of Flame Flashback Phenomenon in a Strut-Cavity Based Scramjet Combustor,2023,10.2514/6.2023-3013,25th AIAA International Space Planes and Hypersonic Systems and Technologies Conference 3013-3023,conference,Amardip Ghosh,Aerospace Engineering,faculty_page,https://www.iitkgp.ac.in/department/AE/faculty/ae-amardip.ghosh,medium,"institute faculty page ""All Publications"" list (Conferences); joining year not verified (no bio sketch / not stated) -> restricted to >=2020; doi via crossref exact-title lookup (post-discovery)"
A novel statistical information separation technique from real world images,2024,10.1007/s11760-024-03463-z,"Signal, Image and Video Processing 18 8207-8216",journal,Amardip Ghosh,Aerospace Engineering,faculty_page,https://www.iitkgp.ac.in/department/AE/faculty/ae-amardip.ghosh,medium,"institute faculty page ""All Publications"" list (Journal); joining year not verified (no bio sketch / not stated) -> restricted to >=2020; doi via crossref exact-title lookup (post-discovery)"
Effect of Vortex Shedding Frequency on Global Flame Structure,2025,10.1115/imece-india2025-161217,International Mechanical Engineering Congress and Exposition-India IMECE 2025 1-11,conference,Amardip Ghosh,Aerospace Engineering,faculty_page,https://www.iitkgp.ac.in/department/AE/faculty/ae-amardip.ghosh,medium,"institute faculty page ""All Publications"" list (Conferences); joining year not verified (no bio sketch / not stated) -> restricted to >=2020; doi via crossref exact-title lookup (post-discovery)"
Effect of Exhaust Pipe Length and End Conditions on the Acoustic Behaviour of a Pulsejet Engine,2026,,International Conference for Advances in Aerospace and Energy Systems (IAES-2026) 1-6,conference,Amardip Ghosh,Aerospace Engineering,faculty_page,https://www.iitkgp.ac.in/department/AE/faculty/ae-amardip.ghosh,medium,"institute faculty page ""All Publications"" list (Conferences); joining year not verified (no bio sketch / not stated) -> restricted to >=2020"
Development Of Bell Mouth for Low Speed Axial Flow Compressor Testing Facility,2016,,Asian Congress on Gas Turbines-2016 01-10,other,Chetankumar Sureshbhai Mistry,Aerospace Engineering,faculty_page,https://www.iitkgp.ac.in/department/AE/faculty/ae-csmistry,high,"institute faculty page ""All Publications"" list (Workshop); joined IIT KGP 2016 per bio sketch"
Numerical Analysis on Effect of Tip Clearance Flow for LP Turbine Linear Cascade,2020,,"M. , Bhavsar H. , Mistry C. S. AeSI International Conference 1-8",conference,Chetankumar Sureshbhai Mistry,Aerospace Engineering,faculty_page,https://www.iitkgp.ac.in/department/AE/faculty/ae-csmistry,high,"institute faculty page ""All Publications"" list (Conferences); joined IIT KGP 2016 per bio sketch"
Numerical Modelling of Wind Tunnel Internal Flow for CFD Assisted Design,2022,10.1007/s40032-021-00794-5,Journal of Institution of Engineers (India) Series C,journal,Chetankumar Sureshbhai Mistry,Aerospace Engineering,faculty_page,https://www.iitkgp.ac.in/department/AE/faculty/ae-csmistry,high,"institute faculty page ""All Publications"" list (Journal); joined IIT KGP 2016 per bio sketch; doi via crossref exact-title lookup (post-discovery)"
Effect of Axial Extension on Parameterized Endwall Contour with Incidence change for LP Turbine Linear Cascade,2023,10.1007/s12206-023-2109-7,Journal of Mechanical Science and Technology 37 2223-2322,journal,Chetankumar Sureshbhai Mistry,Aerospace Engineering,faculty_page,https://www.iitkgp.ac.in/department/AE/faculty/ae-csmistry,high,"institute faculty page ""All Publications"" list (Journal); joined IIT KGP 2016 per bio sketch; doi via crossref exact-title lookup (post-discovery)"
IMPACT OF SWEEPING JET INCLINATION ANGLES ON FILM COOLING PERFORMANCE ON HIGH-PRESSURE TURBINE NOZZLE GUIDE VANES,2025,10.1115/imece-india2025-160328,"ASME International Mechanical Engineering Congress and Exposition, Proceedings (IMECE) 4",conference,Chetankumar Sureshbhai Mistry,Aerospace Engineering,faculty_page,https://www.iitkgp.ac.in/department/AE/faculty/ae-csmistry,high,"institute faculty page ""All Publications"" list (Conferences); joined IIT KGP 2016 per bio sketch; doi via crossref exact-title lookup (post-discovery)"
Packaging technology for microwave sterilization,2018,10.1002/9781119126881.ch9,Packaging for Nonthermal Processing of Food 205-224,other,Kanishka Bhunia,Agricultural and Food Engineering,faculty_page,https://www.iitkgp.ac.in/department/AG/faculty/ag-kanishka,high,"institute faculty page ""All Publications"" list (Book Chapter/Section); joined IIT KGP 2018 per bio sketch; doi via crossref exact-title lookup (post-discovery)"
Use of protective culture to control the growth of Listeria monocytogenes and Salmonella typhimurium in ready-to-eat cook-chill products,2019,10.1016/j.foodcont.2019.03.009,Food Control 102 81-86,journal,Kanishka Bhunia,Agricultural and Food Engineering,faculty_page,https://www.iitkgp.ac.in/department/AG/faculty/ag-kanishka,high,"institute faculty page ""All Publications"" list (Journal); joined IIT KGP 2018 per bio sketch; doi via crossref exact-title lookup (post-discovery)"
Kinetic modeling of ultrasonic-assisted extraction of punicalagin from pomegranate peel,2020,10.1111/jfpe.13533,Journal of Food Process Engineering 43,journal,Kanishka Bhunia,Agricultural and Food Engineering,faculty_page,https://www.iitkgp.ac.in/department/AG/faculty/ag-kanishka,high,"institute faculty page ""All Publications"" list (Journal); joined IIT KGP 2018 per bio sketch; doi via crossref exact-title lookup (post-discovery)"
Microwave-based sustainable in-container thermal pasteurization and sterilization technologies for foods,2024,10.1039/d3fb00176h/v2/review1,Sustainable Food Technology 2 926-944,journal,Kanishka Bhunia,Agricultural and Food Engineering,faculty_page,https://www.iitkgp.ac.in/department/AG/faculty/ag-kanishka,high,"institute faculty page ""All Publications"" list (Journal); joined IIT KGP 2018 per bio sketch; doi via crossref exact-title lookup (post-discovery)"
Modeling the Biphasic and Monophasic Microbial Growth in Pasteurized Cow Milk Under Isothermal Temperature Abuse,2025,10.1111/jfpe.70064,Journal of Food Process Engineering 48,journal,Kanishka Bhunia,Agricultural and Food Engineering,faculty_page,https://www.iitkgp.ac.in/department/AG/faculty/ag-kanishka,high,"institute faculty page ""All Publications"" list (Journal); joined IIT KGP 2018 per bio sketch; doi via crossref exact-title lookup (post-discovery)"
"Effect of high-pressure processing on enzyme activity in roots, cereals, nuts, and their products",2023,10.1016/b978-0-323-98386-0.00015-4,Effect of High-Pressure Technologies on Enzymes 299-329,other,Ronit Mandal,Agricultural and Food Engineering,faculty_page,https://www.iitkgp.ac.in/department/AG/faculty/ag-rm,high,"institute faculty page ""All Publications"" list (Book Chapter/Section); joined IIT KGP 2023 per bio sketch; doi via crossref exact-title lookup (post-discovery)"
Kinetics of Anthocyanin Condensation Reaction in Model Wine Solution Under Pulsed Light Treatment,2023,10.1016/j.foodchem.2022.134600,Food Chemistry 405 134600,journal,Ronit Mandal,Agricultural and Food Engineering,faculty_page,https://www.iitkgp.ac.in/department/AG/faculty/ag-rm,high,"institute faculty page ""All Publications"" list (Journal); joined IIT KGP 2023 per bio sketch; doi via crossref exact-title lookup (post-discovery)"
Physicochemical Analysis of Khoa And Khoa-Based Sweets,2024,10.1201/9781032675817-3,"Analytical Methods for Milk and Milk Products, Volume 2: Physicochemical Analysis of Concentrated, Coagulated and Fermented Products 53-91",other,Ronit Mandal,Agricultural and Food Engineering,faculty_page,https://www.iitkgp.ac.in/department/AG/faculty/ag-rm,high,"institute faculty page ""All Publications"" list (Book Chapter/Section); joined IIT KGP 2023 per bio sketch; doi via crossref exact-title lookup (post-discovery)"
In Silico Modeling of Digestion and Prediction of Bioactivity of Milk Proteins from Different Animal Species: MilkProtISBP Model,2024,,22nd World Congress of Food Science and Technology,other,Ronit Mandal,Agricultural and Food Engineering,faculty_page,https://www.iitkgp.ac.in/department/AG/faculty/ag-rm,high,"institute faculty page ""All Publications"" list (Congress); joined IIT KGP 2023 per bio sketch"
UV or Pulsed Light for Food Packaging,2026,10.1016/b978-0-443-34158-8.00064-5,Reference Module in Food Science,other,Ronit Mandal,Agricultural and Food Engineering,faculty_page,https://www.iitkgp.ac.in/department/AG/faculty/ag-rm,high,"institute faculty page ""All Publications"" list (Book Chapter/Section); joined IIT KGP 2023 per bio sketch; doi via crossref exact-title lookup (post-discovery)"
"Modeling regional-scale groundwater arsenic hazard in the transboundary Ganges River Delta, India and Bangladesh: infusing physically-based model with machine learning",2020,10.1016/j.scitotenv.2020.141107,Science of the Total Environment 748,journal,Adway Mitra,Artificial Intelligence,faculty_page,https://www.iitkgp.ac.in/department/AI/faculty/ai-adway,medium,"institute faculty page ""All Publications"" list (Journal); joining year not verified (no bio sketch / not stated) -> restricted to >=2020; also found via news (https://kgpchronicle.iitkgp.ac.in/?p=6036)"
City-scale Simulation of Covid-19 Pandemic and Intervention Policies using Agent-based Modelling,2021,10.1109/wsc52266.2021.9715449,Winter Simulation Conference,conference,Adway Mitra,Artificial Intelligence,faculty_page,https://www.iitkgp.ac.in/department/AI/faculty/ai-adway,medium,"institute faculty page ""All Publications"" list (Conferences); joining year not verified (no bio sketch / not stated) -> restricted to >=2020; doi via crossref exact-title lookup (post-discovery)"
Causal discovery of drivers of surface ozone variability in Antarctica using a deep learning algorithm,2022,10.21203/rs.3.rs-826824/v1,Environmental Science: Processes and Impacts,journal,Adway Mitra,Artificial Intelligence,faculty_page,https://www.iitkgp.ac.in/department/AI/faculty/ai-adway,medium,"institute faculty page ""All Publications"" list (Journal); joining year not verified (no bio sketch / not stated) -> restricted to >=2020; doi via crossref exact-title lookup (post-discovery)"
Evaluating District-based Election Surveys with Synthetic Dirichlet Likelihood,2024,10.65109/vmfp2469,AAMAS,conference,Adway Mitra,Artificial Intelligence,faculty_page,https://www.iitkgp.ac.in/department/AI/faculty/ai-adway,high,"institute faculty page ""All Publications"" list (Conferences); joining year not verified (no bio sketch / not stated) -> restricted to >=2020; also found via arxiv (https://arxiv.org/abs/2312.15179v1); doi via crossref exact-title lookup (post-discovery)"
Improving Indian summer monsoon rainfall prediction using deep learning up to two years in advance,2025,10.1002/qj.70023,Quarterly Journal on Royal Meteorological Society,journal,Adway Mitra,Artificial Intelligence,faculty_page,https://www.iitkgp.ac.in/department/AI/faculty/ai-adway,medium,"institute faculty page ""All Publications"" list (Journal); joining year not verified (no bio sketch / not stated) -> restricted to >=2020; doi via crossref exact-title lookup (post-discovery)"
Dirichlet-Swing: understanding spatio-temporal aspects of political elections in heterogeneous societies through agent-based simulation,2026,10.1371/journal.pone.0344018,PLOS One,journal,Adway Mitra,Artificial Intelligence,faculty_page,https://www.iitkgp.ac.in/department/AI/faculty/ai-adway,medium,"institute faculty page ""All Publications"" list (Journal); joining year not verified (no bio sketch / not stated) -> restricted to >=2020; doi via crossref exact-title lookup (post-discovery)"
Architecture for User Experience Tracking and Analytics in National Digital Library (NDL),2016,10.1109/t4e.2016.044,IEEE Eighth International Conference on Technology for Education (T4E) 176-179,conference,Plaban Kumar Bhowmick,Artificial Intelligence,faculty_page,https://www.iitkgp.ac.in/department/AI/faculty/ai-plaban,high,"institute faculty page ""All Publications"" list (Conferences); joined IIT KGP 2013 per bio sketch; doi via crossref exact-title lookup (post-discovery)"
A metadata extractor for books in a digital library,2018,10.1007/978-3-030-04257-8_33,Lecture Notes in Computer Science (including subseries Lecture Notes in Artificial Intelligence and Lecture Notes in Bioinformatics) 11279 LNCS 323-327,conference,Plaban Kumar Bhowmick,Artificial Intelligence,faculty_page,https://www.iitkgp.ac.in/department/AI/faculty/ai-plaban,high,"institute faculty page ""All Publications"" list (Conferences); joined IIT KGP 2013 per bio sketch; doi via crossref exact-title lookup (post-discovery)"
Enhancing access to scholarly publications with surrogate resources,2019,10.1007/s11192-019-03227-4,Scientometrics 121,journal,Plaban Kumar Bhowmick,Artificial Intelligence,faculty_page,https://www.iitkgp.ac.in/department/AI/faculty/ai-plaban,high,"institute faculty page ""All Publications"" list (Journal); joined IIT KGP 2013 per bio sketch; doi via crossref exact-title lookup (post-discovery)"
Automatic Generation of Research Highlights from Scientific Abstracts,2021,,CEUR Workshop Proceedings 3004 69-70,conference,Plaban Kumar Bhowmick,Artificial Intelligence,faculty_page,https://www.iitkgp.ac.in/department/AI/faculty/ai-plaban,high,"institute faculty page ""All Publications"" list (Conferences); joined IIT KGP 2013 per bio sketch"
Researcher Influence Prediction (ResIP) using Academic Genealogy Network,2023,10.2139/ssrn.4187590,Journal of Informetrics 0-0,journal,Plaban Kumar Bhowmick,Artificial Intelligence,faculty_page,https://www.iitkgp.ac.in/department/AI/faculty/ai-plaban,high,"institute faculty page ""All Publications"" list (Journal); joined IIT KGP 2013 per bio sketch; doi via crossref exact-title lookup (post-discovery)"
Impact of Different Inclement Weather Conditions on Two-Wheeler user across Socio-Economic Groups,2016,,International Journal of Scientific Engineering and Technology 5 128-130,journal,Abraham George,Architecture and Regional Planning,faculty_page,https://www.iitkgp.ac.in/department/AR/faculty/ar-abraham,high,"institute faculty page ""All Publications"" list (Journal); joined IIT KGP 2009 per bio sketch"
Maradu flat Demolition: Are there Alternate Solutions,2019,,"D R. K., George A. The Week 1-2",other,Abraham George,Architecture and Regional Planning,faculty_page,https://www.iitkgp.ac.in/department/AR/faculty/ar-abraham,high,"institute faculty page ""All Publications"" list (Article in Periodical); joined IIT KGP 2009 per bio sketch"
Effects of Long-Term Containment in Residential Spaces,2021,10.26717/bjstr.2020.28.004710,Biomedical Journal of Scientific and Technical Research 32-41,journal,Abraham George,Architecture and Regional Planning,faculty_page,https://www.iitkgp.ac.in/department/AR/faculty/ar-abraham,high,"institute faculty page ""All Publications"" list (Journal); joined IIT KGP 2009 per bio sketch; doi via crossref exact-title lookup (post-discovery)"
"An Assessment of the Status of Water Supply, Sanitation, and related Health Problems in West Bengal: A Zone-wise comparative study",2022,,17th National Seminar based on 76th and 77th rounds of NSS Survey 91-120,other,Abraham George,Architecture and Regional Planning,faculty_page,https://www.iitkgp.ac.in/department/AR/faculty/ar-abraham,high,"institute faculty page ""All Publications"" list (Seminars); joined IIT KGP 2009 per bio sketch"
Assessing Circular Economy Potential of Recyclable Concrete: A LCA Approach,2024,,P K. School of Human Settlements,conference,Abraham George,Architecture and Regional Planning,faculty_page,https://www.iitkgp.ac.in/department/AR/faculty/ar-abraham,high,"institute faculty page ""All Publications"" list (Conferences); joined IIT KGP 2009 per bio sketch"
Development and Characterization of Sustainable Compressed Stabilized Earth Blocks Using a Geopolymer Binder and Agricultural Waste Materials,2026,,Advancing Circular Resource Systems via Organic Waste Recovery Technologies,conference,Abraham George,Architecture and Regional Planning,faculty_page,https://www.iitkgp.ac.in/department/AR/faculty/ar-abraham,high,"institute faculty page ""All Publications"" list (Conferences); joined IIT KGP 2009 per bio sketch"
Assessment of Socio-economic Vulnerability Using Select Indicators,2016,,52nd ISOCARP Congress,conference,Haimanti Banerji,Architecture and Regional Planning,faculty_page,https://www.iitkgp.ac.in/department/AR/faculty/ar-haimanti,high,"institute faculty page ""All Publications"" list (Conferences); joined IIT KGP 2011 per bio sketch"
Exploring the Operational Role of Arts and Culture in Societal transformation and Economic development in Urban Context: A Case study of Santiniketan,2019,,City Future IV,conference,Haimanti Banerji,Architecture and Regional Planning,faculty_page,https://www.iitkgp.ac.in/department/AR/faculty/ar-haimanti,high,"institute faculty page ""All Publications"" list (Conferences); joined IIT KGP 2011 per bio sketch"
"Smart Bus and Traffic Infrastructure, Bhubaneswar",2023,,75+ Case Studies of Innovative Projects of Smart Cities Mission 72-82,other,Haimanti Banerji,Architecture and Regional Planning,faculty_page,https://www.iitkgp.ac.in/department/AR/faculty/ar-haimanti,high,"institute faculty page ""All Publications"" list (Book Chapter/Section); joined IIT KGP 2011 per bio sketch"
Priority Ranking of Indicators of Effective Inclusive Education Using WPM Method Based on Perception of School Stakeholders: A Case of Delhi,2024,,Proceedings of International Conference on Research in Education and Science 10 1787-1800,conference,Haimanti Banerji,Architecture and Regional Planning,faculty_page,https://www.iitkgp.ac.in/department/AR/faculty/ar-haimanti,high,"institute faculty page ""All Publications"" list (Conferences); joined IIT KGP 2011 per bio sketch"
Experimental investigation on flexural response of bamboo mortar wall panels,2026,10.1016/j.istruc.2026.111611,Structures 87 111611-111611,journal,Haimanti Banerji,Architecture and Regional Planning,faculty_page,https://www.iitkgp.ac.in/department/AR/faculty/ar-haimanti,high,"institute faculty page ""All Publications"" list (Journal); joined IIT KGP 2011 per bio sketch; doi via crossref exact-title lookup (post-discovery)"
Effect of insider trading on stock characteristics,2021,10.1108/ajar-09-2020-0089,Asian Journal of Accounting Research 6 210-227,journal,Parama Barai,Vinod Gupta School of Management,faculty_page,https://www.iitkgp.ac.in/department/BM/faculty/bm-parama,medium,"institute faculty page ""All Publications"" list (Journal); joining year not verified (no bio sketch / not stated) -> restricted to >=2020; doi via crossref exact-title lookup (post-discovery)"
How Futures Market in India has Improved Efficiency of Physical Commodity Markets: an empirical and survey based study on Aluminium and Zinc,2021,,1-55,other,Parama Barai,Vinod Gupta School of Management,faculty_page,https://www.iitkgp.ac.in/department/BM/faculty/bm-parama,medium,"institute faculty page ""All Publications"" list (Report); joining year not verified (no bio sketch / not stated) -> restricted to >=2020"
Can hedging with oil futures contracts help oil producers ?,2022,,"Journal of Mines, Metals & Fuels (incorporating Indian Mining Journal) 70 610-616",journal,Parama Barai,Vinod Gupta School of Management,faculty_page,https://www.iitkgp.ac.in/department/BM/faculty/bm-parama,medium,"institute faculty page ""All Publications"" list (Journal); joining year not verified (no bio sketch / not stated) -> restricted to >=2020"
Spatial Cost of Living and Welfare Indices for India with application to policy implementation,2023,10.1177/00194662231166169,Indian Economic Journal 71 659-672,journal,Parama Barai,Vinod Gupta School of Management,faculty_page,https://www.iitkgp.ac.in/department/BM/faculty/bm-parama,medium,"institute faculty page ""All Publications"" list (Journal); joining year not verified (no bio sketch / not stated) -> restricted to >=2020; doi via crossref exact-title lookup (post-discovery)"
Climate Change and Banking Risks in India: Contrasting Effects of Priority Sector Lending and Diversification,2025,,India Finance Conference 2025,conference,Parama Barai,Vinod Gupta School of Management,faculty_page,https://www.iitkgp.ac.in/department/BM/faculty/bm-parama,medium,"institute faculty page ""All Publications"" list (Conferences); joining year not verified (no bio sketch / not stated) -> restricted to >=2020"
Impact of climate change on liquidity risk of banks evidence from India,2025,10.1080/00036846.2025.2536748,Applied Economics,journal,Parama Barai,Vinod Gupta School of Management,faculty_page,https://www.iitkgp.ac.in/department/BM/faculty/bm-parama,medium,"institute faculty page ""All Publications"" list (Journal); joining year not verified (no bio sketch / not stated) -> restricted to >=2020; doi via crossref exact-title lookup (post-discovery)"
Multi criteria decision making for sustainable municipal solid waste management systems,2021,10.1007/978-3-030-72929-5_28,Computational Management: Applications of Computational Intelligence in Business Management,other,Vinay Yadav,Vinod Gupta School of Management,faculty_page,https://www.iitkgp.ac.in/department/BM/faculty/bm-vinay,medium,"institute faculty page ""All Publications"" list (Book Chapter/Section); joining year not verified (no bio sketch / not stated) -> restricted to >=2020; doi via crossref exact-title lookup (post-discovery)"
Nash Equilibrium Points for Generalized Matrix Game Model with Interval Payoffs,2022,10.1142/s0219198921500213,International Game Theory Review 24 2150021,journal,Vinay Yadav,Vinod Gupta School of Management,faculty_page,https://www.iitkgp.ac.in/department/BM/faculty/bm-vinay,medium,"institute faculty page ""All Publications"" list (Journal); joining year not verified (no bio sketch / not stated) -> restricted to >=2020; doi via crossref exact-title lookup (post-discovery)"
Social and Economic Impacts of Plastics in the Environment,2024,10.1201/9781003327646-17,Waste-to-Wealth: Resource Recovery and Value-Added Products for Sustainable Development 251-271,other,Vinay Yadav,Vinod Gupta School of Management,faculty_page,https://www.iitkgp.ac.in/department/BM/faculty/bm-vinay,medium,"institute faculty page ""All Publications"" list (Book Chapter/Section); joining year not verified (no bio sketch / not stated) -> restricted to >=2020; doi via crossref exact-title lookup (post-discovery)"
Optimization framework for enhancing circularity in the plastics value chain: An approach to address waste and losses,2025,,International Conference on Sustainable Energy & Environmental Protection (SEEP 2025),conference,Vinay Yadav,Vinod Gupta School of Management,faculty_page,https://www.iitkgp.ac.in/department/BM/faculty/bm-vinay,medium,"institute faculty page ""All Publications"" list (Conferences); joining year not verified (no bio sketch / not stated) -> restricted to >=2020"
Gaps in quantifying environmental losses of plastics impede effective solutions,2025,10.1038/s41578-025-00802-5,Nature Reviews Materials 10 717-719,journal,Vinay Yadav,Vinod Gupta School of Management,faculty_page,https://www.iitkgp.ac.in/department/BM/faculty/bm-vinay,medium,"institute faculty page ""All Publications"" list (Journal); joining year not verified (no bio sketch / not stated) -> restricted to >=2020; doi via crossref exact-title lookup (post-discovery)"
Framework for unified municipal solid waste management using centralized and decentralized facilities: Case study of Nashik city in India,2026,10.1016/j.scs.2026.107250,Sustainable Cities and Society 140,journal,Vinay Yadav,Vinod Gupta School of Management,faculty_page,https://www.iitkgp.ac.in/department/BM/faculty/bm-vinay,high,"institute faculty page ""All Publications"" list (Journal); joining year not verified (no bio sketch / not stated) -> restricted to >=2020; also found via faculty_page (https://www.iitkgp.ac.in/department/CE/faculty/ce-bkdubey); doi via crossref exact-title lookup (post-discovery)"
"Dissimilatory sulfate reducing, copper resistant gram positive bacteria prevail in acid mine drainage of Malanjkhand copper project, India:A new vista for metal bioremediation",2016,,nternational Conference On Water:From Pollution To Purification,conference,Pinaki Sar,Bioscience and Biotechnology,faculty_page,https://www.iitkgp.ac.in/department/BT/faculty/bt-psar,high,"institute faculty page ""All Publications"" list (Conferences); joined IIT KGP 2004 per bio sketch"
"An arsenate reducing and alkane metabolizing novel bacterium, Rhizobium arsenicireducens sp. nov., isolated from arsenic?rich groundwater",2017,10.1007/s00203-016-1286-5,Archives of Microbiology 199 191-201,journal,Pinaki Sar,Bioscience and Biotechnology,faculty_page,https://www.iitkgp.ac.in/department/BT/faculty/bt-psar,high,"institute faculty page ""All Publications"" list (Journal); joined IIT KGP 2004 per bio sketch; doi via crossref exact-title lookup (post-discovery)"
Impact of Arsenic on Structural and Functional Composition of Dominant Bacterial Populations Associated with Various Natural Ecosystems,2019,10.1201/9780429265013-7,"Biodiversity, and Sustainable Development Issues and Remediation 115-146",other,Pinaki Sar,Bioscience and Biotechnology,faculty_page,https://www.iitkgp.ac.in/department/BT/faculty/bt-psar,high,"institute faculty page ""All Publications"" list (Book Chapter/Section); joined IIT KGP 2004 per bio sketch; doi via crossref exact-title lookup (post-discovery)"
"Exploring the chemolithotrophic and chemoorganotrophic microorganisms from deep granitic crusts underneath the Deccan Traps at Koyna-Warna region, India",2021,,61st Annual International Conference of The Association of Microbiologists of India and Indian Network for Soil Contamination Research (INSCR),conference,Pinaki Sar,Bioscience and Biotechnology,faculty_page,https://www.iitkgp.ac.in/department/BT/faculty/bt-psar,high,"institute faculty page ""All Publications"" list (Conferences); joined IIT KGP 2004 per bio sketch"
Exploration of acetogenic microbial populations from deep subsurface granitic rocks and their characterization,2023,,International Conference on New Horizons in Biotechnology (NHBT-2023)(BRSI),conference,Pinaki Sar,Bioscience and Biotechnology,faculty_page,https://www.iitkgp.ac.in/department/BT/faculty/bt-psar,high,"institute faculty page ""All Publications"" list (Conferences); joined IIT KGP 2004 per bio sketch"
Inexpensive and Versatile Paper-Based Platform for 3D Culture of Liver Cells and Related Bioassays,2020,10.1021/acsabm.0c00237,ACS Applied Bio Materials 3 2522-2533,journal,Sudip Kumar Ghosh,Bioscience and Biotechnology,faculty_page,https://www.iitkgp.ac.in/department/BT/faculty/bt-sudip,medium,"institute faculty page ""All Publications"" list (Journal); joining year not verified (no bio sketch / not stated) -> restricted to >=2020; doi via crossref exact-title lookup (post-discovery)"
Recent advances in bioprinting technologies for engineering hepatic tissue,2021,10.1016/j.msec.2021.112013,"G., Makvandi P., Mattoli V., Ghosh S.K., Maiti T.K., Zhang L.G., Ozbolat I.T. Materials Science and Engineering C 123",journal,Sudip Kumar Ghosh,Bioscience and Biotechnology,faculty_page,https://www.iitkgp.ac.in/department/BT/faculty/bt-sudip,medium,"institute faculty page ""All Publications"" list (Journal); joining year not verified (no bio sketch / not stated) -> restricted to >=2020; doi via crossref exact-title lookup (post-discovery)"
A potent antibiotic-loaded bone-cement implant against staphylococcal bone infections,2022,10.1038/s41551-022-00950-x,"., Saha T. , Padhye A. , Ghosh S. , Jang H. L., Sengupta S. Nature Biomedical Engineering 6 1180-1195",journal,Sudip Kumar Ghosh,Bioscience and Biotechnology,faculty_page,https://www.iitkgp.ac.in/department/BT/faculty/bt-sudip,medium,"institute faculty page ""All Publications"" list (Journal); joining year not verified (no bio sketch / not stated) -> restricted to >=2020; doi via crossref exact-title lookup (post-discovery)"
Development and performance evaluation of self-assembled pH-responsive curcumin-bacterial exopolysaccharide micellar conjugates as bioactive delivery system,2024,10.1016/j.ijbiomac.2024.130372,International Journal of Biological Macromolecules 263 130372,journal,Sudip Kumar Ghosh,Bioscience and Biotechnology,faculty_page,https://www.iitkgp.ac.in/department/BT/faculty/bt-sudip,medium,"institute faculty page ""All Publications"" list (Journal); joining year not verified (no bio sketch / not stated) -> restricted to >=2020; doi via crossref exact-title lookup (post-discovery)"
Stress Management of Protozoan parasite Entamoeba,2024,,International Faculty Development Program,other,Sudip Kumar Ghosh,Bioscience and Biotechnology,faculty_page,https://www.iitkgp.ac.in/department/BT/faculty/bt-sudip,medium,"institute faculty page ""All Publications"" list (Seminars); joining year not verified (no bio sketch / not stated) -> restricted to >=2020"
When One Is Enough: The Only G Subunit Governs Encystation and Other Cellular Processes in Entamoeba invadens,2026,10.1111/mmi.70035,Molecular Microbiology 125 47-66,journal,Sudip Kumar Ghosh,Bioscience and Biotechnology,faculty_page,https://www.iitkgp.ac.in/department/BT/faculty/bt-sudip,medium,"institute faculty page ""All Publications"" list (Journal); joining year not verified (no bio sketch / not stated) -> restricted to >=2020; doi via crossref exact-title lookup (post-discovery)"
Evaluation of multiple heavy metals and metalloids in glass beads used in retroreflective road markings,2016,,ABSTRACTS OF PAPERS OF THE AMERICAN CHEMICAL SOCIETY,conference,Brajesh Kumar Dubey,Civil Engineering,faculty_page,https://www.iitkgp.ac.in/department/CE/faculty/ce-bkdubey,high,"institute faculty page ""All Publications"" list (Conferences); joined IIT KGP 2016 per bio sketch"
Scaled-up treatment of landfill leachate by advanced oxidation processes: A short review,2020,,"International Conference on Water, Energy, and Environmental Sustainability 2020 (WEES 2020) 30-31",conference,Brajesh Kumar Dubey,Civil Engineering,faculty_page,https://www.iitkgp.ac.in/department/CE/faculty/ce-bkdubey,high,"institute faculty page ""All Publications"" list (Conferences); joined IIT KGP 2016 per bio sketch"
Inhibitory and synergistic effects on thermal behaviour and char characteristics during the co-pyrolysis of biomass and single-use plastics,2021,10.1016/j.energy.2021.121369,Energy 235,journal,Brajesh Kumar Dubey,Civil Engineering,faculty_page,https://www.iitkgp.ac.in/department/CE/faculty/ce-bkdubey,high,"institute faculty page ""All Publications"" list (Journal); joined IIT KGP 2016 per bio sketch; doi via crossref exact-title lookup (post-discovery)"
"Managing Construction and Demolition Waste Flow through GIS for effective urban planning"" for consideration in Sustainable Development using Geospatial Techniques",2024,,"Sustainable Development Using Geospatial Techniques, 1163-1168",other,Brajesh Kumar Dubey,Civil Engineering,faculty_page,https://www.iitkgp.ac.in/department/CE/faculty/ce-bkdubey,high,"institute faculty page ""All Publications"" list (Book Chapter/Section); joined IIT KGP 2016 per bio sketch"
Integrated Microbial Desalination and Microbial Electrolysis Cell for Improved Desalination and Wastewater Treatment,2025,,9th World Conference of the International Society for Microbial Electrochemistry and Technology (ISMET9),conference,Brajesh Kumar Dubey,Civil Engineering,faculty_page,https://www.iitkgp.ac.in/department/CE/faculty/ce-bkdubey,high,"institute faculty page ""All Publications"" list (Conferences); joined IIT KGP 2016 per bio sketch"
Influence of Dynamic Precipitation During Low Cycle Fatigue of Under-Aged AA6063 Alloy,2016,10.1007/s12666-015-0805-4,Transactions of the Indian Institute of Metals 69 319-314,journal,Shaikh Jahangir Hossain,Civil Engineering,faculty_page,https://www.iitkgp.ac.in/department/CE/faculty/ce-sjh,high,"institute faculty page ""All Publications"" list (Journal); joined IIT KGP 2010 per bio sketch; doi via crossref exact-title lookup (post-discovery)"
Entangled network influenced by carbon black in solution SBR vulcanizates revealed by theory and experiment,2021,10.5254/rct.20.80374,Rubber Chemistry and Technology 94 324-338,journal,Shaikh Jahangir Hossain,Civil Engineering,faculty_page,https://www.iitkgp.ac.in/department/CE/faculty/ce-sjh,high,"institute faculty page ""All Publications"" list (Journal); joined IIT KGP 2010 per bio sketch; doi via crossref exact-title lookup (post-discovery)"
Hyper-viscoelastic characterization of highly filled rubber compound: Extending approach for geometrical defect analysis,2022,10.1002/pen.25857,Polymer Engineering and Science 62 447-460,journal,Shaikh Jahangir Hossain,Civil Engineering,faculty_page,https://www.iitkgp.ac.in/department/CE/faculty/ce-sjh,high,"institute faculty page ""All Publications"" list (Journal); joined IIT KGP 2010 per bio sketch; doi via crossref exact-title lookup (post-discovery)"
Mechanical characterization of filled elastomer nanocomposites under finite-deformation cyclic loading using yield-surface-free plasticity,2023,10.1016/j.compscitech.2023.110140,Composites Science and Technology 241,journal,Shaikh Jahangir Hossain,Civil Engineering,faculty_page,https://www.iitkgp.ac.in/department/CE/faculty/ce-sjh,high,"institute faculty page ""All Publications"" list (Journal); joined IIT KGP 2010 per bio sketch; doi via crossref exact-title lookup (post-discovery)"
Towards Finite Element Modelling of Electrical Activity in Cardiac Tissue Based on Greenstein Winslow Ventricular Myocyte Model,2022,10.1007/978-981-16-6490-8_30,Recent Advances in Computational and Experimental Mechanics 357-369,conference,Shaikh Jahangir Hossain,Civil Engineering,faculty_page,https://www.iitkgp.ac.in/department/CE/faculty/ce-sjh,high,"institute faculty page ""All Publications"" list (Conferences); joined IIT KGP 2010 per bio sketch; doi via crossref exact-title lookup (post-discovery)"
An efficient isogeometric finite element method for unsteady incompressible viscous flows,2026,10.1007/s00366-026-02404-3,Engineering with Computers 42,journal,Shaikh Jahangir Hossain,Civil Engineering,faculty_page,https://www.iitkgp.ac.in/department/CE/faculty/ce-sjh,high,"institute faculty page ""All Publications"" list (Journal); joined IIT KGP 2010 per bio sketch; doi via crossref exact-title lookup (post-discovery)"
Neural Networks and Genetic Algorithms in Structural Health Monitoring,2016,10.1201/9781315373492-8,Development of Structural Health Monitoring Technologies and Next Generation Smart Composite Structures 287-340,other,Sudhir Kumar Barai,Civil Engineering,faculty_page,https://www.iitkgp.ac.in/department/CE/faculty/ce-skbarai,high,"institute faculty page ""All Publications"" list (Book Chapter/Section); joined IIT KGP 2014 per bio sketch; doi via crossref exact-title lookup (post-discovery)"
Influence of different demolished old structures concrete as aggregate on properties of concrete,2017,,The Indian Concrete Journal (ICJ) 91 68-85,journal,Sudhir Kumar Barai,Civil Engineering,faculty_page,https://www.iitkgp.ac.in/department/CE/faculty/ce-skbarai,high,"institute faculty page ""All Publications"" list (Journal); joined IIT KGP 2014 per bio sketch"
Microstructure Analysis of Concrete Using X-ray Microtomography and Image Processing Technique,2018,,International Conference on Construction Materials and Structures (ACMS 2018),conference,Sudhir Kumar Barai,Civil Engineering,faculty_page,https://www.iitkgp.ac.in/department/CE/faculty/ce-skbarai,high,"institute faculty page ""All Publications"" list (Conferences); joined IIT KGP 2014 per bio sketch"
Hybrid fiber reinforced self compacting concrete with fly ash and colloidal nano silica: A systematic study,2018,10.1016/j.conbuildmat.2017.11.131,"., Barai S. V. Construction and Building Materials 160 828-838",journal,Sudhir Kumar Barai,Civil Engineering,faculty_page,https://www.iitkgp.ac.in/department/CE/faculty/ce-skbarai,high,"institute faculty page ""All Publications"" list (Journal); joined IIT KGP 2014 per bio sketch; doi via crossref exact-title lookup (post-discovery)"
Influence of Particle Packing Method on Sustainable Concrete Using Fly Ash and Recycled Aggregates,2019,10.1007/978-981-13-0362-3_68,"Recent Advances in Structural Engineering, Volume 1 841-854",other,Sudhir Kumar Barai,Civil Engineering,faculty_page,https://www.iitkgp.ac.in/department/CE/faculty/ce-skbarai,high,"institute faculty page ""All Publications"" list (Book Chapter/Section); joined IIT KGP 2014 per bio sketch; doi via crossref exact-title lookup (post-discovery)"
Evaluation of ratcheting behaviour in cyclically stable steels through use of a combined kinematic-isotropic hardening rule and a genetic algorithm optimization technique,2019,10.1016/j.ijmecsci.2018.12.047,International Journal of Mechanical Sciences 152 138-150,journal,Sudhir Kumar Barai,Civil Engineering,faculty_page,https://www.iitkgp.ac.in/department/CE/faculty/ce-skbarai,high,"institute faculty page ""All Publications"" list (Journal); joined IIT KGP 2014 per bio sketch; doi via crossref exact-title lookup (post-discovery)"
A New Divided-Wall Heat Integrated Distillation Column (HIDiC) for Batch Processing: Feasibility and Analysis,2016,10.1016/j.apenergy.2016.03.117,Applied Energy 172 199-206,journal,Amiya Kumar Jana,Chemical Engineering,faculty_page,https://www.iitkgp.ac.in/department/CH/faculty/ch-akjana,high,"institute faculty page ""All Publications"" list (Journal); joined IIT KGP 2012 per bio sketch; doi via crossref exact-title lookup (post-discovery)"
Pressure-Swing Dividing Wall Column with Multiple Binary Azeotropes: Improving Energy Efficiency and Cost Savings through Vapor Recompression,2018,10.1021/acs.iecr.7b03586,Industrial and Engineering Chemistry Research 57 4019-4032,journal,Amiya Kumar Jana,Chemical Engineering,faculty_page,https://www.iitkgp.ac.in/department/CH/faculty/ch-akjana,high,"institute faculty page ""All Publications"" list (Journal); joined IIT KGP 2012 per bio sketch; doi via crossref exact-title lookup (post-discovery)"
Nonmonotonous Lattice Distortion Model for Gas Hydrates,2020,10.1021/acs.jpca.0c00855,Journal of Physical Chemistry A 124 3149-3156,journal,Amiya Kumar Jana,Chemical Engineering,faculty_page,https://www.iitkgp.ac.in/department/CH/faculty/ch-akjana,high,"institute faculty page ""All Publications"" list (Journal); joined IIT KGP 2012 per bio sketch; doi via crossref exact-title lookup (post-discovery)"
Structure-H hydrate of mixed gases: Phase equilibrium modeling and experimental validation,2021,10.1016/j.molliq.2021.117605,Journal of Molecular Liquids 343,journal,Amiya Kumar Jana,Chemical Engineering,faculty_page,https://www.iitkgp.ac.in/department/CH/faculty/ch-akjana,high,"institute faculty page ""All Publications"" list (Journal); joined IIT KGP 2012 per bio sketch; doi via crossref exact-title lookup (post-discovery)"
A Novel Vapor Recompressed Batch Extractive Distillation for Ethanol Dehydration,2024,10.1016/b978-0-443-28824-1.50392-6,Computer Aided Chemical Engineering 53 2347-2352,other,Amiya Kumar Jana,Chemical Engineering,faculty_page,https://www.iitkgp.ac.in/department/CH/faculty/ch-akjana,high,"institute faculty page ""All Publications"" list (Book Chapter/Section); joined IIT KGP 2012 per bio sketch; doi via crossref exact-title lookup (post-discovery)"
An industrial multi-effect desalination: Model validation and plantwide control,2026,10.1016/j.seppur.2026.137058,Separation and Purification Technology 391,journal,Amiya Kumar Jana,Chemical Engineering,faculty_page,https://www.iitkgp.ac.in/department/CH/faculty/ch-akjana,high,"institute faculty page ""All Publications"" list (Journal); joined IIT KGP 2012 per bio sketch; doi via crossref exact-title lookup (post-discovery)"
Parameter Identification in Population Balance Models Using Uncertainty and Sensitivity Analysis,2022,10.1021/acs.iecr.2c00106,Industrial and Engineering Chemistry Research 61 8673-8684,journal,Debasis Sarkar,Chemical Engineering,faculty_page,https://www.iitkgp.ac.in/department/CH/faculty/ch-dsarkar,medium,"institute faculty page ""All Publications"" list (Journal); joining year not verified (no bio sketch / not stated) -> restricted to >=2020; doi via crossref exact-title lookup (post-discovery)"
Two-dimensional population balance modelling and validation of combined cooling and antisolvent crystallization of l-asparagine monohydrate,2023,10.1039/d2ce01566h,CrystEngComm 25 1424-1435,journal,Debasis Sarkar,Chemical Engineering,faculty_page,https://www.iitkgp.ac.in/department/CH/faculty/ch-dsarkar,medium,"institute faculty page ""All Publications"" list (Journal); joining year not verified (no bio sketch / not stated) -> restricted to >=2020; doi via crossref exact-title lookup (post-discovery)"
"Multivariate population balance modeling and simulation of ultrasound-assisted crystallization of a plate-type pharmaceutical: Nucleation, growth, and breakage",2024,10.1016/j.compchemeng.2024.108651,Computers and Chemical Engineering 184,journal,Debasis Sarkar,Chemical Engineering,faculty_page,https://www.iitkgp.ac.in/department/CH/faculty/ch-dsarkar,medium,"institute faculty page ""All Publications"" list (Journal); joining year not verified (no bio sketch / not stated) -> restricted to >=2020; doi via crossref exact-title lookup (post-discovery)"
Genome-Scale Metabolic Modeling and Predictive Control Strategies for Optimal Biomass and Lipid Growth for Chlorella Sp,2025,,"AIChE Annual Meeting 2025, USA",conference,Debasis Sarkar,Chemical Engineering,faculty_page,https://www.iitkgp.ac.in/department/CH/faculty/ch-dsarkar,medium,"institute faculty page ""All Publications"" list (Conferences); joining year not verified (no bio sketch / not stated) -> restricted to >=2020"
An efficient approach for parameter sensitivity analysis using sigma point method,2026,10.1080/00986445.2025.2515943,Chemical Engineering Communications 213 1-20,journal,Debasis Sarkar,Chemical Engineering,faculty_page,https://www.iitkgp.ac.in/department/CH/faculty/ch-dsarkar,medium,"institute faculty page ""All Publications"" list (Journal); joining year not verified (no bio sketch / not stated) -> restricted to >=2020; doi via crossref exact-title lookup (post-discovery)"
Obviating the post annealing step for production of Al-doped zinc oxide films using sol-gel method: Use of rapid cooling and gas blanketing,2016,10.1016/j.tsf.2015.09.062,Thin Solid Films 605 173-179,journal,Jayanta Chakraborty,Chemical Engineering,faculty_page,https://www.iitkgp.ac.in/department/CH/faculty/ch-jayanta,high,"institute faculty page ""All Publications"" list (Journal); joined IIT KGP 2011 per bio sketch; doi via crossref exact-title lookup (post-discovery)"
A structured review of baculovirus infection process: integration of mathematical models and biomolecular information on cell virus interaction,2018,10.1099/jgv.0.001108,Journal of General Virology 99 1151-1171,journal,Jayanta Chakraborty,Chemical Engineering,faculty_page,https://www.iitkgp.ac.in/department/CH/faculty/ch-jayanta,high,"institute faculty page ""All Publications"" list (Journal); joined IIT KGP 2011 per bio sketch; doi via crossref exact-title lookup (post-discovery)"
Large-scale surfactant-free synthesis of WS2 nanosheets: An investigation into the detailed reaction chemistry of colloidal precipitation and their application as an anode material for lithium-ion and sodium-ion batteries,2020,10.1039/c9nj04662c,New Journal of Chemistry 44 1594-1608,journal,Jayanta Chakraborty,Chemical Engineering,faculty_page,https://www.iitkgp.ac.in/department/CH/faculty/ch-jayanta,high,"institute faculty page ""All Publications"" list (Journal); joined IIT KGP 2011 per bio sketch; doi via crossref exact-title lookup (post-discovery)"
"Semi-batch synthesis of copper nanowires: Role of stirring, reagent recycling, and process optimization",2025,10.1016/j.colsurfa.2025.137633,Colloids and Surfaces A Physicochemical and Engineering Aspects 725 137633-137633,journal,Jayanta Chakraborty,Chemical Engineering,faculty_page,https://www.iitkgp.ac.in/department/CH/faculty/ch-jayanta,high,"institute faculty page ""All Publications"" list (Journal); joined IIT KGP 2011 per bio sketch; doi via crossref exact-title lookup (post-discovery)"
Extraction of aggregation kernel from DEM simulations for granulation in presence of sustained contacts,2026,10.1016/j.ces.2026.123847,Chemical Engineering Science 330 123847-123847,journal,Jayanta Chakraborty,Chemical Engineering,faculty_page,https://www.iitkgp.ac.in/department/CH/faculty/ch-jayanta,high,"institute faculty page ""All Publications"" list (Journal); joined IIT KGP 2011 per bio sketch; doi via crossref exact-title lookup (post-discovery)"
Phytoplankton bloom induced by cyclone MADI in the southwestern Bay of Bengal,2016,,International conference on Recent Advances in Regional Ocean Modelling,conference,Arun Chakraborty,"CORAL (Ocean, River, Atmosphere and Land Sciences)",faculty_page,https://www.iitkgp.ac.in/department/CL/faculty/cl-arunc,high,"institute faculty page ""All Publications"" list (Conferences); joined IIT KGP 2006 per bio sketch"
Role of Atmospheric Rivers causing Flood with Heavy Precipitation Events during Indian Summer Monsoon: Case studies,2018,,"D D., Venkata A. N., Chakraborty A. The International conference on Advancing Earth and Space Science,",conference,Arun Chakraborty,"CORAL (Ocean, River, Atmosphere and Land Sciences)",faculty_page,https://www.iitkgp.ac.in/department/CL/faculty/cl-arunc,high,"institute faculty page ""All Publications"" list (Conferences); joined IIT KGP 2006 per bio sketch"
Spatiotemporal Analysis of Surface Urban Heat Island of Guwahati using LANDSAT and MODIS Data,2019,,National Symposium on Innovations in Geospatial Technology for Sustainable Development with special emphasis on NER (p. 201907164).,other,Arun Chakraborty,"CORAL (Ocean, River, Atmosphere and Land Sciences)",faculty_page,https://www.iitkgp.ac.in/department/CL/faculty/cl-arunc,high,"institute faculty page ""All Publications"" list (Symposium); joined IIT KGP 2006 per bio sketch"
The Physical and Biochemical Response due to Three Sequential Tropical Cyclones in the Bay of Bengal,2022,,AGU 2022,conference,Arun Chakraborty,"CORAL (Ocean, River, Atmosphere and Land Sciences)",faculty_page,https://www.iitkgp.ac.in/department/CL/faculty/cl-arunc,high,"institute faculty page ""All Publications"" list (Conferences); joined IIT KGP 2006 per bio sketch"
Assessment of Nitrogen dynamics and production regimes in the north Indian Ocean: A coupled modeling perspective,2024,,International Conference on Frontiers in Marine Sciences,conference,Arun Chakraborty,"CORAL (Ocean, River, Atmosphere and Land Sciences)",faculty_page,https://www.iitkgp.ac.in/department/CL/faculty/cl-arunc,high,"institute faculty page ""All Publications"" list (Conferences); joined IIT KGP 2006 per bio sketch"
Analysis of Long-duration and High-intensity Marine Cold Spells in the Bay of Bengal,2026,10.1007/s41748-026-01228-x,Earth Systems and Environment (ESEV),journal,Arun Chakraborty,"CORAL (Ocean, River, Atmosphere and Land Sciences)",faculty_page,https://www.iitkgp.ac.in/department/CL/faculty/cl-arunc,high,"institute faculty page ""All Publications"" list (Journal); joined IIT KGP 2006 per bio sketch; doi via crossref exact-title lookup (post-discovery)"
A comparative analysis of the Bay of Bengal Ocean state using standalone and coupled numerical models,2020,10.1007/s13143-020-00197-z,Asia-Pacific Journal of Atmospheric Sciences,journal,Jayanarayanan Kuttippurath,"CORAL (Ocean, River, Atmosphere and Land Sciences)",faculty_page,https://www.iitkgp.ac.in/department/CL/faculty/cl-jayan,medium,"institute faculty page ""All Publications"" list (Journal); joining year not verified (no bio sketch / not stated) -> restricted to >=2020; doi via crossref exact-title lookup (post-discovery)"
Impact of ozone pollution on crop production in India,2022,,TROPMET 2022,conference,Jayanarayanan Kuttippurath,"CORAL (Ocean, River, Atmosphere and Land Sciences)",faculty_page,https://www.iitkgp.ac.in/department/CL/faculty/cl-jayan,medium,"institute faculty page ""All Publications"" list (Conferences); joining year not verified (no bio sketch / not stated) -> restricted to >=2020"
Recent alterations of Terrestrial Ecosystems due to Enhanced Moisture Stress in India,2023,,AGU-2023,conference,Jayanarayanan Kuttippurath,"CORAL (Ocean, River, Atmosphere and Land Sciences)",faculty_page,https://www.iitkgp.ac.in/department/CL/faculty/cl-jayan,medium,"institute faculty page ""All Publications"" list (Conferences); joining year not verified (no bio sketch / not stated) -> restricted to >=2020"
Weakening Carbon Sinks in India driven by Climate Change and Anthropogenic Intrusions,2024,,"AGU 2024, Washington DC, USA",conference,Jayanarayanan Kuttippurath,"CORAL (Ocean, River, Atmosphere and Land Sciences)",faculty_page,https://www.iitkgp.ac.in/department/CL/faculty/cl-jayan,medium,"institute faculty page ""All Publications"" list (Conferences); joining year not verified (no bio sketch / not stated) -> restricted to >=2020"
: Aerosol Inhibition on Photochemical Surface Ozone Formation in Present Day and Under Future Climate and Air Quality Scenarios,2025,,American Association for Aerosol Research (AAAR) 43rd Annual Conference,conference,Jayanarayanan Kuttippurath,"CORAL (Ocean, River, Atmosphere and Land Sciences)",faculty_page,https://www.iitkgp.ac.in/department/CL/faculty/cl-jayan,medium,"institute faculty page ""All Publications"" list (Conferences); joining year not verified (no bio sketch / not stated) -> restricted to >=2020"
Rising ozone pollution as a threat to wheat yields in India: insights from a concentration-based approach,2026,10.1039/d5em00850f,Environmental Science: Processes & Impacts,journal,Jayanarayanan Kuttippurath,"CORAL (Ocean, River, Atmosphere and Land Sciences)",faculty_page,https://www.iitkgp.ac.in/department/CL/faculty/cl-jayan,medium,"institute faculty page ""All Publications"" list (Journal); joining year not verified (no bio sketch / not stated) -> restricted to >=2020; doi via crossref exact-title lookup (post-discovery)"
An Experimental Study on Open Cell Metal Foam as Extended Heat Transfer Surface,2016,10.1016/j.expthermflusci.2016.04.010,"Dixit, T., Ghosh, I. Experimental Thermal and Fluid Science 77 28-37",journal,Indranil Ghosh,Cryogenic Engineering,faculty_page,https://www.iitkgp.ac.in/department/CR/faculty/cr-indranil,high,"institute faculty page ""All Publications"" list (Journal); joined IIT KGP 2006 per bio sketch; doi via crossref exact-title lookup (post-discovery)"
Simulation intricacies of open-cell metal foam fin subjected to convective flow,2018,10.1016/j.applthermaleng.2018.04.011,Applied Thermal Engineering 5 532-544,journal,Indranil Ghosh,Cryogenic Engineering,faculty_page,https://www.iitkgp.ac.in/department/CR/faculty/cr-indranil,high,"institute faculty page ""All Publications"" list (Journal); joined IIT KGP 2006 per bio sketch; doi via crossref exact-title lookup (post-discovery)"
A Two-stage Pulsed Solid Sorption Cooling,2021,,International Sorption Heat Pump Conference 2021 11-15,conference,Indranil Ghosh,Cryogenic Engineering,faculty_page,https://www.iitkgp.ac.in/department/CR/faculty/cr-indranil,high,"institute faculty page ""All Publications"" list (Conferences); joined IIT KGP 2006 per bio sketch"
Spirally wound tubular heat exchanger optimisation using Genetic Algorithm,2022,10.1016/j.applthermaleng.2022.118956,Applied Thermal Engineering 215 118956-118956,journal,Indranil Ghosh,Cryogenic Engineering,faculty_page,https://www.iitkgp.ac.in/department/CR/faculty/cr-indranil,high,"institute faculty page ""All Publications"" list (Journal); joined IIT KGP 2006 per bio sketch; doi via crossref exact-title lookup (post-discovery)"
Axial conduction in cross-flow heat exchangers: An analytical approach to the coupled heat transfer problem,2023,10.1016/j.ijheatmasstransfer.2022.123502,International Journal of Heat and Mass Transfer 200 1235021-12350213,journal,Indranil Ghosh,Cryogenic Engineering,faculty_page,https://www.iitkgp.ac.in/department/CR/faculty/cr-indranil,high,"institute faculty page ""All Publications"" list (Journal); joined IIT KGP 2006 per bio sketch; doi via crossref exact-title lookup (post-discovery)"
Cryogenic pulsating heat pipe dependence on geometrical parameters like adiabatic length and number of turns,2026,10.1016/j.ijheatmasstransfer.2025.127765,International Journal of Heat and Mass Transfer 255 127765,journal,Indranil Ghosh,Cryogenic Engineering,faculty_page,https://www.iitkgp.ac.in/department/CR/faculty/cr-indranil,high,"institute faculty page ""All Publications"" list (Journal); joined IIT KGP 2006 per bio sketch; doi via crossref exact-title lookup (post-discovery)"
Magnetic ordering and conduction mechanism of different electroactive regions in Lu2NiMnO6,2016,10.1063/1.4963824,Journal of Applied Physics 120 134102,journal,Venimadhav  Adyam,Cryogenic Engineering,faculty_page,https://www.iitkgp.ac.in/department/CR/faculty/cr-venimadhav,high,"institute faculty page ""All Publications"" list (Journal); joined IIT KGP 2006 per bio sketch; doi via crossref exact-title lookup (post-discovery)"
Doping a dipole into an incipient ferroelectric: Route to relaxor Ferroelectrics,2017,10.1103/physrevb.96.024107,Phy. Rev. B 96 24107,journal,Venimadhav  Adyam,Cryogenic Engineering,faculty_page,https://www.iitkgp.ac.in/department/CR/faculty/cr-venimadhav,high,"institute faculty page ""All Publications"" list (Journal); joined IIT KGP 2006 per bio sketch; doi via crossref exact-title lookup (post-discovery)"
7. Anomalous freezing of dielectric polarons near magnetic ordering in multiferroic La0. 5Bi0. 5FeO3,2019,10.1016/j.ceramint.2018.12.105,"M. , K. , Das . K., K. Ceramics International 45 6250-6254",journal,Venimadhav  Adyam,Cryogenic Engineering,faculty_page,https://www.iitkgp.ac.in/department/CR/faculty/cr-venimadhav,high,"institute faculty page ""All Publications"" list (Journal); joined IIT KGP 2006 per bio sketch; doi via crossref exact-title lookup (post-discovery)"
Spontaneous magnetization reversal and positive exchange bias effect in CoFeSiB/FeCrO3heterostructures,2021,10.1088/1361-6463/ac1e4b,Journal of Physics D: Applied Physics 54,journal,Venimadhav  Adyam,Cryogenic Engineering,faculty_page,https://www.iitkgp.ac.in/department/CR/faculty/cr-venimadhav,high,"institute faculty page ""All Publications"" list (Journal); joined IIT KGP 2006 per bio sketch; doi via crossref exact-title lookup (post-discovery)"
Polymer Electrolytes and Separators for Magnesium-Ion Batteries,2024,10.1201/9781003310167-7,"Advanced Technologies for Rechargeable Batteries: Alkaline Metal Ion, Redox Flow, and Metal Sulfur Batteries: Volume 1 74-90",other,Venimadhav  Adyam,Cryogenic Engineering,faculty_page,https://www.iitkgp.ac.in/department/CR/faculty/cr-venimadhav,high,"institute faculty page ""All Publications"" list (Book Chapter/Section); joined IIT KGP 2006 per bio sketch; doi via crossref exact-title lookup (post-discovery)"
"Exploring the influence of rare-earth ions on the magnetic glass behavior in RE2NiMnO6 (RE = Nd, Eu, Gd & Y) double perovskites",2026,10.2139/ssrn.5413623,Journal of Magnetism and Magnetic Materials 638,journal,Venimadhav  Adyam,Cryogenic Engineering,faculty_page,https://www.iitkgp.ac.in/department/CR/faculty/cr-venimadhav,high,"institute faculty page ""All Publications"" list (Journal); joined IIT KGP 2006 per bio sketch; doi via crossref exact-title lookup (post-discovery)"
Learning to Reason Iteratively and Parallelly for Complex Visual Reasoning Scenarios,2024,10.52202/079017-4381,NeurIPS 2024 137965-137998,conference,Debaditya Roy,Computer Science and Engineering,faculty_page,https://www.iitkgp.ac.in/department/CS/faculty/cs-debaditya,medium,"institute faculty page ""All Publications"" list (Conferences); joining year not verified (no bio sketch / not stated) -> restricted to >=2020; doi via crossref exact-title lookup (post-discovery)"
Predicting Event Memorability using Personalized Federated Learning,2025,10.1109/wacv61041.2025.00159,IEEE/CVF WACV 2025 1556-1565,conference,Debaditya Roy,Computer Science and Engineering,faculty_page,https://www.iitkgp.ac.in/department/CS/faculty/cs-debaditya,medium,"institute faculty page ""All Publications"" list (Conferences); joining year not verified (no bio sketch / not stated) -> restricted to >=2020; doi via crossref exact-title lookup (post-discovery)"
Effectively Leveraging CLIP for Generating Situational Summaries of Images and Videos,2025,10.1007/s11263-025-02429-z,International Journal of Computer Vision,journal,Debaditya Roy,Computer Science and Engineering,faculty_page,https://www.iitkgp.ac.in/department/CS/faculty/cs-debaditya,medium,"institute faculty page ""All Publications"" list (Journal); joining year not verified (no bio sketch / not stated) -> restricted to >=2020; doi via crossref exact-title lookup (post-discovery)"
Personalized Image Privacy Advisors via Federated Daisy-Chaining,2026,10.1109/wacv61042.2026.00275,IEEE/CVF WACV 2026 2808-2817,conference,Debaditya Roy,Computer Science and Engineering,faculty_page,https://www.iitkgp.ac.in/department/CS/faculty/cs-debaditya,medium,"institute faculty page ""All Publications"" list (Conferences); joining year not verified (no bio sketch / not stated) -> restricted to >=2020; doi via crossref exact-title lookup (post-discovery)"
Detecting Social Engagement of Elderly From Lifelog Image-streams to Identify Effective Cues for Autobiographic Recall,2026,10.1109/wacv61042.2026.00330,IEEE/CVF WACV 2026 3380-3389,conference,Debaditya Roy,Computer Science and Engineering,faculty_page,https://www.iitkgp.ac.in/department/CS/faculty/cs-debaditya,medium,"institute faculty page ""All Publications"" list (Conferences); joining year not verified (no bio sketch / not stated) -> restricted to >=2020; doi via crossref exact-title lookup (post-discovery)"
A Practical Key-Recovery Attack on LWE-Based Key-Encapsulation Mechanism Schemes Using Rowhammer,2024,10.1007/978-3-031-54776-8_11,Applied Cryptography and Network Security 271-300,conference,Sarani Bhattacharya,Computer Science and Engineering,faculty_page,https://www.iitkgp.ac.in/department/CS/faculty/cs-sarani,medium,"institute faculty page ""All Publications"" list (Conferences); joining year not verified (no bio sketch / not stated) -> restricted to >=2020; doi via crossref exact-title lookup (post-discovery)"
Breaking KASLR on mobile devices without any use of cache memory,2024,,Journal of Cryptographic Engineering 14 281-294,journal,Sarani Bhattacharya,Computer Science and Engineering,faculty_page,https://www.iitkgp.ac.in/department/CS/faculty/cs-sarani,medium,"institute faculty page ""All Publications"" list (Journal); joining year not verified (no bio sketch / not stated) -> restricted to >=2020"
Unified FPGA Design of Kyber and Dilithium with Provable Fault Tolerance,2025,10.1109/asap65064.2025.00033,"Proceedings of the International Conference on Application-Specific Systems, Architectures and Processors 158-165",conference,Sarani Bhattacharya,Computer Science and Engineering,faculty_page,https://www.iitkgp.ac.in/department/CS/faculty/cs-sarani,medium,"institute faculty page ""All Publications"" list (Conferences); joining year not verified (no bio sketch / not stated) -> restricted to >=2020; doi via crossref exact-title lookup (post-discovery)"
oOPS: Out-Of-Band Remote Power Side-Channel Attacks on Intel SGX and TDX,2025,10.1109/dac63849.2025.11132941,Proceedings - Design Automation Conference,conference,Sarani Bhattacharya,Computer Science and Engineering,faculty_page,https://www.iitkgp.ac.in/department/CS/faculty/cs-sarani,medium,"institute faculty page ""All Publications"" list (Conferences); joining year not verified (no bio sketch / not stated) -> restricted to >=2020; doi via crossref exact-title lookup (post-discovery)"
Energon: Unveiling Transformers from GPU Power and Thermal Side-Channels,2025,10.1109/iccad66269.2025.11240793,"IEEE/ACM International Conference on Computer-Aided Design, Digest of Technical Papers, ICCAD",conference,Sarani Bhattacharya,Computer Science and Engineering,faculty_page,https://www.iitkgp.ac.in/department/CS/faculty/cs-sarani,medium,"institute faculty page ""All Publications"" list (Conferences); joining year not verified (no bio sketch / not stated) -> restricted to >=2020; doi via crossref exact-title lookup (post-discovery)"
AISELF: An LLM-based Automated Interleaved Speculative-Execution Leakage Detection Framework,2026,10.1007/s41635-026-00180-6,"Journal of Hardware and Systems Security, Volume 10",journal,Sarani Bhattacharya,Computer Science and Engineering,faculty_page,https://www.iitkgp.ac.in/department/CS/faculty/cs-sarani,medium,"institute faculty page ""All Publications"" list (Journal); joining year not verified (no bio sketch / not stated) -> restricted to >=2020; doi via crossref exact-title lookup (post-discovery)"
Parameter Analysis for Guarding Terrains,2020,,"17th Scandinavian Symposium and Workshops on Algorithm Theory, {SWAT) 2020 1-18",conference,Sudeshna Kolay,Computer Science and Engineering,faculty_page,https://www.iitkgp.ac.in/department/CS/faculty/cs-skolay,medium,"institute faculty page ""All Publications"" list (Conferences); joining year not verified (no bio sketch / not stated) -> restricted to >=2020"
Faster Graph Bipartition,2020,,Journal of Computer and System Sciences 109 45-55,journal,Sudeshna Kolay,Computer Science and Engineering,faculty_page,https://www.iitkgp.ac.in/department/CS/faculty/cs-skolay,medium,"institute faculty page ""All Publications"" list (Journal); joining year not verified (no bio sketch / not stated) -> restricted to >=2020"
Parameterized complexity of conflict-free graph coloring,2021,10.1137/19m1307160,SIAM Journal on Discrete Mathematics 35 2003-2038,journal,Sudeshna Kolay,Computer Science and Engineering,faculty_page,https://www.iitkgp.ac.in/department/CS/faculty/cs-skolay,medium,"institute faculty page ""All Publications"" list (Journal); joining year not verified (no bio sketch / not stated) -> restricted to >=2020; doi via crossref exact-title lookup (post-discovery)"
Efficient Algorithms for Euclidean Steiner Minimal Tree on Near-Convex Terminal Sets,2023,,"Leibniz International Proceedings in Informatics, LIPIcs 283",conference,Sudeshna Kolay,Computer Science and Engineering,faculty_page,https://www.iitkgp.ac.in/department/CS/faculty/cs-skolay,medium,"institute faculty page ""All Publications"" list (Conferences); joining year not verified (no bio sketch / not stated) -> restricted to >=2020"
An ETH-Tight Exact Algorithm for Euclidean TSP,2023,10.1137/22m1469122,SIAM Journal on Computing 52 740-760,journal,Sudeshna Kolay,Computer Science and Engineering,faculty_page,https://www.iitkgp.ac.in/department/CS/faculty/cs-skolay,medium,"institute faculty page ""All Publications"" list (Journal); joining year not verified (no bio sketch / not stated) -> restricted to >=2020; doi via crossref exact-title lookup (post-discovery)"
-Persistent Temporal Clique Enumeration with an Application,2025,10.1007/978-981-96-1242-0_27,Lecture Notes in Computer Science (including subseries Lecture Notes in Artificial Intelligence and Lecture Notes in Bioinformatics) 15449 LNCS 359-371,conference,Sudeshna Kolay,Computer Science and Engineering,faculty_page,https://www.iitkgp.ac.in/department/CS/faculty/cs-skolay,medium,"institute faculty page ""All Publications"" list (Conferences); joining year not verified (no bio sketch / not stated) -> restricted to >=2020; doi via crossref exact-title lookup (post-discovery)"
Regioselective Mannich bases of pyrrole-2-carbaldehyde and binuclear copper(II) complexes of bis(iminopyrrolyl) ligand containing the piperazine ring,2016,10.1016/j.ica.2016.02.023,Inorg. Chim. Acta. 445 70-78,journal,Ganesan Mani,Chemistry,faculty_page,https://www.iitkgp.ac.in/department/CY/faculty/cy-gmani,high,"institute faculty page ""All Publications"" list (Journal); joined IIT KGP 2007 per bio sketch; doi via crossref exact-title lookup (post-discovery)"
"Enantiomers and Structural Isomers of Sodium and Palladium Complexes Bearing ortho-Bis(3,5-dimethylpyrazolylmethyl)phenolate: Fluxional Property and Highly Active Catalysts for Norbornene Polymerization",2018,10.1021/acs.inorgchem.8b00744,Inorganic Chemistry 57 7735-7747,journal,Ganesan Mani,Chemistry,faculty_page,https://www.iitkgp.ac.in/department/CY/faculty/cy-gmani,high,"institute faculty page ""All Publications"" list (Journal); joined IIT KGP 2007 per bio sketch; doi via crossref exact-title lookup (post-discovery)"
Crystal Structure and DFT Analyses of a Penta-coordinated PCP Pincer Nickel(II) Complex,2019,,Acta Cryst. Sec C 75 734-739,journal,Ganesan Mani,Chemistry,faculty_page,https://www.iitkgp.ac.in/department/CY/faculty/cy-gmani,high,"institute faculty page ""All Publications"" list (Journal); joined IIT KGP 2007 per bio sketch"
"Synthesis, structural characterization, and bonding analysis of two-coordinate copper(i) and silver(i) complexes of pyrrole-based bis(phosphinimine): new metal-pyrrole ring -interactions",2021,10.1039/d1dt01091c,Dalton Transactions 50 8036-8044,journal,Ganesan Mani,Chemistry,faculty_page,https://www.iitkgp.ac.in/department/CY/faculty/cy-gmani,high,"institute faculty page ""All Publications"" list (Journal); joined IIT KGP 2007 per bio sketch; also found via dept_page (https://hpc.iitkgp.ac.in/research-outputs); doi via crossref exact-title lookup (post-discovery)"
The Hydroboration of CO2with 9-BBN to Methoxyborane Catalyzed by Pincer Carbene Palladium(II) and Nickel(II) Thiolates with High Turnover Numbers,2026,10.1021/acs.organomet.5c00354,Organometallics 45 410-423,journal,Ganesan Mani,Chemistry,faculty_page,https://www.iitkgp.ac.in/department/CY/faculty/cy-gmani,high,"institute faculty page ""All Publications"" list (Journal); joined IIT KGP 2007 per bio sketch; doi via crossref exact-title lookup (post-discovery)"
Role of Anions in the Formation of Multidimensional Coordination Polymers: Selective Separation of Anionic Toxic Dyes by 3D-Cationic Framework and Luminescent Properties,2016,10.1021/acs.cgd.6b00381,Crystal Growth & Design 16 3002-3013,journal,Kumar Biradha,Chemistry,faculty_page,https://www.iitkgp.ac.in/department/CY/faculty/cy-kbiradha,high,"institute faculty page ""All Publications"" list (Journal); joined IIT KGP 2002 per bio sketch; doi via crossref exact-title lookup (post-discovery)"
One-dimensional Coordination Polymers of Bis-(3-pyridyl-acrylamido)ethane: Influence of Anions and Metal Ions on Their Solid State [2+2] Photochemical Polymerization and Dimerization Reactions,2017,10.1021/acs.cgd.6b01865,Crystal Growth & Design 16 925-932,journal,Kumar Biradha,Chemistry,faculty_page,https://www.iitkgp.ac.in/department/CY/faculty/cy-kbiradha,high,"institute faculty page ""All Publications"" list (Journal); joined IIT KGP 2002 per bio sketch; doi via crossref exact-title lookup (post-discovery)"
"Interplay of Halogen Bonding and Hydrogen Bonding in the Cocrystals and Salts of Dihalogens and Trihalides with N,N'-bis-(3-pyridyl-acrylamido) Derivatives: Phosphorescent Organic Salts",2019,10.1021/acs.cgd.8b01786,Crsytal Growth & Design 19 2175-2188,journal,Kumar Biradha,Chemistry,faculty_page,https://www.iitkgp.ac.in/department/CY/faculty/cy-kbiradha,high,"institute faculty page ""All Publications"" list (Journal); joined IIT KGP 2002 per bio sketch; doi via crossref exact-title lookup (post-discovery)"
Correlation of Structures with Proton Conductivity of 1D Coordination Polymers: Higher Proton Conductivity Due to Synergy of Encapsulated Sulfate Ions and Water Molecules,2022,10.1021/acs.cgd.2c00890,Crystal Growth & Design 22 7215-7220,journal,Kumar Biradha,Chemistry,faculty_page,https://www.iitkgp.ac.in/department/CY/faculty/cy-kbiradha,high,"institute faculty page ""All Publications"" list (Journal); joined IIT KGP 2002 per bio sketch; doi via crossref exact-title lookup (post-discovery)"
Coordination Polymers in remediation of oxoanion pollutants and toxic dyes,2017,10.1107/s2053273317089112,"ACTA CRYSTALLOGRAPHICA A-FOUNDATION AND ADVANCES, Volume: 73 Pages: C662-C662 662-662",other,Kumar Biradha,Chemistry,faculty_page,https://www.iitkgp.ac.in/department/CY/faculty/cy-kbiradha,high,"institute faculty page ""All Publications"" list (Congress); joined IIT KGP 2002 per bio sketch; doi via crossref exact-title lookup (post-discovery)"
Rational Design of Bimetallic 2D Covalent Organic Frameworks for Interlayer Electrocatalytic Urea Production from N2 and CO2,2026,10.1021/acs.chemmater.6c00311,Chemistry of Materials 38 5566-5578,journal,Kumar Biradha,Chemistry,faculty_page,https://www.iitkgp.ac.in/department/CY/faculty/cy-kbiradha,high,"institute faculty page ""All Publications"" list (Journal); joined IIT KGP 2002 per bio sketch; doi via crossref exact-title lookup (post-discovery)"
Effect of aggregated Abeta protofilaments on intermolecular vibrational spectrum of confined water,2020,10.1007/s12039-019-1699-1,Chem. Sci. 132 10,journal,Sanjoy Bandyopadhyay,Chemistry,faculty_page,https://www.iitkgp.ac.in/department/CY/faculty/cy-sanjoy,medium,"institute faculty page ""All Publications"" list (Journal); joining year not verified (no bio sketch / not stated) -> restricted to >=2020; doi via crossref exact-title lookup (post-discovery)"
In silico studies to predict the role of solvent in guiding the conformations of intrinsically disordered peptides and their aggregated protofilaments,2022,10.1021/acsomega.2c06235,ACS Omega 7 43337-43345,journal,Sanjoy Bandyopadhyay,Chemistry,faculty_page,https://www.iitkgp.ac.in/department/CY/faculty/cy-sanjoy,medium,"institute faculty page ""All Publications"" list (Journal); joining year not verified (no bio sketch / not stated) -> restricted to >=2020; doi via crossref exact-title lookup (post-discovery)"
Conformational properties of Abeta peptide oligomers in aqueous ionic liquid solution: Insights from molecular simulation studies,2023,10.1021/acs.jpcb.3c05490,Phys. Chem. B 127 10960-10973,journal,Sanjoy Bandyopadhyay,Chemistry,faculty_page,https://www.iitkgp.ac.in/department/CY/faculty/cy-sanjoy,medium,"institute faculty page ""All Publications"" list (Journal); joining year not verified (no bio sketch / not stated) -> restricted to >=2020; doi via crossref exact-title lookup (post-discovery)"
Microscopic undertanding of the conformational stability of aggregated non-amyloid beta components of alpha-synuclein,2023,,Chem. Inf. Model 63 1542-1555,journal,Sanjoy Bandyopadhyay,Chemistry,faculty_page,https://www.iitkgp.ac.in/department/CY/faculty/cy-sanjoy,medium,"institute faculty page ""All Publications"" list (Journal); joining year not verified (no bio sketch / not stated) -> restricted to >=2020"
Investigating the restricted dynamical environment in and around A-beta peptide oligomers in aqueous ionic liquid solution,2025,10.1021/acs.jpcb.4c07336,Phys. Chem. B 129 1214-1228,journal,Sanjoy Bandyopadhyay,Chemistry,faculty_page,https://www.iitkgp.ac.in/department/CY/faculty/cy-sanjoy,medium,"institute faculty page ""All Publications"" list (Journal); joining year not verified (no bio sketch / not stated) -> restricted to >=2020; doi via crossref exact-title lookup (post-discovery)"
Probing the degree of restriction in solvent dynamics at the interface of a protein-RNA complex,2025,10.1021/acs.jpcb.4c08804,Phys. Chem. B 129 4143-4158,journal,Sanjoy Bandyopadhyay,Chemistry,faculty_page,https://www.iitkgp.ac.in/department/CY/faculty/cy-sanjoy,medium,"institute faculty page ""All Publications"" list (Journal); joining year not verified (no bio sketch / not stated) -> restricted to >=2020; doi via crossref exact-title lookup (post-discovery)"
"Two Fundamental Forms of Quantum Optical Entanglement: Their Relationships, and Their Equivalences in Certain Measurement Contexts",2026,,Joint March Meeting and April Meeting: Global Physics Summit 2026 (SMT 2026),conference,Aniruddha Bhattacharya,Electronics and Electrical Communication Engg.,faculty_page,https://www.iitkgp.ac.in/department/EC/faculty/ec-anbh303,high,"institute faculty page ""All Publications"" list (Conferences); joined IIT KGP 2026 per bio sketch"
Enhanced stability from co-resonant cavities in a monolithic array,2026,10.1364/oe.604437,Optics Express 34 37408-37418,journal,Aniruddha Bhattacharya,Electronics and Electrical Communication Engg.,faculty_page,https://www.iitkgp.ac.in/department/EC/faculty/ec-anbh303,high,"institute faculty page ""All Publications"" list (Journal); joined IIT KGP 2026 per bio sketch; doi via crossref exact-title lookup (post-discovery)"
Capacity per Unit-Energy of Gaussian Random Many-Access Channels,2020,10.1109/isit44484.2020.9174091,"R J., Koch T. International Symposium on Information Theory (ISIT)",conference,Jithin R,Electronics and Electrical Communication Engg.,faculty_page,https://www.iitkgp.ac.in/department/EC/faculty/ec-jithin,medium,"institute faculty page ""All Publications"" list (Conferences); joining year not verified (no bio sketch / not stated) -> restricted to >=2020; doi via crossref exact-title lookup (post-discovery)"
On the Per-User Probability of Error in Gaussian Many-Access Channels,2020,,"R J., Koch T. International Zurich Seminar on Information and Communication (IZS)",conference,Jithin R,Electronics and Electrical Communication Engg.,faculty_page,https://www.iitkgp.ac.in/department/EC/faculty/ec-jithin,medium,"institute faculty page ""All Publications"" list (Conferences); joining year not verified (no bio sketch / not stated) -> restricted to >=2020"
Scaling Laws for Many-Access Channels and Unsourced Random Access,2021,10.1109/ieeeconf53345.2021.9723116,"R J., Koch T. Asilomar Conference on Signals, Systems, and Computers",conference,Jithin R,Electronics and Electrical Communication Engg.,faculty_page,https://www.iitkgp.ac.in/department/EC/faculty/ec-jithin,medium,"institute faculty page ""All Publications"" list (Conferences); joining year not verified (no bio sketch / not stated) -> restricted to >=2020; doi via crossref exact-title lookup (post-discovery)"
Fundamental Limits of Demand-Private Coded Caching,2022,10.1109/tit.2022.3150336,"R J. , Kamath S. , Dey B. , Karamchandani N. IEEE Transactions on Information Theory 28 4106-4134",journal,Jithin R,Electronics and Electrical Communication Engg.,faculty_page,https://www.iitkgp.ac.in/department/EC/faculty/ec-jithin,medium,"institute faculty page ""All Publications"" list (Journal); joining year not verified (no bio sketch / not stated) -> restricted to >=2020; doi via crossref exact-title lookup (post-discovery)"
Private Index Coding,2022,,"R J. , Mishra V. , Dey B. , Karamchandani N. , Prabhakaran V. IEEE Transactions on Information Theory 68 2020-2049",journal,Jithin R,Electronics and Electrical Communication Engg.,faculty_page,https://www.iitkgp.ac.in/department/EC/faculty/ec-jithin,medium,"institute faculty page ""All Publications"" list (Journal); joining year not verified (no bio sketch / not stated) -> restricted to >=2020"
On the Second-Order Asymptotics of the Hoeffding Test and Other Divergence Tests,2025,10.1109/tit.2025.3588194,"R J. , Koch T. IEEE Transactions on Information Theory 71 7459-7483",journal,Jithin R,Electronics and Electrical Communication Engg.,faculty_page,https://www.iitkgp.ac.in/department/EC/faculty/ec-jithin,medium,"institute faculty page ""All Publications"" list (Journal); joining year not verified (no bio sketch / not stated) -> restricted to >=2020; doi via crossref exact-title lookup (post-discovery)"
A strategy for fault tolerant reconfigurable Network-on-Chip design,2016,10.1109/isvdat.2016.8064893,VDAT 1-2,conference,Santanu Chattopadhyay,Electronics and Electrical Communication Engg.,faculty_page,https://www.iitkgp.ac.in/department/EC/faculty/ec-santanu,high,"institute faculty page ""All Publications"" list (Conferences); joined IIT KGP 2000 per bio sketch; doi via crossref exact-title lookup (post-discovery)"
Integrated Mapping and Synthesis Techniques for Network-on-Chip Topologies with Express Channels,2016,10.1145/2831233,ACM Transactions on Architecture and Code Optimization 12 40,journal,Santanu Chattopadhyay,Electronics and Electrical Communication Engg.,faculty_page,https://www.iitkgp.ac.in/department/EC/faculty/ec-santanu,high,"institute faculty page ""All Publications"" list (Journal); joined IIT KGP 2000 per bio sketch; doi via crossref exact-title lookup (post-discovery)"
Low Power Low Latency Floorplan-aware Path Synthesis in Application-Specific Network-on-Chip Design,2017,10.1016/j.vlsi.2017.02.010,"Integration, the VLSI Journal 58 167-188",journal,Santanu Chattopadhyay,Electronics and Electrical Communication Engg.,faculty_page,https://www.iitkgp.ac.in/department/EC/faculty/ec-santanu,high,"institute faculty page ""All Publications"" list (Journal); joined IIT KGP 2000 per bio sketch; doi via crossref exact-title lookup (post-discovery)"
An Energy Efficient Network-on-Chip based Reconfigurable Viterbi Decoder Architecture,2018,10.1109/tcsi.2018.2825362,IEEE Transactions on Circuits and Systems I 65 3543-3554,journal,Santanu Chattopadhyay,Electronics and Electrical Communication Engg.,faculty_page,https://www.iitkgp.ac.in/department/EC/faculty/ec-santanu,high,"institute faculty page ""All Publications"" list (Journal); joined IIT KGP 2000 per bio sketch; doi via crossref exact-title lookup (post-discovery)"
Thermal-aware test scheduling strategy for network-on-chip based systems,2019,10.1145/3241050,ACM Journal on Emerging Technologies in Computing (JETC) 15 6.1-6.27,journal,Santanu Chattopadhyay,Electronics and Electrical Communication Engg.,faculty_page,https://www.iitkgp.ac.in/department/EC/faculty/ec-santanu,high,"institute faculty page ""All Publications"" list (Journal); joined IIT KGP 2000 per bio sketch; doi via crossref exact-title lookup (post-discovery)"
Embedded System Design,2023,,1-276,other,Santanu Chattopadhyay,Electronics and Electrical Communication Engg.,faculty_page,https://www.iitkgp.ac.in/department/EC/faculty/ec-santanu,high,"institute faculty page ""All Publications"" list (Book); joined IIT KGP 2000 per bio sketch"
On shortest Dubins path via a circular boundary,2020,10.1016/j.automatica.2020.109192,Automatica 121,journal,Bhargav Jha,Electrical Engineering,faculty_page,https://www.iitkgp.ac.in/department/EE/faculty/ee-bhargav,medium,"institute faculty page ""All Publications"" list (Journal); joining year not verified (no bio sketch / not stated) -> restricted to >=2020; doi via crossref exact-title lookup (post-discovery)"
Time-optimal Dubins trajectory for moving obstacle avoidance,2022,10.1016/j.automatica.2022.110637,Automatica 146 110637,journal,Bhargav Jha,Electrical Engineering,faculty_page,https://www.iitkgp.ac.in/department/EE/faculty/ee-bhargav,medium,"institute faculty page ""All Publications"" list (Journal); joining year not verified (no bio sketch / not stated) -> restricted to >=2020; doi via crossref exact-title lookup (post-discovery)"
Game Theoretic Approach for Robust Trajectory Tracking by a Multirotor,2022,10.1109/tcst.2022.3215462,IEEE Transactions on Control Systems Technology 31 1435-1442,journal,Bhargav Jha,Electrical Engineering,faculty_page,https://www.iitkgp.ac.in/department/EE/faculty/ee-bhargav,medium,"institute faculty page ""All Publications"" list (Journal); joining year not verified (no bio sketch / not stated) -> restricted to >=2020; doi via crossref exact-title lookup (post-discovery)"
Deception in Asymmetric Information Homicidal Chauffeur Game,2025,10.1109/cdc57313.2025.11312269,Proceedings of the IEEE Conference on Decision and Control 3477-3483,conference,Bhargav Jha,Electrical Engineering,faculty_page,https://www.iitkgp.ac.in/department/EE/faculty/ee-bhargav,medium,"institute faculty page ""All Publications"" list (Conferences); joining year not verified (no bio sketch / not stated) -> restricted to >=2020; doi via crossref exact-title lookup (post-discovery)"
Lemniscate-Based Guidance for Directed Reconnaissance,2026,10.2514/1.g008877,"Journal of Guidance, Control, and Dynamics 49 418-428",journal,Bhargav Jha,Electrical Engineering,faculty_page,https://www.iitkgp.ac.in/department/EE/faculty/ee-bhargav,medium,"institute faculty page ""All Publications"" list (Journal); joining year not verified (no bio sketch / not stated) -> restricted to >=2020; doi via crossref exact-title lookup (post-discovery)"
Time-Optimal Trajectory of a Dubins Vehicle with a Controllable Laser,2026,10.1109/tac.2026.3660043,IEEE Transactions on Automatic Control,journal,Bhargav Jha,Electrical Engineering,faculty_page,https://www.iitkgp.ac.in/department/EE/faculty/ee-bhargav,medium,"institute faculty page ""All Publications"" list (Journal); joining year not verified (no bio sketch / not stated) -> restricted to >=2020; doi via crossref exact-title lookup (post-discovery)"
Detection of formaldehyde by A RGO/PMMA coated sensor,2020,10.1109/i2mtc43012.2020.9129118,"I2MTC 2020 - International Instrumentation and Measurement Technology Conference, Proceedings",conference,Karabi Biswas,Electrical Engineering,faculty_page,https://www.iitkgp.ac.in/department/EE/faculty/ee-karabi,medium,"institute faculty page ""All Publications"" list (Conferences); joining year not verified (no bio sketch / not stated) -> restricted to >=2020; doi via crossref exact-title lookup (post-discovery)"
Performance analysis of solid state fractional capacitor based analog PI^{ }D^{ } controller,2020,,"Circuits, Systems & Signal Processing (CSSP) 39 1815-1830",journal,Karabi Biswas,Electrical Engineering,faculty_page,https://www.iitkgp.ac.in/department/EE/faculty/ee-karabi,medium,"institute faculty page ""All Publications"" list (Journal); joining year not verified (no bio sketch / not stated) -> restricted to >=2020"
Multifractal Texture Analysis of Salivary Fern Pattern for Oral Pre-Cancers and Cancer Assessment,2021,10.1109/jsen.2021.3053262,IEEE Sensors Journal 21 9333-9340,journal,Karabi Biswas,Electrical Engineering,faculty_page,https://www.iitkgp.ac.in/department/EE/faculty/ee-karabi,medium,"institute faculty page ""All Publications"" list (Journal); joining year not verified (no bio sketch / not stated) -> restricted to >=2020; doi via crossref exact-title lookup (post-discovery)"
Performance of Four Quadrant Dynamic Fractor using Solid-State Fractional Capacitor,2023,10.1109/niles59815.2023.10296791,"5th Novel Intelligent and Leading Emerging Sciences Conference, NILES 2023 - Proceedings 171-174",conference,Karabi Biswas,Electrical Engineering,faculty_page,https://www.iitkgp.ac.in/department/EE/faculty/ee-karabi,medium,"institute faculty page ""All Publications"" list (Conferences); joining year not verified (no bio sketch / not stated) -> restricted to >=2020; doi via crossref exact-title lookup (post-discovery)"
A Liquid Film Thickness Measurement Scheme Using a Multielectrode Conductivity Compensation Method,2024,10.1109/lsens.2024.3365890,IEEE Sensors Letters 8 1-4,journal,Karabi Biswas,Electrical Engineering,faculty_page,https://www.iitkgp.ac.in/department/EE/faculty/ee-karabi,medium,"institute faculty page ""All Publications"" list (Journal); joining year not verified (no bio sketch / not stated) -> restricted to >=2020; doi via crossref exact-title lookup (post-discovery)"
Fractal behavior accompanied by the complex-conjugated power-law exponents discovered in living systems: analysis of the temporal evolution of impedance in silkworm cocoons,2025,10.54517/mss3059,Mathematics and Systems Science 3,journal,Karabi Biswas,Electrical Engineering,faculty_page,https://www.iitkgp.ac.in/department/EE/faculty/ee-karabi,medium,"institute faculty page ""All Publications"" list (Journal); joining year not verified (no bio sketch / not stated) -> restricted to >=2020; doi via crossref exact-title lookup (post-discovery)"
Wavelet Transform and Texton based Analysis for Detection of Benign and Malignant Masses,2020,10.1109/embc44109.2020.9176171,"Proceedings of the Annual International Conference of the IEEE Engineering in Medicine and Biology Society, EMBS 2020-July 2178-2181",conference,Pranab Kumar Dutta,Electrical Engineering,faculty_page,https://www.iitkgp.ac.in/department/EE/faculty/ee-pkd,medium,"institute faculty page ""All Publications"" list (Conferences); joining year not verified (no bio sketch / not stated) -> restricted to >=2020; doi via crossref exact-title lookup (post-discovery)"
Long Carrier Diffusion Length and Slow Hot Carrier Cooling in Thin Film Mixed Halide Perovskite,2020,10.1109/jphotov.2020.2976032,IEEE Journal of Photovoltaics 10 803-810,journal,Pranab Kumar Dutta,Electrical Engineering,faculty_page,https://www.iitkgp.ac.in/department/EE/faculty/ee-pkd,medium,"institute faculty page ""All Publications"" list (Journal); joining year not verified (no bio sketch / not stated) -> restricted to >=2020; doi via crossref exact-title lookup (post-discovery)"
Dual-wavelength Diffuse Optical Tomographic System for Direct Concentration Measurement,2020,10.1109/tim.2020.2978965,IEEE Transactions on Instrumentation and Measurement,journal,Pranab Kumar Dutta,Electrical Engineering,faculty_page,https://www.iitkgp.ac.in/department/EE/faculty/ee-pkd,medium,"institute faculty page ""All Publications"" list (Journal); joining year not verified (no bio sketch / not stated) -> restricted to >=2020; doi via crossref exact-title lookup (post-discovery)"
Automated diagnosis of pulmonary emphysema using multi-objective binary thresholding and hybrid classification,2021,10.1016/j.bspc.2021.102886,Biomedical Signal Processing and Control 69,journal,Pranab Kumar Dutta,Electrical Engineering,faculty_page,https://www.iitkgp.ac.in/department/EE/faculty/ee-pkd,medium,"institute faculty page ""All Publications"" list (Journal); joining year not verified (no bio sketch / not stated) -> restricted to >=2020; doi via crossref exact-title lookup (post-discovery)"
Deep learning with attention mechanism for optical diffractive image reconstruction,2024,10.1109/iecon55916.2024.10905740,IECON Proceedings (Industrial Electronics Conference),conference,Pranab Kumar Dutta,Electrical Engineering,faculty_page,https://www.iitkgp.ac.in/department/EE/faculty/ee-pkd,medium,"institute faculty page ""All Publications"" list (Conferences); joining year not verified (no bio sketch / not stated) -> restricted to >=2020; doi via crossref exact-title lookup (post-discovery)"
Identification of Patho-genomic signatures to unravel novel biomarkers in breast cancer recurrence,2025,10.1016/j.bspc.2025.108157,Biomedical Signal Processing and Control 110,journal,Pranab Kumar Dutta,Electrical Engineering,faculty_page,https://www.iitkgp.ac.in/department/EE/faculty/ee-pkd,medium,"institute faculty page ""All Publications"" list (Journal); joining year not verified (no bio sketch / not stated) -> restricted to >=2020; doi via crossref exact-title lookup (post-discovery)"
Dissolution of Cellulose with Ionic Liquid/Water Mixture: A Molecular Dynamics Study,2016,,"21st Century Energy Needs: Materials, Systems and Applications 2016",conference,Amit Ghosh,Energy Science and Engineering,faculty_page,https://www.iitkgp.ac.in/department/ES/faculty/es-amitghosh,high,"institute faculty page ""All Publications"" list (Conferences); joined IIT KGP 2015 per bio sketch"
Metabolic engineering for enhancing microbial biosynthesis of advanced biofuels,2020,10.1016/j.rser.2019.109562,Renewable and Sustainable Energy Reviews 119 109562,journal,Amit Ghosh,Energy Science and Engineering,faculty_page,https://www.iitkgp.ac.in/department/ES/faculty/es-amitghosh,high,"institute faculty page ""All Publications"" list (Journal); joined IIT KGP 2015 per bio sketch; doi via crossref exact-title lookup (post-discovery)"
Solvent Induced Conformational Changes for the Altered Activity of Laccase: A Molecular Dynamics Study,2022,10.1016/j.jhazmat.2021.127123,Journal of Hazardous Materials 423 127123,journal,Amit Ghosh,Energy Science and Engineering,faculty_page,https://www.iitkgp.ac.in/department/ES/faculty/es-amitghosh,high,"institute faculty page ""All Publications"" list (Journal); joined IIT KGP 2015 per bio sketch; doi via crossref exact-title lookup (post-discovery)"
Reconstruction and analysis of Tissue-specific Genome-scale Metabolic Model using RNA Sequencing data,2024,,BioEngineering Conference (BEC)- 2024,conference,Amit Ghosh,Energy Science and Engineering,faculty_page,https://www.iitkgp.ac.in/department/ES/faculty/es-amitghosh,high,"institute faculty page ""All Publications"" list (Conferences); joined IIT KGP 2015 per bio sketch"
Tissue-Specific Differential Flux Analysis Reveals Metabolic Insights into Pancreatic -Cell Dysfunction in Type 2 Diabetes,2026,10.1002/bit.70192,Biotechnology and Bioengineering 1-12,journal,Amit Ghosh,Energy Science and Engineering,faculty_page,https://www.iitkgp.ac.in/department/ES/faculty/es-amitghosh,high,"institute faculty page ""All Publications"" list (Journal); joined IIT KGP 2015 per bio sketch; doi via crossref exact-title lookup (post-discovery)"
Dynamics of Droplet Impingement on Liquid Infused Surfaces: Tuning Surfaces for Simultaneous Reduction of Rebound and Hysteresis,2018,,71st Annual Meeting of the APS Division of Fluid Dynamics,conference,Chirodeep Bakli,Energy Science and Engineering,faculty_page,https://www.iitkgp.ac.in/department/ES/faculty/es-chirodeep,high,"institute faculty page ""All Publications"" list (Conferences); joined IIT KGP 2018 per bio sketch"
Renewable energy potential towards attainment of net-zero energy buildings status A critical review,2023,10.1016/j.jclepro.2023.136942,Journal of Cleaner Production 405,journal,Chirodeep Bakli,Energy Science and Engineering,faculty_page,https://www.iitkgp.ac.in/department/ES/faculty/es-chirodeep,high,"institute faculty page ""All Publications"" list (Journal); joined IIT KGP 2018 per bio sketch; doi via crossref exact-title lookup (post-discovery)"
How Does the Diurnal Biological Clock Influence Electrokinetics in a Living Plant?,2024,10.1063/5.0195088,Physics of Fluids 36 052015,journal,Chirodeep Bakli,Energy Science and Engineering,faculty_page,https://www.iitkgp.ac.in/department/ES/faculty/es-chirodeep,high,"institute faculty page ""All Publications"" list (Journal); joined IIT KGP 2018 per bio sketch; doi via crossref exact-title lookup (post-discovery)"
Simulation of Photovoltaic Green Hydrogen Production: A Case Study for Howrah Junction,2025,10.1109/sefet65155.2025.11255062,"5th IEEE International Conference on Sustainable Energy and Future Electric Transportation, SeFeT 2025",conference,Chirodeep Bakli,Energy Science and Engineering,faculty_page,https://www.iitkgp.ac.in/department/ES/faculty/es-chirodeep,high,"institute faculty page ""All Publications"" list (Conferences); joined IIT KGP 2018 per bio sketch; doi via crossref exact-title lookup (post-discovery)"
Enhanced Polysulfide Regulation in Rechargeable Li S Batteries with ZnS as Electrocatalyst: Experimental Validation and Interfacial Insights from Simulations,2025,10.1002/chem.202501030,Chemistry - A European Journal 31,journal,Chirodeep Bakli,Energy Science and Engineering,faculty_page,https://www.iitkgp.ac.in/department/ES/faculty/es-chirodeep,high,"institute faculty page ""All Publications"" list (Journal); joined IIT KGP 2018 per bio sketch; doi via crossref exact-title lookup (post-discovery)"
All-climate high-voltage MnO2 pseudocapacitor enabled by a molecularly crowded water-in-salt electrolyte,2026,10.1039/d5ta10251k,Journal of Materials Chemistry A 14 27642-27658,other,Chirodeep Bakli,Energy Science and Engineering,faculty_page,https://www.iitkgp.ac.in/department/ES/faculty/es-chirodeep,high,"institute faculty page ""All Publications"" list (Others); joined IIT KGP 2018 per bio sketch; doi via crossref exact-title lookup (post-discovery)"
Tectonics and Evolution of the Trans-Himalayan Mountains and Nagaland Ophiolite Belt,2016,10.16943/ptinsa/2016/48471,Proceedings of the Indian National Science Academy 82 617-624,journal,Santanu Kumar Bhowmik,Geology and Geophysics,faculty_page,https://www.iitkgp.ac.in/department/GG/faculty/gg-santanu,high,"institute faculty page ""All Publications"" list (Journal); joined IIT KGP 2000 per bio sketch; doi via crossref exact-title lookup (post-discovery)"
"Decoding Early Earth Tectonics from Mesoarchaean Metamorphic P-T Path of Evolution: New Evidence from Sargur Supracrustals in the Western Dharwar Craton, South India",2019,,Goldschmidt Conference,conference,Santanu Kumar Bhowmik,Geology and Geophysics,faculty_page,https://www.iitkgp.ac.in/department/GG/faculty/gg-santanu,high,"institute faculty page ""All Publications"" list (Conferences); joined IIT KGP 2000 per bio sketch"
Reply to discussion of the current status of orogenesis in the Central Indian Tectonic Zone: A view from its southern margin,2020,10.1002/gj.3828,Geological Journal 55 4051-4054,journal,Santanu Kumar Bhowmik,Geology and Geophysics,faculty_page,https://www.iitkgp.ac.in/department/GG/faculty/gg-santanu,high,"institute faculty page ""All Publications"" list (Journal); joined IIT KGP 2000 per bio sketch; doi via crossref exact-title lookup (post-discovery)"
"Tectonic framework of the high-pressure metamorphic rocks of the Nagaland Ophiolite Complex, North-east India, and its geodynamic significance: A review",2022,10.1002/gj.4248/v1/review1,Geological Journal 57 727-748,journal,Santanu Kumar Bhowmik,Geology and Geophysics,faculty_page,https://www.iitkgp.ac.in/department/GG/faculty/gg-santanu,high,"institute faculty page ""All Publications"" list (Journal); joined IIT KGP 2000 per bio sketch; doi via crossref exact-title lookup (post-discovery)"
Pulsed Tectonism and its Timescales: New Insights from Metamorphic P-T Paths and Diffusion Chronometry,2025,,"Magmatism, Metamorphism, Metallogeny",conference,Santanu Kumar Bhowmik,Geology and Geophysics,faculty_page,https://www.iitkgp.ac.in/department/GG/faculty/gg-santanu,high,"institute faculty page ""All Publications"" list (Conferences); joined IIT KGP 2000 per bio sketch"
Ultra-fast thermal pulses during subduction initiation recorded in metamorphic sole rocks of the Nagaland Manipur ophiolite Belt,2026,10.1016/j.gsf.2026.102325,Geoscience Frontiers 17 1-26,journal,Santanu Kumar Bhowmik,Geology and Geophysics,faculty_page,https://www.iitkgp.ac.in/department/GG/faculty/gg-santanu,high,"institute faculty page ""All Publications"" list (Journal); joined IIT KGP 2000 per bio sketch; doi via crossref exact-title lookup (post-discovery)"
"Pre-burial taphonomic imprints on drilling intensity: a case study from the recent molluscs of Chandipur, India",2020,10.1080/08912963.2019.1705802,Historical Biology,journal,Shubhabrata Paul,Geology and Geophysics,faculty_page,https://www.iitkgp.ac.in/department/GG/faculty/gg-spaul,medium,"institute faculty page ""All Publications"" list (Journal); joining year not verified (no bio sketch / not stated) -> restricted to >=2020; doi via crossref exact-title lookup (post-discovery)"
"Records of drill holes and repair scars on Rectithyris subdepressa (Brachiopoda) from the Maastrichtian Kallankurichchi Formation, India",2022,10.1016/j.cretres.2022.105360,Cretaceous Research 140,journal,Shubhabrata Paul,Geology and Geophysics,faculty_page,https://www.iitkgp.ac.in/department/GG/faculty/gg-spaul,medium,"institute faculty page ""All Publications"" list (Journal); joining year not verified (no bio sketch / not stated) -> restricted to >=2020; doi via crossref exact-title lookup (post-discovery)"
"Body size evolution of the Late Cretaceous bivalves from Ariyalur, southern India",2023,10.1016/j.cretres.2023.105570,Cretaceous Research 149 105570,journal,Shubhabrata Paul,Geology and Geophysics,faculty_page,https://www.iitkgp.ac.in/department/GG/faculty/gg-spaul,medium,"institute faculty page ""All Publications"" list (Journal); joining year not verified (no bio sketch / not stated) -> restricted to >=2020; doi via crossref exact-title lookup (post-discovery)"
"Records of gastropod drilling predation on molluscan prey from the Anaipadi Member (Garudamangalam Formation; Upper Cretaceous, Coniacian) of the Ariyalur Sub-basin, India",2024,10.1016/j.cretres.2023.105721,Cretaceous Research 154,journal,Shubhabrata Paul,Geology and Geophysics,faculty_page,https://www.iitkgp.ac.in/department/GG/faculty/gg-spaul,medium,"institute faculty page ""All Publications"" list (Journal); joining year not verified (no bio sketch / not stated) -> restricted to >=2020; doi via crossref exact-title lookup (post-discovery)"
The Northward Movement of the Indian Plate and Paleobiogeography of the Late Cretaceous Ariyalur Invertebrate Fauna,2025,10.1201/9781032710488-12,Geology of the Cauvery Basin in South India,other,Shubhabrata Paul,Geology and Geophysics,faculty_page,https://www.iitkgp.ac.in/department/GG/faculty/gg-spaul,medium,"institute faculty page ""All Publications"" list (Book Chapter/Section); joining year not verified (no bio sketch / not stated) -> restricted to >=2020; doi via crossref exact-title lookup (post-discovery)"
"A Revision of the Maastrichtian Exogyrinae Subfamily from the Kallankurichchi Formation, Ariyalur Sub-basin, India Taxonomy and Palaeobiogeographic Implications",2025,10.17491/jgsi/2025/174097,Journal of the Geological Society of India 101 300-315,journal,Shubhabrata Paul,Geology and Geophysics,faculty_page,https://www.iitkgp.ac.in/department/GG/faculty/gg-spaul,medium,"institute faculty page ""All Publications"" list (Journal); joining year not verified (no bio sketch / not stated) -> restricted to >=2020; doi via crossref exact-title lookup (post-discovery)"
A proposal for WLAN-EPON Integration that reduces Video Traffic Jitter in presence of Mixed Traffic,2016,10.1109/ants.2016.7947789,IEEE ANTS 2016,conference,Goutam Das,G.S. Sanyal School of Telecommunications,faculty_page,https://www.iitkgp.ac.in/department/GS/faculty/gs-gdas,high,"institute faculty page ""All Publications"" list (Conferences); joined IIT KGP 2013 per bio sketch; doi via crossref exact-title lookup (post-discovery)"
Computation Offloading in Optical Access Cloudlet Networks: A Game-Theoretic Approach,2018,10.1109/lcomm.2018.2843327,IEEE Communications Letters 22 1564-1567,journal,Goutam Das,G.S. Sanyal School of Telecommunications,faculty_page,https://www.iitkgp.ac.in/department/GS/faculty/gs-gdas,high,"institute faculty page ""All Publications"" list (Journal); joined IIT KGP 2013 per bio sketch; doi via crossref exact-title lookup (post-discovery)"
Performance analysis of the limited bandwidth allocation scheme with excess distribution,2019,10.1364/jocn.11.000307,Journal of Optical Communications and Networking 11 307-321,journal,Goutam Das,G.S. Sanyal School of Telecommunications,faculty_page,https://www.iitkgp.ac.in/department/GS/faculty/gs-gdas,high,"institute faculty page ""All Publications"" list (Journal); joined IIT KGP 2013 per bio sketch; doi via crossref exact-title lookup (post-discovery)"
XR-specific C-DRX Enhancement for UE power saving in 5G NR,2022,10.1109/pimrc54779.2022.9977925,"IEEE International Symposium on Personal, Indoor and Mobile Radio Communications, PIMRC 2022-September",conference,Goutam Das,G.S. Sanyal School of Telecommunications,faculty_page,https://www.iitkgp.ac.in/department/GS/faculty/gs-gdas,high,"institute faculty page ""All Publications"" list (Conferences); joined IIT KGP 2013 per bio sketch; doi via crossref exact-title lookup (post-discovery)"
A Framework for Future Net Zero and Sustainable Network Architecture,2024,10.1109/mecom61498.2024.10881089,"2024 IEEE Middle East Conference on Communications and Networking, MECOM 2024 12-17",conference,Goutam Das,G.S. Sanyal School of Telecommunications,faculty_page,https://www.iitkgp.ac.in/department/GS/faculty/gs-gdas,high,"institute faculty page ""All Publications"" list (Conferences); joined IIT KGP 2013 per bio sketch; doi via crossref exact-title lookup (post-discovery)"
Nonlinearity aware ACO based routing for high quality image transmission,2026,,"2026 8th International Conference on Image, Video and Signal Processing (IVSP 2026) 74-75",other,Goutam Das,G.S. Sanyal School of Telecommunications,faculty_page,https://www.iitkgp.ac.in/department/GS/faculty/gs-gdas,high,"institute faculty page ""All Publications"" list (Seminars); joined IIT KGP 2013 per bio sketch"
MIL-STD-1553 Based Wireless Visible Light Communication System,2016,10.1109/ants.2016.7947843,", Das S. , Chandrakar N. , Das S. S. IEEE International Conference on Advanced Networks and Telecommunications Systems",conference,Suvra Sekhar Das,G.S. Sanyal School of Telecommunications,faculty_page,https://www.iitkgp.ac.in/department/GS/faculty/gs-suvra,high,"institute faculty page ""All Publications"" list (Conferences); joined IIT KGP 2008 per bio sketch; doi via crossref exact-title lookup (post-discovery)"
Link Adaptation Schemes based on Parametric Estimation of SNR distribution over Nakagami-m fading channels,2019,10.1109/tcomm.2018.2875725,IEEE Transactions on Communications 67 1537-1553,journal,Suvra Sekhar Das,G.S. Sanyal School of Telecommunications,faculty_page,https://www.iitkgp.ac.in/department/GS/faculty/gs-suvra,high,"institute faculty page ""All Publications"" list (Journal); joined IIT KGP 2008 per bio sketch; doi via crossref exact-title lookup (post-discovery)"
Parametric Estimation of SINR Distribution Using Quantized SINR Samples for Maximizing Average Spectral Efficiency,2021,10.1109/ncc52529.2021.9530083,"K K. M., Das S. S. Twenty Seventh National Conference on Communications (NCC-2021) Virtual Conference 27 - 30 July 2021",conference,Suvra Sekhar Das,G.S. Sanyal School of Telecommunications,faculty_page,https://www.iitkgp.ac.in/department/GS/faculty/gs-suvra,high,"institute faculty page ""All Publications"" list (Conferences); joined IIT KGP 2008 per bio sketch; doi via crossref exact-title lookup (post-discovery)"
VLSI Architecture for Implementing OTFS,2024,10.21203/rs.3.rs-2479642/v1,Wireless Pers Communication 137 1931-1944,journal,Suvra Sekhar Das,G.S. Sanyal School of Telecommunications,faculty_page,https://www.iitkgp.ac.in/department/GS/faculty/gs-suvra,high,"institute faculty page ""All Publications"" list (Journal); joined IIT KGP 2008 per bio sketch; doi via crossref exact-title lookup (post-discovery)"
Distributed Time Synchronization in NOMA-Assisted Ultra-Dense Networks,2026,10.1109/tetc.2026.3656238,IEEE Transactions on Emerging Topics in Computing 14 222-239,journal,Suvra Sekhar Das,G.S. Sanyal School of Telecommunications,faculty_page,https://www.iitkgp.ac.in/department/GS/faculty/gs-suvra,high,"institute faculty page ""All Publications"" list (Journal); joined IIT KGP 2008 per bio sketch; doi via crossref exact-title lookup (post-discovery)"
"Tariff Reductions, Terms of Trade and Product Variety",2016,10.35866/caujed.2016.41.3.005,Journal of Economic Development 41 75-103,journal,Anwesha Aditya,Humanities and Social Sciences,faculty_page,https://www.iitkgp.ac.in/department/HS/faculty/hs-anwesha,high,"institute faculty page ""All Publications"" list (Journal); joined IIT KGP 2013 per bio sketch; doi via crossref exact-title lookup (post-discovery)"
Analyzing the Determinants of Trade Agreements: A Cross Country Socio-Economic-Political Analysis,2021,10.1080/08853908.2021.2007180,International Trade Journal 1-27,journal,Anwesha Aditya,Humanities and Social Sciences,faculty_page,https://www.iitkgp.ac.in/department/HS/faculty/hs-anwesha,high,"institute faculty page ""All Publications"" list (Journal); joined IIT KGP 2013 per bio sketch; doi via crossref exact-title lookup (post-discovery)"
Determinants of Service Trade: How Information and Communication technology-based services are different?,2024,,The Journal of International Trade & Economic Development 33 2-28,journal,Anwesha Aditya,Humanities and Social Sciences,faculty_page,https://www.iitkgp.ac.in/department/HS/faculty/hs-anwesha,high,"institute faculty page ""All Publications"" list (Journal); joined IIT KGP 2013 per bio sketch"
Weather impacts on seaborne trade: a new model to explain port activity in the era of climate change,2024,10.1057/s41278-024-00306-z,Maritime Economics and Logistics,journal,Anwesha Aditya,Humanities and Social Sciences,faculty_page,https://www.iitkgp.ac.in/department/HS/faculty/hs-anwesha,high,"institute faculty page ""All Publications"" list (Journal); joined IIT KGP 2013 per bio sketch; doi via crossref exact-title lookup (post-discovery)"
Child Labour and Maternal Bargaining Power in India: A Systematic Literature Review,2026,10.33422/worldcss.v4i2.1752,9th World Conference on Social Sciences 165-200,conference,Anwesha Aditya,Humanities and Social Sciences,faculty_page,https://www.iitkgp.ac.in/department/HS/faculty/hs-anwesha,high,"institute faculty page ""All Publications"" list (Conferences); joined IIT KGP 2013 per bio sketch; doi via crossref exact-title lookup (post-discovery)"
Local Institutions and Forest Conservation Outcomes in the Indian State of Odisha: A Comparative Analysis of the Performance of Joint Forest Management and Community Forest Management,2026,10.1002/pa.70110,Journal of Public Affairs 26,journal,Anwesha Aditya,Humanities and Social Sciences,faculty_page,https://www.iitkgp.ac.in/department/HS/faculty/hs-anwesha,high,"institute faculty page ""All Publications"" list (Journal); joined IIT KGP 2013 per bio sketch; doi via crossref exact-title lookup (post-discovery)"
The Adi Ganga: A forgotten river in Bengal,2016,,Economic and Political Weekly 51,journal,Jenia Mukherjee,Humanities and Social Sciences,faculty_page,https://www.iitkgp.ac.in/department/HS/faculty/hs-jenia,high,"institute faculty page ""All Publications"" list (Journal); joined IIT KGP 2016 per bio sketch"
"Environment, society and sustainability: The transdisciplinary exigency for a desirable Anthropocene",2022,10.1007/978-3-030-96760-4_2,Human Welfare and Sustainability.,other,Jenia Mukherjee,Humanities and Social Sciences,faculty_page,https://www.iitkgp.ac.in/department/HS/faculty/hs-jenia,high,"institute faculty page ""All Publications"" list (Book Chapter/Section); joined IIT KGP 2016 per bio sketch; doi via crossref exact-title lookup (post-discovery)"
Towards Transformative Social Resilience: Charting a Path with Climate-Vulnerable Communities in the Indian Sundarbans,2024,10.56687/9781529235319-017,"Planetary Justice: Stories and Studies of Action, Resistance, and Solidarity",other,Jenia Mukherjee,Humanities and Social Sciences,faculty_page,https://www.iitkgp.ac.in/department/HS/faculty/hs-jenia,high,"institute faculty page ""All Publications"" list (Book Chapter/Section); joined IIT KGP 2016 per bio sketch; doi via crossref exact-title lookup (post-discovery)"
Expanding and mainstreaming sociohydrology toward transdisciplinary praxis,2025,10.3389/frwa.2025.1629905,Frontiers in Water 7,journal,Jenia Mukherjee,Humanities and Social Sciences,faculty_page,https://www.iitkgp.ac.in/department/HS/faculty/hs-jenia,high,"institute faculty page ""All Publications"" list (Journal); joined IIT KGP 2016 per bio sketch; doi via crossref exact-title lookup (post-discovery)"
From piecemeal efforts to policy inclusion : Exploring women's climate vulnerabilities and resilience in coastal mangrove communities of the Indian Sundarbans,2026,10.1016/j.wsif.2026.103336,Women's Studies International Forum 117,journal,Jenia Mukherjee,Humanities and Social Sciences,faculty_page,https://www.iitkgp.ac.in/department/HS/faculty/hs-jenia,high,"institute faculty page ""All Publications"" list (Journal); joined IIT KGP 2016 per bio sketch; doi via crossref exact-title lookup (post-discovery)"
"Academic Timetabling for Online Executive Programs with Existing Schedules, Faculty Preferences and Partial Precedence",2022,10.1109/ieem55944.2022.9989803,2022 IEEE International Conference on Industrial Engineering and Engineering Management (IEEM) 507-510,conference,Anand Jacob Abraham,Industrial and Systems Engineering,faculty_page,https://www.iitkgp.ac.in/department/IM/faculty/im-anandabraham,high,"institute faculty page ""All Publications"" list (Conferences); joined IIT KGP 2022 per bio sketch; doi via crossref exact-title lookup (post-discovery)"
Optimal pricing decisions of centralized dual-channel supply chains in a duopoly: a study on the influence of competition structure,2024,10.1007/s12046-023-02297-8,Sadhana 49 1-1,journal,Anand Jacob Abraham,Industrial and Systems Engineering,faculty_page,https://www.iitkgp.ac.in/department/IM/faculty/im-anandabraham,high,"institute faculty page ""All Publications"" list (Journal); joined IIT KGP 2022 per bio sketch; doi via crossref exact-title lookup (post-discovery)"
Ensemble empirical mode decomposition based deep learning models for forecasting river flow time series,2024,10.1016/j.eswa.2024.124550,Expert Systems with Applications 255 124550-124550,journal,Anand Jacob Abraham,Industrial and Systems Engineering,faculty_page,https://www.iitkgp.ac.in/department/IM/faculty/im-anandabraham,high,"institute faculty page ""All Publications"" list (Journal); joined IIT KGP 2022 per bio sketch; doi via crossref exact-title lookup (post-discovery)"
Cybersecurity resource allocation for connected and autonomous vehicles using Bayesian games,2025,10.1016/j.ress.2025.111470,Reliability Engineering & System Safety 265 Part A 111470-111470,journal,Anand Jacob Abraham,Industrial and Systems Engineering,faculty_page,https://www.iitkgp.ac.in/department/IM/faculty/im-anandabraham,high,"institute faculty page ""All Publications"" list (Journal); joined IIT KGP 2022 per bio sketch; doi via crossref exact-title lookup (post-discovery)"
Profitability analysis of two rival dual channel supply chains following refund policy adoption,2025,10.1007/s12597-025-00982-2,OPSEARCH 1-32,journal,Anand Jacob Abraham,Industrial and Systems Engineering,faculty_page,https://www.iitkgp.ac.in/department/IM/faculty/im-anandabraham,high,"institute faculty page ""All Publications"" list (Journal); joined IIT KGP 2022 per bio sketch; doi via crossref exact-title lookup (post-discovery)"
Modeling Indian commuters travel behavior concerning fuel efficiency improvement policy,2016,,Travel Behaviour and Society 4 11-21,journal,Balagopal G Menon,Industrial and Systems Engineering,faculty_page,https://www.iitkgp.ac.in/department/IM/faculty/im-bgmenon,high,"institute faculty page ""All Publications"" list (Journal); joined IIT KGP 2013 per bio sketch"
Modeling doctoral population growth in premier technology institutions in India,2018,10.1002/sres.2515,"Systems Research and Behavioral Science, 35 738-745",journal,Balagopal G Menon,Industrial and Systems Engineering,faculty_page,https://www.iitkgp.ac.in/department/IM/faculty/im-bgmenon,high,"institute faculty page ""All Publications"" list (Journal); joined IIT KGP 2013 per bio sketch; doi via crossref exact-title lookup (post-discovery)"
Predicting Injury Severity in Construction Using Logistic Regression,2023,10.1007/978-981-99-1414-2_15,Lecture Notes in Networks and Systems 662 LNNS 175-185,conference,Balagopal G Menon,Industrial and Systems Engineering,faculty_page,https://www.iitkgp.ac.in/department/IM/faculty/im-bgmenon,high,"institute faculty page ""All Publications"" list (Conferences); joined IIT KGP 2013 per bio sketch; doi via crossref exact-title lookup (post-discovery)"
Econometric modeling for the influence of economic variables on secondary copper production in India,2023,10.1016/j.resourpol.2023.104178,Resources Policy 86 1-9,journal,Balagopal G Menon,Industrial and Systems Engineering,faculty_page,https://www.iitkgp.ac.in/department/IM/faculty/im-bgmenon,high,"institute faculty page ""All Publications"" list (Journal); joined IIT KGP 2013 per bio sketch; doi via crossref exact-title lookup (post-discovery)"
Econometric analysis of circular economy co-flow process in metal industry,2024,10.1007/s11135-023-01709-5,Quality and Quantity 58 1583-1602,journal,Balagopal G Menon,Industrial and Systems Engineering,faculty_page,https://www.iitkgp.ac.in/department/IM/faculty/im-bgmenon,high,"institute faculty page ""All Publications"" list (Journal); joined IIT KGP 2013 per bio sketch; doi via crossref exact-title lookup (post-discovery)"
A Descriptive Study on the Growth of Unorganized Independent Pharmaceutical Retail Sector in India,2026,10.1007/978-981-96-8323-9_6,Lecture Notes on Multidisciplinary Industrial Engineering Part F1255 91-100,other,Balagopal G Menon,Industrial and Systems Engineering,faculty_page,https://www.iitkgp.ac.in/department/IM/faculty/im-bgmenon,high,"institute faculty page ""All Publications"" list (Book Chapter/Section); joined IIT KGP 2013 per bio sketch; doi via crossref exact-title lookup (post-discovery)"
ASCRIPTION OF LEGAL PERSONALITY TO ARTIFICIAL INTELLIGENCE SYSTEMS: THE SCOPE,2020,,Global Journal of Juridical Science VIII,journal,Shreya Matilal,Rajiv Gandhi School of Intellectual Property Law,faculty_page,https://www.iitkgp.ac.in/department/IP/faculty/ip-shreya,medium,"institute faculty page ""All Publications"" list (Journal); joining year not verified (no bio sketch / not stated) -> restricted to >=2020"
Copyright Infringement Liability and Immunity of the Intermediaries in India - A Critical Analysis,2023,,Fifth IP & Innovation Researchers of Asia (IPIRA) Conference,conference,Shreya Matilal,Rajiv Gandhi School of Intellectual Property Law,faculty_page,https://www.iitkgp.ac.in/department/IP/faculty/ip-shreya,medium,"institute faculty page ""All Publications"" list (Conferences); joining year not verified (no bio sketch / not stated) -> restricted to >=2020"
Criminal Copyright: How far is it Criminal,2023,,NTUT Journal of Intellectual Property and Management 12(2) 78,journal,Shreya Matilal,Rajiv Gandhi School of Intellectual Property Law,faculty_page,https://www.iitkgp.ac.in/department/IP/faculty/ip-shreya,medium,"institute faculty page ""All Publications"" list (Journal); joining year not verified (no bio sketch / not stated) -> restricted to >=2020"
"Information Technology (Intermediaries Guidelines and Media Ethics Code) Rules, 2021 - A reassessment of the contours and limits",2023,,NULS Journal of Regulatory Studies 8 31,journal,Shreya Matilal,Rajiv Gandhi School of Intellectual Property Law,faculty_page,https://www.iitkgp.ac.in/department/IP/faculty/ip-shreya,medium,"institute faculty page ""All Publications"" list (Journal); joining year not verified (no bio sketch / not stated) -> restricted to >=2020"
Software Interoperability and Future of Software Development in India,2023,,International Journal of Legal Studies and Research 12(2) 66,journal,Shreya Matilal,Rajiv Gandhi School of Intellectual Property Law,faculty_page,https://www.iitkgp.ac.in/department/IP/faculty/ip-shreya,medium,"institute faculty page ""All Publications"" list (Journal); joining year not verified (no bio sketch / not stated) -> restricted to >=2020"
First Sale Doctrine in India with special reference to digital copyrighted works,2024,,NLUA of Intellectual Property Rights 2(2) 1,journal,Shreya Matilal,Rajiv Gandhi School of Intellectual Property Law,faculty_page,https://www.iitkgp.ac.in/department/IP/faculty/ip-shreya,medium,"institute faculty page ""All Publications"" list (Journal); joining year not verified (no bio sketch / not stated) -> restricted to >=2020"
Role of Domestic Courts in the Settlement of Investor-State Disputes,2020,10.1007/978-981-15-7010-0,S. A.,other,S R Subramanian,Rajiv Gandhi School of Intellectual Property Law,faculty_page,https://www.iitkgp.ac.in/department/IP/faculty/ip-subramanian,medium,"institute faculty page ""All Publications"" list (Book); joining year not verified (no bio sketch / not stated) -> restricted to >=2020; doi via crossref exact-title lookup (post-discovery)"
Envoys of Mankind in the Era of Commercial Human Spaceflight,2020,,"D R. K., Subramanian S. R., Kumar V. Astropolitics 18 144-157",journal,S R Subramanian,Rajiv Gandhi School of Intellectual Property Law,faculty_page,https://www.iitkgp.ac.in/department/IP/faculty/ip-subramanian,medium,"institute faculty page ""All Publications"" list (Journal); joining year not verified (no bio sketch / not stated) -> restricted to >=2020"
National Court as an Actor in Post-Investment Arbitration Award,2022,,D R. K.,conference,S R Subramanian,Rajiv Gandhi School of Intellectual Property Law,faculty_page,https://www.iitkgp.ac.in/department/IP/faculty/ip-subramanian,medium,"institute faculty page ""All Publications"" list (Conferences); joining year not verified (no bio sketch / not stated) -> restricted to >=2020"
UN Security Council and Human Rights: An Inquiry into the Legal Foundations of the Responsibility to Protect in International Law,2022,10.5334/ujiel.471,Utrecht Journal of International and European Law 37 20-40,journal,S R Subramanian,Rajiv Gandhi School of Intellectual Property Law,faculty_page,https://www.iitkgp.ac.in/department/IP/faculty/ip-subramanian,medium,"institute faculty page ""All Publications"" list (Journal); joining year not verified (no bio sketch / not stated) -> restricted to >=2020; doi via crossref exact-title lookup (post-discovery)"
Humanity at the Crossroads: Human Rights Challenges in the Age of Lethal Autonomous Weapon Systems,2025,10.1017/jli.2025.11,International Journal of Legal Information,journal,S R Subramanian,Rajiv Gandhi School of Intellectual Property Law,faculty_page,https://www.iitkgp.ac.in/department/IP/faculty/ip-subramanian,medium,"institute faculty page ""All Publications"" list (Journal); joining year not verified (no bio sketch / not stated) -> restricted to >=2020; doi via crossref exact-title lookup (post-discovery)"
Godunov-type schemes for the pressureless gas dynamics and related models,2022,10.1016/j.amc.2021.126790,Applied Mathematics and Computation 418 126790,journal,Naveen Kumar Garg,Mathematics,faculty_page,https://www.iitkgp.ac.in/department/MA/faculty/ma-gargnk,high,"institute faculty page ""All Publications"" list (Journal); joined IIT KGP 2022 per bio sketch; doi via crossref exact-title lookup (post-discovery)"
Third-order numerical scheme for Euler equations of gas dynamics using Jordan canonical based splitting flux,2024,10.1016/j.compfluid.2024.106370,Computers and Fluids 281 1-14,journal,Naveen Kumar Garg,Mathematics,faculty_page,https://www.iitkgp.ac.in/department/MA/faculty/ma-gargnk,high,"institute faculty page ""All Publications"" list (Journal); joined IIT KGP 2022 per bio sketch; doi via crossref exact-title lookup (post-discovery)"
Superconvergence of Legendre spectral projection methods for Fredholm Hammerstein integral equations,2017,10.1016/j.cam.2017.01.027,Journal of Computational and Applied Mathematics 319 423-439,journal,Gnaneshwar Nelakanti,Mathematics,faculty_page,https://www.iitkgp.ac.in/department/MA/faculty/ma-gnanesh,high,"institute faculty page ""All Publications"" list (Journal); joined IIT KGP 2007 per bio sketch; doi via crossref exact-title lookup (post-discovery)"
Superconvergence results for weakly singular Fredholm-Hammerstein integral equations,2019,10.1080/01630563.2018.1561468,Numer. Funct. Anal. Optim. 40 548-570,journal,Gnaneshwar Nelakanti,Mathematics,faculty_page,https://www.iitkgp.ac.in/department/MA/faculty/ma-gnanesh,high,"institute faculty page ""All Publications"" list (Journal); joined IIT KGP 2007 per bio sketch; doi via crossref exact-title lookup (post-discovery)"
Eigenvalue problem of a weakly singular compact integral operator by discrete legendre projection methods,2021,10.11948/20200316,Journal of Applied Analysis and Computation 11 2090-2101,journal,Gnaneshwar Nelakanti,Mathematics,faculty_page,https://www.iitkgp.ac.in/department/MA/faculty/ma-gnanesh,high,"institute faculty page ""All Publications"" list (Journal); joined IIT KGP 2007 per bio sketch; doi via crossref exact-title lookup (post-discovery)"
Legendre spectral projection methods for Fredholm integral equations of first kind,2022,10.1515/jiip-2020-0104,Journal of Inverse and Ill-Posed Problems 30 677-691,journal,Gnaneshwar Nelakanti,Mathematics,faculty_page,https://www.iitkgp.ac.in/department/MA/faculty/ma-gnanesh,high,"institute faculty page ""All Publications"" list (Journal); joined IIT KGP 2007 per bio sketch; doi via crossref exact-title lookup (post-discovery)"
Superconvergence of Legendre spectral projection methods for mth order integro-differential equations with weakly singular kernels,2024,,Journal of Computational and Applied Mathematics 439,journal,Gnaneshwar Nelakanti,Mathematics,faculty_page,https://www.iitkgp.ac.in/department/MA/faculty/ma-gnanesh,high,"institute faculty page ""All Publications"" list (Journal); joined IIT KGP 2007 per bio sketch"
Spectral approximated superconvergent methods for system of nonlinear Volterra Hammerstein integral equations,2025,10.1016/j.chaos.2025.116008,"Chaos, Solitons and Fractals 192",journal,Gnaneshwar Nelakanti,Mathematics,faculty_page,https://www.iitkgp.ac.in/department/MA/faculty/ma-gnanesh,high,"institute faculty page ""All Publications"" list (Journal); joined IIT KGP 2007 per bio sketch; doi via crossref exact-title lookup (post-discovery)"
Signs of Fourier coefficients of cusp form at sum of two squares,2020,10.1007/s12044-019-0534-4,Indian Academy of Sciences. Proceedings. Mathematical Sciences 130,journal,Soumyarup Banerjee,Mathematics,faculty_page,https://www.iitkgp.ac.in/department/MA/faculty/ma-soumyarup,medium,"institute faculty page ""All Publications"" list (Journal); joining year not verified (no bio sketch / not stated) -> restricted to >=2020; doi via crossref exact-title lookup (post-discovery)"
An analogue of Wilton's formula and values of Dedekind zeta functions,2021,10.1016/j.jmaa.2020.124675,Azizul . Journal of Mathematical Analysis and Applications 495,journal,Soumyarup Banerjee,Mathematics,faculty_page,https://www.iitkgp.ac.in/department/MA/faculty/ma-soumyarup,medium,"institute faculty page ""All Publications"" list (Journal); joining year not verified (no bio sketch / not stated) -> restricted to >=2020; doi via crossref exact-title lookup (post-discovery)"
Finiteness theorems for universal sums of squares of almost primes,2022,10.1090/tran/8663,Transactions of the American Mathematical Society 375 7669-7714,journal,Soumyarup Banerjee,Mathematics,faculty_page,https://www.iitkgp.ac.in/department/MA/faculty/ma-soumyarup,medium,"institute faculty page ""All Publications"" list (Journal); joining year not verified (no bio sketch / not stated) -> restricted to >=2020; doi via crossref exact-title lookup (post-discovery)"
"Lambert series of logarithm, the derivative of Deninger s function R(z), and a mean value theorem for zeta(1/2 - it) zeta'(1/2 + it)",2024,,Canadian Journal of Mathematics,journal,Soumyarup Banerjee,Mathematics,faculty_page,https://www.iitkgp.ac.in/department/MA/faculty/ma-soumyarup,medium,"institute faculty page ""All Publications"" list (Journal); joining year not verified (no bio sketch / not stated) -> restricted to >=2020"
A note on odd zeta values over any number field and extended Eisenstein series,2024,10.1016/j.jmaa.2023.127883,Journal of Mathematical Analysis and Applications 531,journal,Soumyarup Banerjee,Mathematics,faculty_page,https://www.iitkgp.ac.in/department/MA/faculty/ma-soumyarup,medium,"institute faculty page ""All Publications"" list (Journal); joining year not verified (no bio sketch / not stated) -> restricted to >=2020; doi via crossref exact-title lookup (post-discovery)"
Representation of an even Gaussian integer à la Chen,2025,10.1007/s11139-025-01155-x,Ramanujan Journal 68,journal,Soumyarup Banerjee,Mathematics,faculty_page,https://www.iitkgp.ac.in/department/MA/faculty/ma-soumyarup,medium,"institute faculty page ""All Publications"" list (Journal); joining year not verified (no bio sketch / not stated) -> restricted to >=2020; doi via crossref exact-title lookup (post-discovery)"
Phase Change Materials for Transient Cooling of a Heater Array in a High Aspect Ratio Channel in Presence of Mean Flow,2016,10.1115/1.4030696,"Bhattacharya, A., R. Senthil, Varadarajan, Krishnakumar ASME Journal of Thermal Science and Engineering Applications Vol. 8",journal,Anandaroop Bhattacharya,Mechanical Engineering,faculty_page,https://www.iitkgp.ac.in/department/ME/faculty/me-anandaroop,high,"institute faculty page ""All Publications"" list (Journal); joined IIT KGP 2015 per bio sketch; doi via crossref exact-title lookup (post-discovery)"
Electro-thermally driven transport of a non-conducting fluid in a two-layer system for MEMS and biomedical applications,2018,10.1063/1.5011659,Journal of Applied Physics 123 244901,journal,Anandaroop Bhattacharya,Mechanical Engineering,faculty_page,https://www.iitkgp.ac.in/department/ME/faculty/me-anandaroop,high,"institute faculty page ""All Publications"" list (Journal); joined IIT KGP 2015 per bio sketch; doi via crossref exact-title lookup (post-discovery)"
Analysis of Evaporation from micropillar surface by Using Non-Uniform Heat Flux,2021,10.1109/eptc53413.2021.9663966,23rd Electronic Packaging Technology Conference,conference,Anandaroop Bhattacharya,Mechanical Engineering,faculty_page,https://www.iitkgp.ac.in/department/ME/faculty/me-anandaroop,high,"institute faculty page ""All Publications"" list (Conferences); joined IIT KGP 2015 per bio sketch; doi via crossref exact-title lookup (post-discovery)"
Electro-osmosis Aided Thin-Film Evaporation from a Micropillar Wick Structure,2022,10.1021/acs.langmuir.2c01048,Langmuir 38 8442-8455,journal,Anandaroop Bhattacharya,Mechanical Engineering,faculty_page,https://www.iitkgp.ac.in/department/ME/faculty/me-anandaroop,high,"institute faculty page ""All Publications"" list (Journal); joined IIT KGP 2015 per bio sketch; doi via crossref exact-title lookup (post-discovery)"
Numerical and Experimental Investigation of a Volumetric Resistance Blower Performance and its Optimization for Portable Computing Device Applications,2024,10.1115/1.4063917,ASME Journal of Electronic Packaging 146,journal,Anandaroop Bhattacharya,Mechanical Engineering,faculty_page,https://www.iitkgp.ac.in/department/ME/faculty/me-anandaroop,high,"institute faculty page ""All Publications"" list (Journal); joined IIT KGP 2015 per bio sketch; doi via crossref exact-title lookup (post-discovery)"
MACHINE LEARNING MODELS FOR PREDICTING ELECTRICAL AND THERMAL BEHAVIOR IN HIGH-CAPACITY LITHIUM-ION BATTERIES,2026,10.1615/heattransres.2025058959,Heat Transfer Research 57 41-97,journal,Anandaroop Bhattacharya,Mechanical Engineering,faculty_page,https://www.iitkgp.ac.in/department/ME/faculty/me-anandaroop,high,"institute faculty page ""All Publications"" list (Journal); joined IIT KGP 2015 per bio sketch; doi via crossref exact-title lookup (post-discovery)"
Nonlinear Dynamics of Resonant Microelectromechanical Systems 9MEMS),2020,,Mechanical Sciences: The way Forward,other,Goutam Chakraborty,Mechanical Engineering,faculty_page,https://www.iitkgp.ac.in/department/ME/faculty/me-goutam,medium,"institute faculty page ""All Publications"" list (Book Chapter/Section); joining year not verified (no bio sketch / not stated) -> restricted to >=2020"
Parametric Resonance in Cantilever Beam with Feedback-Induced Base Excitation,2021,10.1007/s42417-020-00226-1,Journal of Vibration Engineering and Technologies 9 291-301,journal,Goutam Chakraborty,Mechanical Engineering,faculty_page,https://www.iitkgp.ac.in/department/ME/faculty/me-goutam,medium,"institute faculty page ""All Publications"" list (Journal); joining year not verified (no bio sketch / not stated) -> restricted to >=2020; doi via crossref exact-title lookup (post-discovery)"
Fractional-order Bouc-Wen Hysteresis Model for Pneumatically Actuated Continuum Manipulator,2022,10.1016/j.mechmachtheory.2022.104841,Mechanism and Machine Theory 173 104841,journal,Goutam Chakraborty,Mechanical Engineering,faculty_page,https://www.iitkgp.ac.in/department/ME/faculty/me-goutam,medium,"institute faculty page ""All Publications"" list (Journal); joining year not verified (no bio sketch / not stated) -> restricted to >=2020; doi via crossref exact-title lookup (post-discovery)"
Mechanical Energy Release Rate as Fracture Criterion of Cracked Piezoelectric Ceramic Using Extended Finite Element Method (XFEM),2023,10.2514/6.2023-1134,AIAA SCITECH 2023 Forum 1134,conference,Goutam Chakraborty,Mechanical Engineering,faculty_page,https://www.iitkgp.ac.in/department/ME/faculty/me-goutam,medium,"institute faculty page ""All Publications"" list (Conferences); joining year not verified (no bio sketch / not stated) -> restricted to >=2020; doi via crossref exact-title lookup (post-discovery)"
On Hydrodynamics of Dry Granulation of LD/BOF Slag Using Spinning Disc Atomizer: Choice of Experimental Methodology,2024,10.1007/978-981-99-7047-6_24,"Fluid Mechanics and Fluid Power, Vol. 7, Lecture Notes in Mechanical Engineering 307-319",other,Goutam Chakraborty,Mechanical Engineering,faculty_page,https://www.iitkgp.ac.in/department/ME/faculty/me-goutam,medium,"institute faculty page ""All Publications"" list (Book Chapter/Section); joining year not verified (no bio sketch / not stated) -> restricted to >=2020; doi via crossref exact-title lookup (post-discovery)"
Pull-in instability and nonlinear vibration of microbeam with piezoelectric patch driven by electrostatic force using modified couple stress theory,2025,10.1080/15376494.2024.2413183,Mechanics of Advanced Materials and Structures 32(19) 4738-4755,journal,Goutam Chakraborty,Mechanical Engineering,faculty_page,https://www.iitkgp.ac.in/department/ME/faculty/me-goutam,medium,"institute faculty page ""All Publications"" list (Journal); joining year not verified (no bio sketch / not stated) -> restricted to >=2020; doi via crossref exact-title lookup (post-discovery)"
Order Tracking: Angular Domain Features Extraction Method for Condition Monitoring of Variable Speed,2020,10.1007/978-981-15-1307-7_14,Advances in Materials and Manufacturing Engineering. Lecture Notes in Mechanical Engineering 127-133,other,Arun Kumar Samantaray,Mechanical Engineering,faculty_page,https://www.iitkgp.ac.in/department/ME/faculty/me-samantaray,medium,"institute faculty page ""All Publications"" list (Book Chapter/Section); joining year not verified (no bio sketch / not stated) -> restricted to >=2020; doi via crossref exact-title lookup (post-discovery)"
The Sommerfeld effect of second kind: passage through parametric instability in a rotor with non-circular shaft and anisotropic flexible supports,2020,10.1007/s11071-020-05681-9,Nonlinear Dynamics 100 3171-3197,journal,Arun Kumar Samantaray,Mechanical Engineering,faculty_page,https://www.iitkgp.ac.in/department/ME/faculty/me-samantaray,medium,"institute faculty page ""All Publications"" list (Journal); joining year not verified (no bio sketch / not stated) -> restricted to >=2020; doi via crossref exact-title lookup (post-discovery)"
Resonant capture and Sommerfeld effect due to torsional vibrations in a double Cardan joint driveline,2021,10.1016/j.cnsns.2021.105728,Communications in Nonlinear Science and Numerical Simulation 97 105728,journal,Arun Kumar Samantaray,Mechanical Engineering,faculty_page,https://www.iitkgp.ac.in/department/ME/faculty/me-samantaray,medium,"institute faculty page ""All Publications"" list (Journal); joining year not verified (no bio sketch / not stated) -> restricted to >=2020; doi via crossref exact-title lookup (post-discovery)"
Kinematics Model of Bionic Manipulator by Using Elliptic Integral Approach,2022,10.1007/978-981-16-0550-5_30,Lecture Notes in Mechanical Engineering 319-325,conference,Arun Kumar Samantaray,Mechanical Engineering,faculty_page,https://www.iitkgp.ac.in/department/ME/faculty/me-samantaray,medium,"institute faculty page ""All Publications"" list (Conferences); joining year not verified (no bio sketch / not stated) -> restricted to >=2020; doi via crossref exact-title lookup (post-discovery)"
Inverse and Forward Kineto-Static Solution of a Large-Scale Cable-Driven Parallel Robot using Neural Networks,2023,10.1016/j.mechmachtheory.2022.105107,Mechanism and Machine Theory 179 105107,journal,Arun Kumar Samantaray,Mechanical Engineering,faculty_page,https://www.iitkgp.ac.in/department/ME/faculty/me-samantaray,medium,"institute faculty page ""All Publications"" list (Journal); joining year not verified (no bio sketch / not stated) -> restricted to >=2020; doi via crossref exact-title lookup (post-discovery)"
Sommerfeld effect in a non-ideally excited simply-supported beam by considering full inertia parameters of the stator and rotor of the motor,2026,10.1016/j.jsv.2025.119570,Journal of Sound and Vibration 625 119570,journal,Arun Kumar Samantaray,Mechanical Engineering,faculty_page,https://www.iitkgp.ac.in/department/ME/faculty/me-samantaray,medium,"institute faculty page ""All Publications"" list (Journal); joining year not verified (no bio sketch / not stated) -> restricted to >=2020; doi via crossref exact-title lookup (post-discovery)"
Coal Mine Water Drainage: The Current Status and Challenges,2020,10.1007/s40033-020-00222-5,"Springer, J. Inst. Eng. (I) Ser. D 1-10",journal,Kaushik Dey,Mining Engineering,faculty_page,https://www.iitkgp.ac.in/department/MI/faculty/mi-kausdey,medium,"institute faculty page ""All Publications"" list (Journal); joining year not verified (no bio sketch / not stated) -> restricted to >=2020; doi via crossref exact-title lookup (post-discovery)"
A New Classification Method for Predicting Performance of Continuous Miners,2022,10.1007/978-3-030-72896-0_39,"Advances in Science, Technology and Innovation 179-181",other,Kaushik Dey,Mining Engineering,faculty_page,https://www.iitkgp.ac.in/department/MI/faculty/mi-kausdey,medium,"institute faculty page ""All Publications"" list (Book Chapter/Section); joining year not verified (no bio sketch / not stated) -> restricted to >=2020; doi via crossref exact-title lookup (post-discovery)"
Designing of blasting pattern for excavation of drives in paste backfilled stopes of an underground metalliferous mine,2022,,Rock Fragmentation by Blasting Fragblast-13 609-618,other,Kaushik Dey,Mining Engineering,faculty_page,https://www.iitkgp.ac.in/department/MI/faculty/mi-kausdey,medium,"institute faculty page ""All Publications"" list (Symposium); joining year not verified (no bio sketch / not stated) -> restricted to >=2020"
Determination of Optimal Burden for Ringhole Blasting in Underground Hard Rock Mining Under Varying Geotechnical Properties,2024,10.1007/s00603-024-03848-z,Rock Mechanics and Rock Engineering online 1-15,journal,Kaushik Dey,Mining Engineering,faculty_page,https://www.iitkgp.ac.in/department/MI/faculty/mi-kausdey,medium,"institute faculty page ""All Publications"" list (Journal); joining year not verified (no bio sketch / not stated) -> restricted to >=2020; doi via crossref exact-title lookup (post-discovery)"
Prediction of overbreak and pull using machine learning approaches in the development face blasting of underground metalliferous mines,2026,10.1007/s42461-026-01546-8,"Mining, Metallurgy and Exploration",journal,Kaushik Dey,Mining Engineering,faculty_page,https://www.iitkgp.ac.in/department/MI/faculty/mi-kausdey,medium,"institute faculty page ""All Publications"" list (Journal); joining year not verified (no bio sketch / not stated) -> restricted to >=2020; doi via crossref exact-title lookup (post-discovery)"
Impact of the initial crack volume on the intact behavior of a bonded particle model,2020,10.1016/j.compgeo.2020.103764,Computers and Geotechnics 127 1-10,journal,Shantanu Kumar Patel,Mining Engineering,faculty_page,https://www.iitkgp.ac.in/department/MI/faculty/mi-shantanu.patel,medium,"institute faculty page ""All Publications"" list (Journal); joining year not verified (no bio sketch / not stated) -> restricted to >=2020; doi via crossref exact-title lookup (post-discovery)"
Prediction of Slope Failure Susceptibility of an Iron Ore Mine using PCA and K-means Clustering,2021,,"Mediterranean Geosciences Union (MedGU), Istanbul, 2021 1-8",conference,Shantanu Kumar Patel,Mining Engineering,faculty_page,https://www.iitkgp.ac.in/department/MI/faculty/mi-shantanu.patel,medium,"institute faculty page ""All Publications"" list (Conferences); joining year not verified (no bio sketch / not stated) -> restricted to >=2020"
Investigation of Excavation Damage Zone in a Drive of an Underground Copper Mine and its Implications on Support Design,2024,,"2024 ISRM International Symposium: ARMS13 - 13th Asian Rock Mechanics Symposium ""Advances in Rock Mechanics - Infrastructure Development""",other,Shantanu Kumar Patel,Mining Engineering,faculty_page,https://www.iitkgp.ac.in/department/MI/faculty/mi-shantanu.patel,medium,"institute faculty page ""All Publications"" list (Symposium); joining year not verified (no bio sketch / not stated) -> restricted to >=2020"
Predicting Geological Strength Index of Jointed Rock Mass Using Image-Based Data and Artificial Neural Network,2024,,ISRM European Rock Mechanics Symposium EUROCK 2024,other,Shantanu Kumar Patel,Mining Engineering,faculty_page,https://www.iitkgp.ac.in/department/MI/faculty/mi-shantanu.patel,medium,"institute faculty page ""All Publications"" list (Symposium); joining year not verified (no bio sketch / not stated) -> restricted to >=2020"
Effect of Disturbance Factor and GSI on EDZ Development and Support Efficiency in Hard-Rock Mining,2025,,"International Conference on Geo-Resources Engineering, Energy, and Nature (GREEN 2025)",conference,Shantanu Kumar Patel,Mining Engineering,faculty_page,https://www.iitkgp.ac.in/department/MI/faculty/mi-shantanu.patel,medium,"institute faculty page ""All Publications"" list (Conferences); joining year not verified (no bio sketch / not stated) -> restricted to >=2020"
Understanding the impact of fracture intensity on DFN and GSI-based slope stability analysis,2026,10.1177/25726668251406435,", Nanda S. , Patel S. K. Mining Technology 135 45-52",journal,Shantanu Kumar Patel,Mining Engineering,faculty_page,https://www.iitkgp.ac.in/department/MI/faculty/mi-shantanu.patel,medium,"institute faculty page ""All Publications"" list (Journal); joining year not verified (no bio sketch / not stated) -> restricted to >=2020; doi via crossref exact-title lookup (post-discovery)"
nformation measures in the intuitionistic fuzzy framework and their relationships,2018,10.1109/tfuzz.2017.2738603,IEEE Transactions on Fuzzy Systems 26 1626-1637,journal,Debashree Guha Adhya,School of Medical Science and Technology,faculty_page,https://www.iitkgp.ac.in/department/MM/faculty/mm-debashree_smst,high,"institute faculty page ""All Publications"" list (Journal); joined IIT KGP 2018 per bio sketch; doi via crossref exact-title lookup (post-discovery)"
Role of malonaldehyde as a surrogate biomarker for iron overload in the -thalassemia patient: A systematic meta-analysis,2021,10.1016/j.arres.2021.100017,Advances in Redox Research 3,journal,Debashree Guha Adhya,School of Medical Science and Technology,faculty_page,https://www.iitkgp.ac.in/department/MM/faculty/mm-debashree_smst,high,"institute faculty page ""All Publications"" list (Journal); joined IIT KGP 2018 per bio sketch; doi via crossref exact-title lookup (post-discovery)"
Classification of Epileptic EEG Signals based on Bonferroni mean (BM) Operator,2023,,"Indo-German Conference on Computational Mathematics, IGCM-2023",conference,Debashree Guha Adhya,School of Medical Science and Technology,faculty_page,https://www.iitkgp.ac.in/department/MM/faculty/mm-debashree_smst,high,"institute faculty page ""All Publications"" list (Conferences); joined IIT KGP 2018 per bio sketch"
Epileptic EEG signals classification based on multi-criteria decision aid classifier ensemble approach,2024,10.1109/ncc60321.2024.10485927,The 30th NCC 1-6,conference,Debashree Guha Adhya,School of Medical Science and Technology,faculty_page,https://www.iitkgp.ac.in/department/MM/faculty/mm-debashree_smst,high,"institute faculty page ""All Publications"" list (Conferences); joined IIT KGP 2018 per bio sketch; doi via crossref exact-title lookup (post-discovery)"
"A prospective cohort study of the incidence, etiology and outcome of pneumonia among cancer patients in an oncology intensive care unit from Eastern India",2025,10.3332/ecancer.2025.1970,ecancermedicalscience 19,journal,Debashree Guha Adhya,School of Medical Science and Technology,faculty_page,https://www.iitkgp.ac.in/department/MM/faculty/mm-debashree_smst,high,"institute faculty page ""All Publications"" list (Journal); joined IIT KGP 2018 per bio sketch; doi via crossref exact-title lookup (post-discovery)"
Ranking Feature Importance Objectives for Explainable Classification,2026,10.1109/access.2026.3657343,"Aishwaryaprajna, Guha D., Chakraborty D. IEEE Access 14 21137-21147",journal,Debashree Guha Adhya,School of Medical Science and Technology,faculty_page,https://www.iitkgp.ac.in/department/MM/faculty/mm-debashree_smst,high,"institute faculty page ""All Publications"" list (Journal); joined IIT KGP 2018 per bio sketch; doi via crossref exact-title lookup (post-discovery)"
AFM based Biomechanical Characterization for Assessment of Cancer Aggressiveness,2016,,Biophysical Society Conference: Mechanobiology of Disease,conference,Mahitosh Mandal,School of Medical Science and Technology,faculty_page,https://www.iitkgp.ac.in/department/MM/faculty/mm-mahitosh,high,"institute faculty page ""All Publications"" list (Conferences); joined IIT KGP 2006 per bio sketch"
Carbon Nanofiber Reinforced Nonmulberry Silk Protein Fibroin Nanobiocomposite for Tissue Engineering Applications,2017,10.1021/acsami.6b04777,ACS Appl Mater Interfaces 9(23) 19356-19370,journal,Mahitosh Mandal,School of Medical Science and Technology,faculty_page,https://www.iitkgp.ac.in/department/MM/faculty/mm-mahitosh,high,"institute faculty page ""All Publications"" list (Journal); joined IIT KGP 2006 per bio sketch; doi via crossref exact-title lookup (post-discovery)"
Real-time monitoring of photo-activated hydrogen persulfide donor for biological entities,2019,10.1039/c9ob01982k,"Yarra . , Jena . , Behara . , Mandal M. Org. Biomol. Chem",journal,Mahitosh Mandal,School of Medical Science and Technology,faculty_page,https://www.iitkgp.ac.in/department/MM/faculty/mm-mahitosh,high,"institute faculty page ""All Publications"" list (Journal); joined IIT KGP 2006 per bio sketch; doi via crossref exact-title lookup (post-discovery)"
A two-photon responsive hydroxyphenylquinazolinone (HPQ)-based fluorescent organic nanoprodrug for H2S release against oxidative stress,2022,10.1039/d2cc05768a,Chemical Communications 59 1177-1180,journal,Mahitosh Mandal,School of Medical Science and Technology,faculty_page,https://www.iitkgp.ac.in/department/MM/faculty/mm-mahitosh,high,"institute faculty page ""All Publications"" list (Journal); joined IIT KGP 2006 per bio sketch; doi via crossref exact-title lookup (post-discovery)"
Riboflavin-Induced DNA Damage and Anticancer Activity in Breast Cancer Cells under Visible Light: A TD-DFT and In Vitro Study,2024,10.1021/acs.jcim.4c01104,Journal of Chemical Information and Modeling 64 5580-5589,journal,Mahitosh Mandal,School of Medical Science and Technology,faculty_page,https://www.iitkgp.ac.in/department/MM/faculty/mm-mahitosh,high,"institute faculty page ""All Publications"" list (Journal); joined IIT KGP 2006 per bio sketch; doi via crossref exact-title lookup (post-discovery)"
Graphene Oxide: An Important Derivative of Graphene with Interesting Electrical Properties,2016,,Graphene Science Handbook: Electrical and optical properties,other,Pallab Banerji,Materials Science Centre,faculty_page,https://www.iitkgp.ac.in/department/MS/faculty/ms-pallab,high,"institute faculty page ""All Publications"" list (Book Chapter/Section); joined IIT KGP 2005 per bio sketch"
Enhanced thermoelectric properties in Bi and Te doped p-type Cu3SbSe4 compound,2018,10.1063/1.5029186,AIP Conference Proceedings 1942 140055,journal,Pallab Banerji,Materials Science Centre,faculty_page,https://www.iitkgp.ac.in/department/MS/faculty/ms-pallab,high,"institute faculty page ""All Publications"" list (Journal); joined IIT KGP 2005 per bio sketch; doi via crossref exact-title lookup (post-discovery)"
Graphene oxide as a dielectric and charge trap element in pentacene-based organic thin-film transistors for nonvolatile memory,2019,10.1021/acsomega.8b03301,ACS Omega 4 4312,journal,Pallab Banerji,Materials Science Centre,faculty_page,https://www.iitkgp.ac.in/department/MS/faculty/ms-pallab,high,"institute faculty page ""All Publications"" list (Journal); joined IIT KGP 2005 per bio sketch; doi via crossref exact-title lookup (post-discovery)"
"Intrinsically Freezing-Tolerant, Conductive, and Adhesive Proton Donor Acceptor Hydrogel for Multifunctional Applications",2022,10.1021/acsapm.2c01285,ACS Applied Polymer Materials 4 7710-7722,journal,Pallab Banerji,Materials Science Centre,faculty_page,https://www.iitkgp.ac.in/department/MS/faculty/ms-pallab,high,"institute faculty page ""All Publications"" list (Journal); joined IIT KGP 2005 per bio sketch; doi via crossref exact-title lookup (post-discovery)"
Enhancing electrical characteristics and electromagnetic interference shielding effectiveness in thermoplastic elastomeric polymer blends by utilizing the selective distribution of conductive black,2024,10.1186/s42252-024-00053-7,Functional Composite Materials 5,journal,Pallab Banerji,Materials Science Centre,faculty_page,https://www.iitkgp.ac.in/department/MS/faculty/ms-pallab,high,"institute faculty page ""All Publications"" list (Journal); joined IIT KGP 2005 per bio sketch; doi via crossref exact-title lookup (post-discovery)"
Temperature-driven lattice transformation in Al-doped -Ga2O3 nanostructures and its application in VOC detection,2026,10.1016/j.jallcom.2026.188071,Journal of Alloys and Compounds 1065 18807,journal,Pallab Banerji,Materials Science Centre,faculty_page,https://www.iitkgp.ac.in/department/MS/faculty/ms-pallab,high,"institute faculty page ""All Publications"" list (Journal); joined IIT KGP 2005 per bio sketch; doi via crossref exact-title lookup (post-discovery)"
Investigation of mechanical properties of Engineered Cementitious Composites for the Development of Alternatives to Conventional Concrete for Sustainable Infrastructures,2016,,Structural Engineering Convention (SEC 2016),conference,Subhasish Basu Majumder,Materials Science Centre,faculty_page,https://www.iitkgp.ac.in/department/MS/faculty/ms-subhasish,high,"institute faculty page ""All Publications"" list (Conferences); joined IIT KGP 2006 per bio sketch"
Melt impregnation as a post processing treatment for performance enhancement in high capacity 3D microporous tin-copper-nickel intermetallic anode for Li-ion battery supported by electrodeposited nickel scaffold: A structural study,2018,10.1016/j.apsusc.2018.01.311,Applied Surface Science 441 965-977,journal,Subhasish Basu Majumder,Materials Science Centre,faculty_page,https://www.iitkgp.ac.in/department/MS/faculty/ms-subhasish,high,"institute faculty page ""All Publications"" list (Journal); joined IIT KGP 2006 per bio sketch; doi via crossref exact-title lookup (post-discovery)"
A Lithium ion rechargeable full cell using the flower like Na3V2(PO4)3@C cathode and Li4Ti5O12 anode,2020,,"., Majumder S. B. ACS Sustainable Chemistry & Engineering 8 7523",journal,Subhasish Basu Majumder,Materials Science Centre,faculty_page,https://www.iitkgp.ac.in/department/MS/faculty/ms-subhasish,high,"institute faculty page ""All Publications"" list (Journal); joined IIT KGP 2006 per bio sketch"
Electrophoretic deposition of metal-organic framework derived porous copper oxide anode for lithium and sodium ion rechargeable cells,2021,10.1016/j.jallcom.2021.160462,Journal of Alloys and Compounds 879 160462,journal,Subhasish Basu Majumder,Materials Science Centre,faculty_page,https://www.iitkgp.ac.in/department/MS/faculty/ms-subhasish,high,"institute faculty page ""All Publications"" list (Journal); joined IIT KGP 2006 per bio sketch; doi via crossref exact-title lookup (post-discovery)"
Microwave-Assisted Hydrothermal Synthesis of {100} and {111} Faceted LiFeO2 Truncated Octahedra: Investigations on Volatile Organic Compound Sensing Performance,2024,10.1021/acs.inorgchem.3c03714,Inorganic Chemistry 63 4545-4556,journal,Subhasish Basu Majumder,Materials Science Centre,faculty_page,https://www.iitkgp.ac.in/department/MS/faculty/ms-subhasish,high,"institute faculty page ""All Publications"" list (Journal); joined IIT KGP 2006 per bio sketch; doi via crossref exact-title lookup (post-discovery)"
Review of the different design parameters to yield efficient lithium-sulfur rechargeable cells of higher energy densities,2026,10.1016/j.scenem.2026.100034,Sustainable Chemistry for Energy Materials 3 100034,journal,Subhasish Basu Majumder,Materials Science Centre,faculty_page,https://www.iitkgp.ac.in/department/MS/faculty/ms-subhasish,high,"institute faculty page ""All Publications"" list (Journal); joined IIT KGP 2006 per bio sketch; doi via crossref exact-title lookup (post-discovery)"
Surface Modification of Inconel 718 by Laser Surface Melting,2016,,4th International Conference on Advances in Materials & Materials Processing,conference,Koushik Biswas,Metallurgical and Materials Engineering,faculty_page,https://www.iitkgp.ac.in/department/MT/faculty/mt-k_biswas,high,"institute faculty page ""All Publications"" list (Conferences); joined IIT KGP 2007 per bio sketch"
"Synthesis, characterization, and cell performance of Li0.5FeV1.5O4",2017,,Ionics 23 1985-1993,journal,Koushik Biswas,Metallurgical and Materials Engineering,faculty_page,https://www.iitkgp.ac.in/department/MT/faculty/mt-k_biswas,high,"institute faculty page ""All Publications"" list (Journal); joined IIT KGP 2007 per bio sketch"
An electroactive Î²-phase polyvinylidene fluoride as gel polymer electrolyte for magnesiumâ ion battery application,2019,10.1016/j.jelechem.2019.113417,Journal of Electroanalytical Chemistry 851,journal,Koushik Biswas,Metallurgical and Materials Engineering,faculty_page,https://www.iitkgp.ac.in/department/MT/faculty/mt-k_biswas,high,"institute faculty page ""All Publications"" list (Journal); joined IIT KGP 2007 per bio sketch; doi via crossref exact-title lookup (post-discovery)"
High ionic conductive glass fiber-based ceramic electrolyte system for magnesium ion battery application,2020,10.1016/j.ceramint.2020.02.154,Ceramics International 46 13677-13684,journal,Koushik Biswas,Metallurgical and Materials Engineering,faculty_page,https://www.iitkgp.ac.in/department/MT/faculty/mt-k_biswas,high,"institute faculty page ""All Publications"" list (Journal); joined IIT KGP 2007 per bio sketch; doi via crossref exact-title lookup (post-discovery)"
Enhanced energy density of high entropy alloy (Fe-Co-Ni-Cu-Mn) and green graphene hybrid supercapacitor,2024,10.22541/au.171549597.74952564/v1,"K Singh A., Biswas K., Tiwary C.S. Energy Storage 6",journal,Koushik Biswas,Metallurgical and Materials Engineering,faculty_page,https://www.iitkgp.ac.in/department/MT/faculty/mt-k_biswas,high,"institute faculty page ""All Publications"" list (Journal); joined IIT KGP 2007 per bio sketch; doi via crossref exact-title lookup (post-discovery)"
"Two-dimensional longitudinal modelling of SS410-Al2O3-SiC functionally graded composite heat transfer, fluid flow and molten pool dynamics during laser cladding",2026,10.1016/j.jacomc.2026.100164,Journal of Alloys and Compounds Communications 10,journal,Koushik Biswas,Metallurgical and Materials Engineering,faculty_page,https://www.iitkgp.ac.in/department/MT/faculty/mt-k_biswas,high,"institute faculty page ""All Publications"" list (Journal); joined IIT KGP 2007 per bio sketch; doi via crossref exact-title lookup (post-discovery)"
Microstructure and phase evolution in spark-plasma-sintered Al86Ni6Y4.5Co2La1.5 glassy alloy,2016,,Philosophical Magazine Letters 453 1-7,journal,Tapas Laha,Metallurgical and Materials Engineering,faculty_page,https://www.iitkgp.ac.in/department/MT/faculty/mt-laha,high,"institute faculty page ""All Publications"" list (Journal); joined IIT KGP 2008 per bio sketch"
Nanoscratch and electrochemical behavior of plasma sprayed Fe-based amorphous / nanocrystalline coating,2019,10.7449/2019/mst_2019_341_347,Materials Science and Technology (MS&T) 2019 341-347,conference,Tapas Laha,Metallurgical and Materials Engineering,faculty_page,https://www.iitkgp.ac.in/department/MT/faculty/mt-laha,high,"institute faculty page ""All Publications"" list (Conferences); joined IIT KGP 2008 per bio sketch; doi via crossref exact-title lookup (post-discovery)"
Phase Evolution-Dependent Nanomechanical Properties of Al86Ni8Y6 and Al86Ni6Y4.5Co2La1.5 Spark Plasma-Sintered Bulk Amorphous Composites,2020,10.1007/s11661-020-05916-9,Metallurgical and Materials Transactions A: Physical Metallurgy and Materials Science 51 5110-5119,journal,Tapas Laha,Metallurgical and Materials Engineering,faculty_page,https://www.iitkgp.ac.in/department/MT/faculty/mt-laha,high,"institute faculty page ""All Publications"" list (Journal); joined IIT KGP 2008 per bio sketch; doi via crossref exact-title lookup (post-discovery)"
Study of the elastic properties and thermal shock behavior of Al-SiC-graphite hybrid composites fabricated by spark plasma sintering,2022,10.1016/j.ceramint.2021.11.082,Ceramics International 48 5386-5396,journal,Tapas Laha,Metallurgical and Materials Engineering,faculty_page,https://www.iitkgp.ac.in/department/MT/faculty/mt-laha,high,"institute faculty page ""All Publications"" list (Journal); joined IIT KGP 2008 per bio sketch; doi via crossref exact-title lookup (post-discovery)"
"Effect of graded microstructure on the modulus, hardness, and strength of hot-pressed ZrB2-B4C FGM",2024,10.1007/s10853-024-09720-3,Journal of Materials Science 59 8682-8705,journal,Tapas Laha,Metallurgical and Materials Engineering,faculty_page,https://www.iitkgp.ac.in/department/MT/faculty/mt-laha,high,"institute faculty page ""All Publications"" list (Journal); joined IIT KGP 2008 per bio sketch; doi via crossref exact-title lookup (post-discovery)"
Deciphering the role of stacking fault energy on TWIP TRIP interplay in Ni-rich high entropy alloy with tailored Ti content,2026,10.1016/j.ijplas.2026.104642,International Journal of Plasticity 199,journal,Tapas Laha,Metallurgical and Materials Engineering,faculty_page,https://www.iitkgp.ac.in/department/MT/faculty/mt-laha,high,"institute faculty page ""All Publications"" list (Journal); joined IIT KGP 2008 per bio sketch; doi via crossref exact-title lookup (post-discovery)"
Scale effects on open water characteristics of a controllable pitch propeller working within different duct designs,2016,10.1016/j.oceaneng.2015.12.024,Sverre Steen Ocean Engineering 112 226-242,journal,Anirban Bhattacharyya,Ocean Engg and Naval Architecture,faculty_page,https://www.iitkgp.ac.in/department/NA/faculty/na-ab,high,"institute faculty page ""All Publications"" list (Journal); joined IIT KGP 2016 per bio sketch; doi via crossref exact-title lookup (post-discovery)"
Bio-Inspired Control Surfaces for Marine Applications,2019,,2nd International Conference on Smart & Green Technology for Shipping and Maritime Industries(Including Ballast Water Management),conference,Anirban Bhattacharyya,Ocean Engg and Naval Architecture,faculty_page,https://www.iitkgp.ac.in/department/NA/faculty/na-ab,high,"institute faculty page ""All Publications"" list (Conferences); joined IIT KGP 2016 per bio sketch"
PERFORMANCE OF A FLOATING OSCILLATING WATER COLUMN WAVE ENERGY CONVERTER OVER A SLOPING BED,2021,10.1080/17445302.2020.1772665,Ships and Offshore Structures 16 659-669,journal,Anirban Bhattacharyya,Ocean Engg and Naval Architecture,faculty_page,https://www.iitkgp.ac.in/department/NA/faculty/na-ab,high,"institute faculty page ""All Publications"" list (Journal); joined IIT KGP 2016 per bio sketch; doi via crossref exact-title lookup (post-discovery)"
Oscillating foil propulsors with leading-edge modifications,2022,,The 15th International Symposium on PRACTICAL DESIGN OF SHIPS AND OTHER FLOATING STRUCTURES- PRADS 2022,other,Anirban Bhattacharyya,Ocean Engg and Naval Architecture,faculty_page,https://www.iitkgp.ac.in/department/NA/faculty/na-ab,high,"institute faculty page ""All Publications"" list (Symposium); joined IIT KGP 2016 per bio sketch"
Multiple moonpools within a vessel free to heave and pitch: An experimental study,2024,10.1016/j.apor.2024.103963,Applied Ocean Research 147,journal,Anirban Bhattacharyya,Ocean Engg and Naval Architecture,faculty_page,https://www.iitkgp.ac.in/department/NA/faculty/na-ab,high,"institute faculty page ""All Publications"" list (Journal); joined IIT KGP 2016 per bio sketch; doi via crossref exact-title lookup (post-discovery)"
Investigation of Tandem Propellers with Varying Design Configurations,2025,,"Practical Design of Ships and Other Floating Structures, PRADS 2025",other,Anirban Bhattacharyya,Ocean Engg and Naval Architecture,faculty_page,https://www.iitkgp.ac.in/department/NA/faculty/na-ab,high,"institute faculty page ""All Publications"" list (Symposium); joined IIT KGP 2016 per bio sketch"
Dredging operation vibration and mitigation measures,2016,,Computational and Experimental Marine Hydrodynamics,conference,Kiran Vijayan,Ocean Engg and Naval Architecture,faculty_page,https://www.iitkgp.ac.in/department/NA/faculty/na-kiran.vijayan,high,"institute faculty page ""All Publications"" list (Conferences); joined IIT KGP 2015 per bio sketch"
MODAL INTERACTIONS IN DRILLSTRING BOREHOLE INTERACTIONS,2019,10.1115/omae2019-95871,OMAE,conference,Kiran Vijayan,Ocean Engg and Naval Architecture,faculty_page,https://www.iitkgp.ac.in/department/NA/faculty/na-kiran.vijayan,high,"institute faculty page ""All Publications"" list (Conferences); joined IIT KGP 2015 per bio sketch; doi via crossref exact-title lookup (post-discovery)"
"PID-Based Anti-Sway Control for Oscillation Minimization in Cranes,",2023,,"ICSOT,",conference,Kiran Vijayan,Ocean Engg and Naval Architecture,faculty_page,https://www.iitkgp.ac.in/department/NA/faculty/na-kiran.vijayan,high,"institute faculty page ""All Publications"" list (Conferences); joined IIT KGP 2015 per bio sketch"
Experimental identification of dynamic characteristics of welded stiffened structures based on model updating,2023,10.1016/j.tws.2022.110485,Thin Walled Structures 184,journal,Kiran Vijayan,Ocean Engg and Naval Architecture,faculty_page,https://www.iitkgp.ac.in/department/NA/faculty/na-kiran.vijayan,high,"institute faculty page ""All Publications"" list (Journal); joined IIT KGP 2015 per bio sketch; doi via crossref exact-title lookup (post-discovery)"
Fault Detection in Ball Bearings applying physics informed Frequency-features using Deep Learning,2025,,"International Conference on Ocean Engineering (ICOE2025), IIT Madras",conference,Kiran Vijayan,Ocean Engg and Naval Architecture,faculty_page,https://www.iitkgp.ac.in/department/NA/faculty/na-kiran.vijayan,high,"institute faculty page ""All Publications"" list (Conferences); joined IIT KGP 2015 per bio sketch"
Predictive maintenance for spud condition monitoring in cutter suction dredgers using Gaussian process emulation,2026,,Ships and Offshore structures,journal,Kiran Vijayan,Ocean Engg and Naval Architecture,faculty_page,https://www.iitkgp.ac.in/department/NA/faculty/na-kiran.vijayan,high,"institute faculty page ""All Publications"" list (Journal); joined IIT KGP 2015 per bio sketch"
Magnetic Interactions at the Nanoscale in Trilayer Titanates,2016,10.1103/physrevlett.116.076802,Phys. Rev. Lett. 116 076802,journal,Debraj Choudhury,Physics,faculty_page,https://www.iitkgp.ac.in/department/PH/faculty/ph-debraj,high,"institute faculty page ""All Publications"" list (Journal); joined IIT KGP 2015 per bio sketch; doi via crossref exact-title lookup (post-discovery)"
Magnetocaloric Materials with Multiple Instabilities,2017,10.1002/adma.201606144,Advanced Materials 29 1606-144,journal,Debraj Choudhury,Physics,faculty_page,https://www.iitkgp.ac.in/department/PH/faculty/ph-debraj,high,"institute faculty page ""All Publications"" list (Journal); joined IIT KGP 2015 per bio sketch; doi via crossref exact-title lookup (post-discovery)"
"Tetramer Orbital-Ordering induced Lattice Chirality in Ferrimagnetic, Polar MnTi2O4",2019,,Physical Review B 100 115162,journal,Debraj Choudhury,Physics,faculty_page,https://www.iitkgp.ac.in/department/PH/faculty/ph-debraj,high,"institute faculty page ""All Publications"" list (Journal); joined IIT KGP 2015 per bio sketch"
Competing magnetic interactions driven tuning of spin-flop field and anomalous thermal expansion in MnTi1 xMnxO3,2022,10.1063/5.0109407,Journal of Applied Physics 132 1839051-1839057,journal,Debraj Choudhury,Physics,faculty_page,https://www.iitkgp.ac.in/department/PH/faculty/ph-debraj,high,"institute faculty page ""All Publications"" list (Journal); joined IIT KGP 2015 per bio sketch; doi via crossref exact-title lookup (post-discovery)"
Ultra-Low Electric Field Induced Volatile Resistive Switching in Hole-Doped MgTi2O4,2026,,Advanced Materials,journal,Debraj Choudhury,Physics,faculty_page,https://www.iitkgp.ac.in/department/PH/faculty/ph-debraj,high,"institute faculty page ""All Publications"" list (Journal); joined IIT KGP 2015 per bio sketch"
Pseudo-Scalars from `Dark' Extra Dimensions and Their Possible Role in the `Dark Matter' Problem,2020,,Less Travelled Path of Dark Matter: Axions and Primordial Black Holes (ONLINE),conference,Sandipan Sengupta,Physics,faculty_page,https://www.iitkgp.ac.in/department/PH/faculty/ph-sandipan,medium,"institute faculty page ""All Publications"" list (Conferences); joining year not verified (no bio sketch / not stated) -> restricted to >=2020"
Magnetic monopole as a spacetime defect,2021,10.1103/physrevd.104.044038,Physical Review D 104,journal,Sandipan Sengupta,Physics,faculty_page,https://www.iitkgp.ac.in/department/PH/faculty/ph-sandipan,medium,"institute faculty page ""All Publications"" list (Journal); joining year not verified (no bio sketch / not stated) -> restricted to >=2020; doi via crossref exact-title lookup (post-discovery)"
Extra dimension(s) of vanishing proper length: A non-Einsteinian phase in gravity and the implications,2023,,EREP,conference,Sandipan Sengupta,Physics,faculty_page,https://www.iitkgp.ac.in/department/PH/faculty/ph-sandipan,medium,"institute faculty page ""All Publications"" list (Conferences); joining year not verified (no bio sketch / not stated) -> restricted to >=2020"
Hamiltonian form of Carroll gravity,2023,10.1103/physrevd.107.024010,Physical Review D 107,journal,Sandipan Sengupta,Physics,faculty_page,https://www.iitkgp.ac.in/department/PH/faculty/ph-sandipan,medium,"institute faculty page ""All Publications"" list (Journal); joining year not verified (no bio sketch / not stated) -> restricted to >=2020; doi via crossref exact-title lookup (post-discovery)"
Cosmological consequences of varying couplings in gravity action,2025,10.1088/1475-7516/2025/10/048,Journal of Cosmology and Astroparticle Physics 2025,journal,Sandipan Sengupta,Physics,faculty_page,https://www.iitkgp.ac.in/department/PH/faculty/ph-sandipan,medium,"institute faculty page ""All Publications"" list (Journal); joining year not verified (no bio sketch / not stated) -> restricted to >=2020; doi via crossref exact-title lookup (post-discovery)"
Redshifted HI 21-cm Signal from the Post-Reionization Epoch: Cross-Correlations with Other Cosmological Probes,2016,10.1007/s12036-016-9404-y,Journal of Astrophysics and Astronomy 37,journal,Somnath Bharadwaj,Physics,faculty_page,https://www.iitkgp.ac.in/department/PH/faculty/ph-somnath,high,"institute faculty page ""All Publications"" list (Journal); joined IIT KGP 1998 per bio sketch; doi via crossref exact-title lookup (post-discovery)"
Statistics of the epoch of reionization (EoR) 21-cm signal - II. The evolution of the power-spectrum error-covariance,2017,10.1093/mnras/stw2599,Monthly Notices of the Royal Astronomical Society 464 2992-3004,journal,Somnath Bharadwaj,Physics,faculty_page,https://www.iitkgp.ac.in/department/PH/faculty/ph-somnath,high,"institute faculty page ""All Publications"" list (Journal); joined IIT KGP 1998 per bio sketch; doi via crossref exact-title lookup (post-discovery)"
A method to determine the evolution history of the mean neutral Hydrogen fraction,2019,10.1093/mnrasl/sly226,"Shaw, A. K., Sarkar A. K. Monthly Notices of the Royal Astronomical Society (Letters) 483 109-103",journal,Somnath Bharadwaj,Physics,faculty_page,https://www.iitkgp.ac.in/department/PH/faculty/ph-somnath,high,"institute faculty page ""All Publications"" list (Journal); joined IIT KGP 1998 per bio sketch; doi via crossref exact-title lookup (post-discovery)"
The auto- and cross-angular power spectrum of the Cas A supernova remnant in radio and X-ray,2021,10.1093/mnras/stab446,Monthly Notices of the Royal Astronomical Society 502 5313-5324,journal,Somnath Bharadwaj,Physics,faculty_page,https://www.iitkgp.ac.in/department/PH/faculty/ph-somnath,high,"institute faculty page ""All Publications"" list (Journal); joined IIT KGP 1998 per bio sketch; doi via crossref exact-title lookup (post-discovery)"
A comprehensive study of the EoR 21-cm signal bispectrum,2019,10.23919/ursiap-rasc.2019.8738660,"2019 URSI Asia-Pacific Radio Science Conference, AP-RASC 2019",conference,Somnath Bharadwaj,Physics,faculty_page,https://www.iitkgp.ac.in/department/PH/faculty/ph-somnath,high,"institute faculty page ""All Publications"" list (Conferences); joined IIT KGP 1998 per bio sketch; doi via crossref exact-title lookup (post-discovery)"
A Visibility-based Angular Bispectrum Estimator for Radio-interferometric Data,2025,10.3847/1538-4357/ad9b20,Astrophysica Journal 979,journal,Somnath Bharadwaj,Physics,faculty_page,https://www.iitkgp.ac.in/department/PH/faculty/ph-somnath,high,"institute faculty page ""All Publications"" list (Journal); joined IIT KGP 1998 per bio sketch; doi via crossref exact-title lookup (post-discovery)"
Thermoset-clay Nanocomposites: An Overview,2016,10.1201/9781315371054-12,Advances in Polymer Materials and Technology,other,Santanu Chattopadhyay,Rubber Technology Centre,faculty_page,https://www.iitkgp.ac.in/department/RT/faculty/rt-santanu,high,"institute faculty page ""All Publications"" list (Book Chapter/Section); joined IIT KGP 2004 per bio sketch; doi via crossref exact-title lookup (post-discovery)"
Enhancement of structural transition induced vibration-damping capacity in Ni-Mn-Ga-polysulfone composite,2019,,"26th International Symposium on Metastable, Amorphous and Nanostructured Materials (ISMANAM)",conference,Santanu Chattopadhyay,Rubber Technology Centre,faculty_page,https://www.iitkgp.ac.in/department/RT/faculty/rt-santanu,high,"institute faculty page ""All Publications"" list (Conferences); joined IIT KGP 2004 per bio sketch"
Predicting the Deformation Behaviour of the Extrudate during manufacturing of Complex Rubber Profiles using Finite Element Analysis,2020,,e-poster conference on COMSE,other,Santanu Chattopadhyay,Rubber Technology Centre,faculty_page,https://www.iitkgp.ac.in/department/RT/faculty/rt-santanu,high,"institute faculty page ""All Publications"" list (Symposium); joined IIT KGP 2004 per bio sketch"
Physico-mechanical properties of NXT silane grafted Styrene butadiene rubber/silica composites,2022,,APM 2022,conference,Santanu Chattopadhyay,Rubber Technology Centre,faculty_page,https://www.iitkgp.ac.in/department/RT/faculty/rt-santanu,high,"institute faculty page ""All Publications"" list (Conferences); joined IIT KGP 2004 per bio sketch"
The variation of structure and property of sorbitol-treated NR vulcanizates with increasing the silica loading,2023,10.1007/s10853-022-08092-w,Journal of Materials Science 58 996-1011,journal,Santanu Chattopadhyay,Rubber Technology Centre,faculty_page,https://www.iitkgp.ac.in/department/RT/faculty/rt-santanu,high,"institute faculty page ""All Publications"" list (Journal); joined IIT KGP 2004 per bio sketch; doi via crossref exact-title lookup (post-discovery)"
Biodegradable Packing for Non-Food Items,2020,10.21741/9781644900659-6,Advanced Applications of Bio-degradable Green Composites 138-155,other,Titash Mondal,Rubber Technology Centre,faculty_page,https://www.iitkgp.ac.in/department/RT/faculty/rt-titash,high,"institute faculty page ""All Publications"" list (Book Chapter/Section); joined IIT KGP 2020 per bio sketch; doi via crossref exact-title lookup (post-discovery)"
Synthesis and characterization of graphene from non-conventional precursors,2022,10.1201/9781003200444-3,Graphene-Rubber Nanocomposites: Fundamentals to Applications 53-79,other,Titash Mondal,Rubber Technology Centre,faculty_page,https://www.iitkgp.ac.in/department/RT/faculty/rt-titash,high,"institute faculty page ""All Publications"" list (Book Chapter/Section); joined IIT KGP 2020 per bio sketch; doi via crossref exact-title lookup (post-discovery)"
Design of smart polymeric sensor based on poly(N-isopropylacrylamide) and anthrapyrazolone derived fluorescent crosslinker for the detection of nitroaromatics in aqueous medium,2023,10.1016/j.eurpolymj.2023.112527,European Polymer Journal 200 112527,journal,Titash Mondal,Rubber Technology Centre,faculty_page,https://www.iitkgp.ac.in/department/RT/faculty/rt-titash,high,"institute faculty page ""All Publications"" list (Journal); joined IIT KGP 2020 per bio sketch; doi via crossref exact-title lookup (post-discovery)"
Crosstalk-free graphene-liquid elastomer based printed sensors for unobtrusive respiratory monitoring,2024,10.1039/d3nr04774a,Nanoscale 16 3498-3509,journal,Titash Mondal,Rubber Technology Centre,faculty_page,https://www.iitkgp.ac.in/department/RT/faculty/rt-titash,high,"institute faculty page ""All Publications"" list (Journal); joined IIT KGP 2020 per bio sketch; doi via crossref exact-title lookup (post-discovery)"
Electro-thermally Responsive Shape-Memory SEBS Composites with Enhanced Performance through Integration of Myristoylated Cellulose Nanofibers and Silver Nanowires,2025,10.1021/acsapm.4c03991,ACS Applied Polymer Materials 7 3188-3201,journal,Titash Mondal,Rubber Technology Centre,faculty_page,https://www.iitkgp.ac.in/department/RT/faculty/rt-titash,high,"institute faculty page ""All Publications"" list (Journal); joined IIT KGP 2020 per bio sketch; doi via crossref exact-title lookup (post-discovery)"
"Dynamic Janus Hydrogen Bond Mimicry Unlocks Tough, Flexible Supramolecular Elastomers for Strain Sensing",2026,10.1021/acs.chemmater.5c02829,"T M.S., Torris A., Mondal T., Sanjayan G.J., Sukumaran Nair K. Chemistry of Materials 38 2699-2711",journal,Titash Mondal,Rubber Technology Centre,faculty_page,https://www.iitkgp.ac.in/department/RT/faculty/rt-titash,high,"institute faculty page ""All Publications"" list (Journal); joined IIT KGP 2020 per bio sketch; doi via crossref exact-title lookup (post-discovery)"
GenPerm: A Unified Method for Detecting Non-overlapping and Overlapping Communities,2016,10.1109/tkde.2016.2554119,IEEE Transactions on Knowledge and Data Engineering,journal,Animesh Mukherjee,Computer Science and Engineering,faculty_page,https://cse.iitkgp.ac.in/~animeshm/pub.html,high,personal homepage publication list (cse.iitkgp.ac.in/~user); long-standing IIT KGP faculty; doi via crossref exact-title lookup (post-discovery)
Metrics for community analysis: A survey,2017,,ACM Computing Surveys,journal,Animesh Mukherjee,Computer Science and Engineering,faculty_page,https://cse.iitkgp.ac.in/~animeshm/pub.html,high,personal homepage publication list (cse.iitkgp.ac.in/~user); long-standing IIT KGP faculty
Opinion Conflicts: An Effective Route to Detect Incivility in Twitter,2018,,Proc. ACM CSCW,conference,Animesh Mukherjee; Pawan Goyal,Computer Science and Engineering,faculty_page,https://cse.iitkgp.ac.in/~animeshm/pub.html,high,personal homepage publication list (cse.iitkgp.ac.in/~user); long-standing IIT KGP faculty
Spread of hate speech in online social media,2019,10.1145/3292522.3326034,ACM WebSci,conference,Animesh Mukherjee,Computer Science and Engineering,faculty_page,https://cse.iitkgp.ac.in/~animeshm/pub.html,high,personal homepage publication list (cse.iitkgp.ac.in/~user); long-standing IIT KGP faculty; doi via crossref exact-title lookup (post-discovery)
Network Measures: A New Paradigm Towards Reliable Novel Word Sense Detection,2020,10.1016/j.ipm.2019.102173,Information Processing and Management,journal,Animesh Mukherjee; Pawan Goyal,Computer Science and Engineering,faculty_page,https://cse.iitkgp.ac.in/~animeshm/pub.html,high,personal homepage publication list (cse.iitkgp.ac.in/~user); long-standing IIT KGP faculty; doi via crossref exact-title lookup (post-discovery)
HateXplain: A Benchmark Dataset for Explainable Hate Speech Detection,2021,10.1609/aaai.v35i17.17745,AAAI,conference,Animesh Mukherjee; Pawan Goyal,Computer Science and Engineering,faculty_page,https://cse.iitkgp.ac.in/~animeshm/pub.html,high,personal homepage publication list (cse.iitkgp.ac.in/~user); long-standing IIT KGP faculty; doi via crossref exact-title lookup (post-discovery)
MACD: Multilingual Abusive Comment Detection at Scale for Indic Languages,2022,10.52202/068431-1898,NeurIPS Datasets and Benchmarks,conference,Animesh Mukherjee,Computer Science and Engineering,faculty_page,https://cse.iitkgp.ac.in/~animeshm/pub.html,high,personal homepage publication list (cse.iitkgp.ac.in/~user); long-standing IIT KGP faculty; doi via crossref exact-title lookup (post-discovery)
On the rise of fear speech in online social media,2023,10.1073/pnas.2212270120,PNAS,journal,Animesh Mukherjee,Computer Science and Engineering,faculty_page,https://cse.iitkgp.ac.in/~animeshm/pub.html,high,personal homepage publication list (cse.iitkgp.ac.in/~user); long-standing IIT KGP faculty; also found via arxiv (https://arxiv.org/abs/2303.10311v1)
Text2Afford: Probing Object Affordance Prediction abilities of Language Models solely from Text,2024,10.18653/v1/2024.conll-1.27,CoNLL,conference,Animesh Mukherjee,Computer Science and Engineering,faculty_page,https://cse.iitkgp.ac.in/~animeshm/pub.html,high,personal homepage publication list (cse.iitkgp.ac.in/~user); long-standing IIT KGP faculty; doi via crossref exact-title lookup (post-discovery)
SafeInfer: Context Adaptive Decoding Time Safety Alignment for Large Language Models,2025,10.1609/aaai.v39i26.34927,AAAI (Alignment Track),conference,Animesh Mukherjee,Computer Science and Engineering,faculty_page,https://cse.iitkgp.ac.in/~animeshm/pub.html,high,personal homepage publication list (cse.iitkgp.ac.in/~user); long-standing IIT KGP faculty; doi via crossref exact-title lookup (post-discovery)
STEMTOX: From Collaborative Tags to Fine-Grained Toxic Meme Detection via Entropy-Guided Multi-Task Learning,2026,10.1162/tacl.a.801,Transactions of the ACL (TACL),journal,Animesh Mukherjee,Computer Science and Engineering,faculty_page,https://cse.iitkgp.ac.in/~animeshm/pub.html,high,personal homepage publication list (cse.iitkgp.ac.in/~user); long-standing IIT KGP faculty; also found via arxiv (https://arxiv.org/abs/2508.04166v3)
Is this conference a top-tier? ConfAssist: An assistive conflict resolution framework for conference categorization,2016,10.1016/j.joi.2016.08.001,Journal of Informetrics,journal,Pawan Goyal; Animesh Mukherjee,Computer Science and Engineering,faculty_page,https://cse.iitkgp.ac.in/~pawang/Publications.html,high,personal homepage publication list (cse.iitkgp.ac.in/~user); long-standing IIT KGP faculty; doi via crossref exact-title lookup (post-discovery)
Free as in Free Word Order: An Energy Based Model for Word Segmentation and Morphological Tagging in Sanskrit,2018,10.18653/v1/d18-1276,EMNLP,conference,Pawan Goyal,Computer Science and Engineering,faculty_page,https://cse.iitkgp.ac.in/~pawang/Publications.html,high,personal homepage publication list (cse.iitkgp.ac.in/~user); long-standing IIT KGP faculty; doi via crossref exact-title lookup (post-discovery)
A Graph Based Framework for Structured Prediction Tasks in Sanskrit,2020,10.1162/coli_a_00390,Computational Linguistics,journal,Pawan Goyal,Computer Science and Engineering,faculty_page,https://cse.iitkgp.ac.in/~pawang/Publications.html,high,personal homepage publication list (cse.iitkgp.ac.in/~user); long-standing IIT KGP faculty; also found via news (https://kgpchronicle.iitkgp.ac.in/?p=7155)
MatSciRE: Leveraging Pointer Networks to Automate Entity and Relation Extraction for Material Science Knowledge-base Construction,2024,10.1016/j.commatsci.2023.112659,Computational Materials Science,journal,Pawan Goyal,Computer Science and Engineering,faculty_page,https://cse.iitkgp.ac.in/~pawang/Publications.html,high,personal homepage publication list (cse.iitkgp.ac.in/~user); long-standing IIT KGP faculty; doi via crossref exact-title lookup (post-discovery)
Periodic Materials Generation using Text-Guided Joint Diffusion Model,2025,,ICLR,conference,Pawan Goyal; Niloy Ganguly,Computer Science and Engineering,faculty_page,https://cse.iitkgp.ac.in/~pawang/Publications.html,high,personal homepage publication list (cse.iitkgp.ac.in/~user); long-standing IIT KGP faculty
LLM Meets Diffusion: A Hybrid Framework for Crystal Material Generation,2025,10.52202/085713-5635,NeurIPS,conference,Pawan Goyal; Niloy Ganguly,Computer Science and Engineering,faculty_page,https://cse.iitkgp.ac.in/~pawang/Publications.html,high,personal homepage publication list (cse.iitkgp.ac.in/~user); long-standing IIT KGP faculty; doi via crossref exact-title lookup (post-discovery)
PINGALA: Prosody-Aware Decoding for Sanskrit Poetry Generation,2026,,AACL Findings,conference,Pawan Goyal,Computer Science and Engineering,faculty_page,https://cse.iitkgp.ac.in/~pawang/Publications.html,high,personal homepage publication list (cse.iitkgp.ac.in/~user); long-standing IIT KGP faculty
Weakening of forest carbon stocks due to declining Ecosystem Photosynthetic Efficiency under the current and future climate change scenarios in India,2025,10.1016/j.resconrec.2025.108478,"Resources, Conservation and Recycling",journal,Jayanarayanan Kuttippurath; Rahul Kashyap,CORAL,news,https://kgpchronicle.iitkgp.ac.in/?p=11171,high,KGP Chronicle press story
Passive fractionating mechanism for oil spill using shear-wettability modulation,2024,10.1039/d4nr01235f,Nanoscale,journal,Chirodeep Bakli; Abhirup Chaudhuri,Energy Science and Engineering,news,https://kgpchronicle.iitkgp.ac.in/?p=10910,high,KGP Chronicle; RSC cover article; title/year/venue filled from doi.org metadata (DOI given on source page)
Surface ozone pollution-driven risks for the yield of major food crops under future climate change scenarios in India,2025,10.1016/j.envres.2025.121390,Environmental Research,journal,Jayanarayanan Kuttippurath,CORAL,news,https://kgpchronicle.iitkgp.ac.in/?p=10861,high,KGP Chronicle; title/year filled from doi.org metadata (DOI given on source page)
No Severe Ozone Depletion in the Tropical Stratosphere in Recent Decades,2024,10.5194/egusphere-2023-2574,Atmospheric Chemistry and Physics,journal,Jayanarayanan Kuttippurath,CORAL,news,https://kgpchronicle.iitkgp.ac.in/?p=10306,high,KGP Chronicle; no DOI on page; doi via crossref exact-title lookup (post-discovery)
Population Exposure to Compound Precipitation-Temperature Extremes in the Past and Future Climate across India,2024,10.1175/jhm-d-22-0238.1,Journal of Hydrometeorology,journal,Rajib Maity; Subhasmita Dash,Civil Engineering,news,https://kgpchronicle.iitkgp.ac.in/?p=10387,high,KGP Chronicle; no DOI on page; doi via crossref exact-title lookup (post-discovery)
Zero-threshold PT-symmetric Polariton Raman Laser,2025,,Physical Review B,journal,Sajal Dhara,Physics,news,https://kgpchronicle.iitkgp.ac.in/?p=10722,high,KGP Chronicle (Feb 2025); year assumed from story date
Air Quality Trends in Rural India: Analysis of NO2 Pollution using Satellite Measurements,2022,10.1039/d2em00293k,Environmental Science: Processes &amp; Impacts,journal,Jayanarayanan Kuttippurath,CORAL,news,https://kgpchronicle.iitkgp.ac.in/?p=8733,high,KGP Chronicle; year/venue filled from doi.org metadata (DOI given on source page)
Vapor isotope probing of typhoons invading the Taiwan region in 2016,2022,10.1029/2022jd036578,Journal of Geophysical Research: Atmospheres,journal,Anindya Sarkar; S.K. Bhattacharya,Geology and Geophysics,news,https://kgpchronicle.iitkgp.ac.in/?p=8477,high,KGP Chronicle
Improvements in SO2 pollution in India: role of technology and environmental regulations,2022,10.1007/s11356-022-21319-2,Environmental Science and Pollution Research,journal,Jayanarayanan Kuttippurath (CORAL team),CORAL,news,https://kgpchronicle.iitkgp.ac.in/?p=8388,medium,"KGP Chronicle SO2 story; IIT KGP author inferred from story, check; title/year/venue filled from doi.org metadata (DOI given on source page)"
CrysXPP: An explainable property predictor for crystalline materials,2022,10.1038/s41524-022-00716-8,npj Computational Materials,journal,Niloy Ganguly; Pawan Goyal,Computer Science and Engineering,news,https://kgpchronicle.iitkgp.ac.in/?p=8117,high,KGP Chronicle interview
Isotopic analysis of otolith carbonates using laser heating: A fast method for obtaining high resolution climate signal,2022,10.1002/rcm.9263/v2/review2,Rapid Communications in Mass Spectrometry,journal,Anindya Sarkar,Geology and Geophysics,news,https://kgpchronicle.iitkgp.ac.in/?p=8051,high,KGP Chronicle; no DOI on page; doi via crossref exact-title lookup (post-discovery)
"Comprehensive Evaluation of PAXgene Fixation on Oral Cancer Tissues Using Routine Histology, Immunohistochemistry, and FTIR Microspectroscopy",2021,10.3390/biom11060889,Biomolecules,journal,Jyotirmoy Chatterjee; Pooja Lahiri,School of Medical Science and Technology,news,https://kgpchronicle.iitkgp.ac.in/?p=7567,high,KGP Chronicle PAXgene story; title/year/venue filled from doi.org metadata (DOI given on source page)
Shock‐Induced Incongruent Melting of Olivine in Kamargaon L6 Chondrite,2021,10.1029/2021gl093592,Geophysical Research Letters,journal,Sujoy Ghosh; Kishan Tiwari,Geology and Geophysics,news,https://kgpchronicle.iitkgp.ac.in/?p=7561,high,KGP Chronicle Kamargaon meteorite; title/year/venue filled from doi.org metadata (DOI given on source page)
The Increasing Surface Ozone and Tropospheric Ozone in Antarctica and Their Possible Drivers,2021,10.1021/acs.est.0c08491,Environmental Science &amp; Technology,journal,Jayanarayanan Kuttippurath,CORAL,news,https://kgpchronicle.iitkgp.ac.in/?p=7545,high,KGP Chronicle Antarctic ozone; title/year/venue filled from doi.org metadata (DOI given on source page)
Evaluation of air permeability characteristics on the hybridization of carbon black with graphene nanoplatelets in bromobutyl rubber/epoxidized natural rubber composites for inner‐liner applications,2020,10.1002/pat.4958,Polymers for Advanced Technologies,journal,Rubber Technology Centre researchers,Rubber Technology Centre,news,https://kgpchronicle.iitkgp.ac.in/?p=7464,medium,KGP Chronicle graphene/tyre story; IIT KGP author names not given in snippet; title/year/venue filled from doi.org metadata (DOI given on source page)
Transport of vascular endothelial growth factor dictates on-chip angiogenesis in tumor microenvironment,2021,10.1063/5.0042487,Physics of Fluids,journal,Jyotsana Priyadarshani; Suman Chakraborty,Mechanical Engineering,news,https://kgpchronicle.iitkgp.ac.in/?p=7337,high,KGP Chronicle
Observed rainfall changes in the past century (1901–2019) over the wettest place on Earth,2021,10.1088/1748-9326/abcf78,Environmental Research Letters,journal,Jayanarayanan Kuttippurath; Madan Kumar Jha,CORAL; Agricultural and Food Engineering,news,https://kgpchronicle.iitkgp.ac.in/?p=7338,high,KGP Chronicle; title/year filled from doi.org metadata (DOI given on source page)
Genome Scale-Differential Flux Analysis reveals deregulation of lung cell metabolism on SARS-CoV-2 infection,2021,10.1371/journal.pcbi.1008860,PLOS Computational Biology,journal,Amit Ghosh; Piyush Nanda,School of Energy Science and Engineering,news,https://kgpchronicle.iitkgp.ac.in/?p=7269,high,KGP Chronicle
Improvement potential of Cryogenic Energy Storage systems by process modifications and heat integration,2021,10.1016/j.energy.2021.119841,Energy,journal,IIT KGP researchers (compressed air energy storage story),unknown,news,https://kgpchronicle.iitkgp.ac.in/?p=7363,medium,KGP Chronicle 'Using Air to Store Energy'; author names not extracted; title/year/venue filled from doi.org metadata (DOI given on source page)
Record high levels of atmospheric ammonia over India: Spatial and temporal analyses,2020,10.1016/j.scitotenv.2020.139986,Science of the Total Environment,journal,Jayanarayanan Kuttippurath,CORAL,news,https://kgpchronicle.iitkgp.ac.in/?p=6471,high,KGP Chronicle; year filled from doi.org metadata (DOI given on source page)
Impact of ownership structure and dividend on firm performance and firm risk,2019,10.1108/mf-09-2018-0443,Managerial Finance,journal,Arun Kumar Misra; Abhijeet Chandra; Abhinav Kumar Rajverma,Vinod Gupta School of Management,news,https://kgpchronicle.iitkgp.ac.in/?p=6468,high,KGP Chronicle; Emerald Literati award; year filled from doi.org metadata (DOI given on source page)
Isolation and characterization of cellulose nanocrystals from Cucumis sativus peels,2020,10.1016/j.carbpol.2020.116706,Carbohydrate Polymers,journal,IIT KGP researchers (cucumber peel packaging),Agricultural and Food Engineering,news,https://kgpchronicle.iitkgp.ac.in/?p=6337,medium,KGP Chronicle; dept inferred; title/year filled from doi.org metadata (DOI given on source page)
Microplastics and other harmful substances released from disposable paper cups into hot water,2021,10.1016/j.jhazmat.2020.124118,Journal of Hazardous Materials,journal,Sudha Goel; Ved Prakash Ranjan; Anuja Joseph,Civil Engineering,news,https://kgpchronicle.iitkgp.ac.in/?p=6258,high,KGP Chronicle; year filled from doi.org metadata (DOI given on source page)
Real time monitoring and control of friction stir welding process using multiple sensors,2020,10.1016/j.cirpj.2020.03.004,CIRP Journal of Manufacturing Science and Technology,journal,Surjya K Pal; D. Mishra,Mechanical Engineering,news,https://kgpchronicle.iitkgp.ac.in/?p=6213,high,KGP Chronicle
"Challenges, opportunities, and innovations for effective solid waste management during and post COVID-19 pandemic",2020,10.1016/j.resconrec.2020.105052,"Resources, Conservation and Recycling",journal,Sudha Goel; Brajesh Dubey; H.B. Sharma,Civil Engineering,news,https://kgpchronicle.iitkgp.ac.in/?p=6090,high,KGP Chronicle
"Organic Field-Effect Transistor-Based Ultrafast, Flexible, Physiological-Temperature Sensors with Hexagonal Barium Titanate Nanocrystals in Amorphous Matrix as Sensing Material",2018,10.1021/acsami.8b19051,ACS Applied Materials & Interfaces,journal,Dipak Kumar Goswami,Physics,news,https://kgpchronicle.iitkgp.ac.in/?p=5994,high,KGP Chronicle SenFlex story; title/year filled from doi.org metadata (DOI given on source page)
Southward shift of precipitation extremes over south Asia: Evidences from CORDEX data,2020,10.1038/s41598-020-63571-x,Scientific Reports,journal,Rajib Maity; Mayank Suman,Civil Engineering,news,https://kgpchronicle.iitkgp.ac.in/?p=5976,high,KGP Chronicle
Electrical Power Generation from Wet Textile Mediated by Spontaneous Nanoscale Evaporation,2019,10.1021/acs.nanolett.9b02783,Nano Letters,journal,Suman Chakraborty; Sankha Suvra Das; Aditya Bandopadhyay,Mechanical Engineering,news,https://kgpchronicle.iitkgp.ac.in/?p=3423,high,KGP Chronicle wet clothes power story; title/year filled from doi.org metadata (DOI given on source page)
On-Chip Concentration and Patterning of Biological Cells Using Interplay of Electrical and Thermal Fields,2019,10.1021/acs.analchem.9b03364,Analytical Chemistry,journal,Golak Kunti; Suman Chakraborty,Mechanical Engineering,news,https://kgpchronicle.iitkgp.ac.in/?p=4911,high,KGP Chronicle; title/year filled from doi.org metadata (DOI given on source page); also found via arxiv (https://arxiv.org/abs/1905.02630v2)
Anthropogenic forcing exacerbating the urban heat islands in India,2020,10.1016/j.jenvman.2019.110006,Journal of Environmental Management,journal,Jayanarayanan Kuttippurath; ARP researchers,Architecture and Regional Planning; CORAL,news,https://kgpchronicle.iitkgp.ac.in/?p=4567,high,KGP Chronicle; year filled from doi.org metadata (DOI given on source page)
Indian consumers' risk perception in buying green products: the case of LED light bulbs,2018,10.1108/apjml-08-2017-0181,Asia Pacific Journal of Marketing and Logistics,journal,Sujit Kumar Ray; Sangeeta Sahney,Vinod Gupta School of Management,news,https://kgpchronicle.iitkgp.ac.in/?p=2641,high,KGP Chronicle; year filled from doi.org metadata (DOI given on source page)
Groundwater faecal pollution observation in parts of Indo-Ganges–Brahmaputra river basin from in-situ measurements and satellite-based observations,2019,10.1007/s12040-019-1087-8,Journal of Earth System Science,journal,IIT KGP researchers (groundwater sanitation),unknown,news,https://kgpchronicle.iitkgp.ac.in/?p=2432,medium,KGP Chronicle; author names not on snippet; title/year filled from doi.org metadata (DOI given on source page)
Nature driven spider silk as high energy conversion efficient bio-piezoelectric nanogenerator,2018,10.1016/j.nanoen.2018.05.014,Nano Energy,journal,B.B. Khatua; Sumanta Kumar Karan,Materials Science Centre,news,https://kgpchronicle.iitkgp.ac.in/?p=715,high,KGP Chronicle silk nanogenerator; title/year filled from doi.org metadata (DOI given on source page)
Synthesis of SiO2-Nanoparticles from Rice Husk Ash and its Comparison with Commercial Amorphous Silica through Material Characterization,2020,10.1007/s12633-020-00509-y,Silicon,journal,A K Datta; P. Nayak,Agricultural and Food Engineering,news,https://kgpchronicle.iitkgp.ac.in/?p=6175,high,KGP Chronicle
Role and influence of key atmospheric parameters in large-scale environmental flow associated with tropical cyclogenesis and ENSO in the North Indian Ocean basin,2021,10.1007/s00382-021-05885-8,Climate Dynamics,journal,Prasad K. Bhaskaran; Jiya Albert; Athira Krishnan,Ocean Engineering and Naval Architecture,news,https://dst.gov.in/intensity-severe-cyclonic-storms-increasing-north-indian-ocean-region-due-atmospheric-parameters,high,DST press story; title/year/venue filled from doi.org metadata (DOI given on source page)
Climate projections of sea level rise and associated coastal inundation in atoll islands: Case of Lakshadweep Islands in the Arabian Sea,2021,10.1016/j.rsma.2021.101793,Regional Studies in Marine Science,journal,Prasad K. Bhaskaran; Saikat Kumar Paul; Aysha Jennath; Athira Krishnan,Ocean Engineering and Naval Architecture; Architecture and Regional Planning,news,https://dst.gov.in/climate-change-increase-sea-level-lakshadweep-islands-will-affect-airport-residential-areas-study,high,DST press story; title/year/venue filled from doi.org metadata (DOI given on source page)
Autonomous self-repair in piezoelectric molecular crystals,2021,10.1126/science.abg3886,Science,journal,IIT Kharagpur co-authors (with IISER Kolkata),unknown,news,https://dst.gov.in/indian-scientists-discover-materials-self-repair-mechanical-damages,medium,DST story says IISER Kolkata teamed up with IIT Kharagpur; KGP author names not given on page; title/year/venue filled from doi.org metadata (DOI given on source page)
The projected changes in extreme wave height indices over the Indian Ocean using COWCLIP2.0 datasets,2022,10.1007/s00382-022-06579-5,Climate Dynamics,journal,"IIT Kharagpur co-author (with NIT Delhi, INCOIS)",Ocean Engineering and Naval Architecture,news,https://dst.gov.in/climate-change-likely-increase-rough-wave-days-indian-ocean-northern-sector-arabian-sea-central-bay,medium,DST story lists IIT Kharagpur among author institutions; names not given; title/year/venue filled from doi.org metadata (DOI given on source page)
Extreme wind-wave climate projections for the Indian Ocean under changing climate scenarios,2022,10.1007/s00382-022-06147-x,Climate Dynamics,journal,Prasad K. Bhaskaran; Athira Krishnan,Ocean Engineering and Naval Architecture,news,https://dst.gov.in/high-wave-activity-regions-over-bay-bengal-south-china-sea-south-indian-ocean-can-pose-threat,high,DST press story; title/year/venue filled from doi.org metadata (DOI given on source page)
"Upper Mantle Anisotropy beneath the Western Segment, NW Indian Himalaya, Using Shear Wave Splitting",2020,10.2113/2020/8856812,Lithosphere,journal,William Mohanty; Shubhasmita Biswal,Geology and Geophysics,news,https://dst.gov.in/non-uniformity-himalayas-foresees-significantly-large-earthquake-events,high,DST press story; title/year/venue filled from doi.org metadata (DOI given on source page)
Tunable Morphologies of Dried Colloidal Deposits in Graphene Oxide-Laden Aqueous Sessile Droplets Mediated by Mesophase Characteristics,2026,10.1021/acs.langmuir.6c04461,Langmuir,journal,Bibek Kumar,Mechanical Engineering,news,https://phys.org/news/2026-09-spider-webs-mosaics-nanosheets-graphene.html,medium,phys.org story; KGP author is a recently appointed postdoc - affiliation at publication time per story
Guidelines for the use and interpretation of assays for monitoring autophagy (3rd edition),2016,10.1080/15548627.2015.1100356,Autophagy,journal,IIT Kharagpur consortium co-authors,unknown,websearch,https://investiga.upo.es/unidades/4482/colaboracion/organizaciones/10603?lang=en,medium,UPO CRIS lists this as co-publication with IIT Kharagpur; mega-author consortium paper
Thermal convection in octagonal-shaped enclosures,2020,10.1103/physrevfluids.5.103501,Physical Review Fluids,journal,HPC user (not matched to faculty directory),,dept_page,https://hpc.iitkgp.ac.in/research-outputs,medium,IIT KGP PARAM Shakti HPC research-outputs list (found via web search Q15); faculty name matched to IIT KGP communication directory
A maximum-likelihood estimate of the parameters of the fast radio burst population,2021,10.1093/mnrasl/slab107,Monthly Notices of the Royal Astronomical Society: Letters,journal,Somnath Bharadwaj,Physics,dept_page,https://hpc.iitkgp.ac.in/research-outputs,high,IIT KGP PARAM Shakti HPC research-outputs list (found via web search Q15); faculty name matched to IIT KGP communication directory; link=https://academic.oup.com/mnrasl/article/513/1/L1/6373943; doi via crossref exact-title lookup (post-discovery); also found via arxiv (https://arxiv.org/abs/2109.06785v1) as 'A maximum likelihood estimate of the parameters of the FRB population'
Colliding respiratory jets as a mechanism of air exchange and pathogen transport during conversations,2021,10.1017/jfm.2021.915,Journal of Fluid Mechanics,journal,Sandeep Saha,Aerospace Engineering,dept_page,https://hpc.iitkgp.ac.in/research-outputs,high,IIT KGP PARAM Shakti HPC research-outputs list (found via web search Q15); faculty name matched to IIT KGP communication directory; link=https://www.cambridge.org/core/product/identifier/S0022112021009150/type/journal_article; doi via crossref exact-title lookup (post-discovery)
A fast estimator for quantifying the shape dependence of the 3D bispectrum,2021,10.1088/1475-7516/2021/12/024,Journal of Cosmology and Astroparticle Physics,journal,Somnath Bharadwaj,Physics,dept_page,https://hpc.iitkgp.ac.in/research-outputs,high,IIT KGP PARAM Shakti HPC research-outputs list (found via web search Q15); faculty name matched to IIT KGP communication directory
Optimal design of a helical coil support for dewars in fuel cell applications,2022,10.1007/s11356-022-20286-y,Environmental Science and Pollution Research,journal,Pavitra Sandilya; Goutam Chakraborty,Cryogenic Engineering,dept_page,https://hpc.iitkgp.ac.in/research-outputs,high,IIT KGP PARAM Shakti HPC research-outputs list (found via web search Q15); faculty name matched to IIT KGP communication directory
Aerodynamic Efficiency Enhancement of Delta Wings for Micro Air Vehicles Using Shape-Optimization,2022,10.2514/1.c036703,Journal of Aircraft,journal,Sandeep Saha,Aerospace Engineering,dept_page,https://hpc.iitkgp.ac.in/research-outputs,high,IIT KGP PARAM Shakti HPC research-outputs list (found via web search Q15); faculty name matched to IIT KGP communication directory
Vinyl substituted triphenylamine based turn-off fluorescent probe for selective and sensitive detection of mercury (II) in water and live cells,2022,10.1016/j.saa.2022.121887,Spectrochimica Acta Part A: Molecular and Biomolecular Spectroscopy,journal,Mahitosh Mandal,School of Medical Science and Technology,dept_page,https://hpc.iitkgp.ac.in/research-outputs,high,IIT KGP PARAM Shakti HPC research-outputs list (found via web search Q15); faculty name matched to IIT KGP communication directory; link=https://linkinghub.elsevier.com/retrieve/pii/S1386142522010356; doi via crossref exact-title lookup (post-discovery)
Hybrid deep learning approach for multi-step-ahead prediction for daily maximum temperature and heatwaves,2022,10.1007/s00704-022-04103-7,Theoretical and Applied Climatology,journal,Rajib Maity,Civil Engineering,dept_page,https://hpc.iitkgp.ac.in/research-outputs,high,IIT KGP PARAM Shakti HPC research-outputs list (found via web search Q15); faculty name matched to IIT KGP communication directory
Vortex formation and quantum turbulence with rotating paddle potentials in a two-dimensional binary Bose-Einstein condensate,2022,10.1103/physreva.106.023306,Physical Review A,journal,Sonjoy Majumder,Physics,dept_page,https://hpc.iitkgp.ac.in/research-outputs,high,IIT KGP PARAM Shakti HPC research-outputs list (found via web search Q15); faculty name matched to IIT KGP communication directory
A computational study to assess the polymorphic landscape of matrix metalloproteinase 3 promoter and its effects on transcriptional activity,2022,10.1016/j.compbiomed.2022.105404,Computers in Biology and Medicine,journal,Mahitosh Mandal,School of Medical Science and Technology,dept_page,https://hpc.iitkgp.ac.in/research-outputs,high,IIT KGP PARAM Shakti HPC research-outputs list (found via web search Q15); faculty name matched to IIT KGP communication directory; link=https://linkinghub.elsevier.com/retrieve/pii/S0010482522001962; doi via crossref exact-title lookup (post-discovery)
Invariants of the velocity gradient tensor in a spatially developing compressible round jet,2023,10.1017/jfm.2023.661,Journal of Fluid Mechanics,journal,Somnath Ghosh,Aerospace Engineering,dept_page,https://hpc.iitkgp.ac.in/research-outputs,high,IIT KGP PARAM Shakti HPC research-outputs list (found via web search Q15); faculty name matched to IIT KGP communication directory; link=https://www.cambridge.org/core/product/identifier/S0022112023006614/type/journal_article; doi via crossref exact-title lookup (post-discovery)
Effect of heart rate on the hemodynamics in healthy and stenosed carotid arteries,2023,10.1063/5.0153323,Physics of Fluids,journal,Suman Chakraborty,Mechanical Engineering,dept_page,https://hpc.iitkgp.ac.in/research-outputs,high,IIT KGP PARAM Shakti HPC research-outputs list (found via web search Q15); faculty name matched to IIT KGP communication directory; link=https://pubs.aip.org/pof/article/35/6/061906/2897343/Effect-of-heart-rate-on-the-hemodynamics-in; doi via crossref exact-title lookup (post-discovery)
Excited State Photophysics of Curcumin and its Modulation in Alkaline Non‐Aqueous Medium,2023,10.1002/cphc.202300174,ChemPhysChem,journal,Nilmoni Sarkar,Chemistry,dept_page,https://hpc.iitkgp.ac.in/research-outputs,high,IIT KGP PARAM Shakti HPC research-outputs list (found via web search Q15); faculty name matched to IIT KGP communication directory
Quantitative Estimation of Ascorbic Acid using Graphene Oxide: Experimental Validation of First-principle Analysis,2023,10.1109/biosensors58001.2023.10280988,2023 IEEE BioSensors Conference (BioSensors),conference,Koel Chaudhury,School of Medical Science and Technology,dept_page,https://hpc.iitkgp.ac.in/research-outputs,high,IIT KGP PARAM Shakti HPC research-outputs list (found via web search Q15); faculty name matched to IIT KGP communication directory; link=https://ieeexplore.ieee.org/document/10280988/; doi via crossref exact-title lookup (post-discovery)
Future projection of climate extremes across contiguous northeast India and Bangladesh,2023,10.1038/s41598-023-42360-2,Scientific Reports,journal,Rajib Maity,Civil Engineering,dept_page,https://hpc.iitkgp.ac.in/research-outputs,high,IIT KGP PARAM Shakti HPC research-outputs list (found via web search Q15); faculty name matched to IIT KGP communication directory; link=https://www.nature.com/articles/s41598-023-42360-2; doi via crossref exact-title lookup (post-discovery)
Insight into the particle-laden turbulent flow statistics in sharply bent channels,2023,10.1063/5.0169374,Physics of Fluids,journal,Arnab Atta,Chemical Engineering,dept_page,https://hpc.iitkgp.ac.in/research-outputs,high,IIT KGP PARAM Shakti HPC research-outputs list (found via web search Q15); faculty name matched to IIT KGP communication directory; link=https://pubs.aip.org/pof/article/35/9/095142/2912586/Insight-into-the-particle-laden-turbulent-flow; doi via crossref exact-title lookup (post-discovery)
ExtSwap: Leveraging Extended Latent Mapper for Generating High Quality Face Swapping,2024,10.1007/978-3-031-58181-6_19,Communications in Computer and Information Science,conference,Pabitra Mitra,Computer Science and Engineering,dept_page,https://hpc.iitkgp.ac.in/research-outputs,high,IIT KGP PARAM Shakti HPC research-outputs list (found via web search Q15); faculty name matched to IIT KGP communication directory
A Comparative Study to Evaluate the Performance of Various Deep Learning Models for Damage Identification in a Cantilever Beam,2024,10.1007/978-981-97-6603-1_11,Lecture Notes in Civil Engineering,conference,Damodar Maity,Civil Engineering,dept_page,https://hpc.iitkgp.ac.in/research-outputs,high,IIT KGP PARAM Shakti HPC research-outputs list (found via web search Q15); faculty name matched to IIT KGP communication directory
A Comparative Assessment of the Effects of Single and Multiple Stenoses on Hemodynamics of an Idealised Artery Model,2024,10.1109/indicon59947.2023.10440767,2023 IEEE 20th India Council International Conference (INDICON),conference,Pawan Kumar,Mathematics,dept_page,https://hpc.iitkgp.ac.in/research-outputs,high,IIT KGP PARAM Shakti HPC research-outputs list (found via web search Q15); faculty name matched to IIT KGP communication directory; link=https://ieeexplore.ieee.org/document/10440767/; doi via crossref exact-title lookup (post-discovery)
Numerical Study on the Effect of Exercise on Various Configurations of Stenosis in Coronary Artery,2024,10.1007/978-981-99-7177-0_67,Lecture Notes in Mechanical Engineering,conference,Suman Chakraborty,Mechanical Engineering,dept_page,https://hpc.iitkgp.ac.in/research-outputs,high,IIT KGP PARAM Shakti HPC research-outputs list (found via web search Q15); faculty name matched to IIT KGP communication directory
Aerodynamic Performance of a Tandem Wing Configuration Inspired from Dragonfly Gliding Flight for MAV Application,2024,10.1007/978-981-99-5752-1_34,Lecture Notes in Mechanical Engineering,conference,Sandeep Saha,Aerospace Engineering,dept_page,https://hpc.iitkgp.ac.in/research-outputs,high,IIT KGP PARAM Shakti HPC research-outputs list (found via web search Q15); faculty name matched to IIT KGP communication directory
Exploring spin multiplicity in MoS 2,2024,,Nanoscale,journal,Debamalya Banerjee,Physics,dept_page,https://hpc.iitkgp.ac.in/research-outputs,high,IIT KGP PARAM Shakti HPC research-outputs list (found via web search Q15); faculty name matched to IIT KGP communication directory; link=https://pubs.rsc.org/nr/article/16/46/21482-21495/860094
Effects of increased heart rates on the hemodynamic features and arterial stress in a realistic left anterior descending coronary artery model of a young human with different degrees of stenosis,2025,10.1140/epjs/s11734-025-01883-7,The European Physical Journal Special Topics,journal,Pawan Kumar,Mathematics,dept_page,https://hpc.iitkgp.ac.in/research-outputs,high,IIT KGP PARAM Shakti HPC research-outputs list (found via web search Q15); faculty name matched to IIT KGP communication directory
Inertial flow dynamics and energy dissipation in asymmetrical converging–diverging microchannels: A computational study,2025,10.1002/cjce.70041,The Canadian Journal of Chemical Engineering,journal,Rakesh Kumar; Arnab Atta,Mining Engineering,dept_page,https://hpc.iitkgp.ac.in/research-outputs,high,IIT KGP PARAM Shakti HPC research-outputs list (found via web search Q15); faculty name matched to IIT KGP communication directory
Deciphering Interfacial Charge Transfer Phenomena at Nickel Nanocluster–Oxide Interface toward Augmented Efficacy in Electrochemical Water Splitting,2025,10.1002/sstr.202500489,Small Structures,journal,Ahin Roy,Materials Science Centre,dept_page,https://hpc.iitkgp.ac.in/research-outputs,high,IIT KGP PARAM Shakti HPC research-outputs list (found via web search Q15); faculty name matched to IIT KGP communication directory
Effect of Blowing Configurations on Heat Transfer Augmentation With Multihole Sweeping Jet Film Cooling,2025,10.1115/gt2025-153525,ASME Journal of Heat and Mass Transfer,journal,Arnab Roy,Aerospace Engineering,dept_page,https://hpc.iitkgp.ac.in/research-outputs,high,IIT KGP PARAM Shakti HPC research-outputs list (found via web search Q15); faculty name matched to IIT KGP communication directory; link=https://asmedigitalcollection.asme.org/heattransfer/article/148/1/012302/1222421/Effect-of-Blowing-Configurations-on-Heat-Transfer; doi via crossref exact-title lookup (post-discovery)
A Comparative Study of Hemodynamics in Eccentric and Axisymmetric Stenosis in Carotid Artery,2025,10.1007/978-981-96-2999-2_56,Lecture Notes in Mechanical Engineering,conference,Suman Chakraborty,Mechanical Engineering,dept_page,https://hpc.iitkgp.ac.in/research-outputs,high,IIT KGP PARAM Shakti HPC research-outputs list (found via web search Q15); faculty name matched to IIT KGP communication directory
Analysis of Flash Droughts Across Indian Mainland: A Comparison Between CMIP6 Simulations and ERA5 Reanalysis Data,2025,10.1007/978-981-97-9180-4_15,Lecture Notes in Civil Engineering,conference,Rajib Maity,Civil Engineering,dept_page,https://hpc.iitkgp.ac.in/research-outputs,high,IIT KGP PARAM Shakti HPC research-outputs list (found via web search Q15); faculty name matched to IIT KGP communication directory
Disturbance penetration in Poiseuille flow over sinusoidal and triangular wavy walls,2026,10.1063/5.0336112,Physics of Fluids,journal,Arnab Atta,Chemical Engineering,dept_page,https://hpc.iitkgp.ac.in/research-outputs,high,IIT KGP PARAM Shakti HPC research-outputs list (found via web search Q15); faculty name matched to IIT KGP communication directory; link=https://pubs.aip.org/pof/article/38/7/073613/3398940/Disturbance-penetration-in-Poiseuille-flow-over; doi via crossref exact-title lookup (post-discovery)
Numerical simulation of OH planar laser-induced fluorescence imaging in hydrogen-air combustion,2026,10.1088/1873-7005/ae6fe8,Fluid Dynamics Research,journal,Ratan Joarder,Aerospace Engineering,dept_page,https://hpc.iitkgp.ac.in/research-outputs,high,IIT KGP PARAM Shakti HPC research-outputs list (found via web search Q15); faculty name matched to IIT KGP communication directory
Targeting of HSP27 and MMP-2/9 Crosstalk by High-Throughput Drug Repurposing Strategies Identifies Paroxetine as a Potential Candidate in Glioblastoma,2026,10.1021/acs.jmedchem.5c03278,Journal of Medicinal Chemistry,journal,Abhijit Das; Pralay Mitra; Mahitosh Mandal,Computer Science and Engineering,dept_page,https://hpc.iitkgp.ac.in/research-outputs,high,IIT KGP PARAM Shakti HPC research-outputs list (found via web search Q15); faculty name matched to IIT KGP communication directory
Spatiotemporal evolution of rain-spell characteristics and multivariate extremes,2026,10.1038/s41598-026-63603-y,Scientific Reports,journal,Rajib Maity,Civil Engineering,dept_page,https://hpc.iitkgp.ac.in/research-outputs,high,IIT KGP PARAM Shakti HPC research-outputs list (found via web search Q15); faculty name matched to IIT KGP communication directory; link=https://www.nature.com/articles/s41598-026-63603-y; doi via crossref exact-title lookup (post-discovery)
Non-Enzymatic Uric Acid Sensing via MoS 2 -Enhanced Paper-Based Electrochemical Sensor Using Neural Network Regression Framework,2026,10.1109/jsen.2026.3680435,IEEE Sensors Journal,journal,Koel Chaudhury,School of Medical Science and Technology,dept_page,https://hpc.iitkgp.ac.in/research-outputs,high,IIT KGP PARAM Shakti HPC research-outputs list (found via web search Q15); faculty name matched to IIT KGP communication directory; link=https://ieeexplore.ieee.org/document/11478659/; doi via crossref exact-title lookup (post-discovery)
Enhancementof Oxidative Asynchronicity in HydrogenAtom Abstraction by a Mononuclear Mn(III)-OMe Complex via Protonationand Sodium Ion Binding,2026,10.1021/acs.inorgchem.6c00033,Inorganic Chemistry,journal,Sukanta Mandal,Chemistry,dept_page,https://hpc.iitkgp.ac.in/research-outputs,high,IIT KGP PARAM Shakti HPC research-outputs list (found via web search Q15); faculty name matched to IIT KGP communication directory
Three-dimensional NiCo2O4/NiCo2S4 Hybrid Nanostructures on Ni-foam as High-performance Supercapacitor Electrode,2016,,"RSC Advances, (2016)",journal,"Shipra Raj , Suneel Kumar Srivastava , Pradip Kar and Poulomi Roy",Chemistry,dept_page,http://www.chemistry.iitkgp.ac.in/publications/?pub=Journal,high,Department of Chemistry publications list (journal section); found via web search Q15
Solubility enhancement of morin and epicatechin through encapsulation in an albumin based nanoparticulate system and their anticancer activity against the MDA-MB-468 breast cancer cell line,2016,10.1039/c6ra20441d,RSC Adv 6 101415-101429 (2016),journal,"Ghosh P., Singha Roy A. , Chaudhury S. , Jana S. K., Chaudhury K. , Dasgupta S.",Chemistry,dept_page,http://www.chemistry.iitkgp.ac.in/publications/?pub=Journal,high,Department of Chemistry publications list (journal section); found via web search Q15; doi via crossref exact-title lookup (post-discovery)
Investigation of Fibril Forming Mechanisms of L-Phenylalanine and L-Tyrosine: Microscopic Insight toward Phenylketonuria and Tyrosinemia Type II.,2017,10.1021/acs.jpcb.6b12220,"J. Phys. Chem. B 2017, 121,1533-1543",journal,"D. Banik, S. Kundu, P. Banerjee, R. Dutta and N. Sarkar.",Chemistry,dept_page,http://www.chemistry.iitkgp.ac.in/publications/?pub=Journal,high,Department of Chemistry publications list (journal section); found via web search Q15; doi via crossref exact-title lookup (post-discovery)
An Unconventional Zwitterionic Bolaamphiphile Containing PEG as Spacer Chain: Surface Tension and Self-assembly Behavior,2017,10.1021/acs.langmuir.7b01877,Langmuir,journal,"Ghosh R., Dey J.",Chemistry,dept_page,http://www.chemistry.iitkgp.ac.in/publications/?pub=Journal,high,Department of Chemistry publications list (journal section); found via web search Q15; doi via crossref exact-title lookup (post-discovery)
Ultrasonic-assisted synthesis of graphene oxide–fungal hyphae: An efficientand reclaimable adsorbent for chromium(VI) removal from aqueous solution,2018,10.1016/j.ultsonch.2018.06.012,Ultrasonics - Sonochemistry,journal,"Melvin S.Samuel, Vasudevan Subramaniyan, Jayanta Bhattacharya, Ramalingam Chidambaram, Tanvir Qureshi, N. D. Pradeep Singh",Chemistry,dept_page,http://www.chemistry.iitkgp.ac.in/publications/?pub=Journal,high,Department of Chemistry publications list (journal section); found via web search Q15; doi via crossref exact-title lookup (post-discovery)
Simultaneous Binding of Folic Acid and Methotrexate to Human Serum Albumin: Insights into the Structural Changes of Protein and the Location and Competitive Displacement of Drugs,2018,10.1021/acsomega.7b01437,ACS Omega 3 246-253 (2018),journal,"Panja S., Khatua D. , Halder M.",Chemistry,dept_page,http://www.chemistry.iitkgp.ac.in/publications/?pub=Journal,high,Department of Chemistry publications list (journal section); found via web search Q15; doi via crossref exact-title lookup (post-discovery)
Spectroscopic and Microscopic Approach to Monitor the Changes in Bilayer Rigidity during Cell Penetrating Peptide Induced Self-Reproduction of Phospholipid Vesicles,2019,10.1016/j.bpj.2018.11.1194,"Biophysical Journal 116 (3), 216a",other,"P Banerjee, S Pal, N Kundu, D Mondal, N Sarkar",Chemistry,dept_page,http://www.chemistry.iitkgp.ac.in/publications/?pub=Conference,high,Department of Chemistry publications list (conference section); meeting abstract; found via web search Q15; doi via crossref exact-title lookup (post-discovery)
Distinctively complete inhibition of fibrillation of serum albumins by methotrexate in vitro: Experimental and modelling studies to understand the tuning of protein misfolding-related aggregations.,2019,10.1039/c9nj05128g,"New Journal of Chemistry,43,18983--18987",journal,Deb Kumar Khatua and Mintu Halder,Chemistry,dept_page,http://www.chemistry.iitkgp.ac.in/publications/?pub=Journal,high,Department of Chemistry publications list (journal section); found via web search Q15; doi via crossref exact-title lookup (post-discovery)
Interaction of Fluoroquinolones in Their Different Prototropic States with DNA: Diversity in the Nature of Binding and the Role of External Chemical Stimulus on Drug Displacement,2019,10.1002/slct.201803336,"Chemistry Select , 4, 892 –905",journal,"Das I, Halder M",Chemistry,dept_page,http://www.chemistry.iitkgp.ac.in/publications/?pub=Journal,high,Department of Chemistry publications list (journal section); found via web search Q15; doi via crossref exact-title lookup (post-discovery)
Through bond energy transfer (TBET)-operated fluoride ion sensing via spirolactam ring opening of a coumarin–fluorescein bichromophoric dyad†,2020,10.1039/d0ra05357k,"RSC Adv., (2020),10, 28422-28430",journal,"S.K. Pradhan, V.K. Mishra, N.Murmu, S.Mishra and S.N. Sahu",Chemistry,dept_page,http://www.chemistry.iitkgp.ac.in/publications/?pub=Journal,high,Department of Chemistry publications list (journal section); found via web search Q15; doi via crossref exact-title lookup (post-discovery)
Exfoliated Graphite Nanoplatelet (xGnP) Filled EVA/EOC Blends Nanocomposites for Efficient Microwave Absorption in the S-band (2-4GHz),2021,10.1016/j.compscitech.2021.108716,Compos. Sci. and Technol.,journal,"Parida, S.; Parida, R.; Parida, B.; Srivastava, S. K.; Nayak, N. C.",Chemistry,dept_page,http://www.chemistry.iitkgp.ac.in/publications/?pub=Journal,high,Department of Chemistry publications list (journal section); found via web search Q15; doi via crossref exact-title lookup (post-discovery)
"Fluorescent N, S co-doped Carbon Dots for Tartrazine Sensing and Mechanistic Perception of their Radical Scavenging Activity",2022,10.1016/j.snr.2022.100127,Sensors and Actuators Reports,journal,"Md Abdus SalamShaik, DipanjanSamanta, ManishaShaw, ImranMondal, RajarshiBasu, AmitaPathak",Chemistry,dept_page,http://www.chemistry.iitkgp.ac.in/publications/?pub=Journal,high,Department of Chemistry publications list (journal section); found via web search Q15; doi via crossref exact-title lookup (post-discovery)
Transition Metal Phthalocyanines as Redox Mediators in Li–O2 Batteries: A Combined Experimental and Theoretical Study of the Influence of 3d Electrons in Redox Mediation,2022,10.1021/acsami.2c04332,ACS Appl. Mater. Interfaces,journal,"S. Mandal, R. Samajdar, S. Parida, S. Mishra, A. Bhattacharyya",Chemistry,dept_page,http://www.chemistry.iitkgp.ac.in/publications/?pub=Journal,high,Department of Chemistry publications list (journal section); found via web search Q15; doi via crossref exact-title lookup (post-discovery)
On the Study of Partial Qubit Hamiltonian for Efficient Molecular Simulation Using Variational Quantum Eigensolvers,2023,10.1109/iq-cchess56596.2023.10391502,IEEE iQ-CCHESS (2023),conference,"H. Singh, S. Mishra, S. Majumder",Chemistry,dept_page,http://www.chemistry.iitkgp.ac.in/publications/?pub=Conference,high,Department of Chemistry publications list (conference section); found via web search Q15; doi via crossref exact-title lookup (post-discovery)
Bowl-Shaped Phosphate-Based Polymer Nanocontainers Loaded with Pd Nanoparticles for Catalytic C-C Coupling Reactions,2023,10.1021/acsanm.3c02546,"ACS Appl. Nano Mater., 2023, 6, 15002–15011",journal,"Sudharanjan Bera, Flora Banerjee and Suman Kalyan Samanta*",Chemistry,dept_page,http://www.chemistry.iitkgp.ac.in/publications/?pub=Journal,high,Department of Chemistry publications list (journal section); found via web search Q15; doi via crossref exact-title lookup (post-discovery)
Optical Asymmetry and Structural Complexity in Hierarchically Organized Chiral CuO Nanostructures: Insight into the Geometric and Crystallographic Effects on Cooperative Chirality,2023,10.1021/acs.inorgchem.3c01861,Inorganic Chemistry,journal,"Dipanjan Samanta1, Manisha Shaw1, Md Abdus Salam Shaik1, Rajarshi Basu, Imran Mondal, Angana Bhattacharya, and Amita Pathak*",Chemistry,dept_page,http://www.chemistry.iitkgp.ac.in/publications/?pub=Journal,high,Department of Chemistry publications list (journal section); found via web search Q15; doi via crossref exact-title lookup (post-discovery)
Nickel-Catalyzed [2+2+2] Cyclotrimerization of Alkynes and Other Unsaturated Systems: A Literature Overview,2024,10.1002/ejoc.202400801,Eur. J. Org. Chem. e202400801,journal,"Chakrabortty, R.;† Ghosh, S.;† Ganesh, V.*",Chemistry,dept_page,http://www.chemistry.iitkgp.ac.in/publications/?pub=Journal,high,Department of Chemistry publications list (journal section); found via web search Q15; doi via crossref exact-title lookup (post-discovery)
Cascade Aryne Aminoarylation for Biaryl Phenol Synthesis,2024,10.1021/acs.orglett.4c00624,"Org. Lett. 2024, 26, 2612",journal,"Das, A.; Myers, D.; Ganesh, V.*; Greaney, M.*",Chemistry,dept_page,http://www.chemistry.iitkgp.ac.in/publications/?pub=Journal,high,Department of Chemistry publications list (journal section); found via web search Q15; doi via crossref exact-title lookup (post-discovery)
Energy Storage Behavior of Side Chain-Engineered Si-Bridged Redox-Active Donor-Acceptor Conjugated Polymers Operated in Organic Electrolyte,2025,10.1039/d5ta02268a,J.Mat.Chem.A,journal,"S. K. Pati, S. Muduli, D. Patra, S. Oh, B. Kim, S. Mishra, S. Park",Chemistry,dept_page,http://www.chemistry.iitkgp.ac.in/publications/?pub=Journal,high,Department of Chemistry publications list (journal section); found via web search Q15; doi via crossref exact-title lookup (post-discovery)
"A copper(II) metal–organic hydrogel as a heterogeneous reusable catalyst for the synthesis of 1,3-oxathiolane-2-thiones from the reaction of CS2 and epoxides",2025,10.1039/d5cc03856a,Chem. Commun.,journal,"M. Samanta, T. Mahata, M. Bhattacharjee",Chemistry,dept_page,http://www.chemistry.iitkgp.ac.in/publications/?pub=Journal,high,Department of Chemistry publications list (journal section); found via web search Q15; doi via crossref exact-title lookup (post-discovery)
Synchronous Reconfiguring Triplet Energy and Excitonic Redox Charge Transfer States in Dual Chromogen Embedded Conjugated Polymers for Diverse and Efficient Photoredox Catalysis,2026,10.1021/acsami.5c25977,ACS Applied Materials & Interfaces,journal,"K. Maity, S. Manna, P. Bhandari, R. Banerjee, A. Datta, S. Mishra, S. Samanta",Chemistry,dept_page,http://www.chemistry.iitkgp.ac.in/publications/?pub=Journal,high,Department of Chemistry publications list (journal section); found via web search Q15; doi via crossref exact-title lookup (post-discovery)
A copper metal – Organic hydrogel as a heterogeneous reusable catalyst for the cycloaddition of CS2 and CO2 with epoxide,2026,10.1016/j.ica.2026.123091,Inorg. Chim. Acta,journal,"M. Samanta, T. Mahata, M. Bhattacharjee",Chemistry,dept_page,http://www.chemistry.iitkgp.ac.in/publications/?pub=Journal,high,Department of Chemistry publications list (journal section); found via web search Q15; doi via crossref exact-title lookup (post-discovery)
Hierarchical Assembly of Nanodimensional Silver–Silver Oxide Physical Gels Controlling Nosocomial Infections,2020,10.1021/acsomega.0c04957,ACS Omega,journal,"A Roy, SK Srivastava, SL Shrivastava, AK Mandal",Chemistry,dept_page,http://www.chemistry.iitkgp.ac.in/publications/?pub=Journal,high,Department of Chemistry publications list (journal section); found via web search Q15; doi via crossref exact-title lookup (post-discovery)
Reduced Graphene Oxide/Fe3O4/Polyaniline Ternary Composites as a Superior Microwave Absorber in the Shielding of Electromagnetic Pollution,2021,10.1021/acsomega.1c00382,ACS Omega,journal,"R. Manna, S.K.Srivastava",Chemistry,dept_page,http://www.chemistry.iitkgp.ac.in/publications/?pub=Journal,high,Department of Chemistry publications list (journal section); found via web search Q15; doi via crossref exact-title lookup (post-discovery)
Reconfigurable Periodic Bi-frequency DPWM with Custom Harmonic Reduction in DC-DC Converters,2016,10.1109/tpel.2015.2462111,IEEE Trans. Power Electron.,journal,S. Kapat,Electrical Engineering,websearch,https://epml.iitkgp.ac.in/publication/?ftcat=10,high,"Embedded Power Management Lab (EE, IIT KGP) publication list, found via web search Q15; doi via crossref exact-title lookup (post-discovery)"
Power Management Architectures for Dynamic Voltage Scaling (DVS) Applications – Challenges and Opportunities,2017,,Annals of the Indian National Academy of Engineering,journal,I. Kumar and S. Kapat,Electrical Engineering,websearch,https://epml.iitkgp.ac.in/publication/?ftcat=10,high,"Embedded Power Management Lab (EE, IIT KGP) publication list, found via web search Q15"
Enhanced Stability Caused by One-Cycle Delay in a Digital Current-Mode Controlled Buck Converter,2018,10.1109/tcsii.2018.2793954,IEEE Trans. Cir. Syst. II,journal,"A. K. Singha, S. Banerjee, and S. Kapat",Electrical Engineering,websearch,https://epml.iitkgp.ac.in/publication/?ftcat=10,high,"Embedded Power Management Lab (EE, IIT KGP) publication list, found via web search Q15; doi via crossref exact-title lookup (post-discovery)"
Constant On/Off-Time Hybrid Modulation in Digital Current-Mode Control using Event-Based Sampling,2019,,IEEE Trans. Power Electron.,journal,"K. Hariharan, S. Kapat, and S. Mukhopadhyay",Electrical Engineering,websearch,https://epml.iitkgp.ac.in/publication/?ftcat=10,high,"Embedded Power Management Lab (EE, IIT KGP) publication list, found via web search Q15"
Ripple Voltage Injection to Mitigate Limit Cycle in Digitally Controlled Intermediate Bus Architectures,2020,10.1109/tpel.2019.2927428,IEEE Trans. Power Electron.,journal,"R. Roy, I. Kumar, and S. Kapat",Electrical Engineering,websearch,https://epml.iitkgp.ac.in/publication/?ftcat=10,high,"Embedded Power Management Lab (EE, IIT KGP) publication list, found via web search Q15; doi via crossref exact-title lookup (post-discovery)"
Dynamic Bus Voltage Reconfiguration in a Two Stage Multi-Phase Converter for Fast Transient,2021,10.1109/jestpe.2020.2971710,"IEEE Journal of Emerging and Selected Topics in Power Electronics, 2020",journal,"A. Acharya, I. Kumar, and S. Kapat",Electrical Engineering,websearch,https://epml.iitkgp.ac.in/publication/?ftcat=10,high,"Embedded Power Management Lab (EE, IIT KGP) publication list, found via web search Q15; doi via crossref exact-title lookup (post-discovery)"
A Hybrid Design Framework for Fast Transient and Voltage Balancing in a Three-Level Flying Capacitor Boost Converter With Digital Current Mode Control,2023,10.1109/tpel.2023.3293829,IEEE Transactions on Power Electronics,journal,"Ruturaj Garnayak, Prantik Majumder, Santanu Kapat",Electrical Engineering,websearch,https://epml.iitkgp.ac.in/publication/?ftcat=10,high,"Embedded Power Management Lab (EE, IIT KGP) publication list, found via web search Q15; doi via crossref exact-title lookup (post-discovery)"
Unified Constant on/Off-Time Hybrid Compensation for Fast Recovery in Digitally Current-Mode Controlled Point-of-Load Converters,2016,10.1109/apec.2016.7467890,Proc. IEEE APEC,conference,"K. Hariharan, S. Kapat, and S. Mukhopadhyay",Electrical Engineering,websearch,https://epml.iitkgp.ac.in/publication/?ftcat=12,high,"Embedded Power Management Lab (EE, IIT KGP) publication list, found via web search Q15; doi via crossref exact-title lookup (post-discovery)"
A Non-Isolated Single-Stage 48V-to-1V VRM with a Light Load Efficiency Improvement Technique,2018,10.1109/ecce.2018.8557382,IEEE ECCE,conference,"S. Khatua, D. Kastha, and S. Kapat",Electrical Engineering,websearch,https://epml.iitkgp.ac.in/publication/?ftcat=12,high,"Embedded Power Management Lab (EE, IIT KGP) publication list, found via web search Q15; doi via crossref exact-title lookup (post-discovery)"
Discrete-Time Modeling of a Naturally Commutated Current-Fed Dual Active Bridge DC-DC Converter,2019,10.1109/apec.2019.8722235,IEEE APEC,conference,A. Pal and S. Kapat,Electrical Engineering,websearch,https://epml.iitkgp.ac.in/publication/?ftcat=12,high,"Embedded Power Management Lab (EE, IIT KGP) publication list, found via web search Q15; doi via crossref exact-title lookup (post-discovery)"
Small-Signal Modeling of SIMO DC-DC Converters and Comparative Continuous/Discrete-Time Results,2020,10.1109/compel49091.2020.9265749,IEEE COMPEL,conference,"S. Kapat, G. Chilukuri, and S. Jash",Electrical Engineering,websearch,https://epml.iitkgp.ac.in/publication/?ftcat=12,high,"Embedded Power Management Lab (EE, IIT KGP) publication list, found via web search Q15; doi via crossref exact-title lookup (post-discovery)"
Digital Average Current Control Technique for High Performance SIMO-Based Dimmable LED Driving,2021,10.1109/apec42165.2021.9487059,IEEE APEC,conference,S. Kapat,Electrical Engineering,websearch,https://epml.iitkgp.ac.in/publication/?ftcat=12,high,"Embedded Power Management Lab (EE, IIT KGP) publication list, found via web search Q15; doi via crossref exact-title lookup (post-discovery)"
Enhanced Stability with Fast Transient Performance in Digitally Current Mode Controlled Multi-phase Buck Converters using Event-based Sampling,2022,10.1109/iecon49645.2022.9968810,IEEE IECON,conference,"T. Golla, R. Talukder and S. Kapat",Electrical Engineering,websearch,https://epml.iitkgp.ac.in/publication/?ftcat=12,high,"Embedded Power Management Lab (EE, IIT KGP) publication list, found via web search Q15; doi via crossref exact-title lookup (post-discovery)"
Robust pitch extraction method for HMM-based speech synthesis system,2017,10.1109/lsp.2017.2712646,IEEE Signal Processing Letters,journal,M. Kiran Reddy; K. Sreenivasa Rao,Computer Science and Engineering,websearch,https://cse.iitkgp.ac.in/~kiran.reddy.m/,high,PhD student homepage (IIT KGP 2014-2019) found via web search Q15; doi via crossref exact-title lookup (post-discovery)
Inverse filter based excitation model for HMM-based speech synthesis system,2018,10.1049/iet-spr.2017.0546,IET Signal Processing,journal,M. Kiran Reddy; K. Sreenivasa Rao,Computer Science and Engineering,websearch,https://cse.iitkgp.ac.in/~kiran.reddy.m/,high,PhD student homepage found via web search Q15; doi via crossref exact-title lookup (post-discovery)
CWT-Based Approach for Epoch Extraction From Telephone Quality Speech,2019,10.1109/lsp.2019.2921229,IEEE Signal Processing Letters,journal,Y. Madhu Keerthana; M. Kiran Reddy; K. Sreenivasa Rao,Computer Science and Engineering,websearch,https://cse.iitkgp.ac.in/~kiran.reddy.m/,high,PhD student homepage found via web search Q15; doi via crossref exact-title lookup (post-discovery)
Excitation modelling using epoch features for statistical parametric speech synthesis,2019,10.1016/j.csl.2019.101029,Computer Speech & Language,journal,M. Kiran Reddy; K. Sreenivasa Rao,Computer Science and Engineering,websearch,https://cse.iitkgp.ac.in/~kiran.reddy.m/,high,PhD student homepage found via web search Q15
DNN-based cross-lingual voice conversion using Bottleneck Features,2019,10.1007/s11063-019-10149-y,Neural Processing Letters,journal,M. Kiran Reddy; K. Sreenivasa Rao,Computer Science and Engineering,websearch,https://cse.iitkgp.ac.in/~kiran.reddy.m/,high,PhD student homepage found via web search Q15
Liquid-Gait: Bio-adaptive AI for mitigating virtual reality cybersickness on omnidirectional treadmills,2026,10.1109/vrw70859.2026.00206,2026 IEEE Conference on Virtual Reality and 3D User Interfaces Abstracts and Workshops (VRW),conference,Kaushal Kumar Bhagat; V. Hazra,Advanced Technology Development Centre,websearch,https://ivarlab.iitkgp.ac.in/publications,high,iVAR Lab publication list (found via web search Q18); doi via crossref exact-title lookup (post-discovery)
Enhancing Engineering Drawing Education: Insights from ENA and Student Feedback Across Learning Modalities,2025,10.1109/icalt64023.2025.00086,2025 IEEE International Conference on Advanced Learning Technologies (ICALT),conference,Kaushal Kumar Bhagat; A. S. Tiwari,Advanced Technology Development Centre,websearch,https://ivarlab.iitkgp.ac.in/publications,high,iVAR Lab publication list (found via web search Q18); doi via crossref exact-title lookup (post-discovery)
Virtual Reality Experience of Newton's Rings: User Evaluation and Insights,2025,10.1007/978-981-96-5761-2_33,Proceedings of the International Conference on Technology 4 Education 2024 (T4E),conference,Kaushal Kumar Bhagat; T.S.S. Rao,Advanced Technology Development Centre,websearch,https://ivarlab.iitkgp.ac.in/publications,high,iVAR Lab publication list (found via web search Q18); doi via crossref exact-title lookup (post-discovery)
Exploring Educational Game Analytics: Unveiling Player Strategies in Computational Thinking Game-Based Learning,2026,10.1080/10447318.2026.2643346,International Journal of Human-Computer Interaction,journal,Kaushal Kumar Bhagat; T.S.S. Rao,Advanced Technology Development Centre,websearch,https://ivarlab.iitkgp.ac.in/publications,high,iVAR Lab publication list (found via web search Q18); doi via crossref exact-title lookup (post-discovery)
360 VR (virtual reality) Educator: Transforming teachers into interactive content creators,2025,10.14742/ajet.10145,Australasian Journal of Educational Technology,journal,Kaushal Kumar Bhagat; N. K. Jha,Advanced Technology Development Centre,websearch,https://ivarlab.iitkgp.ac.in/publications,high,iVAR Lab publication list (found via web search Q18); doi via crossref exact-title lookup (post-discovery)
A Compact Circularly Polarized Annular Ring Antenna with Wide Effective Bandwidth,2018,10.1109/incap.2018.8770723,2018 IEEE Indian Conference on Antennas & Propagation (InCAP 2018),conference,Manisha Kahar (student),Electronics and Electrical Communication Engg.,annual_report,https://www.iitkgp.ac.in/assets/pdf/ar1819.pdf,high,IIT KGP Annual Report ar1819 p.306 (Awards/Laurels section: paper/presentation award to IIT KGP student/faculty); doi via crossref exact-title lookup (post-discovery)
Semantic Segmentation of MOOC Lecture Videos by Analyzing Concept Change in Domain Knowledge Graph,2020,10.1007/978-3-030-64452-9_5,ICADL 2020 (LNCS),conference,Ananda Das; Partha Pratim Das,Computer Science and Engineering,annual_report,https://www.iitkgp.ac.in/assets/pdf/ar2021.pdf,high,IIT KGP Annual Report ar2021 p.323 (Awards/Laurels section: paper/presentation award to IIT KGP student/faculty); doi via crossref exact-title lookup (post-discovery)
DcubeNN: Tool for Dynamic Design Discovery from Multi- Threaded Applications using Neural Sequence Models,2021,10.1007/978-981-16-4294-4_6,ACSS 2021 (Lecture Notes in Networks and Systems),conference,Srijoni Majumdar; Partha Pratim Das,Advanced Technology Development Centre / CSE,annual_report,https://www.iitkgp.ac.in/assets/pdf/ar2021.pdf,high,IIT KGP Annual Report ar2021 p.324 (Awards/Laurels section: paper/presentation award to IIT KGP student/faculty); doi via crossref exact-title lookup (post-discovery)
Aerodynamic Performance of a Two-dimensional Flapping Elliptic Airfoil in Ground Proximity,2021,10.1109/icmae52228.2021.9522507,12th International Conference on Mechanical and Aerospace Engineering (ICMAE 2021),conference,Jit Sinha; Sunil Manohar Dash,Aerospace Engineering,annual_report,https://www.iitkgp.ac.in/assets/pdf/ar2021.pdf,high,IIT KGP Annual Report ar2021 p.324 (Awards/Laurels section: paper/presentation award to IIT KGP student/faculty); doi via crossref exact-title lookup (post-discovery)
Fluorescence Active Waterborne Epoxy Adhesive of for Art Conservation via GQDs-Stabilized RAFT-Mediated Emulsion Polymerization,2021,10.1021/scimeetings.1c01143,India-ACS Fall 2021 Satellite Meeting (ACS SciMeetings),other,Sarthik Samanta; Nikhil Kumar Singha,Rubber Technology Centre,annual_report,https://www.iitkgp.ac.in/assets/pdf/ar202223.pdf,high,IIT KGP Annual Report ar202223 p.450 (Awards/Laurels section: paper/presentation award to IIT KGP student/faculty); doi via crossref exact-title lookup (post-discovery)
Deep two-stage LiDAR depth completion,2022,10.1007/978-3-031-11349-9_44,CVIP 2021 (Communications in Computer and Information Science),conference,Moushumi Medhi; Rajiv Ranjan Sahay,Electrical Engineering,annual_report,https://www.iitkgp.ac.in/assets/pdf/ar202223.pdf,high,IIT KGP Annual Report ar202223 p.450 (Awards/Laurels section: paper/presentation award to IIT KGP student/faculty); doi via crossref exact-title lookup (post-discovery)
Development of a Cardiovascular Replicator for Simulating Congestive Heart Diseases,2023,10.1007/978-981-19-6270-7_50,FMFP 2021 (Lecture Notes in Mechanical Engineering),conference,Sumanta Laha; Prasanta Kumar Das,Mechanical Engineering,annual_report,https://www.iitkgp.ac.in/assets/pdf/ar202223.pdf,high,IIT KGP Annual Report ar202223 p.451 (Awards/Laurels section: paper/presentation award to IIT KGP student/faculty); doi via crossref exact-title lookup (post-discovery)
Simulating the Impact of COVID-19 Scenarios on Air Freight Logistics Supply Chain,2021,10.1109/ieem50564.2021.9672601,2021 IEEE IEEM,conference,Bhaskar Bhowmick; Manoj Kumar Tiwari,Industrial and Systems Engineering,annual_report,https://www.iitkgp.ac.in/assets/pdf/ar202223.pdf,high,IIT KGP Annual Report ar202223 p.455 (Awards/Laurels section: paper/presentation award to IIT KGP student/faculty); doi via crossref exact-title lookup (post-discovery)
When expertise gone missing: Uncovering the loss of prolific contributors in Wikipedia,2021,10.1007/978-3-030-91669-5_23,ICADL 2021 (LNCS),conference,Animesh Mukherjee (with student co-authors),Computer Science and Engineering,annual_report,https://www.iitkgp.ac.in/assets/pdf/ar202223.pdf,high,IIT KGP Annual Report ar202223 p.455 (Awards/Laurels section: paper/presentation award to IIT KGP student/faculty); doi via crossref exact-title lookup (post-discovery)
Reliability Modeling for Rotor Systems with Imbalance Based on Vibrations Analysis,2016,,IEOM 2016 Detroit Conference,conference,V.N.A. Naikan,Subir Chowdhury School of Quality and Reliability,annual_report,https://www.iitkgp.ac.in/assets/pdf/ar1617.pdf,medium,IIT KGP Annual Report ar1617 p.311 (Awards/Laurels section: paper/presentation award to IIT KGP student/faculty); year = event year stated in report; published version (if any) not verified
Bending Analysis of Damaged Composite Plates with PFC Patches,2016,,Asian Joint Symposium on Aerospace Engineering 2016 (AJSAE 2016),conference,Sreehari V. M.; D. K. Maiti,Aerospace Engineering,annual_report,https://www.iitkgp.ac.in/assets/pdf/ar1617.pdf,medium,IIT KGP Annual Report ar1617 p.316 (Awards/Laurels section: paper/presentation award to IIT KGP student/faculty); year = event year stated in report; published version (if any) not verified
High porosity open-cell metal foams as extended heat transfer surfaces for space radiative cooling,2016,,"4th Cellular Materials - CellMAT 2016, Dresden",conference,Tisha Milind Dixit; Indranil Ghosh,Cryogenic Engineering,annual_report,https://www.iitkgp.ac.in/assets/pdf/ar1617.pdf,medium,IIT KGP Annual Report ar1617 p.317 (Awards/Laurels section: paper/presentation award to IIT KGP student/faculty); year = event year stated in report; published version (if any) not verified
Environmental Risk Assessment for Beneficiary Use of Coal Combustion Residues Using Leaching Environmental Assessment Framework,2017,,"19th International Conference on Solid Waste (ICSW 2017), Paris",conference,Doranadula Venkata Sai Praneeth,Civil Engineering,annual_report,https://www.iitkgp.ac.in/assets/pdf/ar1617.pdf,medium,IIT KGP Annual Report ar1617 p.317 (Awards/Laurels section: paper/presentation award to IIT KGP student/faculty); year = event year stated in report; published version (if any) not verified
Photocatalytic Degradation of Phenol in Water using ZnO Nanopowder under UV-C Light,2016,,"International Conference on Water: From Pollution to Purification (ICW 2016), Kottayam",conference,Manisha Choudhary; Sudarsan Neogi,Chemical Engineering,annual_report,https://www.iitkgp.ac.in/assets/pdf/ar1617.pdf,medium,IIT KGP Annual Report ar1617 p.318 (Awards/Laurels section: paper/presentation award to IIT KGP student/faculty); year = event year stated in report; published version (if any) not verified
CFD analysis of high speed cryogenic helium turboexpander with splitter blades,2017,,"26th National Symposium on Cryogenics and Superconductivity (NSCS-26), VECC Kolkata",conference,Ashish Alex Sam; Parthasarathi Ghosh,Cryogenic Engineering,annual_report,https://www.iitkgp.ac.in/assets/pdf/ar1617.pdf,medium,IIT KGP Annual Report ar1617 p.318 (Awards/Laurels section: paper/presentation award to IIT KGP student/faculty); year = event year stated in report; published version (if any) not verified
"Comparison of terrestrial ecosystem productivity of five ecosystem models and its relationship with climatic variables in Sunderban Biosphere Reserve Area, India",2017,,"National Symposium, Indian Institute of Science, Bangalore (March 2017)",conference,Srikanta Sannigrahi; Somnath Sen,Architecture and Regional Planning,annual_report,https://www.iitkgp.ac.in/assets/pdf/ar1617.pdf,medium,IIT KGP Annual Report ar1617 p.319 (Awards/Laurels section: paper/presentation award to IIT KGP student/faculty); year = event year stated in report; published version (if any) not verified
Predicting Trends in Roadway Crashes and Forecasting Crash Frequency in Developing Countries: A Case of Mumbai-Pune Expressway,2019,,"International Conference on Transportation Infrastructure Projects Conception to Execution (TIPCE), IIT Roorkee",conference,Arkopal K. Goswami,Ranbir and Chitra Gupta School of Infrastructure Design and Management,annual_report,https://www.iitkgp.ac.in/assets/pdf/ar1819.pdf,medium,IIT KGP Annual Report ar1819 p.301 (Awards/Laurels section: paper/presentation award to IIT KGP student/faculty); year = event year stated in report; published version (if any) not verified
Spatial-temporal impacts of urban land use land cover on land surface temperature: Coimbatore,2019,,"International Conference on Smart Cities, Jamia Millia Islamia (March 2019)",conference,Bharath H. Aithal,Ranbir and Chitra Gupta School of Infrastructure Design and Management,annual_report,https://www.iitkgp.ac.in/assets/pdf/ar1819.pdf,medium,IIT KGP Annual Report ar1819 p.301 (Awards/Laurels section: paper/presentation award to IIT KGP student/faculty); year = event year stated in report; published version (if any) not verified
A Multivariate Approach for Optimization of Bioactive Compounds from Oregano (Origanum vulgare) Leaves using Pulsed Mode Sonication,2020,,4th AMIFOST 2020: International Conference on Future Food for Sustainable Nutrition,conference,Rahul Kumar Rout; P. Srinivasa Rao,Agricultural and Food Engineering,annual_report,https://www.iitkgp.ac.in/assets/pdf/ar2021.pdf,medium,IIT KGP Annual Report ar2021 p.323 (Awards/Laurels section: paper/presentation award to IIT KGP student/faculty); year = event year stated in report; published version (if any) not verified
Role of Cr-rich carbide precipitates on the high-temperature hot corrosion (HTHC) behavior in Alloy 617,2021,,"NMD-ATM 2020 (held online, IIT Bombay, Feb 2021)",conference,Pallabi Bhuyan; Sumantra Mandal; Rahul Mitra,Metallurgical and Materials Engineering,annual_report,https://www.iitkgp.ac.in/assets/pdf/ar2021.pdf,medium,IIT KGP Annual Report ar2021 p.324 (Awards/Laurels section: paper/presentation award to IIT KGP student/faculty); year = event year stated in report; published version (if any) not verified
Correlation between microstructure and tensile properties in a novel lean as-cast Mg-0.8Al-0.3Ca-0.4Mn alloy,2021,,"NMD-ATM 2020 (held online, IIT Bombay, Feb 2021)",conference,Souriddha Sanyal; T.K. Bandyopadhyay; Sumantra Mandal,Metallurgical and Materials Engineering,annual_report,https://www.iitkgp.ac.in/assets/pdf/ar2021.pdf,medium,IIT KGP Annual Report ar2021 p.324 (Awards/Laurels section: paper/presentation award to IIT KGP student/faculty); year = event year stated in report; published version (if any) not verified
Automated Alertness and Emotion Detection for Empathic Feedback During E-Learning,2016,10.1109/t4e.2013.19,"IEEE International Conference on Technology for Education, 2013",conference,see affiliation context,,arxiv,https://arxiv.org/abs/1604.00312v1,medium,"arXiv cs.CV; IIT Kharagpur affiliation verified in PDF first pages (context: ...da Routray4 1,2,4 Department of Electrical Engineering, IIT Kharagpur, India Department of Humanities and Social Science)"
A Novel Framework to Expedite Systematic Reviews by Automatically Building Information Extraction Training Corpora,2016,,arXiv preprint,other,Tanmay Basu,Computer Science and Engineering,arxiv,https://arxiv.org/abs/1606.06424v1,high,"arXiv cs.IR; IIT Kharagpur affiliation verified in PDF first pages (context: ...er Science and Engineering, Indian Institute of Technology, Kharagpur, India 3 School of Computer Science, University of); preprint (no journal-ref/DOI on arXiv)"
Methods for improving estimators of truncated circular parameters,2016,10.3150/15-bej736,"Bernoulli 2016, Vol. 22, No. 4, 2521-2547",journal,Somesh Kumar,Mathematics,arxiv,https://arxiv.org/abs/1606.08151v1,high,"arXiv math.ST; IIT Kharagpur affiliation verified in PDF first pages (context: ...1 Department of Mathematics, Indian Institute of Technology Kharagpur, Kharagpur-721302, West Bengal, India. E-mail: * 1)"
Reduction of Self-heating effect in LDMOS devices,2016,,arXiv preprint,other,see affiliation context,,arxiv,https://arxiv.org/abs/1608.07233v1,medium,"arXiv cs.ET; IIT Kharagpur affiliation verified in PDF first pages (context: ... Communication Engineering, Indian Institute of Technology, Kharagpur-721302, India Tel: +91-3222-281475, email: tkm.iit); preprint (no journal-ref/DOI on arXiv)"
Signal Recovery in Uncorrelated and Correlated Dictionaries Using Orthogonal Least Squares,2016,,arXiv preprint,other,Mrityunjoy Chakraborty,Electronics and Electrical Communication Engineering,arxiv,https://arxiv.org/abs/1607.08712v1,high,"arXiv cs.IT; IIT Kharagpur affiliation verified in PDF first pages (context: ... Communication Engineering, Indian Institute of Technology, Kharagpur, INDIA 1 Email: samratphysics@gmail.com,2prateek.i); preprint (no journal-ref/DOI on arXiv)"
UsingWord Embeddings for Query Translation for Hindi to English Cross Language Information Retrieval,2016,10.13053/cys-20-3-2462,arXiv preprint,other,Sudeshna Sarkar,Computer Science and Engineering,arxiv,https://arxiv.org/abs/1608.01561v1,high,"arXiv cs.CL; IIT Kharagpur affiliation verified in PDF first pages (context: ...uter Science and Engineering Indian Institute of Technology Kharagpur Kharagpur, West Bengal, India - 721302 paheli@iitk); preprint (no journal-ref/DOI on arXiv); doi via crossref exact-title lookup (post-discovery)"
Geometrically frustrated GdInO$_3$: An exotic system to study negative thermal expansion and spin-lattice coupling,2016,10.1103/physrevb.95.054103,"Phys. Rev. B 95, 054103 (2017)",journal,Anushree Roy,Physics,arxiv,https://arxiv.org/abs/1608.05790v1,high,"arXiv cond-mat.mtrl-sci; IIT Kharagpur affiliation verified in PDF first pages (context: ... Roy∗ Department of Physics, Indian Institute of Technology Kharagpur 721302, India. A. Midya and P. Mandal† Saha Instit)"
Oscillations in a flexible channel flow of a generalized Newtonian fluid,2016,,arXiv preprint,other,Aditya Bandopadhyay,Mechanical Engineering,arxiv,https://arxiv.org/abs/1609.07026v1,high,"arXiv physics.flu-dyn; IIT Kharagpur affiliation verified in PDF first pages (context: ...t of Mechanical Engineering, Indian Institute of Technology Kharagpur, Kharagpur, West Bengal, India - 721302 2 Advanced); preprint (no journal-ref/DOI on arXiv)"
Bacterial Foraging Optimized STATCOM for Stability Assessment in Power System,2016,10.13140/rg.2.2.16849.33129,arXiv preprint,journal,see affiliation context,,arxiv,https://arxiv.org/abs/1610.00001v1,medium,"arXiv eess.SY; IIT Kharagpur affiliation verified in PDF first pages (context: ... 2016 IEEE Students' Technology Symposium (TechSym 2016), IIT Kharagpur, India, DOI:10.13140/RG.2.2.16849.33129 The outp)"
Perturbations of spiky strings in flat spacetimes,2016,10.1007/jhep01(2017)116,arXiv preprint,journal,Sayan Kar,Physics,arxiv,https://arxiv.org/abs/1610.09180v3,high,"arXiv hep-th; IIT Kharagpur affiliation verified in PDF first pages (context: ...tre for Theoretical Studies, Indian Institute of Technology Kharagpur, Kharagpur-721 302, India Email: soumya557@cts.iit)"
Liquid crystal induced elasto-capillary suppression of crack formation in thin colloidal films,2017,,arXiv preprint,other,Sunando DasGupta,Chemical Engineering,arxiv,https://arxiv.org/abs/1702.00572v1,high,"arXiv physics.flu-dyn; IIT Kharagpur affiliation verified in PDF first pages (context: ...ent of Chemical Engineering, Indian Institute of Technology Kharagpur, India. 2. Microfluidics Laboratory, Department of); preprint (no journal-ref/DOI on arXiv)"
Measurement and Analysis of UDP Traffic over Wi-Fi and GPRS,2017,,arXiv preprint,other,see affiliation context,,arxiv,https://arxiv.org/abs/1707.08539v1,medium,"arXiv cs.NI; IIT Kharagpur affiliation verified in PDF first pages (context: ...t of Mechanical Engineering Indian Institute of Technology, Kharagpur, India {sumitece87, vasukanster, sudipta.mahapatra); preprint (no journal-ref/DOI on arXiv)"
Fluctuation Theorem and Central Limit Theorem for the Time-Reversible Nonequilibrium Baker Map,2017,,arXiv preprint,other,see affiliation context,,arxiv,https://arxiv.org/abs/1708.03422v2,medium,arXiv cond-mat.stat-mech; IIT Kharagpur affiliation verified in PDF first pages (context: ...rial in preparation for the Book form of Carol’s and my 2016 Kharagpur Lectures. Comments welcome. Keywords: Fluctuation); preprint (no journal-ref/DOI on arXiv)
Visibility-based Power Spectrum Estimation for Low-Frequency Radio Interferometric Observations,2017,,arXiv preprint,other,see affiliation context,,arxiv,https://arxiv.org/abs/1708.04277v1,medium,arXiv astro-ph.CO; IIT Kharagpur affiliation verified in PDF first pages (context: ...tions Thesis submitted to the Indian Institute of Technology Kharagpur For the award of the degree of Doctor of Philosop); preprint (no journal-ref/DOI on arXiv)
Nano-scale characterization of the formation of silver layers during electroless deposition on polymeric surfaces,2017,,arXiv preprint,other,see affiliation context,,arxiv,https://arxiv.org/abs/1711.07180v1,medium,"arXiv physics.app-ph; IIT Kharagpur affiliation verified in PDF first pages (context: ...ials and Materials Processing, Indian Institute of Technology Kharagpur, 9-11 December, 2011 Nano-scale characterization); preprint (no journal-ref/DOI on arXiv)"
Visual Based Navigation of Mobile Robots,2017,,arXiv preprint,other,see affiliation context,,arxiv,https://arxiv.org/abs/1712.05482v1,medium,"arXiv cs.CV; IIT Kharagpur affiliation verified in PDF first pages (context: ...ent of Electrical Engineering Indian Institute of Technology, Kharagpur West Bengal, INDIA 721302 November 2015 Certific); preprint (no journal-ref/DOI on arXiv)"
Deterministic and Randomized Diffusion based Iterative Generalized Hard Thresholding (DiFIGHT) for Distributed Sparse Signal Recovery,2018,,arXiv preprint,other,Mrityunjoy Chakraborty,Electronics and Electrical Communication Engineering,arxiv,https://arxiv.org/abs/1804.08265v2,high,"arXiv cs.IT; IIT Kharagpur affiliation verified in PDF first pages (context: ... Communication Engineering, Indian Institute of Technology, Kharagpur, INDIA(email : 1 samratphysics@gmail.com, 2 mrityu); preprint (no journal-ref/DOI on arXiv)"
Auto-electrophoresis in non-Newtonian media: interaction of rheology and electrocatalytic parameters,2018,10.1063/1.5081751,arXiv preprint,journal,Aditya Bandopadhyay,Mechanical Engineering,arxiv,https://arxiv.org/abs/1807.08092v1,high,"arXiv physics.flu-dyn; IIT Kharagpur affiliation verified in PDF first pages (context: ...ent of Mechanical Engineering, Indian Institute of Technology Kharagpur, Kharagpur, West Bengal - 721302, India Abstract)"
Rotational Instabilities in Microchannel Flows,2018,10.1063/1.5088438,"Phys. Fluids 31, 054101, 2019",journal,Sandeep Saha,Aerospace Engineering,arxiv,https://arxiv.org/abs/1807.11463v1,high,"arXiv physics.flu-dyn; IIT Kharagpur affiliation verified in PDF first pages (context: ...ent of Mechanical Engineering, Indian Institute of Technology, Kharagpur 721302, India 2 NLPC Unit, Faculty of Sciences,)"
An electrokinetic route to giant augmentation in load bearing capacity of compliant microfluidic channels,2018,10.1063/5.0101298,Physics of Fluids (2022),journal,Sunando DasGupta,Chemical Engineering,arxiv,https://arxiv.org/abs/1811.12005v1,high,"arXiv physics.flu-dyn; IIT Kharagpur affiliation verified in PDF first pages (context: ...chnology Development Center, Indian Institute of Technology Kharagpur, Kharagpur, India-721302 2 Université de Rennes 1,)"
Instability of a horizontal water half-cylinder under vertical vibration,2018,10.1007/s00348-019-2860-9,"Experiments in Fluids, Vol 61 (2), 2020",journal,Sugata Pratik Khastgir,Physics,arxiv,https://arxiv.org/abs/1812.04931v2,high,"arXiv physics.flu-dyn; IIT Kharagpur affiliation verified in PDF first pages (context: ...ike 1 Department of Physics, Indian Institute of Technology Kharagpur, Kharagpur-721302, India † E-mail: kumar.phy.iitkg)"
A 0.16pJ/bit Recurrent Neural Network Based PUF for Enhanced Machine Learning Atack Resistance,2018,10.1145/3287624.3287696,arXiv preprint,other,Debdeep Mukhopadhyay,Computer Science and Engineering,arxiv,https://arxiv.org/abs/1812.05347v1,high,arXiv cs.CR; IIT Kharagpur affiliation verified in PDF first pages (context: ...0042@e.ntu.edu.sg Manaar Alam Indian Institute of Technology Kharagpur alam.manaar@iitkgp.ac.in Durga Prasad Sahoo Rober); preprint (no journal-ref/DOI on arXiv); doi via crossref exact-title lookup (post-discovery)
A Tapered Gridded Estimator (TGE) for the Multi-Frequency Angular Power Spectrum (MAPS) and the Cosmological HI 21-cm Power Spectrum,2018,10.1093/mnras/sty3501,"2019, MNRAS, 483, 5694",journal,Somnath Bharadwaj,Physics,arxiv,https://arxiv.org/abs/1812.08801v1,high,"arXiv astro-ph.CO; IIT Kharagpur affiliation verified in PDF first pages (context: ...epartment of Physics, & Centre for Theoretical Studies, IIT Kharagpur, Kharagpur 721 302, India 2 National Centre For Ra)"
Stable Oleoplaned Slippery Surfaces on Biomimetically Patterned Templates,2018,,arXiv preprint,other,Suman Chakraborty,Mechanical Engineering,arxiv,https://arxiv.org/abs/1812.10133v1,high,"arXiv physics.flu-dyn; IIT Kharagpur affiliation verified in PDF first pages (context: ...Technology Development Centre, Indian Institute of Technology Kharagpur, Kharagpur- 721 302, West Bengal, India. b Depar); preprint (no journal-ref/DOI on arXiv)"
Stealing Neural Networks via Timing Side Channels,2018,,arXiv preprint,other,Debasis Samanta,Computer Science and Engineering,arxiv,https://arxiv.org/abs/1812.11720v4,high,"arXiv cs.CR; IIT Kharagpur affiliation verified in PDF first pages (context: ... Technology, Delhi, India † Indian Institute of Technology, Kharagpur, India ‡ Institute for Systems Studies and Analyse); preprint (no journal-ref/DOI on arXiv)"
Segmentation of Lumen and External Elastic Laminae in Intravascular Ultrasound Images using Ultrasonic Backscattering Physics Initialized Multiscale Random Walks,2019,10.1007/978-3-319-68124-5_34,arXiv preprint,journal,Pabitra Mitra,Computer Science and Engineering,arxiv,https://arxiv.org/abs/1901.06926v1,high,"arXiv cs.CV; IIT Kharagpur affiliation verified in PDF first pages (context: ...ent of Electrical Engineering Indian Institute of Technology Kharagpur, India Abstract. Coronary artery disease accounts)"
Effects of Nanodots Shape and Lattice Constants on the Spin Wave Dynamics of Patterned Permalloy Dots,2019,10.1063/1.5066268,"AIP Advances 9, 015008 (2019)",journal,Prasanta Kumar Datta,Physics,arxiv,https://arxiv.org/abs/1901.09155v1,high,"arXiv cond-mat.mes-hall; IIT Kharagpur affiliation verified in PDF first pages (context: ...tta1* Department of Physics, Indian Institute of Technology Kharagpur, W.B. 721302, India 2 Department of Physics and Na)"
Geodesic congruences in exact plane wave spacetimes and the memory effect,2019,10.1103/physrevd.101.064022,"Phys. Rev. D 101, 064022 (2020)",journal,Sayan Kar,Physics,arxiv,https://arxiv.org/abs/1901.11236v4,high,"arXiv gr-qc; IIT Kharagpur affiliation verified in PDF first pages (context: ...entre for Theoretical Studies Indian Institute of Technology Kharagpur, Kharagpur 721 302, India and 2 Department of Phy)"
Illumination-invariant Face recognition by fusing thermal and visual images via gradient transfer,2019,10.1007/978-3-030-17795-9_48,arXiv preprint,other,Aurobinda Routray,Electrical Engineering,arxiv,https://arxiv.org/abs/1902.08802v1,high,"arXiv cs.CV; IIT Kharagpur affiliation verified in PDF first pages (context: ...charya and Aurobinda Routray Indian Institute of Technology, Kharagpur Abstract. Face recognition in real life situation); preprint (no journal-ref/DOI on arXiv); doi via crossref exact-title lookup (post-discovery)"
Performance Analysis of Energy Harvesting Underlay Cooperative Cognitive Radio Relay Networks with Randomly Located Nodes,2019,,arXiv preprint,other,Saswat Chakrabarti,G.S. Sanyal School of Telecommunications,arxiv,https://arxiv.org/abs/1903.01231v1,high,"arXiv cs.IT; IIT Kharagpur affiliation verified in PDF first pages (context: ...barti are with G.S.Sanyal School of Telecommunications, IIT Kharagpur, India, West Bengal, India, e-mail: (anupamshome06); preprint (no journal-ref/DOI on arXiv)"
Joint Seat Allocation 2018: An algorithmic perspective,2019,,arXiv preprint,other,Partha Pratim Chakrabarti,Computer Science and Engineering,arxiv,https://arxiv.org/abs/1904.06698v4,high,"arXiv cs.CY; IIT Kharagpur affiliation verified in PDF first pages (context: ...nology Kanpur, Kanpur, India Indian Institute of Technology Kharagpur, Kharagpur, India 3 Indian Institute of Technology); preprint (no journal-ref/DOI on arXiv)"
Structured real radius of controllability for higher order LTI systems,2019,10.1109/med.2019.8798585,arXiv preprint,other,Swanand Khare,Mathematics,arxiv,https://arxiv.org/abs/1905.05977v1,high,"arXiv math.OC; IIT Kharagpur affiliation verified in PDF first pages (context: ... Swanand Khare Subashish Datta Indian Institute of Technology Kharagpur, India sahatanay50@gmail.com Indian Institute of); preprint (no journal-ref/DOI on arXiv); doi via crossref exact-title lookup (post-discovery)"
Two-Stream Region Convolutional 3D Network for Temporal Activity Detection,2019,10.1109/tpami.2019.2921539,arXiv preprint,other,Abir Das,Computer Science and Engineering,arxiv,https://arxiv.org/abs/1906.02182v1,high,"arXiv cs.CV; IIT Kharagpur affiliation verified in PDF first pages (context: ...esponding author. H. Xu is at UC Berkeley, A. Das is at IIT Kharagpur and K. Saenko is at Boston University. H. Xu and A); preprint (no journal-ref/DOI on arXiv); doi via crossref exact-title lookup (post-discovery)"
Strain distribution and thermal strain relaxation in MOVPE grown hBN films on sapphire substrates,2019,,arXiv preprint,other,see affiliation context,,arxiv,https://arxiv.org/abs/1907.05591v1,medium,"arXiv cond-mat.mtrl-sci; IIT Kharagpur affiliation verified in PDF first pages (context: ...or Nanoscience and Technology, Indian Institute of Technology Kharagpur. Pin 721302. India. 2 epartment of Electronic Ma); preprint (no journal-ref/DOI on arXiv)"
Trajectory manipulation of an Airy pulse near zero dispersion wavelength under free carrier generated linear potential,2019,10.1103/physreva.100.053816,"Phys. Rev. A 100, 053816 (2019)",journal,Samudra Roy,Physics,arxiv,https://arxiv.org/abs/1907.08374v1,high,"arXiv physics.optics; IIT Kharagpur affiliation verified in PDF first pages (context: ... 2019 Department of Physics, Indian Institute of Technology Kharagpur, W.B. 721302, India∗ We investigate the dynamics o)"
Streaming Potential in Bio-mimetic Microvessels Mediated by Capillary Glycocalyx,2019,10.1016/j.mvr.2020.104039,arXiv preprint,other,Rajaram Lakkaraju,Mechanical Engineering,arxiv,https://arxiv.org/abs/1908.01492v1,high,"arXiv physics.flu-dyn; IIT Kharagpur affiliation verified in PDF first pages (context: ...ent of Mechanical Engineering, Indian Institute of Technology Kharagpur, Kharagpur, India-721302 2 Advanced Technology D); preprint (no journal-ref/DOI on arXiv); doi via crossref exact-title lookup (post-discovery)"
Real-time observation of spin-resolved plexcitons between metal plasmons and excitons of WS$_2$,2019,,arXiv preprint,other,see affiliation context,,arxiv,https://arxiv.org/abs/1909.05290v1,medium,"arXiv cond-mat.mes-hall; IIT Kharagpur affiliation verified in PDF first pages (context: ...019 1 Department of Physics, Indian Institute of Technology Kharagpur, Kharagpur - 721302, India 2 S. N. Bose National C); preprint (no journal-ref/DOI on arXiv)"
Temperature-gradient induced massive augmentation of solute dispersion in viscoelastic micro-flows,2019,10.1017/jfm.2020.369,"Journal of Fluid Mechanics, 2020",journal,Sunando DasGupta,Chemical Engineering,arxiv,https://arxiv.org/abs/1909.10167v1,high,"arXiv physics.flu-dyn; IIT Kharagpur affiliation verified in PDF first pages (context: ...Technology Development Center, Indian Institute of Technology Kharagpur, Kharagpur, India-721302 2 Department of Chemica)"
Segmenting Scientific Abstracts into Discourse Categories: A Deep Learning-Based Approach for Sparse Labeled Data,2020,10.1145/3383583.3398598,arXiv preprint,journal,Plaban Kumar Bhowmick,G.S. Sanyal School of Telecommunications,arxiv,https://arxiv.org/abs/2005.05414v2,high,arXiv cs.CL; IIT Kharagpur affiliation verified in PDF first pages (context: ...)
Read what you need: Controllable Aspect-based Opinion Summarization of Tourist Reviews,2020,10.1145/3397271.3401269,arXiv preprint,journal,Sourangshu Bhattacharya,Computer Science and Engineering,arxiv,https://arxiv.org/abs/2006.04660v2,high,"arXiv cs.IR; IIT Kharagpur affiliation verified in PDF first pages (context: ...ews Rajdeep Mukherjee Hari Chandana Peruri Uppada Vishnu IIT Kharagpur, India rajdeep1989@iitkgp.ac.in IIT Kharagpur, In)"
Skip to Secure: Securing Cyber-physical Control Loops with Intentionally Skipped Executions,2020,10.1145/3411498.3419966,arXiv preprint,journal,Debdeep Mukhopadhyay,Computer Science and Engineering,arxiv,https://arxiv.org/abs/2007.08121v1,high,"arXiv cs.CR; IIT Kharagpur affiliation verified in PDF first pages (context: ...y∗ , Debdeep Mukhopadhyay∗ *Indian Institute of Technology, Kharagpur {sunandana,ipsitakoley,soumyajit,debdeep}@iitkgp.a)"
Real-time and Autonomous Detection of Helipad for Landing Quad-Rotors by Visual Servoing,2020,,arXiv preprint,other,Somesh Kumar,Mathematics,arxiv,https://arxiv.org/abs/2008.02236v1,high,"arXiv cs.RO; IIT Kharagpur affiliation verified in PDF first pages (context: ... Biswajit Ghosh, Somesh Kumar Indian Institute of Technology, Kharagpur, India arXiv:2008.02236v1 [cs.RO] 5 Aug 2020 A B); preprint (no journal-ref/DOI on arXiv)"
A Two Stage Generalized Block Orthogonal Matching Pursuit (TSGBOMP) Algorithm,2020,10.1109/tsp.2021.3114977,arXiv preprint,journal,Mrityunjoy Chakraborty,Electronics and Electrical Communication Engineering,arxiv,https://arxiv.org/abs/2008.08031v1,high,"arXiv cs.IT; IIT Kharagpur affiliation verified in PDF first pages (context: ... Communication Engineering, Indian Institute of Technology, Kharagpur, INDIA (email : 1 samratphysics@gmail.com, 2 mrity)"
Spatio-temporal relationships between rainfall and convective clouds during Indian Monsoon through a discrete lens,2020,10.1002/joc.6812,"International Journal of Climatology, 2020",journal,Adway Mitra,Centre of Excellence in Artificial Intelligence,arxiv,https://arxiv.org/abs/2008.08251v1,high,"arXiv physics.ao-ph; IIT Kharagpur affiliation verified in PDF first pages (context: ...e in Artificial Intelligence, Indian Institute of Technology Kharagpur, India 3 International Centre for Theoretical Sci)"
"Investigation on structural, electronic and magnetic properties of Co2FeGe Heusler alloy: experiment and theory",2020,,arXiv preprint,other,Amal Kumar Das,Physics,arxiv,https://arxiv.org/abs/2010.09590v1,high,"arXiv cond-mat.mtrl-sci; IIT Kharagpur affiliation verified in PDF first pages (context: ...swasa and Amal Kumar Dasa* a Indian Institute of Technology Kharagpur, Khargapur-721302, India b Space Applications Cent); preprint (no journal-ref/DOI on arXiv)"
Simulation Scenarios in One-Dimensional Self-Gravitating System,2021,,arXiv preprint,other,see affiliation context,,arxiv,https://arxiv.org/abs/2101.05827v1,medium,"arXiv physics.comp-ph; IIT Kharagpur affiliation verified in PDF first pages (context: ...Bharadwaj Department of Physics Indian Institute of Technology Kharagpur Kharagpur, West Bengal 721302, India ABSTRACT W); preprint (no journal-ref/DOI on arXiv)"
Observation of Dynamic Screening in the Excited Exciton States in Multi-layered MoS$_2$,2021,10.1103/physrevb.103.075437,"Phys. Rev. B 103, 075437 (2021)",journal,Prasanta Kumar Datta,Physics,arxiv,https://arxiv.org/abs/2102.03769v1,high,"arXiv cond-mat.mes-hall; IIT Kharagpur affiliation verified in PDF first pages (context: ...armakar Department of Physics, Indian Institute of Technology Kharagpur, Kharagpur, India 721302 Sayantan Bhattacharya a)"
Collaborative Mapping of Archaeological Sites using multiple UAVs,2021,10.1007/978-3-030-95892-3_5,arXiv preprint,other,Aditya Bandopadhyay,Mechanical Engineering,arxiv,https://arxiv.org/abs/2105.07644v1,high,"arXiv cs.RO; IIT Kharagpur affiliation verified in PDF first pages (context: ...ent of Mechanical Engineering Indian Institute of Technology Kharagpur West Bengal, India manthan@iitkgp.ac.in Aditya Ba); preprint (no journal-ref/DOI on arXiv); doi via crossref exact-title lookup (post-discovery)"
Efficient simulation of non-classical liquid-vapour phase-transition flows: a method of fundamental solutions,2021,10.1017/jfm.2021.405,"Journal of Fluid Mechanics, 919, A35 (2021)",journal,Suman Chakraborty,Mechanical Engineering,arxiv,https://arxiv.org/abs/2106.04807v1,high,"arXiv physics.flu-dyn; IIT Kharagpur affiliation verified in PDF first pages (context: ...t of Mechanical Engineering, Indian Institute of Technology Kharagpur, India 3 School of Engineering, University of Warw)"
ArgFuse: A Weakly-Supervised Framework for Document-Level Event Argument Aggregation,2021,10.18653/v1/2021.case-1.5,arXiv preprint,other,Sudeshna Sarkar,Computer Science and Engineering,arxiv,https://arxiv.org/abs/2106.10862v1,high,"arXiv cs.CL; IIT Kharagpur affiliation verified in PDF first pages (context: ...puter Science & Engineering Indian Institute of Technology, Kharagpur. 1 debanjana.kar@iitkgp.ac.in 2,3 {sudeshna, pawan); preprint (no journal-ref/DOI on arXiv); doi via crossref exact-title lookup (post-discovery)"
Towards a Multimodal System for Precision Agriculture using IoT and Machine Learning,2021,10.1109/icccnt51525.2021.9579646,arXiv preprint,other,see affiliation context,,arxiv,https://arxiv.org/abs/2107.04895v1,medium,"arXiv cs.LG; IIT Kharagpur affiliation verified in PDF first pages (context: ...paper is accepted in the 12th ICCCNT 2021 conference at IIT Kharagpur, India. The final version of this paper will appea); preprint (no journal-ref/DOI on arXiv); doi via crossref exact-title lookup (post-discovery)"
Modeling User Behaviour in Research Paper Recommendation System,2021,,arXiv preprint,other,Debasis Samanta,Computer Science and Engineering,arxiv,https://arxiv.org/abs/2107.07831v1,high,"arXiv cs.IR; IIT Kharagpur affiliation verified in PDF first pages (context: ...Chaudhuri, D. Samanta, M. Sarma Indian Institute of Technology Kharagpur, Kharagpur, India E-mail: dsamanta@iitkgp.ac.in); preprint (no journal-ref/DOI on arXiv)"
Sample Preparation Meets Farey Sequence: A New Design Technique for Free-Flowing Microfluidic Networks,2021,,arXiv preprint,other,Bhargab B. Bhattacharya,Computer Science and Engineering,arxiv,https://arxiv.org/abs/2107.12463v1,high,"arXiv cs.ET; IIT Kharagpur affiliation verified in PDF first pages (context: ...puter Science and Engineering, Indian Institute of Technology Kharagpur, India arXiv:2107.12463v1 [cs.ET] 26 Jul 2021 {t); preprint (no journal-ref/DOI on arXiv)"
Investigation of Flight Conditions where Box-Wing Outperforms Mono-Wing Configurations for Small UAVs,2021,10.2514/6.2025-0256,arXiv preprint,journal,Sandeep Saha,Aerospace Engineering,arxiv,https://arxiv.org/abs/2112.02872v2,high,"arXiv physics.flu-dyn; IIT Kharagpur affiliation verified in PDF first pages (context: ...ent of Aerospace Engineering, Indian Institute of Technology Kharagpur, India. We investigate the aerodynamic efficiency)"
Collision dynamics of discrete soliton in uniform waveguide arrays,2022,10.1364/josab.476710,arXiv preprint,journal,Samudra Roy,Physics,arxiv,https://arxiv.org/abs/2204.03075v2,high,"arXiv physics.optics; IIT Kharagpur affiliation verified in PDF first pages (context: ...p 2022 Department of Physics, Indian Institue of Technology Kharagpur, Kharagpur 721302, India We investigate the collis)"
Possible signature of broken symmetry state near the quantum critical point in P doped BaFe$_2$As$_2$: A Raman spectroscopy study,2022,10.1016/j.physc.2023.1354211,arXiv preprint,journal,Anushree Roy,Physics,arxiv,https://arxiv.org/abs/2204.03605v1,high,"arXiv cond-mat.str-el; IIT Kharagpur affiliation verified in PDF first pages (context: ...as1 1 Department of Physics, Indian Institute of Technology Kharagpur, Kharagpur 721302, India 2 Human Resources Develop)"
Btech thesis report on adversarial attack detection and purification of adverserially attacked images,2022,,arXiv preprint,other,see affiliation context,,arxiv,https://arxiv.org/abs/2205.07859v1,medium,arXiv cs.LG; IIT Kharagpur affiliation verified in PDF first pages (context: ...); preprint (no journal-ref/DOI on arXiv)
Agent-based Simulation of District-based Elections,2022,,arXiv preprint,other,Adway Mitra,Centre of Excellence in Artificial Intelligence,arxiv,https://arxiv.org/abs/2205.14400v2,high,"arXiv cs.MA; IIT Kharagpur affiliation verified in PDF first pages (context: ... Centre of Excellence in AI, Indian Institute of Technology, Kharagpur Abstract In district-based elections, electors ca); preprint (no journal-ref/DOI on arXiv)"
Sub-Aperture Feature Adaptation in Single Image Super-resolution Model for Light Field Imaging,2022,10.1109/icip46576.2022.9898018,arXiv preprint,other,Jayanta Mukhopadhyay,Computer Science and Engineering,arxiv,https://arxiv.org/abs/2207.11894v2,high,"arXiv cs.CV; IIT Kharagpur affiliation verified in PDF first pages (context: ...hopadhyay, Prabir Kumar Biswas Indian Institute of Technology Kharagpur, India arXiv:2207.11894v2 [cs.CV] 26 Jul 2022 AB); preprint (no journal-ref/DOI on arXiv); doi via crossref exact-title lookup (post-discovery)"
Motion of a parametrically driven damped coplanar double pendulum,2022,10.1103/physreve.108.024210,"1 August 2023 issue of Physical Review E (Vol. 108, No. 2)",journal,Sugata Pratik Khastgir,Physics,arxiv,https://arxiv.org/abs/2208.03292v2,high,"arXiv physics.class-ph; IIT Kharagpur affiliation verified in PDF first pages (context: ... 2023 Department of Physics, Indian Institute of Technology Kharagpur, Kharagpur-721302, West Bengal, India (Dated: Augu)"
A machine learning approach to predict the structural and magnetic properties of Heusler alloy families,2022,10.1016/j.commatsci.2022.111836,arXiv preprint,other,Amal Kumar Das,Physics,arxiv,https://arxiv.org/abs/2208.12705v1,high,"arXiv cond-mat.mtrl-sci; IIT Kharagpur affiliation verified in PDF first pages (context: ...was a and Amal Kumar Das*a a Indian Institute of Technology Kharagpur, Khargapur-721302, India b Sensor Development Area); preprint (no journal-ref/DOI on arXiv); doi via crossref exact-title lookup (post-discovery)"
Verifiable and Energy Efficient Medical Image Analysis with Quantised Self-attentive Deep Neural Networks,2022,10.1007/978-3-031-18523-6_17,arXiv preprint,other,Swanand Khare,Mathematics,arxiv,https://arxiv.org/abs/2209.15287v1,high,"arXiv cs.CV; IIT Kharagpur affiliation verified in PDF first pages (context: ... Khare1 , and Debdoot Sheet1 Indian Institute of Technology Kharagpur, West Bengal, India Abstract. Convolutional Neural); preprint (no journal-ref/DOI on arXiv); doi via crossref exact-title lookup (post-discovery)"
Tracking nanoscale perturbation in active disordered media,2022,10.1103/physreva.107.023513,arXiv preprint,journal,see affiliation context,,arxiv,https://arxiv.org/abs/2210.02743v1,medium,"arXiv physics.optics; IIT Kharagpur affiliation verified in PDF first pages (context: ...2022 1 Department of Physics, Indian Institute of Technology Kharagpur, Kharagpur-721302, India 2 Department of Physics,)"
Few-Shot Visual Question Generation: A Novel Task and Benchmark Datasets,2022,,arXiv preprint,other,Abir Das,Computer Science and Engineering,arxiv,https://arxiv.org/abs/2210.07076v2,high,"arXiv cs.CV; IIT Kharagpur affiliation verified in PDF first pages (context: ...aptarshi Ghosh∗ , Abir Das∗ ∗ Indian Institute of Technology Kharagpur, West Bengal 721302, India, Abstract—Generating n); preprint (no journal-ref/DOI on arXiv)"
Self Supervised Low Dose Computed Tomography Image Denoising Using Invertible Network Exploiting Inter Slice Congruence,2022,10.1109/wacv56688.2023.00557,arXiv preprint,other,Prabir Kumar Biswas,Electronics and Electrical Communication Engineering,arxiv,https://arxiv.org/abs/2211.01618v1,high,"arXiv eess.IV; IIT Kharagpur affiliation verified in PDF first pages (context: ...tanu Bera, Prabir Kumar Biswas Indian Institute of Technology Kharagpur, India arXiv:2211.01618v1 [eess.IV] 3 Nov 2022 s); preprint (no journal-ref/DOI on arXiv); doi via crossref exact-title lookup (post-discovery)"
A semi-automatic method for document classification in the shipping industry,2023,,"Proceedings of Neptune's conference, Samudramanthan 2023 IIT Kharagpur",conference,see affiliation context,,arxiv,https://arxiv.org/abs/2305.06148v1,medium,"arXiv cs.CL; IIT Kharagpur affiliation verified in PDF first pages (context: ...Samudramanthan, Ocean Engineering and Naval Architecture IIT Kharagpur, 721302, India A SEMI-AUTOMATIC METHOD FOR DOCUME)"
Performance assessment of vehicle interdiction strategies in a simulation based environment on a complex transportation network,2023,,arXiv preprint,other,see affiliation context,,arxiv,https://arxiv.org/abs/2305.14372v1,medium,"arXiv physics.soc-ph; IIT Kharagpur affiliation verified in PDF first pages (context: ...echnology Development Centre, Indian Institute of Technology Kharagpur, Kharagpur, West Bengal 721302, India b Departmen); preprint (no journal-ref/DOI on arXiv)"
Deep Learning based Skin-layer Segmentation for Characterizing Cutaneous Wounds from Optical Coherence Tomography Images,2023,10.1109/embc40787.2023.10340321,"45th Annual International Conference of the IEEE Engineering in Medicine and Biology Society, 2023",conference,Subhamoy Mandal,School of Medical Science and Technology,arxiv,https://arxiv.org/abs/2306.01252v1,high,"arXiv eess.IV; IIT Kharagpur affiliation verified in PDF first pages (context: ...ical Science and Technology, Indian Institute of Technology Kharagpur, Kharagpur, India, PIN-721302. (e-mail: smandal@sm); doi via crossref exact-title lookup (post-discovery)"
Systematic Evaluation of Randomized Cache Designs against Cache Occupancy,2023,,arXiv preprint,other,Debdeep Mukhopadhyay,Computer Science and Engineering,arxiv,https://arxiv.org/abs/2310.05172v2,high,arXiv cs.CR; IIT Kharagpur affiliation verified in PDF first pages (context: ...rty@mpi-sp.org Nimish Mishra∗ Indian Institute of Technology Kharagpur nimish.mishra@kgpian.iitkgp.ac.in arXiv:2310.0517); preprint (no journal-ref/DOI on arXiv)
MILPaC: A Novel Benchmark for Evaluating Translation of Legal Text to Indian Languages,2023,,arXiv preprint,other,Adrijit Goswami,Mathematics,arxiv,https://arxiv.org/abs/2310.09765v2,high,"arXiv cs.CL; IIT Kharagpur affiliation verified in PDF first pages (context: ...GOSWAMI, and SAPTARSHI GHOSH, Indian Institute of Technology Kharagpur, India Most legal text in the Indian judiciary is); preprint (no journal-ref/DOI on arXiv)"
Nonet at SemEval-2023 Task 6: Methodologies for Legal Evaluation,2023,10.18653/v1/2023.semeval-1.180,https://aclanthology.org/2023.semeval-1.180,conference,Saptarshi Ghosh,Computer Science and Engineering,arxiv,https://arxiv.org/abs/2310.11049v1,high,"arXiv cs.CL; IIT Kharagpur affiliation verified in PDF first pages (context: ...aptarshi Ghosh2 Kripabandhu Ghosh4 1 2 IIT Kanpur, India IIT Kharagpur, India 3 4 Symbiosis Law School Pune, India IISER)"
The monopole and quadrupole moments of the Epoch of Reionization (EoR) 21-cm bispectrum,2023,10.1093/mnras/stad3273,2024,journal,Somnath Bharadwaj,Physics,arxiv,https://arxiv.org/abs/2310.15579v1,high,"arXiv astro-ph.CO; IIT Kharagpur affiliation verified in PDF first pages (context: ...ntre for Theoretical Studies, Indian Institute of Technology Kharagpur, Kharagpur 721302, India. 2 Astrophysics Research)"
LATIS: Lambda Abstraction-based Thermal Image Super-resolution,2023,,arXiv preprint,other,Aurobinda Routray,Electrical Engineering,arxiv,https://arxiv.org/abs/2311.12046v1,high,"arXiv eess.IV; IIT Kharagpur affiliation verified in PDF first pages (context: ...itra Kundu1 , Saumik Bhattacharya1 , Aurobinda Routray1 1 IIT Kharagpur arXiv:2311.12046v1 [eess.IV] 18 Nov 2023 pandaga); preprint (no journal-ref/DOI on arXiv)"
Modelling Einstein cluster using Einasto profile,2023,10.1088/1475-7516/2024/04/070,JCAP 04 (2024) 070,journal,Sayan Kar,Physics,arxiv,https://arxiv.org/abs/2311.18622v1,high,"arXiv gr-qc; IIT Kharagpur affiliation verified in PDF first pages (context: ...ov 2023 Department of Physics, Indian Institute of Technology Kharagpur, 721302, India Abstract We demonstrate a general)"
Design of an Analog Memory Cell in 0.25 micron CMOS process,2024,,arXiv preprint,other,see affiliation context,,arxiv,https://arxiv.org/abs/2402.14822v1,medium,arXiv cs.OH; IIT Kharagpur affiliation verified in PDF first pages (context: ...); preprint (no journal-ref/DOI on arXiv)
Low-Resource Counterspeech Generation for Indic Languages: The Case of Bengali and Hindi,2024,10.18653/v1/2024.findings-eacl.111,arXiv preprint,other,Saurabh Kumar Pandey,Physics,arxiv,https://arxiv.org/abs/2402.07262v1,high,"arXiv cs.CL; IIT Kharagpur affiliation verified in PDF first pages (context: ...nyajoy Saha Animesh Mukherjee Indian Insitute of Technology Kharagpur, India mithundas@iitkgp.ac.in, {saurabh2000.iitkgp); preprint (no journal-ref/DOI on arXiv); doi via crossref exact-title lookup (post-discovery)"
Understanding how social discussion platforms like Reddit are influencing financial behavior,2024,10.1109/wi-iat55865.2022.00096,IEEE/WIC/ACM International Joint Conference on Web Intelligence and Intelligent Agent Technology (WI-IAT) 2022 (pp. 612-619),conference,Animesh Mukherjee,Computer Science and Engineering,arxiv,https://arxiv.org/abs/2403.04298v2,high,"arXiv cs.SI; IIT Kharagpur affiliation verified in PDF first pages (context: ...ee4@tcs.com TCS Research Delhi, India lipika.dey@tcs.com IIT Kharagpur West Bengal, India aaditya1106@gmail.com Pramit K)"
Towards Adversarial Robustness And Backdoor Mitigation in SSL,2024,10.1109/icassp49660.2025.10890526,arXiv preprint,other,Somesh Kumar,Mathematics,arxiv,https://arxiv.org/abs/2403.15918v3,high,"arXiv cs.CV; IIT Kharagpur affiliation verified in PDF first pages (context: ...5918v3 [cs.CV] 16 Sep 2024 2 Indian Institute of Technology, Kharagpur Department of Mathematics, IIT Kharagpur ABSTRACT); preprint (no journal-ref/DOI on arXiv); doi via crossref exact-title lookup (post-discovery)"
Electronic properties of magnetic semiconductor $\textrm{CuMnO}_{2}$ : a first principles study,2024,,arXiv preprint,other,Arghya Taraphder,Physics,arxiv,https://arxiv.org/abs/2406.02499v1,high,"arXiv cond-mat.mtrl-sci; IIT Kharagpur affiliation verified in PDF first pages (context: ... India Department of Physics, Indian Institute of Technology Kharagpur, Kharagpur-721302, West Bengal India 3 Department); preprint (no journal-ref/DOI on arXiv)"
On The Persona-based Summarization of Domain-Specific Documents,2024,10.18653/v1/2024.findings-acl.849,ACL 2024 Findings (Association for Computational Linguistics),conference,Pawan Goyal,Computer Science and Engineering,arxiv,https://arxiv.org/abs/2406.03986v1,high,"arXiv cs.CL; IIT Kharagpur affiliation verified in PDF first pages (context: ...merlyn.org 1 Computer Science and Engineering Department, IIT Kharagpur, India. 2 Emergence AI Abstract In the rapidly e); doi via crossref exact-title lookup (post-discovery)"
Anomalous Lasing Behavior in a Nonlinear Plasmonic Random Laser,2024,10.1021/acsphotonics.4c01578,arXiv preprint,other,see affiliation context,,arxiv,https://arxiv.org/abs/2408.03536v1,medium,"arXiv physics.optics; IIT Kharagpur affiliation verified in PDF first pages (context: ...4 2 1 Department of Physics, Indian Institute of Technology Kharagpur, Kharagpur-721302, India Advanced Technology Devel); preprint (no journal-ref/DOI on arXiv); doi via crossref exact-title lookup (post-discovery)"
SMAB: MAB based word Sensitivity Estimation Framework and its Applications in Adversarial Text Generation,2025,10.18653/v1/2025.naacl-long.463,arXiv preprint,other,Saurabh Kumar Pandey,Physics,arxiv,https://arxiv.org/abs/2502.07101v1,high,"arXiv cs.CL; IIT Kharagpur affiliation verified in PDF first pages (context: ...ury@mbzuai.ac.ae 1 MBZUAI, 2 Indian Institute of Technology, Kharagpur 3 University of Massachusetts Amherst arXiv:2502.); preprint (no journal-ref/DOI on arXiv); doi via crossref exact-title lookup (post-discovery)"
Artificially Generated Visual Scanpath Improves Multi-label Thoracic Disease Classification in Chest X-Ray Images,2025,10.1109/tim.2024.3428591,"vol. 73, pp. 1-11, 2024, Art no. 4507311",journal,Prabir Kumar Biswas,Electronics and Electrical Communication Engineering,arxiv,https://arxiv.org/abs/2503.00657v1,high,"arXiv eess.IV; IIT Kharagpur affiliation verified in PDF first pages (context: ...l Communication Engineering, Indian Institute of Technology Kharagpur, India-721302.(e-mail: verma.bao@gmail.com, mailto)"
Directed Graph-alignment Approach for Identification of Gaps in Short Answers,2025,,arXiv preprint,other,Plaban Kumar Bhowmick,G.S. Sanyal School of Telecommunications,arxiv,https://arxiv.org/abs/2504.04473v1,high,"arXiv cs.CL; IIT Kharagpur affiliation verified in PDF first pages (context: ...tre for Educational Technology Indian Institute of Technology Kharagpur West Bengal, India sahuarchana7@gmail.com Plaban); preprint (no journal-ref/DOI on arXiv)"
Finite-Dimensional Quantum Systems under the Fourth Law of Thermodynamics,2025,,arXiv preprint,other,see affiliation context,,arxiv,https://arxiv.org/abs/2508.14389v1,medium,arXiv quant-ph; IIT Kharagpur affiliation verified in PDF first pages (context: ...amics Thesis submitted to the Indian Institute of Technology Kharagpur For award of the degree arXiv:2508.14389v1 [quant); preprint (no journal-ref/DOI on arXiv)
RSTGCN: Railway-centric Spatio-Temporal Graph Convolutional Network for Train Delay Prediction,2025,10.1109/tits.2026.3726308,arXiv preprint,journal,Saptarshi Ghosh,Computer Science and Engineering,arxiv,https://arxiv.org/abs/2510.01262v2,high,"arXiv cs.LG; IIT Kharagpur affiliation verified in PDF first pages (context: ...ter Science and Engineering, Indian Institute of Technology Kharagpur, and total arrival/departure delays. We also redes)"
Utilising Large Language Models for Generating Effective Counter Arguments to Anti-Vaccine Tweets,2025,,arXiv preprint,other,see affiliation context,,arxiv,https://arxiv.org/abs/2510.16359v1,medium,"arXiv cs.CL; IIT Kharagpur affiliation verified in PDF first pages (context: ....16359v1 [cs.CL] 18 Oct 2025 Indian Institute of Technology Kharagpur, West Bengal 721302, India § utsavdhanuka03@kgpian); preprint (no journal-ref/DOI on arXiv)"
RAA-MIL: A Novel Framework for Classification of Oral Cytology,2025,10.1109/isbi61048.2026.11515635,arXiv preprint,other,Subhamoy Mandal,School of Medical Science and Technology,arxiv,https://arxiv.org/abs/2511.12269v1,high,"arXiv eess.IV; IIT Kharagpur affiliation verified in PDF first pages (context: ...IV] 15 Nov 2025 School of Medical Science & Technology, IIT Kharagpur, India 2 Department of Electrical Engineering, IIT); preprint (no journal-ref/DOI on arXiv); doi via crossref exact-title lookup (post-discovery)"
Three-Photon Saturable Absorption in Atomically Thin Phlogopite,2025,,arXiv preprint,other,Prasanta Kumar Datta,Physics,arxiv,https://arxiv.org/abs/2511.12115v2,high,"arXiv physics.optics; IIT Kharagpur affiliation verified in PDF first pages (context: ... of Nanoscience and Technology, Indian Institute of Technology Kharagpur, 721302, India. 2 Department of Physics, Indian); preprint (no journal-ref/DOI on arXiv)"
Techno economic feasibility study of solar ORC in India,2025,,arXiv preprint,other,Sandeep Saha,Aerospace Engineering,arxiv,https://arxiv.org/abs/2511.19564v1,high,"arXiv physics.soc-ph; IIT Kharagpur affiliation verified in PDF first pages (context: ...t of Aerospace Engineering, Indian Institute of Technology, Kharagpur 4 Department of Mechanical Engineering, Indian Ins); preprint (no journal-ref/DOI on arXiv); also found via arxiv (https://arxiv.org/abs/2511.19564v1)"
Wave2Word: A Multimodal Transformer Framework for Joint EEG-Text Alignment and Multi-Task Representation Learning in Neurocritical Care,2026,,arXiv preprint,other,Debasis Samanta,Computer Science and Engineering,arxiv,https://arxiv.org/abs/2601.00670v1,high,"arXiv cs.HC; IIT Kharagpur affiliation verified in PDF first pages (context: ... Communication Engineering, Indian Institute of Technology, Kharagpur, Kharagpur, 721302, West Bengal, India b Departmen); preprint (no journal-ref/DOI on arXiv)"
Vehicle Routing with Finite Time Horizon using Deep Reinforcement Learning with Improved Network Embedding,2026,,arXiv preprint,other,Sudeshna Sarkar,Computer Science and Engineering,arxiv,https://arxiv.org/abs/2601.15131v1,high,"arXiv cs.AI; IIT Kharagpur affiliation verified in PDF first pages (context: ...an 2026 Department of Computer Science and Engineering, IIT Kharagpur Email: ayanmaity201@kgpian.iitkgp.ac.in 2 Departme); preprint (no journal-ref/DOI on arXiv)"
Advantages of Domain Knowledge Injection for Legal Document Summarization: A Case Study on Summarizing Indian Court Judgments in English and Hindi,2026,,arXiv preprint,other,Adrijit Goswami,Mathematics,arxiv,https://arxiv.org/abs/2602.07382v1,high,"arXiv cs.CL; IIT Kharagpur affiliation verified in PDF first pages (context: ...atta Department of Mathematics Indian Institute of Technology Kharagpur Kharagpur, India 721302 debtanudatta04@gmail.com); preprint (no journal-ref/DOI on arXiv)"
MAUNet-Light: A Concise MAUNet Architecture for Bias Correction and Downscaling of Precipitation Estimates,2026,,arXiv preprint,other,Adway Mitra,Centre of Excellence in Artificial Intelligence,arxiv,https://arxiv.org/abs/2602.12980v1,high,"arXiv cs.LG; IIT Kharagpur affiliation verified in PDF first pages (context: ... of Artificial Intelligence, Indian Institute of Technology Kharagpur, India. e-mail: (sumantamishra22@gmail.com) A. Mit); preprint (no journal-ref/DOI on arXiv)"
Distributed Gradient Clustering: Convergence and the Effect of Initialization,2026,10.1109/ieeeconf60004.2024.10942834,arXiv preprint,journal,Mrityunjoy Chakraborty,Electronics and Electrical Communication Engineering,arxiv,https://arxiv.org/abs/2603.20507v1,high,"arXiv cs.LG; IIT Kharagpur affiliation verified in PDF first pages (context: ...i,soummyak}@andrew.cmu.edu 2 Indian Institute of Technology Kharagpur, Kharagpur, India himkant@kgpian.iitkgp.ac.in, mri)"
Non-Floquet oscillations of a parametrically driven rigid planar pendulum,2026,10.1016/j.physleta.2026.131694,arXiv preprint,journal,Sugata Pratik Khastgir,Physics,arxiv,https://arxiv.org/abs/2604.22326v1,high,"arXiv physics.class-ph; IIT Kharagpur affiliation verified in PDF first pages (context: ...tgir a Department of Physics, Indian Institute of Technology Kharagpur, Kharagpur-721302, West Bengal, India Abstract Th)"
MTRBO: Multiple trust-region based Bayesian optimization,2026,10.1007/s12530-026-09858-2,"Evolving Systems, Vol 17, 96 (2026)",journal,Pabitra Mitra,Computer Science and Engineering,arxiv,https://arxiv.org/abs/2605.06618v1,high,"arXiv math.OC; IIT Kharagpur affiliation verified in PDF first pages (context: ... Department of Mathematics, Indian Institute of Technology, Kharagpur, Kharagpur, 721302, West Bengal, India. 2 Departme)"
Two-dimensional clay channels for tunable nanofluidic memristor,2026,10.1038/s43246-026-01307-6,arXiv preprint,journal,Sunando DasGupta,Chemical Engineering,arxiv,https://arxiv.org/abs/2605.08260v2,high,"arXiv cond-mat.mtrl-sci; IIT Kharagpur affiliation verified in PDF first pages (context: ...echnology Development Centre, Indian Institute of Technology Kharagpur, Kharagpur 721302, India 4 Department of Chemical)"
Constraining the $z \approx 1$ neutral hydrogen (HI) distribution,2026,10.3847/2041-8213/aea790,arXiv preprint,journal,Somnath Bharadwaj,Physics,arxiv,https://arxiv.org/abs/2607.24412v2,high,"arXiv astro-ph.CO; IIT Kharagpur affiliation verified in PDF first pages (context: ...waj1 1 Department of Physics, Indian Institute of Technology Kharagpur, Kharagpur 721 302, India arXiv:2607.24412v2 [ast)"
Phonon anomalies and critical scaling in the spin-$1/2$ trimer chain Na$_2$Cu$_3$Ge$_4$O$_{12}$,2026,10.1103/bt1k-q2cb,Phys. Rev. B 114 (2026) 074403,journal,Anushree Roy,Physics,arxiv,https://arxiv.org/abs/2608.12061v1,high,"arXiv cond-mat.str-el; IIT Kharagpur affiliation verified in PDF first pages (context: ...026 6 Department of Physics, Indian Institute of Technology Kharagpur, Kharagpur 721302, India 2 Solid State Physics Div)"
Spinning test particles in a weak gravitational wave and the memory effect,2026,,arXiv preprint,other,Sayan Kar,Physics,arxiv,https://arxiv.org/abs/2608.20463v1,high,"arXiv gr-qc; IIT Kharagpur affiliation verified in PDF first pages (context: ... Kar‡ Department of Physics, Indian Institute of Technology, Kharagpur 721 302, India Abstract In this work, we investig); preprint (no journal-ref/DOI on arXiv)"
Ion-Engineered Insulator-to-Semiconductor Transition in Natural 2D Biotite,2026,,arXiv preprint,other,Prasanta Kumar Datta,Physics,arxiv,https://arxiv.org/abs/2609.03757v1,high,"arXiv cond-mat.mtrl-sci; IIT Kharagpur affiliation verified in PDF first pages (context: ... Datta Department of Physics Indian Institute of Technology Kharagpur Kharagpur, 721302, India E-mail: pkdatta@phy.iitkg); preprint (no journal-ref/DOI on arXiv)"
