your_inst,partner_inst,shared_papers,total_citations,citations_from_partner,citations_to_partner,partner_kind,partner_openalex
IIT Kharagpur,Jadavpur University,361,5449,1973,3702,University,I170979836
IIT Kharagpur,Indian Institute of Science Bangalore,358,6723,1828,6787,IISc,I59270414
IIT Kharagpur,Indian Institute of Technology Bombay,342,6101,2266,4688,IIT,I162827531
IIT Kharagpur,National Institute of Technology Rourkela,318,5220,2253,1857,NIT,I16292982
IIT Kharagpur,Indian Institute of Technology Delhi,290,4484,2552,4312,IIT,I68891433
IIT Kharagpur,Indian Institute of Technology Kanpur,283,4647,1606,3982,IIT,I94234084
IIT Kharagpur,Indian Institute of Technology Roorkee,252,3083,640,1963,IIT,I154851008
IIT Kharagpur,"Indian Institute of Engineering Science and Technology, Shibpur",241,3344,972,1054,Other,I98365261
IIT Kharagpur,Indian Institute of Technology Dhanbad,214,4174,1685,1788,IIT,I189109744
IIT Kharagpur,Indian Institute of Technology Madras,212,3598,1938,3875,IIT,I24676775
IIT Kharagpur,University of Calcutta,207,3277,1025,1636,University,I106542073
IIT Kharagpur,"Birla Institute of Technology, Mesra",205,2801,977,626,Other,I115715567
IIT Kharagpur,Indian Statistical Institute,199,2848,595,1470,Other,I6498739
IIT Kharagpur,National Institute of Technology Durgapur,191,2867,934,764,NIT,I155837530
IIT Kharagpur,"Birla Institute of Technology and Science, Pilani",172,3231,1696,903,Other,I74796645
IIT Kharagpur,Indian Space Research Organisation,172,1948,532,1121,Other,I1289461252
IIT Kharagpur,Tata Steel (India),160,2571,256,656,Other,I87816474
IIT Kharagpur,Indian Institute of Technology Guwahati,158,3298,2791,2360,IIT,I1317621060
IIT Kharagpur,Vellore Institute of Technology University,146,2324,3022,1691,University,I876193797
IIT Kharagpur,Council of Scientific and Industrial Research,144,3999,1554,4168,CSIR,I66760702
IIT Kharagpur,Homi Bhabha National Institute,140,1914,1078,708,DAE,I200207707
IIT Kharagpur,Indian Institute of Technology Bhubaneswar,140,2229,877,668,IIT,I99729588
IIT Kharagpur,Bhabha Atomic Research Centre,140,2102,816,1964,DAE,I1329621470
IIT Kharagpur,S.N. Bose National Centre for Basic Sciences,137,2474,182,571,Other,I77430839
IIT Kharagpur,Indian Institute of Technology BHU,136,2924,1524,924,IIT,I56404289
IIT Kharagpur,Indian Institute of Science Education and Research Kolkata,136,1766,668,902,IISER,I127439422
IIT Kharagpur,KIIT University,130,1251,1155,522,University,I67357951
IIT Kharagpur,Banaras Hindu University,128,3508,2012,2348,University,I91357014
IIT Kharagpur,Vidyasagar University,126,2370,600,568,University,I41549804
IIT Kharagpur,Academy of Scientific and Innovative Research,121,4060,2885,1970,Other,I99364266
IIT Kharagpur,Indian Institute of Technology Patna,119,1029,962,664,IIT,I132153292
IIT Kharagpur,Indian Institute of Technology Gandhinagar,114,2554,640,814,IIT,I27674431
IIT Kharagpur,Indian Institute of Technology Jodhpur,105,710,752,374,IIT,I154549908
IIT Kharagpur,Indian Association for the Cultivation of Science,104,2337,550,1559,Other,I165998391
IIT Kharagpur,Space Applications Centre,103,951,186,430,Other,I4405268392
IIT Kharagpur,Indian Institute of Technology Ropar,100,1663,634,514,IIT,I119241673
IIT Kharagpur,Indian Institute of Technology Hyderabad,99,1596,940,739,IIT,I65181880
IIT Kharagpur,Tata Consultancy Services (India),95,799,135,197,Other,I55215948
IIT Kharagpur,Indian Council of Agricultural Research,91,1982,1136,973,Other,I179420787
IIT Kharagpur,Institute of Chemical Technology,90,1541,535,904,Other,I167751958
IIT Kharagpur,Amity University,89,2102,1358,655,University,I191972202
IIT Kharagpur,National Institute of Technology Warangal,87,963,995,532,NIT,I121750182
IIT Kharagpur,Indian Institute of Management Mumbai,85,3236,283,437,Other,I864998749
IIT Kharagpur,SRM Institute of Science and Technology,84,2067,2347,891,Other,I145286018
IIT Kharagpur,Indian Institute of Technology Indore,83,1273,1173,721,IIT,I64295750
IIT Kharagpur,Wadia Institute of Himalayan Geology,83,1582,403,630,Other,I1337471766
IIT Kharagpur,Indian Institute of Technology Mandi,79,980,547,406,IIT,I9579091
IIT Kharagpur,Central Mechanical Engineering Research Institute,75,1370,242,351,Other,I70735523
IIT Kharagpur,Bidhan Chandra Krishi Viswavidyalaya,75,3492,195,355,Other,I109963156
IIT Kharagpur,National Institute of Technology Karnataka,69,952,883,599,NIT,I11880225
IIT Kharagpur,Tata Institute of Fundamental Research,69,1078,261,1209,DAE,I11947397
IIT Kharagpur,University of Engineering & Management,67,569,224,89,University,I1296725772
IIT Kharagpur,University of Petroleum and Energy Studies,65,803,1089,410,University,I5847235
IIT Kharagpur,Ministry of Earth Sciences,63,990,815,895,Other,I4210100914
IIT Kharagpur,National Institute Of Technology Silchar,63,647,806,445,Other,I151903974
IIT Kharagpur,Siksha O Anusandhan University,62,510,805,448,University,I193073490
IIT Kharagpur,"Medical College and Hospital, Kolkata",62,555,21,110,Other,I68428275
IIT Kharagpur,Indian Institute of Management Ranchi,61,1422,256,175,Other,I4210162014
IIT Kharagpur,Christ University,59,798,624,137,University,I48018076
IIT Kharagpur,Visva-Bharati University,58,643,463,337,University,I130291710
IIT Kharagpur,Indian Institute of Technology Jammu,58,603,258,92,IIT,I4210127441
IIT Kharagpur,Saha Institute of Nuclear Physics,58,1291,177,489,DAE,I16019930
IIT Kharagpur,University of Delhi,57,759,1662,2063,University,I110166357
IIT Kharagpur,Central Glass and Ceramic Research Institute,57,1145,201,503,Other,I1309307044
IIT Kharagpur,National Metallurgical Laboratory,57,996,192,437,Other,I4210111921
IIT Kharagpur,West Bengal University of Animal and Fishery Sciences,57,1273,168,106,University,I75444546
IIT Kharagpur,"SRM University, Andhra Pradesh",56,375,481,165,University,I4210100463
IIT Kharagpur,Presidency University,55,1388,447,671,University,I157674215
IIT Kharagpur,Defence Research and Development Organisation,55,556,173,297,Other,I1340206300
IIT Kharagpur,Birla Institute of Technology and Science - Hyderabad Campus,53,605,816,322,Other,I4210101034
IIT Kharagpur,North Bengal University,53,836,325,204,University,I56090587
IIT Kharagpur,Tata Medical Center,53,481,24,34,Other,I4210089010
IIT Kharagpur,Jawaharlal Nehru University,51,1778,777,1259,University,I152429107
IIT Kharagpur,GITAM University,51,649,599,204,University,I885392262
IIT Kharagpur,National Geophysical Research Institute,51,683,465,1399,Other,I22716965
IIT Kharagpur,Thapar Institute of Engineering & Technology,50,599,728,672,Other,I162030827
IIT Kharagpur,National Institute of Technology Meghalaya,50,723,278,134,NIT,I9523339
IIT Kharagpur,National Institute of Technology Calicut,49,746,946,324,NIT,I114845381
IIT Kharagpur,Government of West Bengal,48,685,226,260,Other,I2801424531
IIT Kharagpur,Institute of Minerals and Materials Technology,47,1354,361,478,Other,I4210107015
IIT Kharagpur,Indian Institute of Tropical Meteorology,46,1526,553,1454,Other,I1333651918
IIT Kharagpur,National Institute of Technology Agartala,46,564,442,274,NIT,I196486160
IIT Kharagpur,SRM University,46,436,344,197,University,I4210131147
IIT Kharagpur,"Birla Institute of Technology and Science, Pilani - Goa Campus",46,1872,314,187,Other,I4210148827
IIT Kharagpur,Indian Institute of Chemical Biology,46,1086,149,406,Other,I160344538
IIT Kharagpur,National Institute of Hydrology,45,1264,341,462,Other,I4210147361
IIT Kharagpur,Tezpur University,44,1012,576,632,University,I126601174
IIT Kharagpur,"International Institute of Information Technology, Hyderabad",44,1371,355,588,IIIT,I64189192
IIT Kharagpur,Defence Metallurgical Research Laboratory,44,339,114,491,Other,I202429437
IIT Kharagpur,Midnapore College,44,773,67,104,Other,I4405274353
IIT Kharagpur,Manipal Academy of Higher Education,43,653,1348,547,Other,I164861460
IIT Kharagpur,Midnapore Medical College and Hospital,43,751,2,35,Other,I251397004
IIT Kharagpur,University of Hyderabad,42,1107,485,1106,University,I36893310
IIT Kharagpur,All India Institute of Medical Sciences,42,646,234,380,AIIMS,I63739035
IIT Kharagpur,Visvesvaraya National Institute of Technology,41,357,433,441,NIT,I167153416
IIT Kharagpur,National Institute of Science Education and Research,41,497,329,317,IISER,I163389970
IIT Kharagpur,"Institute of Physics, Bhubaneshwar",41,1165,107,253,Other,I40912709
IIT Kharagpur,XIM University,39,784,137,58,University,I4210137468
IIT Kharagpur,North Bengal Agricultural University,39,833,96,151,University,I4210116187
IIT Kharagpur,Institute of Reproductive Medicine,39,468,2,52,Other,I4210127825
IIT Kharagpur,Indian Agricultural Research Institute,37,841,746,949,Other,I45509622
IIT Kharagpur,Maulana Azad National Institute of Technology,37,610,453,318,NIT,I91277730
IIT Kharagpur,"Indian Institute of Science Education and Research, Bhopal",37,583,429,489,IISER,I288749910
IIT Kharagpur,Indian Institute of Technology Bhilai,37,603,333,78,IIT,I4210121466
IIT Kharagpur,Indian Institute of Technology Tirupati,37,634,250,55,IIT,I4210109292
IIT Kharagpur,International Crops Research Institute for the Semi-Arid Tropics,37,945,116,348,Other,I4210163774
IIT Kharagpur,Sardar Vallabhbhai National Institute of Technology Surat,36,505,604,416,NIT,I42014448
IIT Kharagpur,Assam University,36,629,393,244,University,I49278261
IIT Kharagpur,Central University of Jharkhand,36,432,249,190,University,I175970653
IIT Kharagpur,JIS University,36,405,169,45,University,I4405256552
IIT Kharagpur,National Institute of Technology Jamshedpur,35,320,429,185,NIT,I187761245
IIT Kharagpur,Government of India,35,1147,263,474,Other,I2799351866
IIT Kharagpur,Adamas University,35,359,183,75,University,I3130244785
IIT Kharagpur,Indian National Centre for Ocean Information Services,35,703,180,495,Other,I1333738725
IIT Kharagpur,Energy and Resources Institute,35,418,139,342,Other,I1286858202
IIT Kharagpur,TCG Crest,35,468,61,20,Other,I4210159890
IIT Kharagpur,University of Burdwan,34,701,617,493,University,I132359460
IIT Kharagpur,Physical Research Laboratory,34,716,323,870,Other,I121502294
IIT Kharagpur,"Maulana Abul Kalam Azad University of Technology, West Bengal",34,431,289,164,University,I99601430
IIT Kharagpur,Sidho-Kanho-Birsha University,34,557,206,137,University,I261330113
IIT Kharagpur,National Institute for Interdisciplinary Science and Technology,33,1556,247,598,Other,I146682468
IIT Kharagpur,Haldia Institute of Technology,33,275,212,114,Other,I175399479
IIT Kharagpur,National Institute of Technology Patna,32,621,583,234,NIT,I11793825
IIT Kharagpur,Pandit Deendayal Energy University,32,294,517,304,University,I33586908
IIT Kharagpur,Cochin University of Science and Technology,32,425,514,595,University,I20497027
IIT Kharagpur,Indian Council of Medical Research,32,766,282,272,Other,I37048141
IIT Kharagpur,National Remote Sensing Centre,32,922,174,481,Other,I1311524620
IIT Kharagpur,Amrita Vishwa Vidyapeetham,31,423,1072,550,Other,I81556334
IIT Kharagpur,Veer Surendra Sai University of Technology,31,414,326,196,University,I185065464
IIT Kharagpur,TERI University,31,338,84,287,University,I118315836
IIT Kharagpur,Chandigarh University,30,1061,1336,330,University,I101407740
IIT Kharagpur,National Centre for Radio Astrophysics,30,530,129,520,Other,I147602599
IIT Kharagpur,Central Ground Water Board,29,1049,155,246,Other,I4210113437
IIT Kharagpur,Indraprastha Institute of Information Technology Delhi,29,537,149,164,IIIT,I119939252
IIT Kharagpur,International Management Institute,29,722,113,83,Other,I158867519
IIT Kharagpur,Heritage Institute of Technology,29,378,71,58,Other,I4405272644
IIT Kharagpur,National Institute of Technology Tiruchirappalli,28,1037,981,817,NIT,I122964287
IIT Kharagpur,"Anna University, Chennai",28,514,940,1372,University,I33585257
IIT Kharagpur,Aliah University,28,322,269,86,University,I180765649
IIT Kharagpur,Central Agricultural University,28,159,239,149,University,I76253773
IIT Kharagpur,Techno India University,28,340,139,65,University,I1288043984
IIT Kharagpur,Microsoft (India),28,560,24,46,Other,I4210162141
IIT Kharagpur,Intel (India),28,174,17,37,Other,I4210146682
IIT Kharagpur,National Institute of Technology Raipur,27,345,596,306,NIT,I38335241
IIT Kharagpur,National Institute of Oceanography,27,412,297,1370,Other,I75093019
IIT Kharagpur,Brainware University,27,150,203,20,University,I4405266301
IIT Kharagpur,Inter-University Accelerator Centre,27,267,192,187,University,I4210089002
IIT Kharagpur,National Botanical Research Institute,27,548,98,188,Other,I170396143
IIT Kharagpur,IBM (India),27,117,22,67,Other,I4210129961
IIT Kharagpur,Indian Institute of Chemical Technology,26,585,361,865,Other,I55664587
IIT Kharagpur,O. P. Jindal Global University,26,341,341,153,University,I4210129200
IIT Kharagpur,Govind Ballabh Pant University of Agriculture and Technology,26,456,313,378,University,I252758333
IIT Kharagpur,Geological Survey of India,26,290,252,731,Other,I64389444
IIT Kharagpur,Indira Gandhi Centre for Atomic Research,26,396,174,675,DAE,I2802630050
IIT Kharagpur,Indian Institute of Space Science and Technology,26,382,162,218,Other,I882761360
IIT Kharagpur,Vikram Sarabhai Space Centre,26,308,124,383,Other,I71374576
IIT Kharagpur,Oil and Natural Gas Corporation (India),26,124,51,119,Other,I172790451
IIT Kharagpur,Central Institute of Agricultural Engineering,25,497,179,254,Other,I138367206
IIT Kharagpur,Variable Energy Cyclotron Centre,25,616,62,172,Other,I1279672703
IIT Kharagpur,North Eastern Hill University,24,256,209,224,University,I197465736
IIT Kharagpur,Odisha University of Agriculture and Technology,24,350,185,99,University,I13567498
IIT Kharagpur,Fortis Hospital,24,185,4,27,Other,I4210141555
IIT Kharagpur,GLA University,23,1138,794,189,University,I82571370
IIT Kharagpur,Symbiosis International University,23,277,612,369,University,I244572783
IIT Kharagpur,Malaviya National Institute of Technology Jaipur,23,219,539,508,NIT,I83205935
IIT Kharagpur,University of Kalyani,23,284,321,429,University,I77501641
IIT Kharagpur,Indian Institute of Remote Sensing,23,746,237,508,Other,I51281103
IIT Kharagpur,Central Plantation Crops Research Institute,23,1050,130,134,Other,I4210142041
IIT Kharagpur,Bose Institute,23,795,129,260,Other,I152754861
IIT Kharagpur,ICAR Research Complex for NEH Region,23,209,102,138,Other,I4210111975
IIT Kharagpur,"Kerala University of Digital Sciences, Innovation and Technology",23,91,35,3,University,I4405263365
IIT Kharagpur,Nil Ratan Sircar Medical College and Hospital,23,235,7,8,Other,I158908536
IIT Kharagpur,Sharda University,22,457,647,230,University,I74885063
IIT Kharagpur,University of Kashmir,22,1281,592,502,University,I135388327
IIT Kharagpur,Motilal Nehru National Institute of Technology,22,598,527,404,NIT,I152869788
IIT Kharagpur,National Institute of Food Technology Entrepreneurship and Management,22,961,346,255,Other,I342702707
IIT Kharagpur,North Eastern Regional Institute of Science and Technology,22,1068,116,249,Other,I160302567
IIT Kharagpur,Post Graduate Institute of Medical Education and Research,22,337,74,281,Other,I45294948
IIT Kharagpur,Indian Institute of Plantation Management,22,62,11,14,Other,I99383213
IIT Kharagpur,Chaudhary Charan Singh Haryana Agricultural University,21,329,241,188,University,I24927338
IIT Kharagpur,Lovely Professional University,20,230,1508,458,University,I110360157
IIT Kharagpur,National Chemical Laboratory,20,2591,274,1059,Other,I3125981224
IIT Kharagpur,Indian Institute of Technology Palakkad,20,105,197,66,IIT,I4210113248
IIT Kharagpur,Indian Institute of Pulses Research,20,474,104,163,Other,I2800609603
IIT Kharagpur,Indian Institute of Information Technology Guwahati,20,166,99,31,IIIT,I4210089896
IIT Kharagpur,Flame University,20,134,88,32,University,I2802865875
IIT Kharagpur,Indian Institute of Water Management,20,561,73,116,Other,I4210133751
IIT Kharagpur,Indian Institute of Management Indore,20,190,53,90,Other,I33003672
IIT Kharagpur,Ashoka University,20,51,34,36,University,I347237974
IIT Kharagpur,U. R. Rao Satellite Centre,20,117,25,15,Other,I4405258076
IIT Kharagpur,Delhi Technological University,19,1799,606,387,University,I863896202
IIT Kharagpur,University of Allahabad,19,170,471,361,University,I168893459
IIT Kharagpur,Sant Longowal Institute of Engineering and Technology,19,513,217,272,Other,I63568130
IIT Kharagpur,National Institute of Technology Andhra Pradesh,19,203,167,60,NIT,I4210153924
IIT Kharagpur,Ramakrishna Mission Vivekananda Educational and Research Institute,19,284,117,241,Other,I34034455
IIT Kharagpur,Saveetha University,18,1116,2613,560,University,I85461943
IIT Kharagpur,National Institute of Technology Srinagar,18,225,584,143,NIT,I8778637
IIT Kharagpur,Alliance University,18,60,319,28,University,I144614875
IIT Kharagpur,Guru Ghasidas Vishwavidyalaya,18,669,245,94,Other,I26285277
IIT Kharagpur,Atal Bihari Vajpayee Indian Institute of Information Technology and Management,18,65,127,74,IIIT,I9747756
IIT Kharagpur,Raman Research Institute,18,168,79,426,Other,I119598438
IIT Kharagpur,Indian Institute of Information Technology Lucknow,18,59,67,16,IIIT,I4405256517
IIT Kharagpur,Institute of Post Graduate Medical Education and Research,18,259,11,94,Other,I4210100047
IIT Kharagpur,Centre For Development Studies,18,760,9,81,Other,I157886920
IIT Kharagpur,Integrated Test Range,18,51,4,21,Other,I4210125378
IIT Kharagpur,Chitkara University,17,220,941,191,University,I74319210
IIT Kharagpur,Jamia Millia Islamia,17,907,807,860,Other,I59475050
IIT Kharagpur,Nirma University,17,202,275,135,University,I165831266
IIT Kharagpur,Indian Institute of Science Education and Research Mohali,17,207,264,303,IISER,I165916956
IIT Kharagpur,Central Institute of Mining and Fuel Research,17,159,165,271,Other,I4210127669
IIT Kharagpur,UGC DAE Consortium for Scientific Research,17,161,112,245,Other,I4210132317
IIT Kharagpur,International Advanced Research Centre for Powder Metallurgy and New Materials,17,230,107,189,Other,I4210103291
IIT Kharagpur,International Institute of Information Technology,17,373,101,61,IIIT,I4210097016
IIT Kharagpur,Central Road Research Institute,17,253,54,67,Other,I4210106426
IIT Kharagpur,Indian Institute of Information Technology Kalyani,17,384,39,26,IIIT,I4405259730
IIT Kharagpur,Ministry of Agriculture & Farmers Welfare,17,771,20,15,Other,I4210105197
IIT Kharagpur,Graphic Era University,16,615,948,219,University,I60054993
IIT Kharagpur,Panjab University,16,995,655,868,University,I51452335
IIT Kharagpur,Savitribai Phule Pune University,16,351,629,822,University,I878213199
IIT Kharagpur,Dr. B. R. Ambedkar National Institute of Technology Jalandhar,16,284,562,308,NIT,I70971781
IIT Kharagpur,Indian Institute of Science Education and Research Pune,16,151,183,583,IISER,I181996519
IIT Kharagpur,Utkal University,16,615,159,169,University,I70699430
IIT Kharagpur,Rajiv Gandhi Institute of Petroleum Technology,16,65,135,99,Other,I98210582
IIT Kharagpur,Jawaharlal Nehru Centre for Advanced Scientific Research,16,202,131,929,Other,I147481903
IIT Kharagpur,Indian Institute of Management Raipur,16,240,92,83,Other,I111245572
IIT Kharagpur,Raja Narendra Lal Khan Women's College,16,411,65,40,Other,I4405282785
IIT Kharagpur,National Institute of Cholera and Enteric Diseases,16,196,8,58,Other,I4210101909
IIT Kharagpur,Calcutta National Medical College and Hospital,16,207,0,32,Other,I111058918
IIT Kharagpur,Jain University,15,83,704,257,University,I106826634
IIT Kharagpur,University of Madras,15,514,300,434,University,I215927
IIT Kharagpur,"Vignan's Foundation for Science, Technology & Research",15,166,283,108,Other,I149313025
IIT Kharagpur,Centurion University of Technology and Management,15,241,280,86,University,I47639616
IIT Kharagpur,Shiv Nadar University,15,247,164,229,University,I26604189
IIT Kharagpur,Dhirubhai Ambani University,15,190,48,41,University,I98389781
IIT Kharagpur,Netaji Subhash Engineering College,15,97,27,34,Other,I4405276829
IIT Kharagpur,Robert Bosch (India),15,318,21,53,Other,I4210151956
IIT Kharagpur,Pondicherry University,14,122,545,571,University,I175691731
IIT Kharagpur,SASTRA University,14,252,417,321,University,I932239252
IIT Kharagpur,National Environmental Engineering Research Institute,14,885,366,480,Other,I170347488
IIT Kharagpur,Defence Institute of Advanced Technology,14,299,197,273,Other,I156406944
IIT Kharagpur,Chaudhary Charan Singh University,14,670,170,91,University,I303593345
IIT Kharagpur,Raja Ramanna Centre for Advanced Technology,14,179,110,312,DAE,I1289303365
IIT Kharagpur,Sanjay Gandhi Post Graduate Institute of Medical Sciences,14,432,101,98,Other,I161370692
IIT Kharagpur,LNM Institute of Information Technology,14,280,78,63,IIIT,I33552525
IIT Kharagpur,Harish-Chandra Research Institute,14,124,68,268,Other,I35409948
IIT Kharagpur,Indian Institute of Foreign Trade,14,42,54,44,Other,I38919395
IIT Kharagpur,Maharaj Vijayaram Gajapathi Raj College of Engineering,14,190,51,30,Other,I4210094866
IIT Kharagpur,Hari Shankar Singhania Elastomer And Tyre Research Institute,14,209,39,38,Other,I4210099537
IIT Kharagpur,Naval Materials Research Laboratory,14,97,27,67,Other,I4210151674
IIT Kharagpur,National Brain Research Centre,14,270,5,138,Other,I85332549
IIT Kharagpur,Jaypee University of Information Technology,13,437,170,127,IIIT,I153954893
IIT Kharagpur,National Centre for Polar and Ocean Research,13,180,169,191,Other,I106814784
IIT Kharagpur,Sambalpur University,13,162,134,87,University,I112754052
IIT Kharagpur,Woxsen School of Business,13,103,109,34,Other,I3131870445
IIT Kharagpur,Sikkim Manipal University,13,227,108,78,University,I81433678
IIT Kharagpur,Centre of Biomedical Research,13,396,92,53,Other,I4210161010
IIT Kharagpur,Central Arid Zone Research Institute,13,713,85,125,Other,I138570494
IIT Kharagpur,ICFAI Business School,13,231,84,75,Other,I4210102611
IIT Kharagpur,Indian Institute of Technology Goa,13,186,77,12,IIT,I4210112052
IIT Kharagpur,Diamond Harbour Women's University,13,147,73,34,University,I3130807960
IIT Kharagpur,Sister Nivedita University,13,55,68,7,University,I4405259629
IIT Kharagpur,Assam Agricultural University,13,145,67,80,University,I35839044
IIT Kharagpur,Ramakrishna Mission Vidyamandira,13,361,63,59,Other,I2799306724
IIT Kharagpur,Centre for Development of Advanced Computing,13,114,58,135,Other,I1331500379
IIT Kharagpur,Institute of Mathematical Sciences,13,76,43,146,Other,I59611059
IIT Kharagpur,Central Institute For Subtropical Horticulture,13,745,18,12,Other,I4210099926
IIT Kharagpur,Koneru Lakshmaiah Education Foundation,12,441,582,183,Other,I875944469
IIT Kharagpur,National Centre for Earth Science Studies,12,174,248,162,Other,I84913233
IIT Kharagpur,University of Mumbai,12,134,239,331,University,I169877490
IIT Kharagpur,Mizoram University,12,295,236,168,University,I195459967
IIT Kharagpur,Central Leather Research Institute,12,754,171,496,Other,I112576028
IIT Kharagpur,Kazi Nazrul University,12,101,156,43,University,I3131729800
IIT Kharagpur,Institute of Advanced Study in Science and Technology,12,223,125,104,Other,I4210148816
IIT Kharagpur,Indian Institute of Technology Dharwad,12,188,120,20,IIT,I4210152718
IIT Kharagpur,National Institute of Pharmaceutical Education and Research,12,137,104,61,Other,I4210161501
IIT Kharagpur,Indian Institute of Petroleum and Energy,12,141,101,31,Other,I4405263468
IIT Kharagpur,National Institute of Technology Arunachal Pradesh,12,322,101,34,NIT,I57496824
IIT Kharagpur,ICFAI Foundation for Higher Education,12,160,92,67,Other,I4210138731
IIT Kharagpur,National Institute of Technology Sikkim,12,210,86,25,NIT,I101326570
IIT Kharagpur,Institute of Medical Sciences,12,67,67,188,Other,I51317819
IIT Kharagpur,"St. Xavier's College (Autonomous), Kolkata",12,49,65,36,Other,I4405256019
IIT Kharagpur,National Aerospace Laboratories,12,133,46,207,Other,I1286499117
IIT Kharagpur,Indian Institute of Management Calcutta,12,181,44,165,Other,I71495548
IIT Kharagpur,Defence Materials and Stores Research and Development Establishment,12,151,35,82,Other,I4210113972
IIT Kharagpur,Indian Institute of Management Tiruchirappalli,12,78,33,35,Other,I2802990396
IIT Kharagpur,Aligarh Muslim University,11,426,786,878,University,I171210897
IIT Kharagpur,Bharathidasan University,11,775,404,404,University,I4076070
IIT Kharagpur,Central University of Rajasthan,11,76,286,155,University,I76777374
IIT Kharagpur,Gauhati University,11,407,258,251,University,I138537684
IIT Kharagpur,SR University,11,101,256,34,University,I4405263155
IIT Kharagpur,India Meteorological Department,11,79,226,812,Other,I2802599571
IIT Kharagpur,Osmania University,11,64,179,240,University,I8975392
IIT Kharagpur,Bennett University,11,221,179,69,University,I3129773123
IIT Kharagpur,Gautam Buddha University,11,532,138,105,University,I72769676
IIT Kharagpur,Jaipuria Institute of Management,11,263,135,71,Other,I26771391
IIT Kharagpur,Bihar Agricultural University,11,177,105,57,University,I2800696116
IIT Kharagpur,Indira Gandhi Institute of Technology,11,65,98,39,Other,I20791572
IIT Kharagpur,National Institute of Science and Technology,11,87,47,46,Other,I4210098947
IIT Kharagpur,Rajiv Gandhi University of Knowledge Technologies,11,80,44,44,University,I46700001
IIT Kharagpur,Institute of Rural Management Anand,11,210,39,31,Other,I180801515
IIT Kharagpur,Wipro (India),11,478,26,37,Other,I4210090636
IIT Kharagpur,ITM University,11,811,22,27,University,I191366470
IIT Kharagpur,IBM Research - India,11,304,14,64,Other,I4210103279
IIT Kharagpur,Apollo Gleneagles Hospitals,11,176,0,6,Other,I2801225794
IIT Kharagpur,Punjab Agricultural University,10,279,388,632,University,I899646
IIT Kharagpur,Dr. Hari Singh Gour University,10,332,274,228,University,I8977528
IIT Kharagpur,CSIR National Physical Laboratory of India,10,376,249,745,CSIR,I88910343
IIT Kharagpur,Chaitanya Bharathi Institute of Technology,10,86,186,49,Other,I134892692
IIT Kharagpur,National Institute of Technology Delhi,10,68,176,88,NIT,I44635919
IIT Kharagpur,Amity University Mumbai,10,58,137,67,University,I4405262953
IIT Kharagpur,Indian Institute of Soil and Water Conservation,10,362,89,110,Other,I4210158105
IIT Kharagpur,Indian Institute of Soil Science,10,133,69,123,Other,I173432400
IIT Kharagpur,Lalit Narayan Mithila University,10,321,55,3,University,I3130357712
IIT Kharagpur,Indian Institute of Management Kashipur,10,281,47,63,Other,I2799289540
IIT Kharagpur,Microsoft Research (India),10,53,34,112,Other,I4210124949
IIT Kharagpur,Chennai Mathematical Institute,10,35,31,129,Other,I19149307
IIT Kharagpur,NIIT University,10,65,24,13,University,I4210123960
IIT Kharagpur,All India Institute of Medical Sciences Bhopal,10,65,19,15,AIIMS,I4210106490
IIT Kharagpur,Hindustan Aeronautics Limited (India),10,105,12,15,Other,I4210088939
IIT Kharagpur,Bankura Sammilani Medical College,10,320,10,12,Other,I127174594
IIT Kharagpur,Central Salt and Marine Chemicals Research Institute,9,224,371,541,Other,I128420443
IIT Kharagpur,Uttaranchal University,9,256,363,97,University,I3132702812
IIT Kharagpur,Babasaheb Bhimrao Ambedkar University,9,257,359,212,University,I143247161
IIT Kharagpur,University of Lucknow,9,167,262,305,University,I186246823
IIT Kharagpur,MIT World Peace University,9,59,227,45,University,I4210088227
IIT Kharagpur,Indian Institute of Science Education and Research Thiruvananthapuram,9,152,210,247,IISER,I50557253
IIT Kharagpur,North East Institute of Science and Technology,9,58,207,255,Other,I2800857658
IIT Kharagpur,Sher-e-Kashmir University of Agricultural Sciences and Technology of Kashmir,9,152,204,181,University,I1306687154
IIT Kharagpur,Cotton University,9,47,193,94,University,I4210102512
IIT Kharagpur,Inter-University Centre for Astronomy and Astrophysics,9,253,165,342,University,I59781447
IIT Kharagpur,Kumaun University,9,264,159,257,University,I119311299
IIT Kharagpur,Central University of South Bihar,9,132,117,74,University,I343503978
IIT Kharagpur,Institute of Management Technology,9,117,93,77,Other,I166533956
IIT Kharagpur,Central Building Research Institute,9,98,77,120,Other,I2801347850
IIT Kharagpur,Institute of Infrastructure Technology Research and Management,9,66,74,82,Other,I3130511786
IIT Kharagpur,Ministry of Defence,9,301,74,100,Other,I4210150591
IIT Kharagpur,Central Drug Research Institute,9,53,69,195,Other,I185249246
IIT Kharagpur,Central Institute of Post-Harvest Engineering and Technology,9,112,67,149,Other,I4210104382
IIT Kharagpur,Institute of Seismological Research,9,193,60,121,Other,I4210095987
IIT Kharagpur,Jogesh Chandra Chaudhuri College,9,211,51,31,Other,I4405261212
IIT Kharagpur,Azim Premji University,9,129,39,56,University,I14716724
IIT Kharagpur,National Institute of Technical Teachers’ Training and Research,9,206,38,23,Other,I4210094264
IIT Kharagpur,Seacom Skills University,9,186,27,10,University,I4405265952
IIT Kharagpur,Department of Atomic Energy,9,104,26,62,DAE,I3149292468
IIT Kharagpur,International Centre for Theoretical Sciences,9,93,21,187,Other,I4210090503
IIT Kharagpur,"All India Institute of Medical Sciences, Patna",9,42,15,21,AIIMS,I4405266460
IIT Kharagpur,Texas Instruments (India),9,20,14,10,Other,I4210109535
IIT Kharagpur,Durgadevi Saraf Institute of Management Studies,9,91,12,36,Other,I4405260332
IIT Kharagpur,Naval Science & Technological Laboratory,9,81,2,15,Other,I4210125896
IIT Kharagpur,Sathyabama Institute of Science and Technology,8,108,485,252,Other,I43814544
IIT Kharagpur,Mahatma Gandhi University,8,279,337,410,University,I177436651
IIT Kharagpur,Banasthali University,8,227,298,157,University,I102117144
IIT Kharagpur,Guru Gobind Singh Indraprastha University,8,114,254,185,University,I105454292
IIT Kharagpur,"Maharishi Markandeshwar University, Mullana",8,99,244,120,University,I155284866
IIT Kharagpur,B.S. Abdur Rahman Crescent Institute of Science & Technology,8,222,201,109,Other,I94948490
IIT Kharagpur,Rajiv Gandhi University,8,204,156,48,University,I4210102005
IIT Kharagpur,Dehradun Institute of Technology University,8,55,155,40,University,I933318745
IIT Kharagpur,Goa University,8,94,149,139,University,I140887281
IIT Kharagpur,National Dairy Research Institute,8,173,137,177,Other,I187279525
IIT Kharagpur,Indian Institute of Management Visakhapatnam,8,119,136,11,Other,I4210156205
IIT Kharagpur,Sri Sathya Sai Institute of Higher Learning,8,326,133,116,Other,I4819740
IIT Kharagpur,Central Rice Research Institute,8,342,109,145,Other,I77541275
IIT Kharagpur,International Maize and Wheat Improvement Center,8,396,83,247,Other,I4210158324
IIT Kharagpur,ICAR - Central Institute for Research on Cotton Technology,8,350,73,76,Other,I4210094422
IIT Kharagpur,Dayalbagh Educational Institute,8,52,66,88,Other,I178254495
IIT Kharagpur,Indian Institute of Management Ahmedabad,8,71,65,192,Other,I150870154
IIT Kharagpur,Indian Institute of Science Education and Research Berhampur,8,121,53,20,IISER,I4210115612
IIT Kharagpur,National Centre for Cell Science,8,178,48,89,Other,I4210104670
IIT Kharagpur,Indian Grassland and Fodder Research Institute,8,176,45,63,Other,I1296611117
IIT Kharagpur,Reliance Industries (India),8,53,37,68,Other,I4210136064
IIT Kharagpur,"Shiv Nadar University, Chennai",8,64,27,5,University,I4405255682
IIT Kharagpur,Ministry of Jal Shakti,8,67,27,7,Other,I4405270522
IIT Kharagpur,Haldia Government College,8,95,22,21,Other,I4405275834
IIT Kharagpur,Indian Oil Corporation (India),8,47,20,98,Other,I173709673
IIT Kharagpur,"All India Institute of Medical Sciences, Deoghar",8,19,16,10,AIIMS,I4396570500
IIT Kharagpur,Defence Research and Development Laboratory,8,92,16,45,Other,I2800689258
IIT Kharagpur,Bharat Electronics (India),8,57,16,7,Other,I114602248
IIT Kharagpur,STMicroelectronics (India),8,34,1,2,Other,I4210094169
IIT Kharagpur,Sri Sivasubramaniya Nadar College of Engineering,7,421,430,286,Other,I916357946
IIT Kharagpur,Netaji Subhas University of Technology,7,27,341,179,University,I36090812
IIT Kharagpur,Galgotias University,7,30,337,76,University,I155125381
IIT Kharagpur,Birbal Sahni Institute of Palaeosciences,7,183,284,279,Other,I4405261827
IIT Kharagpur,Marwadi University,7,163,274,40,University,I3132999081
IIT Kharagpur,KPR Institute of Engineering and Technology,7,290,223,66,Other,I4210133257
IIT Kharagpur,Narsee Monjee Institute of Management Studies,7,128,215,124,Other,I226983648
IIT Kharagpur,Jaypee Institute of Information Technology,7,86,206,98,IIIT,I154970844
IIT Kharagpur,Andhra University,7,67,176,410,University,I100887729
IIT Kharagpur,Kerala University of Fisheries and Ocean Studies,7,42,171,67,University,I221342038
IIT Kharagpur,COEP Technological University,7,48,123,67,University,I4405273661
IIT Kharagpur,Raiganj University,7,168,119,46,University,I275778967
IIT Kharagpur,Sikkim University,7,311,114,98,University,I43475992
IIT Kharagpur,Shree Guru Gobind Singh Tricentenary University,7,58,113,28,University,I3130021832
IIT Kharagpur,NIMS University,7,158,104,8,University,I2800157045
IIT Kharagpur,Sam Higginbottom Institute of Agriculture,7,135,87,105,Other,I223959643
IIT Kharagpur,"Kasturba Medical College, Manipal",7,88,77,88,Other,I76414455
IIT Kharagpur,Institute for Plasma Research,7,66,66,65,Other,I4210106276
IIT Kharagpur,Mahindra University,7,52,63,17,University,I4210164565
IIT Kharagpur,Tamil Nadu Dr. J Jayalalitha Fisheries University,7,100,51,15,University,I304343950
IIT Kharagpur,Central University of Kashmir,7,6,51,26,University,I76202665
IIT Kharagpur,Chaitanya,7,17,49,5,Other,I4405266258
IIT Kharagpur,Sree Chitra Thirunal Institute for Medical Sciences and Technology,7,66,46,119,Other,I2800373951
IIT Kharagpur,Banwarilal Bhalotia College,7,107,34,36,Other,I4405277887
IIT Kharagpur,Vidyasagar College,7,43,30,19,Other,I4405275147
IIT Kharagpur,Institute of Microbial Technology,7,69,28,155,Other,I4210147764
IIT Kharagpur,"Christian Medical College, Vellore",7,83,27,74,Other,I172917736
IIT Kharagpur,Ranchi University,7,311,23,31,University,I112700253
IIT Kharagpur,Deccan College Post Graduate and Research Institute,7,166,19,35,Other,I352274
IIT Kharagpur,Solid State Physics Laboratory,7,99,14,33,Other,I140777494
IIT Kharagpur,Coal India (India),7,39,14,22,Other,I4210091699
IIT Kharagpur,ABB (India),7,367,14,14,Other,I4210141791
IIT Kharagpur,Indo Korea Science and Technology,7,69,11,7,Other,I4210152052
IIT Kharagpur,Society for Applied Microwave Electronics Engineering & Research,7,14,11,10,Other,I4210137186
IIT Kharagpur,"National Institute of Technical Teachers Training and Research, Chennai",7,205,8,4,Other,I4405272818
IIT Kharagpur,Bhabha Atomic Research Center Hospital,7,60,7,21,DAE,I4210091849
IIT Kharagpur,Hewlett-Packard (India),7,21,6,12,Other,I4210117576
IIT Kharagpur,Power Grid Corporation (India),7,77,4,2,Other,I867306930
IIT Kharagpur,Indian Army,7,47,3,11,Other,I2800341339
IIT Kharagpur,"National Institute of Homoeopathy , Kolkata",7,24,0,3,Other,I4405258703
IIT Kharagpur,All India Institute of Hygiene and Public Health,7,35,0,28,Other,I137794331
IIT Kharagpur,National Law University Meghalaya,7,7,0,0,University,I4405270315
IIT Kharagpur,Vel Tech Rangarajan Dr. Sagunthala R&D Institute of Science and Technology,6,134,434,121,Other,I1330855593
IIT Kharagpur,Guru Nanak Dev University,6,47,310,569,University,I165682329
IIT Kharagpur,Bharathiar University,6,115,303,392,University,I111575329
IIT Kharagpur,Karunya University,6,102,290,192,University,I119668213
IIT Kharagpur,Central University of Haryana,6,183,264,132,University,I4210133503
IIT Kharagpur,Madan Mohan Malaviya University of Technology,6,191,224,47,University,I2799532815
IIT Kharagpur,Hemwati Nandan Bahuguna Garhwal University,6,217,173,197,University,I185052938
IIT Kharagpur,National Institute of Pharmaceutical Education and Research,6,26,165,135,Other,I4210146715
IIT Kharagpur,Cooch Behar Panchanan Barma University,6,26,156,61,University,I2611379103
IIT Kharagpur,PES University,6,29,153,88,University,I196608512
IIT Kharagpur,Tripura University,6,97,149,80,University,I72677176
IIT Kharagpur,Ravenshaw University,6,115,138,76,University,I6013171
IIT Kharagpur,Dr. Rajendra Prasad Central Agriculture University,6,55,133,78,University,I205665586
IIT Kharagpur,"Jawaharlal Nehru Technological University, Hyderabad",6,138,127,197,University,I10874241
IIT Kharagpur,Islamic University of Science and Technology,6,26,127,77,University,I4264650
IIT Kharagpur,Dayananda Sagar University,6,66,122,23,University,I4400573291
IIT Kharagpur,"Indian Institute of Information Technology, Design and Manufacturing, Kancheepuram",6,37,102,56,IIIT,I39244652
IIT Kharagpur,"Centre for Incubation, Innovation, Research and Consultancy",6,38,77,22,Other,I4405272881
IIT Kharagpur,"Rani Lakshmi Bai Central Agricultural University, Jhansi",6,24,77,11,University,I4405253351
IIT Kharagpur,West Bengal State University,6,44,77,90,University,I55862774
IIT Kharagpur,Indian Institute of Management Kozhikode,6,72,77,82,Other,I132357854
IIT Kharagpur,Central Soil Salinity Research Institute,6,244,74,178,Other,I1342238530
IIT Kharagpur,Xavier School of Management,6,50,64,59,Other,I301324184
IIT Kharagpur,Kavayitri Bahinabai Chaudhari North Maharashtra University,6,117,53,126,University,I157117621
IIT Kharagpur,Gangadhar Meher University,6,17,52,10,University,I4405277957
IIT Kharagpur,Mahavir Cancer Institute and Research Centre,6,65,51,18,Other,I4210125216
IIT Kharagpur,Aryabhatta Research Institute of Observational Sciences,6,135,50,116,Other,I2803025293
IIT Kharagpur,Central Inland Fisheries Research Institute,6,114,48,46,Other,I4210136827
IIT Kharagpur,Vivekananda Parvatiya Krishi Anusandhan Sansthan,6,79,43,43,Other,I4210139489
IIT Kharagpur,Scottish Church College,6,29,41,34,Other,I4405275758
IIT Kharagpur,Tamil Nadu Veterinary and Animal Sciences University,6,153,36,23,University,I82452031
IIT Kharagpur,National Institute of Mental Health and Neurosciences,6,68,29,95,Other,I699696
IIT Kharagpur,Techno India Group (India),6,32,27,20,Other,I4210132326
IIT Kharagpur,The Neotia University,6,90,26,5,University,I4405266546
IIT Kharagpur,Samsung (India),6,57,25,55,Other,I4210139030
IIT Kharagpur,Government College of Engineering and Leather Technology,6,28,24,23,Other,I4405277890
IIT Kharagpur,Dr. Babasaheb Ambedkar Technological University,6,85,18,19,University,I132157868
IIT Kharagpur,"All India Institute of Medical Sciences, Kalyani",6,19,16,0,AIIMS,I4405255515
IIT Kharagpur,Indian Institute of Social Welfare and Business Management,6,33,14,55,Other,I166580119
IIT Kharagpur,ICAR - Agricultural Technology Application Research Institute,6,70,13,4,Other,I4405255076
IIT Kharagpur,R. G. Kar Medical College and Hospital,6,21,10,24,Other,I336022086
IIT Kharagpur,Dr. Reddy's Foundation,6,55,7,1,Other,I4210126655
IIT Kharagpur,Terminal Ballistics Research Laboratory,6,27,5,11,Other,I56365517
IIT Kharagpur,Indian Register of Shipping,6,51,4,4,Other,I2802879718
IIT Kharagpur,Dr. R. Ahmed Dental College and Hospital,6,50,3,10,Other,I189266452
IIT Kharagpur,Advanced Systems Laboratory,6,44,3,35,Other,I4210101698
IIT Kharagpur,Rajiv Gandhi National University of Law,6,3,1,0,University,I2801696903
IIT Kharagpur,Tata Main Hospital,6,29,0,1,Other,I4210145015
IIT Kharagpur,College of Medicine & Sagore Dutta Hospital,6,17,0,9,Other,I265637623
IIT Kharagpur,Parul University,5,4,344,57,University,I9694494
IIT Kharagpur,Central University of Punjab,5,63,336,153,University,I114724429
IIT Kharagpur,Hindustan Institute of Technology and Science,5,6,254,102,Other,I43663321
IIT Kharagpur,Kurukshetra University,5,33,244,227,University,I178000100
IIT Kharagpur,Chettinad Academy of Research and Education,5,132,219,71,Other,I220840466
IIT Kharagpur,Dibrugarh University,5,14,179,122,University,I64128412
IIT Kharagpur,Punjab Engineering College,5,53,140,103,Other,I860003557
IIT Kharagpur,Central Institute of Technology Kokrajhar,5,72,137,69,Other,I4210128956
IIT Kharagpur,Indian Institute of Toxicology Research,5,85,134,249,Other,I85145500
IIT Kharagpur,National Institute of Technology Manipur,5,97,130,47,NIT,I265627732
IIT Kharagpur,Biju Patnaik University of Technology,5,81,116,47,University,I4028839
IIT Kharagpur,ICAR-National Bureau of Soil Survey and Land Use Planning,5,53,112,122,Other,I4210162299
IIT Kharagpur,Ahmedabad University,5,82,103,54,University,I52527943
IIT Kharagpur,National Institute of Technology Goa,5,16,101,30,NIT,I4210109276
IIT Kharagpur,Dr. B.C. Roy Engineering College,5,4,99,37,Other,I4405278150
IIT Kharagpur,Swami Vivekananda University,5,42,97,9,University,I4405254891
IIT Kharagpur,"University of Science and Technology, Meghalaya",5,105,93,39,University,I4210133150
IIT Kharagpur,"Ministry of Environment, Forests and Climate Change",5,270,81,69,Other,I1291012402
IIT Kharagpur,Dr. Babasaheb Ambedkar Marathwada University,5,43,79,100,University,I165259314
IIT Kharagpur,Yeshwantrao Chavan College of Engineering,5,17,75,27,Other,I4405284321
IIT Kharagpur,"MIT Art, Design and Technology University",5,165,75,16,University,I4210162439
IIT Kharagpur,International Centre for Genetic Engineering and Biotechnology,5,61,71,115,Other,I4210142124
IIT Kharagpur,Indian Institute of Management Shillong,5,59,66,29,Other,I2800084297
IIT Kharagpur,Asutosh College,5,29,62,33,Other,I4405271698
IIT Kharagpur,Kakatiya University,5,128,60,44,University,I28210344
IIT Kharagpur,Department of Science and Technology,5,43,59,97,Other,I4210098748
IIT Kharagpur,National Institute of Ocean Technology,5,104,56,111,Other,I25592554
IIT Kharagpur,Indian Institute of Astrophysics,5,134,55,106,Other,I140717209
IIT Kharagpur,Indian Institute of Management Rohtak,5,72,53,60,Other,I56308077
IIT Kharagpur,Acharya Narendra Deva University of Agriculture and Technology,5,23,47,21,University,I4210097692
IIT Kharagpur,Indian Institute of Information Technology Ranchi,5,31,40,10,IIIT,I4405284359
IIT Kharagpur,"Banda University of Agriculture and Technology, Banda",5,68,39,6,University,I4405259818
IIT Kharagpur,Vivekananda Institute of Professional Studies,5,6,37,11,Other,I4405263740
IIT Kharagpur,Anand Agricultural University,5,31,30,111,University,I34750443
IIT Kharagpur,Birsa Agricultural University,5,39,24,29,University,I205478545
IIT Kharagpur,Tata Memorial Hospital,5,53,18,106,Other,I2800098698
IIT Kharagpur,West Bengal National University of Juridical Sciences,5,2,18,31,University,I3129450392
IIT Kharagpur,Sacred Heart College,5,19,16,12,Other,I4210115584
IIT Kharagpur,Naval Physical & Oceanographic Laboratory,5,33,16,99,Other,I4210101705
IIT Kharagpur,Jhargram Raj College,5,39,14,10,Other,I4405256066
IIT Kharagpur,TIFR Centre for Interdisciplinary Sciences,5,82,13,82,Other,I4210112849
IIT Kharagpur,Maulana Azad Medical College,5,45,12,38,Other,I39190216
IIT Kharagpur,"Indian Statistical Institute, Delhi Centre",5,22,11,67,Other,I4405279484
IIT Kharagpur,"Advanced Centre for Treatment, Research and Education in Cancer",5,50,10,56,Other,I4210157422
IIT Kharagpur,"Krishi Vigyan Kendra, Narayangaon",5,5,9,0,Other,I4405277191
IIT Kharagpur,Centre for Artificial Intelligence and Robotics,5,24,9,5,Other,I4210121405
IIT Kharagpur,Poornaprajna Institute of Scientific Research,5,32,6,28,Other,I4210097624
IIT Kharagpur,Munger University,5,219,6,3,University,I4210103923
IIT Kharagpur,Ruby Hall Clinic,5,163,5,2,Other,I2801897644
IIT Kharagpur,Rajasthan University of Veterinary and Animal Sciences,5,59,4,1,University,I4210128267
IIT Kharagpur,Gandhi Medical College,5,44,4,6,Other,I4210151372
IIT Kharagpur,Maharaja Manindra Chandra College,5,27,3,16,Other,I4405265876
IIT Kharagpur,Aravind Eye Hospital,5,23,3,29,Other,I2800958399
IIT Kharagpur,University of Kerala,4,19,300,254,University,I158338959
IIT Kharagpur,Kalasalingam Academy of Research and Education,4,80,289,162,Other,I98499257
IIT Kharagpur,University of Jammu,4,376,224,208,University,I145846420
IIT Kharagpur,Harcourt Butler Technical University,4,6,183,81,University,I4210090456
IIT Kharagpur,"National Institute of Food Technology, Entrepreneurship and Management - Thanjavur",4,45,166,231,Other,I116132077
IIT Kharagpur,Jamia Hamdard,4,34,166,164,Other,I19716509
IIT Kharagpur,Himachal Pradesh University,4,23,163,127,University,I904467727
IIT Kharagpur,National Institute of Pharmaceutical Education and Research,4,55,138,181,Other,I4210152674
IIT Kharagpur,M S Ramaiah University of Applied Sciences,4,8,131,35,University,I302410947
IIT Kharagpur,Maharana Pratap University of Agriculture and Technology,4,68,104,120,University,I253568910
IIT Kharagpur,Dr. A.P.J. Abdul Kalam Technical University,4,12,103,47,University,I116943215
IIT Kharagpur,Amity University Jaipur,4,96,100,76,University,I4405263076
IIT Kharagpur,Kannur University,4,18,71,19,University,I52703040
IIT Kharagpur,JSPM University,4,67,70,4,University,I4405285342
IIT Kharagpur,Shobhit University,4,6,57,11,University,I191247993
IIT Kharagpur,Datta Meghe Institute of Higher Education and Research,4,8,56,31,Other,I4210130476
IIT Kharagpur,Poornima University,4,8,55,9,University,I4210126659
IIT Kharagpur,Parala Maharaja Engineering College,4,19,55,7,Other,I4405275678
IIT Kharagpur,Maharaja Sriram Chandra Bhanja Deo University,4,18,52,18,University,I58782413
IIT Kharagpur,Institute of Chartered Financial Analysts of India,4,138,50,36,Other,I78663439
IIT Kharagpur,Indrashil University,4,59,48,16,University,I4210162019
IIT Kharagpur,Prasad V. Potluri Siddhartha Institute of Technology,4,26,45,4,Other,I4405259151
IIT Kharagpur,International Institute of Information Technology Bangalore,4,8,35,31,IIIT,I181514455
IIT Kharagpur,Acharya N. G. Ranga Agricultural University,4,60,34,62,University,I12419238
IIT Kharagpur,"Sri Karan Narendra Agriculture University, Jobner",4,26,33,12,University,I4210128752
IIT Kharagpur,All India Institute of Medical Sciences Bhubaneswar,4,12,32,25,AIIMS,I4210117092
IIT Kharagpur,Sri Ramachandra Institute of Higher Education and Research,4,57,32,80,Other,I20107917
IIT Kharagpur,Central Pollution Control Board,4,17,29,53,Other,I14467051
IIT Kharagpur,Trivenidevi Bhalotia College,4,11,28,17,Other,I4405261412
IIT Kharagpur,"National Institute of Technical Teachers' Training and Research, Kolkata",4,4,27,20,Other,I4405270689
IIT Kharagpur,Guru Nanak Institute of Technology,4,0,26,5,Other,I4405260978
IIT Kharagpur,National Centre for Sustainable Coastal Management,4,138,25,49,Other,I4210152768
IIT Kharagpur,Indian Institute of Information Technology Kottayam,4,17,24,9,IIIT,I4405285013
IIT Kharagpur,Shyampur Siddheswari Mahavidyalaya,4,34,23,5,Other,I4405264775
IIT Kharagpur,Institute of Life Sciences,4,15,19,45,Other,I4210118921
IIT Kharagpur,National Institute of Immunology,4,52,18,69,Other,I4210156726
IIT Kharagpur,Institute of Public Enterprise,4,92,18,7,Other,I3131387778
IIT Kharagpur,Marwadi Education Foundation,4,146,16,15,Other,I4210094966
IIT Kharagpur,JK Lakshmipat University,4,78,14,9,University,I912344705
IIT Kharagpur,Center for Excellence in Basic Sciences,4,18,14,38,Other,I4210156819
IIT Kharagpur,Shell (India),4,26,13,3,Other,I4210094045
IIT Kharagpur,Behala College,4,95,11,33,Other,I4405276439
IIT Kharagpur,Midnapore City College,4,30,10,5,Other,I4405276176
IIT Kharagpur,Jagan Institute of Management Studies,4,29,8,4,Other,I4405284272
IIT Kharagpur,HCL Technologies (India),4,6,8,2,Other,I96211989
IIT Kharagpur,Gas Turbine Research Establishment,4,61,8,18,Other,I19144141
IIT Kharagpur,Department of Public,4,18,8,4,Other,I4210139346
IIT Kharagpur,National Institute of Public Finance and Policy,4,97,7,17,Other,I4899593
IIT Kharagpur,National Informatics Centre,4,141,6,13,Other,I4210160811
IIT Kharagpur,Christian Medical College,4,17,5,14,Other,I4210108783
IIT Kharagpur,Rajendra Institute of Medical Sciences,4,8,5,8,Other,I304662888
IIT Kharagpur,Indian Railways,4,3,4,14,Other,I4405266058
IIT Kharagpur,Aditya Birla (India),4,27,3,14,Other,I4210145126
IIT Kharagpur,World Health Organization - India,4,9,3,26,Other,I4210162279
IIT Kharagpur,"All India Institute of Medical Sciences, Nagpur",4,17,3,11,AIIMS,I4401200305
IIT Kharagpur,Central Institute of Psychiatry,4,243,2,2,Other,I84356168
IIT Kharagpur,Indian Air Force,4,14,2,5,Other,I2801959050
IIT Kharagpur,Fortis Healthcare,4,9,2,14,Other,I264201830
IIT Kharagpur,National JALMA Institute for Leprosy & Other Mycobacterial Diseases,4,32,2,8,Other,I4210132386
IIT Kharagpur,South Eastern Railway,4,10,0,3,Other,I2803054517
IIT Kharagpur,Tamil Nadu Agricultural University,3,9,329,254,University,I134900695
IIT Kharagpur,National Institute of Technology Kurukshetra,3,0,291,246,NIT,I105094715
IIT Kharagpur,Central Electrochemical Research Institute,3,321,209,412,Other,I106349282
IIT Kharagpur,Maharaja Sayajirao University of Baroda,3,8,206,286,University,I110116418
IIT Kharagpur,VIT Bhopal University,3,54,177,25,University,I4405263090
IIT Kharagpur,Central University of Tamil Nadu,3,2,171,88,University,I112471378
IIT Kharagpur,Indian Institute of Information Technology Design and Manufacturing Jabalpur,3,99,170,105,IIIT,I207223250
IIT Kharagpur,University of Calicut,3,66,154,82,University,I114176345
IIT Kharagpur,Aditya University,3,15,152,30,University,I4405262389
IIT Kharagpur,Rama Devi Women's University,3,95,148,23,University,I3132208328
IIT Kharagpur,Deen Dayal Upadhyaya Gorakhpur University,3,42,146,77,University,I886702836
IIT Kharagpur,Mepco Schlenk Engineering College,3,78,143,59,Other,I4405268244
IIT Kharagpur,JSS Academy of Higher Education and Research,3,7,140,70,Other,I126824641
IIT Kharagpur,Fakir Mohan University,3,10,135,49,University,I108526665
IIT Kharagpur,Indian Institute of Information Technology Allahabad,3,49,131,91,IIIT,I26072440
IIT Kharagpur,Nagaland University,3,119,131,54,University,I61198380
IIT Kharagpur,Mohanlal Sukhadia University,3,14,130,160,University,I43218427
IIT Kharagpur,Central Scientific Instruments Organisation,3,48,123,147,Other,I42095658
IIT Kharagpur,Punjab Technical University,3,14,121,105,University,I94616015
IIT Kharagpur,G.B. Pant Institute of Himalayan Environment and Development,3,47,112,120,Other,I4210163968
IIT Kharagpur,Advanced Materials and Processes Research Institute,3,50,111,154,Other,I115635661
IIT Kharagpur,Yenepoya University,3,9,109,25,University,I158688498
IIT Kharagpur,APJ Abdul Kalam Technological University,3,124,107,26,University,I3129367976
IIT Kharagpur,Berhampur University,3,84,103,96,University,I90752740
IIT Kharagpur,Indian Institute of Management Lucknow,3,28,98,180,Other,I91699865
IIT Kharagpur,Indira Gandhi National Tribal University,3,12,93,40,University,I296362101
IIT Kharagpur,Sona College of Technology,3,12,91,26,Other,I4405257457
IIT Kharagpur,"Kanhai Lal Sahu College, Nawada",3,158,90,0,Other,I4405271187
IIT Kharagpur,Bangalore University,3,17,87,155,University,I53465836
IIT Kharagpur,National Centre for Medium Range Weather Forecasting,3,3,86,196,Other,I1329084839
IIT Kharagpur,Manipur University,3,10,83,47,University,I16471300
IIT Kharagpur,Institute of Medical Sciences and Sum Hospital,3,35,79,20,Other,I4210133319
IIT Kharagpur,IITB-Monash Research Academy,3,13,78,178,Other,I2802772015
IIT Kharagpur,Indian Institute of Management Jammu,3,79,72,22,Other,I4405255249
IIT Kharagpur,D.Y. Patil University,3,25,72,57,University,I4210153931
IIT Kharagpur,CMR University,3,26,71,33,University,I4210104573
IIT Kharagpur,Fore School of Management,3,56,70,35,Other,I27878738
IIT Kharagpur,"Indian Institute of Science Education and Research, Tirupati",3,5,69,39,IISER,I4210140410
IIT Kharagpur,Central Research Institute for Dryland Agriculture,3,141,68,116,Other,I141953991
IIT Kharagpur,Central University of Karnataka,3,17,68,33,University,I106053113
IIT Kharagpur,ICAR-National Bureau Of Plant Genetic Resources,3,48,66,68,Other,I4210097415
IIT Kharagpur,Centre for Water Resources Development and Management,3,19,66,35,Other,I4210147492
IIT Kharagpur,National Institute of Technology Nagaland,3,33,66,51,NIT,I3131484930
IIT Kharagpur,Shri Ramswaroop Memorial University,3,3,64,26,University,I4210106473
IIT Kharagpur,Centre for Nano and Soft Matter Sciences,3,23,61,52,Other,I4210115714
IIT Kharagpur,Krantiguru Shyamji Krishna Verma Kachchh University,3,36,58,32,University,I3129616761
IIT Kharagpur,Indira Gandhi Agricultural University,3,67,58,65,University,I20632288
IIT Kharagpur,Puducherry Technological University,3,41,58,50,University,I4405254494
IIT Kharagpur,"Government College of Engineering, Kalahandi",3,31,58,14,Other,I4405263709
IIT Kharagpur,Meenakshi Academy of Higher Education and Research,3,0,53,11,Other,I290407205
IIT Kharagpur,National Council Of Educational Research And Training,3,0,53,7,Other,I15949855
IIT Kharagpur,Central Institute of Fisheries Education,3,15,52,67,Other,I581031
IIT Kharagpur,Tata Institute of Social Sciences,3,53,51,80,Other,I79741504
IIT Kharagpur,Sardar Swaran Singh National Institute of Bio-Energy,3,57,50,27,Other,I4210158177
IIT Kharagpur,"Kerala State Council for Science, Technology and Environment",3,19,50,6,Other,I1284637955
IIT Kharagpur,BML Munjal University,3,6,43,38,University,I1323093577
IIT Kharagpur,National Institute of Construction Management and Research,3,0,42,20,Other,I4210092165
IIT Kharagpur,Indian Institute of Wheat and Barley Research,3,35,40,41,Other,I4210141360
IIT Kharagpur,Indian Institute of Information Technology Una,3,35,40,8,IIIT,I4210127244
IIT Kharagpur,Bankura University,3,45,39,9,University,I2801141804
IIT Kharagpur,Larsen & Toubro (India),3,15,36,17,Other,I4210116539
IIT Kharagpur,Government of Andhra Pradesh,3,59,34,20,Other,I2800401362
IIT Kharagpur,Central University of Odisha,3,64,32,20,University,I4210129043
IIT Kharagpur,Institute of Genomics and Integrative Biology,3,13,31,110,Other,I177828482
IIT Kharagpur,AISECT University,3,3,31,15,University,I4210111553
IIT Kharagpur,Sri Padmavati Mahila Visvavidyalayam,3,40,30,30,Other,I94415630
IIT Kharagpur,Great Lakes Institute of Management,3,52,30,66,Other,I81020251
IIT Kharagpur,National Centre for Biological Sciences,3,33,29,105,Other,I194223965
IIT Kharagpur,Centre for Cellular and Molecular Biology,3,1,28,98,Other,I185638415
IIT Kharagpur,Institute for Development and Research in Banking Technology,3,21,28,24,Other,I150312865
IIT Kharagpur,Chittaranjan National Cancer Institute,3,20,27,35,Other,I2802271162
IIT Kharagpur,Bangabasi Evening College,3,55,26,10,Other,I4405264965
IIT Kharagpur,Gati Shakti Vishwavidyalaya,3,23,26,0,Other,I4405258170
IIT Kharagpur,Bhubaneswar Borooah Cancer Institute,3,102,25,6,Other,I2800073537
IIT Kharagpur,Dr. Bhimrao Ambedkar University,3,65,25,61,University,I147727580
IIT Kharagpur,Atomic Minerals Directorate for Exploration and Research,3,111,24,58,DAE,I1327905553
IIT Kharagpur,King George's Medical University,3,21,24,66,University,I280994
IIT Kharagpur,Bharat Heavy Electricals (India),3,54,22,47,Other,I25547181
IIT Kharagpur,Guru Angad Dev Veterinary and Animal Sciences University,3,7,22,42,University,I223471776
IIT Kharagpur,School of Planning and Architecture Delhi,3,4,19,30,Other,I1329536732
IIT Kharagpur,"Government College of Engineering, Keonjhar",3,15,19,4,Other,I4388446400
IIT Kharagpur,Public Health Foundation of India,3,51,19,188,Other,I74653059
IIT Kharagpur,Institute of Economic Growth,3,13,17,96,Other,I4210098828
IIT Kharagpur,Chandernagore College,3,23,16,14,Other,I4405276588
IIT Kharagpur,University Grants Commission,3,5,16,18,University,I21131202
IIT Kharagpur,Jogamaya Devi College,3,5,16,8,Other,I4405261764
IIT Kharagpur,Directorate of Weed Research,3,23,15,27,Other,I4210131234
IIT Kharagpur,Birla Global University,3,11,15,5,University,I4405266038
IIT Kharagpur,"Indian Statistical Institute, Bangalore Centre",3,4,15,22,Other,I4405280447
IIT Kharagpur,Indian Institute of Management Bangalore,3,45,14,113,Other,I44430492
IIT Kharagpur,Rabindra Bharati University,3,148,14,9,University,I83916355
IIT Kharagpur,Vinoba Bhave University,3,17,13,24,University,I71631882
IIT Kharagpur,Guru Kashi University,3,1,13,6,University,I3129634530
IIT Kharagpur,Bangabasi Morning College,3,46,11,25,Other,I4405257178
IIT Kharagpur,Meenakshi Medical College Hospital and Research Institute,3,0,11,3,Other,I4210133582
IIT Kharagpur,INCLEN Trust International,3,274,11,14,Other,I4210164175
IIT Kharagpur,Government of Sikkim,3,101,10,7,Other,I2801028658
IIT Kharagpur,Keshava Deva Malaviya Institute of Petroleum Exploration,3,15,10,14,Other,I4405277128
IIT Kharagpur,All India Institute of Medical Sciences Rishikesh,3,27,10,18,AIIMS,I4387152206
IIT Kharagpur,National Institute of Research in Tuberculosis,3,12,9,11,Other,I4210140595
IIT Kharagpur,Netaji Nagar Day College,3,485,8,12,Other,I4405261640
IIT Kharagpur,"City College, Kolkata",3,19,7,5,Other,I4405255523
IIT Kharagpur,Kalpavriksh,3,14,6,7,Other,I4210148176
IIT Kharagpur,"CR Rao Advanced Institute of Mathematics, Statistics and Computer Science",3,53,6,4,Other,I4210109466
IIT Kharagpur,Science and Engineering Research Board,3,92,5,5,Other,I2799536621
IIT Kharagpur,National Institute of Research on Jute and Allied Fibre Technology,3,170,5,42,Other,I4210122202
IIT Kharagpur,University College of Engineering and Technology,3,38,3,3,University,I4405278070
IIT Kharagpur,Chhattisgarh Council of Science and Technology,3,70,3,9,Other,I4210148999
IIT Kharagpur,ICARE Institute of Medical Sciences and Research & Dr. Bidhan Chandra Roy Hospital,3,17,3,3,Other,I4210155216
IIT Kharagpur,Asian Paints (India),3,48,3,3,Other,I2803049109
IIT Kharagpur,National AIDS Research Institute,3,46,2,4,Other,I4210159305
IIT Kharagpur,National Law School of India University,3,0,2,5,University,I4210127798
IIT Kharagpur,North Bengal Medical College and Hospital,3,12,1,16,Other,I40380974
IIT Kharagpur,Mahatma Gandhi Memorial Medical College,3,13,1,3,Other,I2801183603
IIT Kharagpur,Basirhat College,3,33,1,4,Other,I4405277784
IIT Kharagpur,Atomic Energy Regulatory Board,3,122,1,4,DAE,I1283797469
IIT Kharagpur,GAIL (India),3,0,1,10,Other,I333900126
IIT Kharagpur,Madras Institute of Development Studies,3,62,1,17,Other,I224417259
IIT Kharagpur,Tripura Medical College & Dr. B.R. Ambedkar Memorial Teaching Hospital,3,2,0,1,Other,I3132316807
IIT Kharagpur,Nephro Care India Limited (India),3,37,0,0,Other,I4405254645
IIT Kharagpur,Shoolini University,2,24,464,349,University,I4210133311
IIT Kharagpur,Visvesvaraya Technological University,2,8,354,149,University,I65674248
IIT Kharagpur,Annamalai University,2,19,267,453,University,I197081775
IIT Kharagpur,Alagappa University,2,17,238,277,University,I131155284
IIT Kharagpur,REVA University,2,3,209,60,University,I83737708
IIT Kharagpur,Madurai Kamaraj University,2,137,207,221,University,I13268429
IIT Kharagpur,Ramaiah Institute of Technology,2,41,185,101,Other,I4405255153
IIT Kharagpur,Manonmaniam Sundaranar University,2,266,166,135,University,I182997119
IIT Kharagpur,Amity University Gurugram,2,15,146,69,University,I4405262955
IIT Kharagpur,Government of Tamil Nadu,2,49,144,112,Other,I148776243
IIT Kharagpur,University of Mysore,2,55,142,213,University,I204743663
IIT Kharagpur,Central University of Himachal Pradesh,2,73,135,59,University,I180952551
IIT Kharagpur,Sri Venkateswara University,2,4,131,206,University,I170558118
IIT Kharagpur,Vels University,2,13,129,50,University,I138876546
IIT Kharagpur,Kerala Agricultural University,2,255,120,89,University,I54021868
IIT Kharagpur,Gujarat Technological University,2,16,120,40,University,I29563240
IIT Kharagpur,Indian Council of Forestry Research and Education,2,2,118,50,Other,I1286922834
IIT Kharagpur,Jawaharlal Nehru Technological University Anantapur,2,8,117,43,University,I52035452
IIT Kharagpur,Gujarat University,2,2,114,90,University,I114173286
IIT Kharagpur,Doon University,2,42,112,66,University,I44565152
IIT Kharagpur,Rashtrasant Tukadoji Maharaj Nagpur University,2,70,112,146,University,I133978751
IIT Kharagpur,Siddhartha Academy of Higher Education,2,8,110,23,Other,I4405262028
IIT Kharagpur,Sardar Patel University,2,0,105,133,University,I57085157
IIT Kharagpur,The Assam Royal Global University,2,0,101,14,University,I4405256338
IIT Kharagpur,Government of Karnataka,2,5,99,66,Other,I2802584695
IIT Kharagpur,Siddaganga Institute of Technology,2,11,98,81,Other,I4387153738
IIT Kharagpur,PSG INSTITUTE OF TECHNOLOGY AND APPLIED RESEARCH,2,0,98,26,Other,I4210109528
IIT Kharagpur,Management Development Institute,2,24,97,140,Other,I110930757
IIT Kharagpur,Karnatak University,2,8,96,150,University,I110083240
IIT Kharagpur,Dr. Yashwant Singh Parmar University of Horticulture and Forestry,2,0,96,51,University,I211055903
IIT Kharagpur,Government of Gujarat,2,42,93,119,Other,I2802014819
IIT Kharagpur,Nalanda University,2,33,84,28,University,I4210140720
IIT Kharagpur,"Islamic University of Science and Technology, Kashmir",2,13,83,56,University,I4405256391
IIT Kharagpur,G.L. Bajaj Institute of Technology and Management Greater Noida,2,11,79,30,Other,I4405263758
IIT Kharagpur,National Institute of Pharmaceutical Education and Research,2,3,77,66,Other,I4210154014
IIT Kharagpur,Forest Research Institute,2,23,75,57,Other,I128076159
IIT Kharagpur,JSS Science and Technology University,2,45,73,9,University,I4210137436
IIT Kharagpur,"ICFAI University, Tripura",2,26,72,29,University,I173462786
IIT Kharagpur,Chhatrapati Shahu Ji Maharaj University,2,16,70,46,University,I229991691
IIT Kharagpur,Wildlife Institute of India,2,98,70,159,Other,I31888360
IIT Kharagpur,AMET University,2,6,70,18,University,I34628043
IIT Kharagpur,Professor Jayashankar Telangana Agricultural University,2,85,67,42,University,I4210092736
IIT Kharagpur,Vishwakarma Institute of Technology,2,41,67,30,Other,I4405261743
IIT Kharagpur,The NorthCap University,2,27,64,74,University,I129798099
IIT Kharagpur,Veer Bahadur Singh Purvanchal University,2,50,63,45,University,I875728190
IIT Kharagpur,Coimbatore Institute of Technology,2,21,62,84,Other,I4405262155
IIT Kharagpur,KLE Academy of Higher Education and Research,2,7,61,46,Other,I4210125823
IIT Kharagpur,National Institute of Advanced Studies,2,291,58,36,Other,I22956069
IIT Kharagpur,"Jaypee University of Engineering and Technology, Guna",2,14,55,49,University,I25205351
IIT Kharagpur,International Institute for Population Sciences,2,19,55,106,Other,I197882922
IIT Kharagpur,Delhi Pharmaceutical Science and Research University,2,1,54,22,University,I39238937
IIT Kharagpur,Central Institute of Plastics Engineering and Technology,2,109,52,97,Other,I10640828
IIT Kharagpur,KCG College of Technology,2,6,52,13,Other,I4405266969
IIT Kharagpur,BRIC-National Agri-Food and Biomanufacturing Institute,2,24,52,61,Other,I4210164849
IIT Kharagpur,"UGC-DAE Consortium for Scientific Research, Mumbai Centre",2,10,52,47,Other,I4405260855
IIT Kharagpur,Sengunthar Engineering College (Autonomous),2,79,49,11,Other,I4405285548
IIT Kharagpur,Centre for Materials for Electronics Technology,2,30,48,64,Other,I4210118327
IIT Kharagpur,National Atmospheric Research Laboratory,2,3,48,173,Other,I152870717
IIT Kharagpur,Swami Ramanand Teerth Marathwada University,2,41,48,82,University,I196652580
IIT Kharagpur,Sri Sri University,2,24,48,18,University,I3129903175
IIT Kharagpur,Kaziranga University,2,76,44,21,University,I332121957
IIT Kharagpur,Invertis University,2,37,42,12,University,I19688894
IIT Kharagpur,Taki Government College,2,8,42,25,Other,I4405278067
IIT Kharagpur,Ramakrishna Mission Vivekananda Centenary College,2,23,40,28,Other,I4405270341
IIT Kharagpur,Mahatma Phule Krishi Vidyapeeth,2,61,37,36,Other,I167494164
IIT Kharagpur,Indian Institute of Millets Research,2,51,36,34,Other,I4210118419
IIT Kharagpur,Lady Brabourne College,2,1,34,15,Other,I4405271702
IIT Kharagpur,Indian Institute of Horticultural Research,2,53,34,48,Other,I1332470094
IIT Kharagpur,JSS College of Pharmacy,2,0,32,15,Other,I4405270214
IIT Kharagpur,Aditya Institute of Technology and Management,2,2,31,15,Other,I4405270565
IIT Kharagpur,"Technology Information, Forecasting and Assessment Council",2,10,30,13,Other,I4210154636
IIT Kharagpur,Meghnad Saha Institute of Technology,2,3,27,28,DAE,I4405273617
IIT Kharagpur,Central Water and Power Research Station,2,4,27,41,Other,I2801092184
IIT Kharagpur,PRIST University,2,18,27,11,University,I160682246
IIT Kharagpur,Navsari Agricultural University,2,3,27,24,University,I152185767
IIT Kharagpur,Kamla Nehru Institute of Technology,2,24,25,20,Other,I4405277966
IIT Kharagpur,Central Research Institute for Jute and Allied Fibres,2,38,24,40,Other,I4210106876
IIT Kharagpur,Indian Institute of Management Amritsar,2,0,24,18,Other,I4210123047
IIT Kharagpur,Patanjali Research Foundation,2,2,23,18,Other,I4210145585
IIT Kharagpur,Dr. Balasaheb Sawant Konkan Krishi Vidyapeeth,2,90,23,31,Other,I2799533726
IIT Kharagpur,Junagadh Agricultural University,2,5,22,31,University,I104917982
IIT Kharagpur,Chandragupt Institute of Management,2,203,21,24,Other,I2801293044
IIT Kharagpur,Rungta College,2,8,21,10,Other,I4405259702
IIT Kharagpur,Regional Medical Research Center,2,34,21,23,Other,I2802952153
IIT Kharagpur,Paavai Engineering College,2,30,21,9,Other,I4405258486
IIT Kharagpur,Jawaharlal Institute of Post Graduate Medical Education and Research,2,3,20,59,Other,I61923386
IIT Kharagpur,"International Management Institute, Bhubaneswar",2,7,20,9,Other,I4405276820
IIT Kharagpur,All India Institute of Medical Sciences Jodhpur,2,4,20,21,AIIMS,I216021267
IIT Kharagpur,Central Sericultural Research and Training Institute,2,0,19,10,Other,I4210153341
IIT Kharagpur,"School of Planning and Architecture, Vijayawada",2,0,19,11,Other,I4405255821
IIT Kharagpur,Indian Institute for Human Settlements,2,0,18,26,Other,I4210136078
IIT Kharagpur,Dr. Y.S.R Horticultural University,2,30,18,7,University,I3131536999
IIT Kharagpur,Translational Health Science and Technology Institute,2,28,18,30,Other,I2801880299
IIT Kharagpur,Lala Lajpat Rai University of Veterinary and Animal Sciences,2,133,17,25,University,I233492666
IIT Kharagpur,JSS Medical College and Hospital,2,0,17,17,Other,I86826812
IIT Kharagpur,ICAR-Indian Institute of Agricultural Biotechnology,2,0,16,6,Other,I4210158390
IIT Kharagpur,Khallikote Unitary University,2,43,16,1,University,I4405277609
IIT Kharagpur,Center for Study of Science Technology and Policy,2,42,16,25,Other,I2802876690
IIT Kharagpur,Gandhi Institute for Technological Advancement,2,43,15,3,Other,I4405274307
IIT Kharagpur,Indian Institute of Information Technology Vadodara,2,15,14,9,IIIT,I4210100893
IIT Kharagpur,"Indian Institute of Information Technology, Pune",2,1,13,3,IIIT,I4210113821
IIT Kharagpur,French Institute of Pondicherry,2,37,13,64,Other,I86713406
IIT Kharagpur,Surendranath College,2,0,13,12,Other,I4405272745
IIT Kharagpur,Indira Gandhi Institute of Development Research,2,40,13,129,Other,I16319596
IIT Kharagpur,S.P. Jain Institute of Management and Research,2,129,12,15,Other,I4405260915
IIT Kharagpur,Indian Institute of Oil Palm Research,2,81,11,3,Other,I4210135205
IIT Kharagpur,National Institute of Occupational Health,2,19,11,32,Other,I4210105310
IIT Kharagpur,Gokhale Institute of Politics and Economics,2,36,11,15,Other,I195377678
IIT Kharagpur,Murshidabad University,2,8,10,3,University,I4405268342
IIT Kharagpur,High Energy Materials Research Laboratory,2,207,10,29,Other,I2800703609
IIT Kharagpur,"Institute of Pharmacy & Technology, Salipur",2,67,10,8,Other,I4405265529
IIT Kharagpur,Archaeological Survey of India,2,138,10,4,Other,I4405266383
IIT Kharagpur,School of Tropical Medicine,2,33,9,42,Other,I4405267645
IIT Kharagpur,Central Manufacturing Technology Institute,2,4,8,11,Other,I4210133459
IIT Kharagpur,Structural Engineering Research Centre,2,22,8,38,Other,I1341020899
IIT Kharagpur,All India Institute of Medical Sciences Bibinagar,2,3,8,4,AIIMS,I4405252828
IIT Kharagpur,All India Institute of Medical Sciences Gorakhpur,2,5,8,7,AIIMS,I4405257162
IIT Kharagpur,Gujarat Institute of Development Research,2,19,7,26,Other,I4210092074
IIT Kharagpur,Dum Dum Motijheel College,2,13,7,8,Other,I4405276628
IIT Kharagpur,ICAR - Central Island Agricultural Research Institute,2,20,7,12,Other,I4210151296
IIT Kharagpur,"Government Engineering College, Banka",2,1,7,2,Other,I4405268831
IIT Kharagpur,University College of Medical Sciences,2,48,6,26,University,I172982924
IIT Kharagpur,Hooghly Engineering & Technology College,2,6,6,3,Other,I4405255795
IIT Kharagpur,Marathwada Mitra Mandal's College of Engineering,2,6,6,2,Other,I4405261723
IIT Kharagpur,Government College of Engineering & Ceramic Technology,2,38,6,10,Other,I4405273204
IIT Kharagpur,Chilika Development Authority,2,6,6,33,Other,I4210130859
IIT Kharagpur,Ministry of Education,2,4,5,2,Other,I4405266223
IIT Kharagpur,Tata Motors (India),2,29,5,11,Other,I1301507905
IIT Kharagpur,IFMR Graduate School of Business,2,3,5,27,Other,I3130082100
IIT Kharagpur,King Edward Memorial Hospital and Seth G.S. Medical College,2,24,4,33,Other,I193353881
IIT Kharagpur,Aeronautical Development Agency,2,0,4,17,Other,I138535024
IIT Kharagpur,"Council on Energy, Environment and Water",2,26,4,12,Other,I4210111415
IIT Kharagpur,National Institute of Biomedical Genomics,2,17,4,12,Other,I4210158866
IIT Kharagpur,Oil India (India),2,13,4,10,Other,I884363091
IIT Kharagpur,Nistarini Women's College,2,2,4,9,Other,I4405283931
IIT Kharagpur,Oracle (India),2,3,3,3,Other,I4210165642
IIT Kharagpur,State Council of Science and Technology for Sikkim,2,86,3,9,Other,I4210162586
IIT Kharagpur,Rajiv Gandhi Cancer Institute and Research Centre,2,15,3,6,Other,I4210092995
IIT Kharagpur,National Bureau of Animal Genetic Resources,2,3,3,1,Other,I4210130815
IIT Kharagpur,Kempegowda Institute of Medical Sciences,2,12,3,5,Other,I169134981
IIT Kharagpur,College of Medicine & JNM Hospital,2,1,3,5,Other,I4210130977
IIT Kharagpur,Piramal (India),2,34,3,11,Other,I899992584
IIT Kharagpur,Central Institute of Freshwater Aquaculture,2,17,3,31,Other,I197888225
IIT Kharagpur,National Institute of Urban Affairs,2,45,3,15,Other,I4210129587
IIT Kharagpur,"All India Institute of Medical Sciences, Mangalagiri",2,5,3,0,AIIMS,I4405257640
IIT Kharagpur,"All India Institute of Medical Sciences, Madurai",2,4,3,0,AIIMS,I4405258468
IIT Kharagpur,Eastern Command Hospital,2,1,3,1,Other,I4210113612
IIT Kharagpur,Dr. Lal PathLabs Pvt Ltd (India),2,6,2,2,Other,I4405259595
IIT Kharagpur,B. J. Medical College & Sassoon Hospital,2,31,2,5,Other,I201202376
IIT Kharagpur,Directorate of Poultry Research,2,3,2,11,Other,I4210106975
IIT Kharagpur,Centre for Economic and Social Studies,2,7,2,18,Other,I75274968
IIT Kharagpur,Chhatrapati Shivaji Maharaj University,2,7,2,0,University,I4405275343
IIT Kharagpur,NIIT (India),2,1,2,9,Other,I134140186
IIT Kharagpur,Institute of Neurosciences Kolkata,2,3,2,2,Other,I4210115788
IIT Kharagpur,Narayana Health,2,3,2,7,Other,I288496929
IIT Kharagpur,"National Law University, Delhi",2,3,1,1,University,I866667741
IIT Kharagpur,LG (India),2,13,1,3,Other,I4210092541
IIT Kharagpur,Bijoy Krishna Girls' College,2,1,1,1,Other,I4405277170
IIT Kharagpur,Society for Applied Studies,2,32,1,4,Other,I4210095463
IIT Kharagpur,Deen Dayal Upadhyay Hospital,2,22,0,2,Other,I4210095530
IIT Kharagpur,Medtronic (India),2,0,0,3,Other,I4210097734
IIT Kharagpur,Institute of Livelihood Research and Training,2,94,0,3,Other,I4210128641
IIT Kharagpur,Peerless Hospital & B.K.Roy Research Centre,2,1,0,5,Other,I4210117605
IIT Kharagpur,Zenith Super Specialist Hospital,2,13,0,0,Other,I4405263577
IIT Kharagpur,Defence Electronics Research Laboratory,2,7,0,2,Other,I4210097327
IIT Kharagpur,Murshidabad Medical College and Hospital,2,10,0,0,Other,I4210136550
IIT Kharagpur,Karpagam Academy of Higher Education,1,0,451,82,Other,I65220239
IIT Kharagpur,Maharshi Dayanand University,1,94,256,184,University,I905734797
IIT Kharagpur,Shivaji University,1,0,221,277,University,I141641110
IIT Kharagpur,Integral University,1,0,215,107,University,I189949046
IIT Kharagpur,Guru Jambheshwar University of Science and Technology,1,5,208,212,University,I15896350
IIT Kharagpur,University of Gour Banga,1,32,207,191,University,I33932797
IIT Kharagpur,Central University of Gujarat,1,29,198,95,University,I89095802
IIT Kharagpur,Periyar University,1,6,187,181,University,I141431873
IIT Kharagpur,Charotar University of Science and Technology,1,14,182,74,University,I33459947
IIT Kharagpur,University of Rajasthan,1,120,173,261,University,I99552915
IIT Kharagpur,Shri Mata Vaishno Devi University,1,7,169,90,University,I59179055
IIT Kharagpur,Indian Institute of Petroleum,1,15,153,169,Other,I84279003
IIT Kharagpur,"J.C. Bose University of Science & Technology, YMCA",1,3,133,68,University,I55124831
IIT Kharagpur,PSG College of Technology,1,8,132,165,Other,I4405254442
IIT Kharagpur,Nitte University,1,24,129,34,University,I1333540553
IIT Kharagpur,Dayananda Sagar College of Engineering,1,0,123,38,Other,I4405260736
IIT Kharagpur,Bharath University,1,54,121,63,University,I860813019
IIT Kharagpur,Shri Vile Parle Kelavani Mandal,1,0,117,37,Other,I4210132590
IIT Kharagpur,Gyan Vihar University,1,1,116,44,University,I91894341
IIT Kharagpur,Central University of Kerala,1,3,112,60,University,I35340524
IIT Kharagpur,GMR Institute of Technology,1,5,110,42,Other,I4405272215
IIT Kharagpur,TKM College of Engineering,1,19,93,44,Other,I4405253803
IIT Kharagpur,"Jawaharlal Nehru Technological University, Kakinada",1,5,92,60,University,I142809039
IIT Kharagpur,Central Food Technological Research Institute,1,20,90,561,Other,I150037166
IIT Kharagpur,Sri Sairam Engineering College,1,0,88,41,Other,I4405271589
IIT Kharagpur,Indian Agricultural Statistics Research Institute,1,0,88,71,Other,I1141210
IIT Kharagpur,M.J.P. Rohilkhand University,1,110,79,25,University,I139858224
IIT Kharagpur,National Institute of Pharmaceutical Education and Research,1,0,78,44,Other,I4210103783
IIT Kharagpur,College of Engineering Trivandrum,1,5,78,37,Other,I4405254352
IIT Kharagpur,Maharaja Ranjit Singh Punjab Technical University,1,118,74,56,University,I4210136518
IIT Kharagpur,Vivekananda Global University,1,0,73,6,University,I4210125057
IIT Kharagpur,Indian Institute of Geomagnetism,1,15,70,115,Other,I4405266797
IIT Kharagpur,"National Institute of Technical Teachers Training and Research, Chandigarh",1,1,69,59,Other,I4210094717
IIT Kharagpur,"University of Agricultural Sciences, Bangalore",1,4,68,136,University,I199921877
IIT Kharagpur,Bodoland University,1,22,68,11,University,I2799638773
IIT Kharagpur,Indian Veterinary Research Institute,1,11,67,121,Other,I185790649
IIT Kharagpur,Government of Kerala,1,15,65,52,Other,I2800731441
IIT Kharagpur,Ganpat University,1,1,62,21,University,I45372603
IIT Kharagpur,Chaudhary Devi Lal University,1,9,61,99,University,I107539069
IIT Kharagpur,National Institute of Abiotic Stress Management,1,10,56,38,Other,I4210166936
IIT Kharagpur,Ashoka Trust for Research in Ecology and the Environment,1,90,55,135,Other,I4210116320
IIT Kharagpur,Eternal University,1,1,55,36,University,I46781620
IIT Kharagpur,Pandit Ravishankar Shukla University,1,6,55,78,University,I38192578
IIT Kharagpur,Uka Tarsadia University,1,2,54,15,University,I140352217
IIT Kharagpur,Dr. Ram Manohar Lohia Avadh University,1,9,54,29,University,I1337315214
IIT Kharagpur,Bundelkhand University,1,0,53,96,University,I190570697
IIT Kharagpur,Government of Maharashtra,1,0,53,39,Other,I1315184752
IIT Kharagpur,Assam Don Bosco University,1,0,53,18,University,I10767319
IIT Kharagpur,IMS Ghaziabad,1,146,53,18,Other,I4405274630
IIT Kharagpur,Babasaheb Bhimrao Ambedkar Bihar University,1,33,53,5,University,I236004819
IIT Kharagpur,Sher-e-Kashmir University of Agricultural Sciences and Technology of Jammu,1,11,50,72,University,I235110982
IIT Kharagpur,Sardar Vallabhbhai Patel University of Agriculture & Technology,1,19,49,39,University,I4210098184
IIT Kharagpur,National Institute of Pharmaceutical Education and Research,1,0,47,46,Other,I4210098333
IIT Kharagpur,Priyadarshini College of Engineering,1,2,47,28,Other,I4405278111
IIT Kharagpur,Indo Soviet Friendship College of Pharmacy,1,0,47,30,Other,I4210092982
IIT Kharagpur,Jawaharlal Nehru Krishi Vishwa Vidyalaya,1,0,46,53,Other,I290859477
IIT Kharagpur,Indian Institute of Integrative Medicine,1,18,46,100,Other,I4210108071
IIT Kharagpur,Career Point University,1,40,45,14,University,I4210091899
IIT Kharagpur,Devi Ahilya Vishwavidyalaya,1,7,45,94,Other,I138272832
IIT Kharagpur,T A Pai Management Institute,1,0,43,34,Other,I213512949
IIT Kharagpur,International Institute of Information Technology,1,1,43,27,IIIT,I188963388
IIT Kharagpur,Somaiya Vidyavihar University,1,6,41,13,University,I4405262393
IIT Kharagpur,Akal University,1,0,41,11,University,I3132890203
IIT Kharagpur,Ministry of Science and Technology,1,0,40,24,Other,I4210134808
IIT Kharagpur,JECRC University,1,5,39,14,University,I3131927718
IIT Kharagpur,National Centre for Coastal Research,1,4,39,52,Other,I4210117185
IIT Kharagpur,ICAR-Indian Institute of Farming Systems Research,1,0,38,58,Other,I4405271402
IIT Kharagpur,"Dr. D.Y. Patil Vidyapeeth, Pune",1,20,38,20,Other,I4210103194
IIT Kharagpur,Mudra Institute of Communications Ahmedabad,1,22,38,37,Other,I4210147161
IIT Kharagpur,Netaji Subhas Open University,1,0,38,9,University,I20238315
IIT Kharagpur,P P Savani University,1,5,37,11,University,I4405258421
IIT Kharagpur,IPS Academy,1,0,37,9,Other,I4210113021
IIT Kharagpur,National Academy of Agricultural Research Management,1,2,36,47,Other,I174979866
IIT Kharagpur,Vallurupalli Nageswara Rao Vignana Jyothi Institute of Engineering and Technology,1,0,36,4,Other,I4405263215
IIT Kharagpur,Marathwada Agricultural University,1,0,35,34,University,I120386524
IIT Kharagpur,Central Institute of Fisheries Technology,1,3,35,56,Other,I1304743227
IIT Kharagpur,Assam Science and Technology University,1,24,35,1,University,I4405257221
IIT Kharagpur,Madras Christian College,1,18,34,21,Other,I4405277150
IIT Kharagpur,Zoological Survey of India,1,4,34,19,Other,I1338006420
IIT Kharagpur,Borlaug Institute for South Asia,1,6,33,67,Other,I4210105543
IIT Kharagpur,T.K.M Institute of Technology,1,41,33,11,Other,I4405258373
IIT Kharagpur,Mahatma Gandhi University,1,3,32,40,University,I4405260745
IIT Kharagpur,Shri Jagdishprasad Jhabarmal Tibrewala University,1,0,31,13,University,I341451707
IIT Kharagpur,South Asian University,1,0,31,32,University,I90425906
IIT Kharagpur,Regional Centre for Biotechnology,1,1,31,26,Other,I4210094671
IIT Kharagpur,Durgapur Government College,1,10,31,67,Other,I4405273294
IIT Kharagpur,Sri Pratap College,1,49,30,22,Other,I4405274834
IIT Kharagpur,Indian Maritime University,1,1,30,10,University,I47885761
IIT Kharagpur,Department of Biotechnology,1,4,30,31,Other,I3141573830
IIT Kharagpur,Medi-Caps University,1,1,30,15,University,I4210119567
IIT Kharagpur,Sacred Heart College (Autonomous),1,0,30,14,Other,I4405259747
IIT Kharagpur,RCC Institute of Information Technology,1,0,30,22,IIIT,I4405278573
IIT Kharagpur,"Agriculture University, Jodhpur",1,29,30,5,University,I4405256963
IIT Kharagpur,Sant Gadge Baba Amravati University,1,56,29,103,University,I150513749
IIT Kharagpur,Ramakrishna Mission Residential College,1,15,28,17,Other,I4405271030
IIT Kharagpur,Bihar Engineering University,1,0,28,2,University,I4405262542
IIT Kharagpur,Jiwaji University,1,10,27,71,University,I102471911
IIT Kharagpur,Chhattisgarh Swami Vivekanand Technical University,1,2,26,21,University,I2800818028
IIT Kharagpur,Dwarkadas J. Sanghvi College of Engineering,1,32,25,8,Other,I212738717
IIT Kharagpur,Cluster University of Jammu,1,21,25,8,University,I4405252910
IIT Kharagpur,Budge Budge Institute of Technology,1,30,25,7,Other,I3131908327
IIT Kharagpur,CSIR-National Institute of Science Communication and Policy Research,1,4,24,5,CSIR,I4405279894
IIT Kharagpur,SCMS Group of Educational Institutions,1,5,24,10,Other,I4210116159
IIT Kharagpur,Guru Nanak Institutions,1,4,24,7,Other,I4210130653
IIT Kharagpur,National Institute of Plant Genome Research,1,76,24,42,Other,I4210153536
IIT Kharagpur,Kadi Sarva Vishwavidyalaya,1,21,23,18,Other,I333550923
IIT Kharagpur,Kasturba Medical College Hospital,1,0,23,14,Other,I4210094269
IIT Kharagpur,Indian Institute of Sugarcane Research,1,10,23,30,Other,I38395295
IIT Kharagpur,Punjab Remote Sensing Centre,1,4,23,27,Other,I4210131364
IIT Kharagpur,National Institute of Disaster Management,1,5,23,20,Other,I242113363
IIT Kharagpur,Barkatullah University,1,1,22,39,University,I464993
IIT Kharagpur,University of Trans-Disciplinary Health Sciences and Technology,1,7,22,14,University,I3132239849
IIT Kharagpur,Rajendra Memorial National Institute of Health Research,1,5,22,52,Other,I134315084
IIT Kharagpur,Bhairab Ganguly College,1,0,22,10,Other,I4405277705
IIT Kharagpur,Amity University Chhatisgarh,1,1,22,13,University,I4405266109
IIT Kharagpur,Indian Institute of Rice Research,1,249,22,39,Other,I1298986040
IIT Kharagpur,Department of Space,1,6,22,40,Other,I3148377317
IIT Kharagpur,Amrita Institute of Medical Sciences and Research Centre,1,0,22,66,Other,I1282879092
IIT Kharagpur,Indian Institute of Vegetable Research,1,10,21,9,Other,I4210126648
IIT Kharagpur,Indian Institute of Forest Management,1,69,21,37,Other,I176010741
IIT Kharagpur,Vignana Bharathi Institute of Technology,1,1,20,5,Other,I4405260224
IIT Kharagpur,Sugarcane Breeding Institute,1,5,20,13,Other,I4210142091
IIT Kharagpur,Kamdhenu University,1,0,20,9,University,I3133099055
IIT Kharagpur,Gayatri Vidya Parishad College of Engineering for Women,1,15,19,6,Other,I4405263749
IIT Kharagpur,Indian Institute of Information Technology Kota,1,4,19,3,IIIT,I4405265662
IIT Kharagpur,Patliputra University,1,33,18,9,University,I3131743352
IIT Kharagpur,Institute of Bio-Resources and Sustainable Development,1,0,18,42,Other,I4210129117
IIT Kharagpur,Defence Research Laboratory,1,21,18,40,Other,I4210154459
IIT Kharagpur,Serampore College,1,1,18,36,Other,I94349332
IIT Kharagpur,K J Somaiya Institute of Management,1,6,17,18,Other,I4405279724
IIT Kharagpur,Ministry of Electronics and Information Technology,1,12,17,19,IIIT,I4210121746
IIT Kharagpur,National Institute of Animal Biotechnology,1,5,17,12,Other,I4210092980
IIT Kharagpur,Poornima Institute of Engineering and Technology,1,3,17,6,Other,I4405274437
IIT Kharagpur,L V Prasad Eye Institute,1,1,17,31,Other,I2801255070
IIT Kharagpur,D Y Patil International University,1,0,17,2,University,I4210096567
IIT Kharagpur,Jai Prakash University,1,13,17,6,University,I2914622271
IIT Kharagpur,"Dr. D. Y. Patil Medical College, Hospital and Research Centre",1,20,17,13,Other,I4210089305
IIT Kharagpur,Swarnandhra College of Engineering and Technology,1,5,16,2,Other,I4405278262
IIT Kharagpur,"Institute of Science, Nagpur",1,0,16,0,Other,I4405277029
IIT Kharagpur,"Regional Institute of Education, Bhubaneswar",1,3,16,2,Other,I4405272889
IIT Kharagpur,ISRO Propulsion Complex,1,11,15,31,Other,I4210095388
IIT Kharagpur,Netaji Nagar College for Women,1,0,15,43,Other,I4405271299
IIT Kharagpur,Sanaka Educational Trust’s Group of Institutions,1,0,15,8,Other,I4405252868
IIT Kharagpur,Calcutta Institute of Pharmaceutical Technology & Allied Health Sciences,1,2,15,2,Other,I4405283056
IIT Kharagpur,Meerut College,1,19,14,1,Other,I4405266925
IIT Kharagpur,Advanced Center for Water Resources Development and Management,1,62,14,12,Other,I4210159060
IIT Kharagpur,Adikavi Nannaya University,1,4,14,4,University,I247375439
IIT Kharagpur,Rungta College of Engineering and Technology,1,15,14,13,Other,I4405258633
IIT Kharagpur,Defence Laboratory Jodhpur,1,37,14,25,Other,I4210099439
IIT Kharagpur,"University of Engineering & Management, Jaipur",1,0,13,3,University,I4405257789
IIT Kharagpur,"Engineering College, Ajmer",1,11,13,9,Other,I4405279953
IIT Kharagpur,IMS Unison University,1,0,13,6,University,I2800301432
IIT Kharagpur,RV University,1,0,13,4,University,I4405257909
IIT Kharagpur,"IIMT College of Engineering, Greater Noida",1,6,13,0,Other,I4405260563
IIT Kharagpur,St. Xavier's College,1,1,13,26,Other,I4405282102
IIT Kharagpur,Amicable Knowledge Solution University,1,0,12,11,University,I4210147242
IIT Kharagpur,Maulana Azad College,1,0,12,9,Other,I4405272376
IIT Kharagpur,Institute for Stem Cell Biology and Regenerative Medicine,1,12,12,22,Other,I4210087873
IIT Kharagpur,Bidhannagar College,1,19,12,7,Other,I4405270405
IIT Kharagpur,Department of Science and Technology and Biotechnology,1,0,12,7,Other,I4210133337
IIT Kharagpur,Shroff S.R. Rotary Institute of Chemical Technology,1,5,12,9,Other,I4405269504
IIT Kharagpur,TCG Lifesciences (India),1,26,11,9,Other,I4210118991
IIT Kharagpur,Tea Research Association,1,1,11,26,Other,I4210144812
IIT Kharagpur,Veer Kunwar Singh University,1,0,11,3,University,I116130893
IIT Kharagpur,Sir Syed College,1,10,11,1,Other,I4405262160
IIT Kharagpur,Gurudas College,1,0,11,11,Other,I4405276635
IIT Kharagpur,Central Muga Eri Research and Training Institute,1,44,11,8,Other,I4210161565
IIT Kharagpur,Arid Forest Research Institute,1,1,11,7,Other,I140470919
IIT Kharagpur,"Dharanidhar University, Keonjhar",1,7,11,4,University,I4405253117
IIT Kharagpur,Kerala Forest Research Institute,1,14,10,6,Other,I98944809
IIT Kharagpur,Krishna University,1,79,10,13,University,I221092938
IIT Kharagpur,Botanical Survey of India,1,56,10,13,Other,I1282638777
IIT Kharagpur,Reserve Bank of India,1,23,10,54,Other,I1287339526
IIT Kharagpur,Rashtriya Raksha University,1,0,10,3,University,I3132447494
IIT Kharagpur,"College of Engineering and Management, Kolaghat",1,10,10,8,Other,I4405256050
IIT Kharagpur,Maharshi Dayanand Saraswati University,1,11,10,20,University,I56287899
IIT Kharagpur,National Institution for Transforming India Aayog,1,6,10,9,Other,I4210137148
IIT Kharagpur,Kolhan University,1,0,10,5,University,I3130993272
IIT Kharagpur,Assam Science Technology and Environment Council,1,24,9,0,Other,I4405270762
IIT Kharagpur,Sai University,1,4,9,2,University,I4405259325
IIT Kharagpur,St.John's Medical College Hospital,1,7,9,24,Other,I4210145302
IIT Kharagpur,ICMR-National Institute of Virology,1,21,9,40,Other,I60374024
IIT Kharagpur,CEPT University,1,0,9,77,University,I25880638
IIT Kharagpur,National Bureau of Fish Genetic Resources,1,12,9,21,Other,I4210090005
IIT Kharagpur,Chanakya University,1,0,8,0,University,I4405278643
IIT Kharagpur,Darjeeling Government College,1,25,8,13,Other,I4405271790
IIT Kharagpur,Sarguja University,1,40,8,10,University,I3132343680
IIT Kharagpur,Vignana Jyothi Institute of Management,1,2,8,1,Other,I2801452159
IIT Kharagpur,JSW Group (India),1,10,8,10,Other,I160856166
IIT Kharagpur,Shri Shankaracharya Professional University,1,1,8,2,University,I4405264754
IIT Kharagpur,Centre for Development of Telematics,1,3,8,1,Other,I43909382
IIT Kharagpur,Kerala Veterinary and Animal Sciences University,1,15,8,8,University,I335685885
IIT Kharagpur,Central Power Research Institute,1,4,8,29,Other,I109493002
IIT Kharagpur,Centre for DNA Fingerprinting and Diagnostics,1,9,8,31,Other,I78270026
IIT Kharagpur,DKTE Society's Textile and Engineering Institute,1,0,8,4,Other,I4210103544
IIT Kharagpur,Gujarat Vidyapith,1,19,8,17,Other,I347335806
IIT Kharagpur,Tropical Forest Research Institute,1,1,8,1,Other,I1284847757
IIT Kharagpur,National Institute of Epidemiology,1,2,8,23,Other,I4210100069
IIT Kharagpur,Sriram Chandra Bhanja Medical College Hospital,1,2,8,17,Other,I3133213366
IIT Kharagpur,Antara,1,0,7,11,Other,I4210119153
IIT Kharagpur,St. Anthony's College,1,7,7,4,Other,I4405265874
IIT Kharagpur,Maharaja Bir Bikram University,1,11,6,5,University,I4210156902
IIT Kharagpur,"Indian Institute of Information Technology, Sonepat",1,9,6,2,IIIT,I4405255737
IIT Kharagpur,Alipurduar University,1,33,6,0,University,I4405273222
IIT Kharagpur,Centre of Plasma Physics - Institute for Plasma Research,1,15,6,4,Other,I4210118770
IIT Kharagpur,Arya Vaidya Sala,1,17,6,3,Other,I4210160885
IIT Kharagpur,Acharya Brojendra Nath Seal College,1,8,6,17,Other,I4405271780
IIT Kharagpur,Jorhat Institute of Science and Technology,1,1,6,5,Other,I4405261314
IIT Kharagpur,Berger Paints (India),1,0,6,0,Other,I4210149480
IIT Kharagpur,Pandit Bhagwat Dayal Sharma Post Graduate Institute of Medical Sciences,1,1,6,16,Other,I13529149
IIT Kharagpur,Acharya Jagadish Chandra Bose College,1,2,6,2,Other,I4405277603
IIT Kharagpur,Ananda Mohan College,1,16,5,6,Other,I4405271948
IIT Kharagpur,Biocon (India),1,11,5,12,Other,I4210143327
IIT Kharagpur,Asian Institute of Public Health,1,15,5,11,Other,I4210115110
IIT Kharagpur,Wockhardt (India),1,3,5,0,Other,I4210102159
IIT Kharagpur,Institute of Development Studies Kolkata,1,5,5,28,Other,I4405262774
IIT Kharagpur,Srishti Institute of Art Design and Technology,1,14,5,1,Other,I4210124303
IIT Kharagpur,Vikas College of Engineering and Technology,1,0,5,3,Other,I4405260459
IIT Kharagpur,Atal Bihari Vajpayee Institute of Medical Sciences and Dr. Ram Manohar Lohia Hospital,1,0,5,11,Other,I2800585909
IIT Kharagpur,Raja Peary Mohan College,1,0,5,2,Other,I4405278364
IIT Kharagpur,Shibli National College,1,2,5,2,Other,I4405262478
IIT Kharagpur,Garden City University,1,0,5,1,University,I4405259915
IIT Kharagpur,Saroj Mohan Institute of Technology,1,53,5,24,Other,I4405282084
IIT Kharagpur,Dayanand Medical College & Hospital,1,4,5,11,Other,I4210088867
IIT Kharagpur,Centre for Chronic Disease Control,1,1,5,17,Other,I4210119988
IIT Kharagpur,Estuarine and Coastal Studies Foundation,1,4,5,0,Other,I4405258051
IIT Kharagpur,Tezpur Medical College & Hospital,1,14,4,1,Other,I4210097972
IIT Kharagpur,Hi-Tech Medical College & Hospital,1,0,4,0,Other,I4210141550
IIT Kharagpur,Krupajal Engineering College,1,40,4,2,Other,I4405276997
IIT Kharagpur,Swami Vivekananda Yoga Anusandhana Samsthana,1,10,4,19,Other,I2800348719
IIT Kharagpur,Maharashtra National Law University,1,1,4,0,University,I4405261059
IIT Kharagpur,Bureau of Indian Standards,1,18,4,3,Other,I4405266059
IIT Kharagpur,Rajiv Gandhi National Aviation University,1,0,4,0,University,I4405268448
IIT Kharagpur,Professional Assistance for Development Action,1,7,4,4,Other,I2802247371
IIT Kharagpur,Janta Vedic College,1,1,4,0,Other,I4405260039
IIT Kharagpur,General Electric (India),1,4,4,45,Other,I4210142581
IIT Kharagpur,New Alipore College,1,19,4,2,Other,I4405272584
IIT Kharagpur,Apollo Hospitals,1,6,4,20,Other,I1327930874
IIT Kharagpur,Netaji Subhas Chandra Bose Cancer Research Institute,1,16,3,0,Other,I4210104904
IIT Kharagpur,PSG College of Pharmacy,1,1,3,4,Other,I4405275187
IIT Kharagpur,Central Council for Research in Homoeopathy,1,1,3,3,Other,I4210155405
IIT Kharagpur,Ministry of Mines,1,1,3,6,Other,I4405256676
IIT Kharagpur,"Indian Institute of Information Technology Senapati, Manipur",1,0,3,1,IIIT,I4210161644
IIT Kharagpur,TVS Motor Company (India),1,0,3,6,Other,I1589757
IIT Kharagpur,Guru Teg Bahadur Hospital,1,2,3,19,Other,I2802539864
IIT Kharagpur,Maharaja Krishna Chandra Gajapati Medical College and Hospital,1,3,3,1,Other,I250200457
IIT Kharagpur,Kalinga Institute of Social Sciences,1,4,3,2,Other,I4405262510
IIT Kharagpur,Max Super Speciality Hospital,1,3,3,9,Other,I2802464703
IIT Kharagpur,Scientific Analysis Group,1,3,3,7,Other,I4210120887
IIT Kharagpur,Department of Chemicals and Petrochemicals,1,5,3,0,Other,I4210104156
IIT Kharagpur,Praj (India),1,1,2,1,Other,I4210093169
IIT Kharagpur,Hester,1,31,2,2,Other,I4210144873
IIT Kharagpur,Debra Thana Sahid Kshudiram Smriti Mahavidyalaya,1,0,2,2,Other,I4405263240
IIT Kharagpur,Centre for Interdisciplinary Research and Education,1,0,2,5,Other,I4210089539
IIT Kharagpur,Goa Medical College,1,0,2,6,Other,I238597064
IIT Kharagpur,Udaipur Solar Observatory,1,29,2,2,Other,I2799756756
IIT Kharagpur,Saroj Gupta Cancer Centre & Research Institute,1,6,2,14,Other,I4210151504
IIT Kharagpur,Silchar Medical College and Hospital,1,8,2,5,Other,I2802488231
IIT Kharagpur,Haldia Institute of Health Sciences,1,1,2,0,Other,I4405285202
IIT Kharagpur,Adani Institute of Infrastructure Engineering,1,5,2,8,Other,I4210102401
IIT Kharagpur,Yashoda Hospital,1,6,2,1,Other,I4210129842
IIT Kharagpur,Surendranath Evening College,1,0,2,5,Other,I4405276959
IIT Kharagpur,Manipal Hospital,1,0,2,3,Other,I4210165321
IIT Kharagpur,Society For Development Alternatives,1,1,2,1,Other,I4210138833
IIT Kharagpur,Virus Unit,1,24,2,5,Other,I4210093260
IIT Kharagpur,Adani Group (India),1,0,2,6,Other,I4405272148
IIT Kharagpur,"Mahatma Gandhi College, Darbhanga",1,8,2,0,Other,I4405284410
IIT Kharagpur,West Bengal University of Health Sciences,1,0,2,4,University,I226431899
IIT Kharagpur,Fortis Hospital,1,0,2,2,Other,I4210122382
IIT Kharagpur,Veer Surendra Sai Medical College and Hospital,1,3,2,0,Other,I2803056085
IIT Kharagpur,Government Medical College,1,18,2,4,Other,I4210164371
IIT Kharagpur,Gokhale Education Society,1,7,2,1,Other,I4405266106
IIT Kharagpur,Kirloskar Group (India),1,24,2,0,Other,I4210157906
IIT Kharagpur,Aarupadai Veedu Medical College & Hospital,1,11,2,1,Other,I222471920
IIT Kharagpur,KPC Medical College and Hospital,1,0,2,15,Other,I243989293
IIT Kharagpur,India International University of Legal Education and Research,1,0,1,0,University,I4405270547
IIT Kharagpur,Icon (India),1,11,1,0,Other,I4210089292
IIT Kharagpur,Aeronautical Development Establishment,1,0,1,3,Other,I4210093458
IIT Kharagpur,Centre For Research & Education in Science & Technology,1,2,1,1,Other,I4405276109
IIT Kharagpur,Jaypee Group (India),1,1,1,3,Other,I2800623768
IIT Kharagpur,Basanti Devi College,1,0,1,8,Other,I4405274977
IIT Kharagpur,"Samanta Chandra Sekhar Autonomous College, Puri",1,1,1,3,Other,I4405280434
IIT Kharagpur,Martin Luther Christian University,1,2,1,0,University,I3133174604
IIT Kharagpur,Vehicles Research Development Establishment,1,22,1,1,Other,I4210086389
IIT Kharagpur,Research & Development Establishment (Engrs.),1,6,1,16,Other,I4210099971
IIT Kharagpur,Central Institute of Indian Languages,1,0,1,1,Other,I2801245514
IIT Kharagpur,Al-Ameen College of Pharmacy,1,1,1,7,Other,I70922119
IIT Kharagpur,Sitaram Bhartia Institute of Science and Research,1,7,1,1,Other,I4210118890
IIT Kharagpur,Medanta The Medicity,1,0,1,8,Other,I4210115207
IIT Kharagpur,Abhedananda Mahavidyalaya,1,3,1,1,Other,I4405277156
IIT Kharagpur,Engineers India (India),1,0,1,6,Other,I46308248
IIT Kharagpur,Central India Institute of Medical Sciences,1,2,1,1,Other,I4210135505
IIT Kharagpur,Torrent Pharma (India),1,9,1,1,Other,I4210137505
IIT Kharagpur,Maharashtra National Law University Mumbai,1,1,1,0,University,I2801938406
IIT Kharagpur,King George Hospital,1,36,1,0,Other,I4210162863
IIT Kharagpur,Medanta The Medicity,1,0,1,9,Other,I1291450037
IIT Kharagpur,Al-Ameen Medical College,1,0,1,1,Other,I157458207
IIT Kharagpur,Indas Mahavidyalaya,1,0,1,2,Other,I4405273145
IIT Kharagpur,Bejoy Narayan Mahavidyalaya,1,24,1,8,Other,I4405283970
IIT Kharagpur,National University of Study and Research in Law,1,3,1,2,University,I3129248420
IIT Kharagpur,Apollo Institute of Medical Sciences & Research,1,0,1,3,Other,I4210118361
IIT Kharagpur,Uluberia College,1,3,1,7,Other,I4405270095
IIT Kharagpur,Mylan (India),1,31,1,2,Other,I4210132119
IIT Kharagpur,Topiwala National Medical College & BYL Nair Charitable Hospital,1,0,1,14,Other,I3024917321
IIT Kharagpur,Karnataka Health Promotion Trust,1,7,0,5,Other,I4210116282
IIT Kharagpur,Ministry of Culture,1,0,0,1,Other,I1314849024
IIT Kharagpur,Vedanta Resources (India),1,0,0,0,Other,I4210093935
IIT Kharagpur,Voluntary Health Association of Goa,1,5,0,0,Other,I4210124092
IIT Kharagpur,Travancore medicity medical College hospital,1,20,0,0,Other,I4405262442
IIT Kharagpur,Kusum Devi Sunderlal Dugar Jain Dental College & Hospital,1,0,0,0,Other,I4405274607
IIT Kharagpur,National Institute of Financial Management,1,5,0,6,Other,I4210122998
IIT Kharagpur,Defence Institute of Psychological Research,1,10,0,5,Other,I72008476
IIT Kharagpur,Navdanya,1,38,0,0,Other,I4210112880
IIT Kharagpur,Indian Institute of Art & Design,1,0,0,0,Other,I4210133633
IIT Kharagpur,Honeywell (India),1,1,0,6,Other,I4210101534
IIT Kharagpur,Canara Bank,1,11,0,1,Other,I4405283699
IIT Kharagpur,Association for Socially Applicable Research,1,20,0,0,Other,I4405263513
IIT Kharagpur,Indian Institute of Advanced Study,1,41,0,1,Other,I2830045
IIT Kharagpur,ITPEnergised Group (India),1,0,0,0,Other,I4210144604
IIT Kharagpur,Dr. B.R. Ambedkar State Institute of Medical Sciences,1,2,0,1,Other,I4405268885
IIT Kharagpur,National Tea Research Foundation,1,8,0,5,Other,I4405268689
IIT Kharagpur,Sri Ramachandra Medical Centre,1,0,0,7,Other,I4210107332
IIT Kharagpur,Artemis Hospitals,1,1,0,1,Other,I4210165151
IIT Kharagpur,A. R. College of Pharmacy & G. H. Patel Institute of Pharmacy,1,0,0,0,Other,I4405284862
IIT Kharagpur,Centre for Science and Environment,1,3,0,7,Other,I75971999
IIT Kharagpur,Maaruti College of Dental sciences & Research Center,1,5,0,2,Other,I4210130611
IIT Kharagpur,Fortis Hospital,1,0,0,2,Other,I4210153334
IIT Kharagpur,Fortis Hospital,1,0,0,4,Other,I4210152136
IIT Kharagpur,National Research Centre on Equines,1,9,0,3,Other,I17539415
IIT Kharagpur,Pratham,1,16,0,1,Other,I4210122899
IIT Kharagpur,Goa Dental College and Hospital,1,5,0,0,Other,I2800979047
IIT Kharagpur,ESI - Post Graduate Institute of Medical Science and Research,1,1,0,2,Other,I4210105251
IIT Kharagpur,Government Ayurvedic College and Hospital,1,1,0,0,Other,I4210114849
IIT Kharagpur,Cancer Foundation of India,1,7,0,0,Other,I4210111345
IIT Kharagpur,GVK (India),1,30,0,3,Other,I4210091129
IIT Kharagpur,Lok Nayak Jai Prakash Narayan Hospital,1,21,0,3,Other,I4210096873
IIT Kharagpur,"Government Institute of Medical Sciences, Greater Noida",1,0,0,0,Other,I4405273197
IIT Kharagpur,United Nations Children's Fund India,1,16,0,42,Other,I4210159699
IIT Kharagpur,Ismail National Mahila P.G. College,1,19,0,1,Other,I4405283832
IIT Kharagpur,Population Council Institute,1,27,0,0,Other,I4210155942
IIT Kharagpur,Vivekananda Institute of Medical Sciences,1,0,0,9,Other,I4210131107
IIT Kharagpur,Mithila Minority Dental College And Hospital,1,0,0,0,Other,I2801980077
IIT Kharagpur,Dr. Baba Saheb Ambedkar Medical College and Hospital,1,4,0,0,Other,I4405278595
IIT Kharagpur,Defence Terrain Research Laboratory,1,4,0,7,Other,I4210112953
IIT Kharagpur,NTPC Consultancy (India),1,0,0,1,Other,I4210096798
IIT Kharagpur,Gandhi Medical College & Hospital,1,2,0,3,Other,I15853019
IIT Kharagpur,Kakatiya Medical College,1,1,0,5,Other,I4405262917
IIT Kharagpur,KLE Technological University,0,0,243,113,University,I3132975163
IIT Kharagpur,Punjabi University,0,0,195,162,University,I79161377
IIT Kharagpur,St. Joseph’s College of Engineering,0,0,160,85,Other,I4387154592
IIT Kharagpur,Magadh University,0,0,160,26,University,I127727965
IIT Kharagpur,New Horizon College of Engineering,0,0,153,16,Other,I4405256925
IIT Kharagpur,Central University of Jammu,0,0,148,71,University,I4210142231
IIT Kharagpur,Deenbandhu Chhotu Ram University of Science and Technology,0,0,148,97,University,I253188195
IIT Kharagpur,Gurukul Kangri Vishwavidyalaya,0,0,143,72,Other,I114796046
IIT Kharagpur,Bharati Vidyapeeth (Deemed to be University),0,0,132,75,University,I887998513
IIT Kharagpur,Manav Rachna International Institute of Research and Studies,0,0,127,39,Other,I55016150
IIT Kharagpur,Mohan Babu University,0,0,124,9,University,I4405270480
IIT Kharagpur,Institute of Himalayan Bioresource Technology,0,0,118,131,Other,I4210128326
IIT Kharagpur,GIET University,0,0,114,25,University,I4210139271
IIT Kharagpur,Nitte Meenakshi Institute of Technology,0,0,111,26,Other,I4405268608
IIT Kharagpur,Gandhigram Rural Institute,0,0,110,221,Other,I880551032
IIT Kharagpur,Indira Gandhi Delhi Technical University for Women,0,0,110,48,University,I4210143260
IIT Kharagpur,KR Mangalam University,0,0,102,17,University,I4210114149
IIT Kharagpur,Thiagarajar College of Engineering,0,0,100,82,Other,I21234101
IIT Kharagpur,Indira Gandhi National Open University,0,0,99,81,University,I51969498
IIT Kharagpur,Mangalore University,0,0,97,113,University,I19008122
IIT Kharagpur,Teerthanker Mahaveer University,0,0,97,24,University,I134705546
IIT Kharagpur,Yogi Vemana University,0,0,93,67,University,I83073037
IIT Kharagpur,Vinayaka Missions University,0,0,93,25,University,I175548057
IIT Kharagpur,Mahaveer University,0,0,88,23,University,I4405260859
IIT Kharagpur,PSG College of Arts & Science,0,0,84,35,Other,I4405260672
IIT Kharagpur,Noida Institute of Engineering and Technology,0,0,67,15,Other,I4405260775
IIT Kharagpur,Amity University Madhya Pradesh,0,0,66,13,University,I4405263094
IIT Kharagpur,Calcutta Institute of Technology,0,0,65,7,Other,I4405275047
IIT Kharagpur,DAV University,0,0,65,50,University,I1341847395
IIT Kharagpur,Central Coastal Agricultural Research Institute,0,0,63,37,Other,I4210094289
IIT Kharagpur,Maulana Azad National Urdu University,0,0,61,27,University,I3133391162
IIT Kharagpur,Assam Down Town University,0,0,60,14,University,I49068896
IIT Kharagpur,Davangere University,0,0,60,24,University,I214657376
IIT Kharagpur,Acharya Nagarjuna University,0,0,60,66,University,I177001074
IIT Kharagpur,Noorul Islam University,0,0,59,22,University,I96797292
IIT Kharagpur,Ajay Kumar Garg Engineering College,0,0,58,11,Other,I4405257060
IIT Kharagpur,Thiruvalluvar University,0,0,58,78,University,I117381506
IIT Kharagpur,Loyola College,0,0,58,87,Other,I4405274569
IIT Kharagpur,National Forensic Sciences University,0,0,57,26,University,I1331084196
IIT Kharagpur,Kuvempu University,0,0,57,58,University,I178319760
IIT Kharagpur,Solapur University,0,0,56,41,University,I155907036
IIT Kharagpur,Noida International University,0,0,56,6,University,I4210086299
IIT Kharagpur,Rajasthan Technical University,0,0,55,27,University,I159219196
IIT Kharagpur,Chaudhary Sarwan Kumar Himachal Pradesh Krishi Vishvavidyalaya,0,0,55,30,Other,I377099284
IIT Kharagpur,Rayat Bahra University,0,0,54,16,University,I2801240201
IIT Kharagpur,Velammal Educational Trust,0,0,54,20,Other,I4210105562
IIT Kharagpur,Sardar Patel University Mandi,0,0,54,23,University,I4405284406
IIT Kharagpur,Swami Rama Himalayan University,0,0,54,25,University,I2802000655
IIT Kharagpur,Government of Uttar Pradesh,0,0,54,23,Other,I2801491316
IIT Kharagpur,Ministry of Food Processing Industries,0,0,54,70,Other,I4210160388
IIT Kharagpur,Rajagiri College of Social Sciences (Autonomous),0,0,53,5,Other,I4388891759
IIT Kharagpur,Shri Guru Ram Rai University,0,0,51,6,University,I4405261556
IIT Kharagpur,Kalinga University,0,0,51,5,University,I2800614057
IIT Kharagpur,Gokhale Memorial Girls' College,0,0,51,13,Other,I4405274146
IIT Kharagpur,Veer Narmad South Gujarat University,0,0,51,33,University,I10926426
IIT Kharagpur,Dr. Homi Bhabha State University,0,0,51,11,DAE,I4405271898
IIT Kharagpur,Sri Guru Granth Sahib World University,0,0,51,49,University,I199140397
IIT Kharagpur,Bishop Heber College,0,0,50,23,Other,I4405261969
IIT Kharagpur,IIMT University,0,0,50,9,University,I4405262983
IIT Kharagpur,Dr. M.G.R. Educational and Research Institute,0,0,49,14,Other,I19926482
IIT Kharagpur,Manav Rachna University,0,0,49,15,University,I4405253735
IIT Kharagpur,St. Joseph's Institute of Technology,0,0,48,9,Other,I4210101093
IIT Kharagpur,Rajiv Gandhi Technical University,0,0,48,58,University,I196622127
IIT Kharagpur,"Indira Gandhi University, Meerpur",0,0,47,11,University,I4210142013
IIT Kharagpur,Yenepoya Research Centre,0,0,47,17,Other,I4405268903
IIT Kharagpur,Raisoni Group of Institutions,0,0,47,29,Other,I4210146358
IIT Kharagpur,D.Y. Patil Education Society,0,0,46,16,Other,I4210145115
IIT Kharagpur,Central Electronics Engineering Research Institute,0,0,46,40,Other,I41763900
IIT Kharagpur,Agharkar Research Institute,0,0,45,40,Other,I151205615
IIT Kharagpur,Patna University,0,0,44,57,University,I2534966
IIT Kharagpur,Government of Haryana,0,0,44,28,Other,I2799795791
IIT Kharagpur,Sri Venkateswara College of Engineering Tirupati,0,0,44,10,Other,I4405261004
IIT Kharagpur,Fourth Paradigm Institute,0,0,43,151,Other,I2799463389
IIT Kharagpur,Adichunchanagiri University,0,0,43,4,University,I4405285236
IIT Kharagpur,Baba Ghulam Shah Badshah University,0,0,43,17,University,I299920578
IIT Kharagpur,North Eastern Space Applications Centre,0,0,42,73,Other,I4210130634
IIT Kharagpur,Government of Himachal Pradesh,0,0,42,27,Other,I4210098857
IIT Kharagpur,National Engineering College,0,0,41,27,Other,I4405269433
IIT Kharagpur,IFTM University,0,0,41,28,University,I2801192375
IIT Kharagpur,Central Institute of Medicinal and Aromatic Plants,0,0,40,75,Other,I68145777
IIT Kharagpur,National Institute of Pharmaceutical Education and Research - Ahmedabad,0,0,40,31,Other,I4210102411
IIT Kharagpur,Mody University of Science and Technology,0,0,39,32,University,I72563045
IIT Kharagpur,Sri Krishnadevaraya University,0,0,38,83,University,I4031970
IIT Kharagpur,Glocal University,0,0,38,34,University,I3130698519
IIT Kharagpur,Baba Mastnath University,0,0,38,3,University,I4210134754
IIT Kharagpur,Avinashilingam University,0,0,37,28,University,I161045824
IIT Kharagpur,Gurugram University,0,0,37,1,University,I4390039362
IIT Kharagpur,Tilka Manjhi Bhagalpur University,0,0,37,37,University,I96307353
IIT Kharagpur,Kashi Naresh Government Post Graduate College,0,0,36,5,Other,I4405282218
IIT Kharagpur,Dayananda Sagar Academy of Technology and Management,0,0,35,7,Other,I4405277151
IIT Kharagpur,DES Pune University,0,0,35,36,University,I4405260121
IIT Kharagpur,Vijayanagara Sri Krishnadevaraya University,0,0,35,6,University,I4210124025
IIT Kharagpur,"Bharati Vidyapeeth's College of Engineering, Delhi",0,0,34,15,Other,I4405259495
IIT Kharagpur,Ramakrishna Mission Vidyalaya,0,0,34,24,Other,I4210141018
IIT Kharagpur,Sir Padampat Singhania University,0,0,34,5,University,I94511900
IIT Kharagpur,Dr. C. V. Raman University,0,0,33,8,University,I3129960170
IIT Kharagpur,Malla Reddy University,0,0,33,5,University,I4405254961
IIT Kharagpur,Dhanalakshmi Srinivasan Group of Institutions,0,0,33,10,Other,I4210146157
IIT Kharagpur,National Institute of Nutrition,0,0,33,58,Other,I53421241
IIT Kharagpur,Jai Narain Vyas University,0,0,32,33,University,I59100879
IIT Kharagpur,GD Goenka University,0,0,32,20,University,I2802922787
IIT Kharagpur,"American College, Madurai",0,0,32,4,Other,I2800849556
IIT Kharagpur,Periyar Maniammai Institute of Science & Technology,0,0,32,21,Other,I207025910
IIT Kharagpur,Deen Dayal Upadhyaya College,0,0,31,17,Other,I4405276378
IIT Kharagpur,Government Engineering College Thrissur,0,0,31,28,Other,I4405276907
IIT Kharagpur,Acharya Institute of Technology,0,0,31,4,Other,I4405261980
IIT Kharagpur,Veer Chandra Singh Garhwali Uttarakhand University of Horticulture & Forestry,0,0,31,13,University,I4210095517
IIT Kharagpur,Sri Ramakrishna College of Arts and Science,0,0,31,15,Other,I4405258780
IIT Kharagpur,Central Marine Fisheries Research Institute,0,0,30,57,Other,I899802
IIT Kharagpur,Shri Govindram Seksaria Institute of Technology and Science,0,0,30,40,Other,I4405278167
IIT Kharagpur,Kongunadu Arts and Science College,0,0,30,30,Other,I4405268639
IIT Kharagpur,Maharaja Surajmal Institute of Technology,0,0,30,17,Other,I4405277354
IIT Kharagpur,Institute for Social and Economic Change,0,0,30,58,Other,I4210092443
IIT Kharagpur,Uttarakhand Technical University,0,0,30,19,University,I201750527
IIT Kharagpur,Indian Institute of Advanced Research,0,0,29,36,Other,I4210091027
IIT Kharagpur,Nagaon University,0,0,29,15,University,I4405278019
IIT Kharagpur,Soban Singh Jeena University,0,0,29,6,University,I4405260884
IIT Kharagpur,Uttarakhand Government,0,0,29,16,Other,I4210124730
IIT Kharagpur,Indus University,0,0,28,18,University,I70764227
IIT Kharagpur,The Madura College,0,0,28,15,Other,I4405255910
IIT Kharagpur,Presidency College,0,0,28,40,Other,I4405281587
IIT Kharagpur,GNA University,0,0,27,3,University,I4210097606
IIT Kharagpur,Institute of Nuclear Medicine & Allied Sciences,0,0,27,42,Other,I4210114989
IIT Kharagpur,NSS College of Engineering Palakkad,0,0,27,8,Other,I4405253093
IIT Kharagpur,University of Ladakh,0,0,27,7,University,I4405272573
IIT Kharagpur,SAGE University Indore,0,0,26,5,University,I4405261040
IIT Kharagpur,Jaipur National University,0,0,26,35,University,I9223067
IIT Kharagpur,Sankalchand Patel University,0,0,26,13,University,I4387154200
IIT Kharagpur,Velalar College of Engineering and Technology,0,0,26,3,Other,I4405256405
IIT Kharagpur,Tumkur University,0,0,26,18,University,I53508799
IIT Kharagpur,Dr Panjabrao Deshmukh Krishi Vidyapeeth,0,0,26,32,Other,I223781097
IIT Kharagpur,RKDF University,0,0,26,3,University,I2801027606
IIT Kharagpur,Nalla Narasimha Reddy Education Society's Group of Institutions,0,0,26,1,Other,I4405257354
IIT Kharagpur,Central Council for Research in Ayurvedic Science,0,0,26,8,Other,I4210089662
IIT Kharagpur,"Khwaja Moinuddin Chishti Language University, Lucknow, U.P.",0,0,25,5,University,I4405261701
IIT Kharagpur,Institute of Forest Productivity,0,0,25,4,Other,I4210136636
IIT Kharagpur,St. Joseph's College,0,0,25,14,Other,I4405272038
IIT Kharagpur,Swami Vivekanand Subharti University,0,0,25,6,University,I2799707979
IIT Kharagpur,All India Council for Technical Education,0,0,25,6,Other,I162289562
IIT Kharagpur,Sri Balaji Vidyapeeth University,0,0,25,6,University,I4210115345
IIT Kharagpur,RajaRajeswari College of Engineering,0,0,25,8,Other,I4405256669
IIT Kharagpur,Alagappa Government Arts College,0,0,24,15,Other,I4405278107
IIT Kharagpur,Central Potato Research Institute,0,0,24,50,Other,I4210100544
IIT Kharagpur,Anil Neerukonda Institute of Technology & Sciences,0,0,24,11,Other,I4405284298
IIT Kharagpur,PSG Institute of Advanced Studies,0,0,24,58,Other,I4210154029
IIT Kharagpur,Saurashtra University,0,0,24,45,University,I197181853
IIT Kharagpur,Bengaluru City University,0,0,24,5,University,I4405260856
IIT Kharagpur,University of Agricultural Sciences Raichur,0,0,24,42,University,I61553790
IIT Kharagpur,"University of Agricultural Sciences, Dharwad",0,0,23,49,University,I139046659
IIT Kharagpur,Hemchandracharya North Gujarat University,0,0,23,11,University,I335036346
IIT Kharagpur,"Army Institute of Technology, Pune",0,0,23,7,Other,I4405285474
IIT Kharagpur,University of Kota,0,0,23,17,University,I200561399
IIT Kharagpur,Central Institute for Cotton Research,0,0,23,22,Other,I185412522
IIT Kharagpur,"Kasturba Medical College, Mangalore",0,0,23,17,Other,I4387153400
IIT Kharagpur,Atria Institute of Technology,0,0,23,16,Other,I4405256893
IIT Kharagpur,East West Institute of Technology,0,0,23,6,Other,I4405264359
IIT Kharagpur,D.A.V. College Chandigarh,0,0,23,18,Other,I4405276032
IIT Kharagpur,Sant Baba Bhag Singh University,0,0,23,2,University,I4405259092
IIT Kharagpur,"Sanskriti University, Mathura",0,0,22,5,University,I4405258449
IIT Kharagpur,Chandigarh University Uttar Pradesh,0,0,22,0,University,I4405271645
IIT Kharagpur,Jerusalem College of Engineering,0,0,22,1,Other,I4405271358
IIT Kharagpur,"Government College of Engineering, Tirunelveli",0,0,22,2,Other,I4390039373
IIT Kharagpur,Chettinad Health City,0,0,22,17,Other,I2801758192
IIT Kharagpur,West Bengal State Council of Technical Education,0,0,22,13,Other,I3130133132
IIT Kharagpur,Defence Food Research Laboratory,0,0,22,102,Other,I2802608988
IIT Kharagpur,Fortune Institute of International Business,0,0,22,17,Other,I4210105362
IIT Kharagpur,Infosys (India),0,0,22,20,Other,I110675161
IIT Kharagpur,JSPM's Rajarshi Shahu College of Engineering,0,0,21,4,Other,I4405285498
IIT Kharagpur,Rain Forest Research Institute,0,0,21,10,Other,I1291714003
IIT Kharagpur,"P.E.S. College of Engineering, Mandya",0,0,21,10,Other,I4405283756
IIT Kharagpur,Bajkul Milani Mahavidyalaya,0,0,21,5,Other,I4405259813
IIT Kharagpur,COER University,0,0,21,12,University,I4405265151
IIT Kharagpur,LJ University,0,0,21,7,University,I4405257251
IIT Kharagpur,St. Peter's Institute of Higher Education and Research,0,0,21,13,Other,I3133098998
IIT Kharagpur,Vaagdevi College of Engineering,0,0,20,10,Other,I4387152492
IIT Kharagpur,Karnataka Veterinary Animal and Fisheries Sciences University,0,0,20,24,University,I244504473
IIT Kharagpur,Ambedkar University Delhi,0,0,20,26,University,I190765188
IIT Kharagpur,Rajkiya Engineering College Banda,0,0,20,4,Other,I4405260200
IIT Kharagpur,Ministry of AYUSH,0,0,20,12,Other,I4210124368
IIT Kharagpur,Rathinam Technical Campus,0,0,20,2,Other,I4405261689
IIT Kharagpur,Krishnagar Government College,0,0,20,12,Other,I4405271444
IIT Kharagpur,Sandip Institute of Technology & Research Centre,0,0,20,15,Other,I4405263547
IIT Kharagpur,Dhanalakshmi Srinivasan University,0,0,20,4,University,I4405253460
IIT Kharagpur,Vikram University,0,0,20,28,University,I86381314
IIT Kharagpur,Malla Reddy Engineering College for Women,0,0,20,4,Other,I4405256248
IIT Kharagpur,ICAR-Indian Institute of Maize Research,0,0,20,24,Other,I4210155935
IIT Kharagpur,G H Raisoni University,0,0,20,9,University,I4405262502
IIT Kharagpur,Sandip University Sijoul Madhubani Bihar,0,0,20,1,University,I4405263055
IIT Kharagpur,Shreemati Nathibai Damodar Thackersey Women's University,0,0,20,14,University,I19986915
IIT Kharagpur,University of Agricultural and Horticultural Sciences,0,0,19,40,University,I4210150675
IIT Kharagpur,"Shrikrishna Mahavidyalaya, Gunjoti",0,0,19,4,Other,I4405272631
IIT Kharagpur,Sanjay Ghodawat University,0,0,19,6,University,I4210097370
IIT Kharagpur,Adani University,0,0,19,3,University,I4405258911
IIT Kharagpur,Raniganj Girls' College,0,0,19,0,Other,I4405279348
IIT Kharagpur,Directorate of Groundnut Research,0,0,19,9,Other,I2801342896
IIT Kharagpur,CT University,0,0,19,5,University,I4405258160
IIT Kharagpur,Shri Venkateshwara University,0,0,19,9,University,I15517640
IIT Kharagpur,Rajiv Gandhi Centre for Biotechnology,0,0,19,54,Other,I89324447
IIT Kharagpur,Ministry of Health and Family Welfare,0,0,19,25,Other,I4210148677
IIT Kharagpur,Ballari Institute of Technology & Management,0,0,19,3,Other,I4405264803
IIT Kharagpur,Sri Manakula Vinayagar Educational Trust,0,0,19,2,Other,I4210116967
IIT Kharagpur,Sardarkrushinagar Dantiwada Agricultural University,0,0,18,18,University,I271267010
IIT Kharagpur,Chandra Shekhar Azad University of Agriculture and Technology,0,0,18,27,University,I4210143625
IIT Kharagpur,Pragjyotish College,0,0,18,2,Other,I4405274032
IIT Kharagpur,Nanda Nath Saikia College,0,0,18,7,Other,I4405263612
IIT Kharagpur,Kovai Medical Center and Hospital,0,0,18,4,Other,I4210111349
IIT Kharagpur,St. Stephen's College,0,0,18,8,Other,I4405274875
IIT Kharagpur,A. Veeriya Vandayar Memorial Sri Pushpam College,0,0,18,19,Other,I4405260489
IIT Kharagpur,RK University,0,0,18,10,University,I137674396
IIT Kharagpur,"Indian Institute of Information Technology, Nagpur",0,0,18,10,IIIT,I4210138251
IIT Kharagpur,Dr. Dayaram Patel Pharmacy College,0,0,18,0,Other,I4405255592
IIT Kharagpur,"St Joseph's University, Bengaluru, India",0,0,18,11,University,I4403928339
IIT Kharagpur,Ministry of Home Affairs,0,0,18,9,Other,I4405266773
IIT Kharagpur,Abasaheb Garware College,0,0,18,23,Other,I183970581
IIT Kharagpur,Palamuru University,0,0,18,17,University,I210116565
IIT Kharagpur,Gaya College,0,0,18,1,Other,I4405278187
IIT Kharagpur,Mother Teresa Women's University,0,0,18,12,University,I106841677
IIT Kharagpur,Federal Institute of Science and Technology,0,0,18,4,Other,I4405263975
IIT Kharagpur,Fergusson College,0,0,18,64,Other,I126227178
IIT Kharagpur,"Indian Institute of Information Technology and Management, Kerala",0,0,17,16,IIIT,I68695296
IIT Kharagpur,"Rajendra University, Balangir",0,0,17,0,University,I4405275895
IIT Kharagpur,St. Thomas College (Autonomous),0,0,17,7,Other,I4405254056
IIT Kharagpur,Guru Nanak Institute of Pharmaceutical Science and Technology,0,0,17,1,Other,I4405277074
IIT Kharagpur,National Institute of Fashion Technology,0,0,17,5,Other,I25621075
IIT Kharagpur,Vikrama Simhapuri University,0,0,17,2,University,I219774598
IIT Kharagpur,St Xavier’s College,0,0,17,11,Other,I906608882
IIT Kharagpur,"Sri Balaji University, Pune",0,0,17,14,University,I4405260961
IIT Kharagpur,Tamil Nadu Dr. M.G.R. Medical University,0,0,17,4,University,I2800701874
IIT Kharagpur,Bhagwant University,0,0,17,13,University,I3132145264
IIT Kharagpur,Central Tuber Crops Research Institute,0,0,17,27,Other,I1322336093
IIT Kharagpur,India Habitat Centre,0,0,17,82,Other,I4210155917
IIT Kharagpur,"Rani Channamma University, Belagavi",0,0,17,10,University,I4210133707
IIT Kharagpur,RIMT University,0,0,17,5,University,I4405281987
IIT Kharagpur,Lady Doak College,0,0,17,6,Other,I4405265954
IIT Kharagpur,Dharmsinh Desai University,0,0,17,16,University,I10008193
IIT Kharagpur,National Research Centre for Banana,0,0,17,7,Other,I4210095875
IIT Kharagpur,IILM Institute for Higher Education,0,0,17,5,Other,I2801787918
IIT Kharagpur,Desh Bhagat University,0,0,16,2,University,I3129196102
IIT Kharagpur,Nehru Arts and Science College,0,0,16,3,Other,I4405272783
IIT Kharagpur,Babu Banarasi Das University,0,0,16,19,University,I276256525
IIT Kharagpur,Mangalayatan University,0,0,16,2,University,I244923355
IIT Kharagpur,Cluster University Srinagar,0,0,16,20,University,I4210099876
IIT Kharagpur,Gulbarga University,0,0,16,61,University,I201958307
IIT Kharagpur,Pandit Deendayal Upadhyaya Adarsha Mahavidyalaya,0,0,16,3,Other,I4405278300
IIT Kharagpur,University of Horticultural Sciences Bagalkote,0,0,16,8,University,I102458738
IIT Kharagpur,Rajah Serfoji Government College (Autonomous),0,0,16,1,Other,I4405255148
IIT Kharagpur,Centre for Marine Living Resources and Ecology,0,0,16,50,Other,I4405269523
IIT Kharagpur,Gopal Narayan Singh University,0,0,16,0,University,I4405283740
IIT Kharagpur,Women's Christian College,0,0,16,11,Other,I4405265746
IIT Kharagpur,Vardhman Mahavir Medical College & Safdarjung Hospital,0,0,15,24,Other,I17972996
IIT Kharagpur,"Centre for Fire, Explosive and Environment Safety",0,0,15,28,Other,I4210153539
IIT Kharagpur,Rani Durgavati University,0,0,15,35,University,I234615573
IIT Kharagpur,Fatima Mata National College,0,0,15,8,Other,I2802738084
IIT Kharagpur,Arya Vidyapeeth College,0,0,15,11,Other,I4405271691
IIT Kharagpur,Atria University,0,0,15,0,University,I4405253771
IIT Kharagpur,"Maharaja's College, Ernakulam",0,0,15,7,Other,I4405277199
IIT Kharagpur,"Shri Vaishnav Vidyapeeth Vishwavidyalaya, Indore",0,0,15,7,Other,I4405260892
IIT Kharagpur,SRM University Sikkim,0,0,15,0,University,I4405260625
IIT Kharagpur,Cancer Institute (WIA),0,0,15,5,Other,I2801345345
IIT Kharagpur,Baba Farid University of Health Sciences,0,0,15,4,University,I340869894
IIT Kharagpur,Apeejay Stya University,0,0,15,2,University,I3130994624
IIT Kharagpur,Jagdish Sheth School of Management,0,0,15,4,Other,I4405262366
IIT Kharagpur,Rama University,0,0,15,14,University,I2799634920
IIT Kharagpur,Sai Nath University,0,0,15,3,University,I2801209558
IIT Kharagpur,Jeppiaar Institute of Technology,0,0,15,6,Other,I4405277505
IIT Kharagpur,Central Institute of Brackishwater Aquaculture,0,0,15,36,Other,I2800988382
IIT Kharagpur,Mahatma Gandhi Medical College and Research Institute,0,0,14,9,Other,I1302623664
IIT Kharagpur,Sahyadri College of Engineering & Management,0,0,14,10,Other,I4405272456
IIT Kharagpur,Bharatiya Vidya Bhavan,0,0,14,10,Other,I2800445823
IIT Kharagpur,Atmiya University,0,0,14,2,University,I4210105737
IIT Kharagpur,Narasaraopeta Engineering College,0,0,14,8,Other,I4405268323
IIT Kharagpur,Government Institute of Forensic Science,0,0,14,2,Other,I4405281637
IIT Kharagpur,"Gurucharan University, Silchar",0,0,14,9,University,I4405274744
IIT Kharagpur,Lingaya's Vidyapeeth,0,0,14,10,Other,I182663762
IIT Kharagpur,National Research Centre for Grapes,0,0,14,15,Other,I4210091646
IIT Kharagpur,Jagannath University,0,0,14,2,University,I150263970
IIT Kharagpur,Karnataka State Open University,0,0,14,2,University,I342246540
IIT Kharagpur,Mahaveer Academy of Technology and Science University,0,0,14,9,University,I179760745
IIT Kharagpur,St. Xavier's College,0,0,14,8,Other,I4405276825
IIT Kharagpur,Central Institute of Temperate Horticulture,0,0,14,3,Other,I4210125584
IIT Kharagpur,Materials Research Center,0,0,13,10,Other,I4210145824
IIT Kharagpur,Indian Institute of Information Technology Bhopal,0,0,13,3,IIIT,I4405259253
IIT Kharagpur,Danish Hydraulic Institute (India),0,0,13,10,Other,I4210137866
IIT Kharagpur,Indian Institute of Oilseeds Research,0,0,13,2,Other,I4210099769
IIT Kharagpur,Delhi Development Authority,0,0,13,4,Other,I4210124192
IIT Kharagpur,Kanchi Mamunivar Centre for Post Graduate Studies,0,0,13,4,Other,I4210089590
IIT Kharagpur,Indian Council of Social Science Research,0,0,13,6,Other,I2801047287
IIT Kharagpur,Nagarjuna College of Engineering and Technology,0,0,13,4,Other,I4405271520
IIT Kharagpur,All India Shri Shivaji Memorial Society College of Engineering,0,0,13,11,Other,I4405259125
IIT Kharagpur,Greater Noida Institute of Technology (MBA Institute),0,0,13,4,Other,I4405262806
IIT Kharagpur,United University,0,0,13,1,University,I4405260193
IIT Kharagpur,"Bharati Vidyapeeth College of Pharmacy, Kolhapur",0,0,13,7,Other,I4405265460
IIT Kharagpur,Research Centre Imarat,0,0,13,27,Other,I4210138561
IIT Kharagpur,Noida Institute of Engineering and Technology Pharmacy Institute,0,0,13,1,Other,I4405260680
IIT Kharagpur,Gnanamani College of Technology,0,0,13,2,Other,I4387154320
IIT Kharagpur,Indian School of Business,0,0,13,62,Other,I122328836
IIT Kharagpur,Bankim Sardar College,0,0,13,11,Other,I4405259705
IIT Kharagpur,Inspiration Innovation Synergy University,0,0,13,8,University,I4210154633
IIT Kharagpur,Kerala State Disaster Management Authority,0,0,13,7,Other,I4405267468
IIT Kharagpur,"Karmaveer Bhaurao Patil University, Satara",0,0,12,0,University,I4405284596
IIT Kharagpur,IEC University,0,0,12,3,University,I4210127512
IIT Kharagpur,Meenakshi Ammal Dental College and Hospital,0,0,12,8,Other,I4210109571
IIT Kharagpur,Vivekananda Satavarshiki Mahavidyalaya,0,0,12,8,Other,I4405260577
IIT Kharagpur,Gour Mahavidyalaya,0,0,12,6,Other,I4405255597
IIT Kharagpur,Shri Vishwakarma Skill University,0,0,12,4,University,I4210137508
IIT Kharagpur,SRM Medical College Hospital and Research Centre,0,0,12,9,Other,I4405266173
IIT Kharagpur,Defence Institute of High Altitude Research,0,0,12,6,Other,I4210090935
IIT Kharagpur,Dolphin (PG) Institute of Bio Medical and Natural Science,0,0,12,13,Other,I4210138733
IIT Kharagpur,Aryabhatta Knowledge University,0,0,12,4,University,I3133415137
IIT Kharagpur,Sher-i-Kashmir Institute of Medical Sciences,0,0,12,31,Other,I206040828
IIT Kharagpur,Shri Madhwa Vadiraja Institute of Technology and Management,0,0,12,6,Other,I4405276349
IIT Kharagpur,Arunai Engineering College,0,0,12,18,Other,I4210093364
IIT Kharagpur,Trident Academy of Technology,0,0,12,3,Other,I4405277697
IIT Kharagpur,Bhavnagar University,0,0,12,21,University,I119336924
IIT Kharagpur,Central Tasar Research & Training Institute,0,0,12,4,Other,I4210162611
IIT Kharagpur,Gayatri Vidya Parishad College for Degree and PG Courses (Autonomous),0,0,12,1,Other,I4405265901
IIT Kharagpur,Vidya Prathishthan,0,0,11,3,Other,I4210108681
IIT Kharagpur,Central Sheep and Wool Research Institute,0,0,11,12,Other,I103109029
IIT Kharagpur,Vijaygarh Jyotish Ray College,0,0,11,12,Other,I4405277963
IIT Kharagpur,Safdarjang Hospital,0,0,11,32,Other,I1312996466
IIT Kharagpur,Indraprastha College for Women,0,0,11,6,Other,I4405264365
IIT Kharagpur,Vijaya College,0,0,11,3,Other,I4387155977
IIT Kharagpur,Nature Conservation Foundation,0,0,11,10,Other,I80883720
IIT Kharagpur,KSCSTE - Institute for Climate Change Studies,0,0,11,3,Other,I4405255016
IIT Kharagpur,Suamandeep Vidyapeeth University,0,0,11,7,University,I4210119093
IIT Kharagpur,Bethune College,0,0,11,13,Other,I4405270080
IIT Kharagpur,Vasireddy Venkatadri International Technological University,0,0,11,4,University,I4405285014
IIT Kharagpur,Institute of Wood Science and Technology,0,0,11,7,Other,I4210153472
IIT Kharagpur,National Bureau of Agriculturally Important Microorganisms,0,0,11,28,Other,I4210123061
IIT Kharagpur,WWF-India,0,0,11,38,Other,I1329578906
IIT Kharagpur,Newman College,0,0,11,4,Other,I4405254459
IIT Kharagpur,Sarojini Naidu College for Women,0,0,11,2,Other,I4405277847
IIT Kharagpur,Indian Institute of Spices Research,0,0,11,8,Other,I1296400463
IIT Kharagpur,Indian Institute of Packaging,0,0,11,12,Other,I4210088751
IIT Kharagpur,Pushpagiri Medical College,0,0,11,9,Other,I2802498779
IIT Kharagpur,Malla Reddy Vishwavidyapeeth,0,0,11,3,Other,I4405267936
IIT Kharagpur,"Remote Sensing Applications Centre, Uttar Pradesh",0,0,11,1,Other,I4405262547
IIT Kharagpur,Hooghly Mohsin College,0,0,11,14,Other,I4405274499
IIT Kharagpur,All India Institute of Medical Sciences Raipur,0,0,11,16,AIIMS,I129734738
IIT Kharagpur,National Institute of Biologicals,0,0,11,2,Other,I4405257039
IIT Kharagpur,Mewar University,0,0,11,15,University,I49702814
IIT Kharagpur,GM University Davanagere Karnataka,0,0,11,5,University,I4405256143
IIT Kharagpur,Jabalpur Engineering College,0,0,10,13,Other,I4405253601
IIT Kharagpur,LDRP Institute of Technology and Research,0,0,10,6,Other,I4405279395
IIT Kharagpur,Centre for Advanced Bioenergy Research,0,0,10,36,Other,I4210141984
IIT Kharagpur,Indian Institute of Soybean Research,0,0,10,11,Other,I4210166498
IIT Kharagpur,Nalsar University of Law,0,0,10,10,University,I2802231754
IIT Kharagpur,Rayalaseema University,0,0,10,11,University,I119068399
IIT Kharagpur,"Post Graduate Government College, Sector 11, Chandigarh",0,0,10,9,Other,I4405278138
IIT Kharagpur,M S Swaminathan Research Foundation,0,0,10,14,Other,I2799627270
IIT Kharagpur,Dr D Y Patil Dental College & Hospital,0,0,10,4,Other,I4210162544
IIT Kharagpur,Indian Institute of Public Health Gandhinagar,0,0,10,25,Other,I4210156591
IIT Kharagpur,Ramachandra College of Engineering (A),0,0,10,1,Other,I4405261846
IIT Kharagpur,Thermax (India),0,0,10,4,Other,I2801392924
IIT Kharagpur,National Institute of Solar Energy,0,0,10,16,Other,I4210155121
IIT Kharagpur,MNR Medical College and Hospital,0,0,10,1,Other,I4210144026
IIT Kharagpur,Rajkiya Engineering College Azamgarh,0,0,10,2,Other,I4387154860
IIT Kharagpur,Shri Govind Guru University,0,0,10,0,University,I4405263164
IIT Kharagpur,St. Vincent Pallotti College of Engineering & Technology,0,0,10,4,Other,I4405275219
IIT Kharagpur,Poornaprajna Institute of Management,0,0,10,1,Other,I4405259281
IIT Kharagpur,"Vidya Pratishthan's Arts, Science and Commerce College",0,0,10,10,Other,I4405266031
IIT Kharagpur,Abhilashi University,0,0,10,3,University,I4405260938
IIT Kharagpur,Chaudhary Ranbir Singh University,0,0,10,7,University,I3129388638
IIT Kharagpur,"ICFAI University, Dehradun",0,0,10,5,University,I55124834
IIT Kharagpur,CSMSS Chh. Shahu College of Engineering,0,0,10,1,Other,I4405261485
IIT Kharagpur,Janardan Rai Nagar Rajasthan Vidyapeeth University,0,0,10,2,University,I4210089973
IIT Kharagpur,Uttarakhand State Council for Science and Technology,0,0,10,5,Other,I4210140820
IIT Kharagpur,D. Y. Patil Agriculture and Technical University,0,0,10,1,University,I4405273925
IIT Kharagpur,Anand Engineering College,0,0,10,14,Other,I4405282443
IIT Kharagpur,Madras Medical College,0,0,10,6,Other,I159337121
IIT Kharagpur,Era's Lucknow Medical College and Hospital,0,0,10,3,Other,I4210107565
IIT Kharagpur,Rayat Shikshan Sanstha,0,0,10,1,Other,I2801997238
IIT Kharagpur,Hemchand Yadav Vishwavidyalaya,0,0,10,2,Other,I4405277257
IIT Kharagpur,George Institute for Global Health,0,0,10,14,Other,I4210138609
IIT Kharagpur,Baddi University of Emerging Sciences and Technologies,0,0,10,4,University,I3131609308
IIT Kharagpur,Bhartiya Skill Development University,0,0,9,8,University,I3133421068
IIT Kharagpur,Central Tobacco Research Institute,0,0,9,7,Other,I4210138307
IIT Kharagpur,Sri Guru Gobind Singh College,0,0,9,5,Other,I4405277046
IIT Kharagpur,Mahatma Gandhi Chitrakoot Gramodaya Vishwavidyalaya,0,0,9,8,Other,I2802348884
IIT Kharagpur,Dr. Reddy's Laboratories (India),0,0,9,14,Other,I4210117495
IIT Kharagpur,"Islamia College of Science and Commerce, Srinagar",0,0,9,3,Other,I4405255054
IIT Kharagpur,Prin. L. N. Welingkar Institute of Management Development and Research,0,0,9,17,Other,I2802797706
IIT Kharagpur,Government Engineering College Wayanad,0,0,9,7,Other,I4405263743
IIT Kharagpur,Indian Navy,0,0,9,13,Other,I2800120229
IIT Kharagpur,Sri Sathya Sai University for Human Excellence,0,0,9,1,University,I4405268202
IIT Kharagpur,Rani Rashmoni Green University,0,0,9,4,University,I4405271215
IIT Kharagpur,Rajkiya Engineering College Kannauj,0,0,9,0,Other,I4405253485
IIT Kharagpur,Sri Devaraj Urs Academy of Higher Education and Research,0,0,9,5,Other,I4210137392
IIT Kharagpur,Auro University,0,0,9,1,University,I3131412830
IIT Kharagpur,Sankara Nethralaya,0,0,9,19,Other,I118298837
IIT Kharagpur,Entrepreneurship Development Institute of India,0,0,9,5,Other,I2801155476
IIT Kharagpur,Goalpara College,0,0,9,2,Other,I4405260027
IIT Kharagpur,Ramakrishna Mission Vivekananda College,0,0,9,4,Other,I4405279679
IIT Kharagpur,Department of Higher Education,0,0,9,5,Other,I4210112446
IIT Kharagpur,Sunrise University,0,0,9,4,University,I2800472358
IIT Kharagpur,BLDE (Deemed to be University),0,0,9,10,University,I4210116054
IIT Kharagpur,"CHRIST (Deemed to be) University, Delhi NCR",0,0,9,8,University,I4405253679
IIT Kharagpur,Seethalakshmi Ramaswami College,0,0,9,1,Other,I4405277279
IIT Kharagpur,National Research Centre on Camel,0,0,9,6,Other,I4210126554
IIT Kharagpur,Dr. Shakuntala Misra National Rehabilitation University,0,0,9,0,University,I3131131421
IIT Kharagpur,Government Medical College,0,0,9,1,Other,I4210104136
IIT Kharagpur,Kanya Maha Vidyalaya,0,0,9,5,Other,I28630478
IIT Kharagpur,Salim Ali Center for Ornithology and Natural History,0,0,9,40,Other,I4210113893
IIT Kharagpur,Kalyan Post Graduate College,0,0,9,0,Other,I4405281848
IIT Kharagpur,Fakir Chand College,0,0,9,2,Other,I4405276493
IIT Kharagpur,Sardar Patel Renewable Energy Research Institute,0,0,9,10,Other,I4210142682
IIT Kharagpur,Dr. D. Y. Patil B-School,0,0,9,0,Other,I4405257030
IIT Kharagpur,Kanchrapara College,0,0,9,24,Other,I4405275283
IIT Kharagpur,Silver Oak University,0,0,9,1,University,I4405274074
IIT Kharagpur,National Institute for Research in Reproductive Health,0,0,9,17,Other,I143929237
IIT Kharagpur,National Institute of Malaria Research,0,0,9,37,Other,I76782289
IIT Kharagpur,Hindustan Petroleum Corporation Limited (India),0,0,8,5,Other,I4210091106
IIT Kharagpur,Swami Vivekanand College of Pharmacy,0,0,8,4,Other,I4210115326
IIT Kharagpur,Madras Diabetes Research Foundation,0,0,8,37,Other,I4210092311
IIT Kharagpur,Bastar University,0,0,8,1,University,I4210135828
IIT Kharagpur,Armed Forces Medical College,0,0,8,27,Other,I83878805
IIT Kharagpur,Ragas Dental College & Hospital,0,0,8,5,Other,I893914191
IIT Kharagpur,Swami Keshwanand Rajasthan Agricultural University,0,0,8,14,University,I2801834944
IIT Kharagpur,Regional Medical Research Centre,0,0,8,21,Other,I2802376228
IIT Kharagpur,Sri Dev Suman Uttarakhand University,0,0,8,1,University,I4405256247
IIT Kharagpur,Gauhati Medical College and Hospital,0,0,8,14,Other,I134260573
IIT Kharagpur,M.H. Saboo Siddik College Of Engineering,0,0,8,8,Other,I4405263063
IIT Kharagpur,National Defence Academy,0,0,8,7,Other,I11414854
IIT Kharagpur,"All India Institute of Medical Sciences, Bilaspur",0,0,8,3,AIIMS,I4405280387
IIT Kharagpur,Kamaraj College,0,0,8,3,Other,I4405260223
IIT Kharagpur,M.S. Ramaiah Medical College,0,0,8,11,Other,I4210134671
IIT Kharagpur,Regional Institute of Medical Sciences,0,0,8,9,Other,I43666680
IIT Kharagpur,Deva Nagri College,0,0,8,4,Other,I4405262761
IIT Kharagpur,National Institute Of Veterinary Epidemiology And Disease Informatics,0,0,8,8,Other,I4210160780
IIT Kharagpur,IILM University Gurugram,0,0,8,0,University,I4405263562
IIT Kharagpur,Sovarani Memorial College,0,0,8,3,Other,I4405281182
IIT Kharagpur,"Marwari College, Darbhanga",0,0,8,0,Other,I4405262933
IIT Kharagpur,"D.B.S. (P.G.) College, Dehradun",0,0,8,3,Other,I4405278071
IIT Kharagpur,Directorate of Medicinal and Aromatic Plants Research,0,0,8,9,Other,I4210147308
IIT Kharagpur,Sri Chandrasekharendra Saraswathi Viswa Mahavidyalaya,0,0,8,26,Other,I180507071
IIT Kharagpur,Sona College of Arts and Science,0,0,8,2,Other,I4405259958
IIT Kharagpur,SAGE University Bhopal,0,0,8,1,University,I4405258932
IIT Kharagpur,MES Mampad College (Autonomous),0,0,8,5,Other,I4405263133
IIT Kharagpur,Roland Institute of Pharmaceutical Sciences,0,0,8,4,Other,I4210099853
IIT Kharagpur,C. Abdul Hakeem College (Autonomous),0,0,8,15,Other,I4405272241
IIT Kharagpur,Pt. Jawahar Lal Nehru Memorial Medical College,0,0,8,3,Other,I2799791569
IIT Kharagpur,Gujarat Biotechnology Research Centre,0,0,8,12,Other,I4405268643
IIT Kharagpur,Acharya Prafulla Chandra Roy Government College,0,0,8,2,Other,I4405273554
IIT Kharagpur,Raghunathpur College,0,0,8,11,Other,I4405272943
IIT Kharagpur,Institute of Forest Genetics and Tree Breeding,0,0,8,1,Other,I4210133185
IIT Kharagpur,Indian Institute of Information Technology Surat,0,0,8,3,IIIT,I4405261310
IIT Kharagpur,Jaihind College of Engineering,0,0,8,0,Other,I4405262704
IIT Kharagpur,Starex University,0,0,8,1,University,I4405261292
IIT Kharagpur,Fatima College (Autonomous),0,0,8,4,Other,I4405271500
IIT Kharagpur,Armament Research and Development Establishment,0,0,8,10,Other,I2801496733
IIT Kharagpur,Madhav University,0,0,8,3,University,I4405258338
IIT Kharagpur,Directorate of Onion and Garlic Research,0,0,8,1,Other,I4210117699
IIT Kharagpur,Mandsaur University,0,0,8,4,University,I4405266177
IIT Kharagpur,Thakur College of Engineering and Technology,0,0,8,3,Other,I4405260939
IIT Kharagpur,IFIM Institutions,0,0,8,0,Other,I4405263315
IIT Kharagpur,National Research Centre on Seed Spices,0,0,8,7,Other,I4210113425
IIT Kharagpur,Central Citrus Research Institute,0,0,7,7,Other,I4210133365
IIT Kharagpur,Society for AgroEnvironmental Sustainability,0,0,7,1,Other,I4405258013
IIT Kharagpur,Pailan College of Management and Technology,0,0,7,22,Other,I4405271662
IIT Kharagpur,Uttar Pradesh University of Medical Sciences,0,0,7,6,University,I4405279234
IIT Kharagpur,Mahatma Gandhi Kashi Vidyapith,0,0,7,7,Other,I2802997415
IIT Kharagpur,Social Change and Development,0,0,7,6,Other,I4210144541
IIT Kharagpur,Bhagat Phool Singh Mahila Vishwavidyalaya,0,0,7,4,Other,I3130411899
IIT Kharagpur,Suri Vidyasagar College,0,0,7,8,Other,I4405276729
IIT Kharagpur,Vision Research Foundation,0,0,7,8,Other,I4405267514
IIT Kharagpur,Rishi Bankim Chandra College,0,0,7,5,Other,I4405262722
IIT Kharagpur,Manipur International University,0,0,7,2,University,I4405256854
IIT Kharagpur,Usha Martin (India),0,0,7,2,Other,I4210150419
IIT Kharagpur,Vivekanand Arts Sardar Dalipsingh Commerce and Science College,0,0,7,1,Other,I4405258230
IIT Kharagpur,Vidyalankar Institute of Technology,0,0,7,1,Other,I4405277001
IIT Kharagpur,Oxford Educational Institutions,0,0,7,0,Other,I2801583272
IIT Kharagpur,Indian Council for Research on International Economic Relations,0,0,7,26,Other,I4210105909
IIT Kharagpur,Jorhat Engineering College,0,0,7,2,Other,I4405264314
IIT Kharagpur,"Maharana Pratap Horticultural University, Karnal",0,0,7,0,University,I4405261572
IIT Kharagpur,Himalayan University,0,0,7,1,University,I3133268928
IIT Kharagpur,C. U. Shah University,0,0,7,3,University,I1320404931
IIT Kharagpur,Sree Balaji Dental College and Hospital,0,0,7,5,Other,I4210131094
IIT Kharagpur,Centre for Policy Research,0,0,7,17,Other,I1301844980
IIT Kharagpur,Directorate of Cashew Research,0,0,7,6,Other,I4210111898
IIT Kharagpur,Nansen Environmental Research Centre India,0,0,7,20,Other,I4210132485
IIT Kharagpur,Sri Venkateswara Veterinary University,0,0,7,3,University,I3130939756
IIT Kharagpur,Institute of Engineering & Technology,0,0,7,4,Other,I4405277920
IIT Kharagpur,Sri Sai University,0,0,7,4,University,I338496084
IIT Kharagpur,CT Group Of Institutions,0,0,7,8,Other,I4210094618
IIT Kharagpur,Jawaharlal Nehru New College of Engineering,0,0,7,5,Other,I4405263325
IIT Kharagpur,Dinabandhu Andrews College,0,0,7,8,Other,I4405273889
IIT Kharagpur,Jaypee University Anoopshahr,0,0,7,3,University,I4405262404
IIT Kharagpur,Forest Survey of India,0,0,7,7,Other,I15426020
IIT Kharagpur,Sambalpur University Institute of Information Technology,0,0,7,5,IIIT,I4210146312
IIT Kharagpur,MSN Laboratories (India),0,0,7,0,Other,I4210143183
IIT Kharagpur,DST Centre for Policy Research,0,0,7,4,Other,I4210093969
IIT Kharagpur,Sir Ganga Ram Hospital,0,0,7,19,Other,I4210113434
IIT Kharagpur,National Research Centre for Integrated Pest Management,0,0,7,8,Other,I4210105200
IIT Kharagpur,Jagran Lakecity University,0,0,7,3,University,I3130958653
IIT Kharagpur,Rubber Board,0,0,7,14,Other,I4210095491
IIT Kharagpur,Bhattadev University,0,0,7,0,University,I4405264016
IIT Kharagpur,Central Institute for Research on Buffaloes,0,0,7,5,Other,I4210121957
IIT Kharagpur,Amity University Bengaluru,0,0,7,1,University,I4405261204
IIT Kharagpur,Cognizant (India),0,0,7,8,Other,I4210117535
IIT Kharagpur,Indian Institute of Management Udaipur,0,0,7,37,Other,I46130087
IIT Kharagpur,"Science College, Kokrajhar",0,0,7,1,Other,I4405266001
IIT Kharagpur,"All India Institute of Ayurveda, New Delhi",0,0,7,3,Other,I4405252805
IIT Kharagpur,The Apollo University,0,0,7,3,University,I4405254339
IIT Kharagpur,Moti Ram Babu Ram Government Post Graduate College,0,0,6,0,Other,I4405279458
IIT Kharagpur,Central Pulp & Paper Research Institute,0,0,6,10,Other,I4210125508
IIT Kharagpur,Mother Theresa Institute Of Engineering And Technology,0,0,6,0,Other,I4405261114
IIT Kharagpur,Dr. Mohan's Diabetes Specialities Centre,0,0,6,21,Other,I4210137848
IIT Kharagpur,Assam Medical College,0,0,6,2,Other,I83844774
IIT Kharagpur,Symbiosis University of Applied Sciences,0,0,6,0,University,I4405256131
IIT Kharagpur,Instruments Research & Development Establishment,0,0,6,1,Other,I21449664
IIT Kharagpur,Madhya Pradesh Council of Science and Technology,0,0,6,11,Other,I4210162153
IIT Kharagpur,Sri Sairam College of Engineering,0,0,6,4,Other,I4405254487
IIT Kharagpur,"Annasaheb Magar Mahavidyalaya, Hadapsar, Pune",0,0,6,4,Other,I4405258223
IIT Kharagpur,Pandit Sundarlal Sharma Open University,0,0,6,0,University,I4210164645
IIT Kharagpur,Agartala Government Medical College,0,0,6,6,Other,I4210167321
IIT Kharagpur,Karnataka State Women's University,0,0,6,5,University,I3130621514
IIT Kharagpur,MES Ponnani College,0,0,6,3,Other,I4405263485
IIT Kharagpur,Maharashtra Animal and Fishery Sciences University,0,0,6,2,University,I3130477807
IIT Kharagpur,Narasinha Dutt College,0,0,6,3,Other,I4405271234
IIT Kharagpur,KSCSTE-National Transportation Planning And Research Centre,0,0,6,5,Other,I4405263267
IIT Kharagpur,KSCSTE-Srinivasa Ramanujan Institute for Basic Sciences,0,0,6,0,Other,I4405262857
IIT Kharagpur,National Institute for Research in Tribal Health,0,0,6,6,Other,I4210100515
IIT Kharagpur,"P. R. Pote Patil College of Engineering & Management, Amravati",0,0,6,1,Other,I4405255841
IIT Kharagpur,Tamilnadu State Council for Science and Technology,0,0,6,4,Other,I4405271011
IIT Kharagpur,IMGENEX India (India),0,0,6,1,Other,I4210146179
IIT Kharagpur,Kisan Post Graduate College,0,0,6,0,Other,I4405263092
IIT Kharagpur,"Institute of Chartered Financial Analysts of India University, Jaipur",0,0,6,1,University,I4210139590
IIT Kharagpur,Maharaja Jitendra Narayan Medical College & Hospital,0,0,6,1,Other,I4405259535
IIT Kharagpur,Survey of India,0,0,6,20,Other,I4405266064
IIT Kharagpur,Vimal Jyothi Engineering College,0,0,6,4,Other,I4405262108
IIT Kharagpur,Jain College of Engineering and Research,0,0,6,2,Other,I4405260778
IIT Kharagpur,St. Francis Institute of Technology,0,0,6,3,Other,I4405260832
IIT Kharagpur,Shriram Institute for Industrial Research,0,0,6,13,Other,I4210115767
IIT Kharagpur,Loyola Institute of Technology and Science,0,0,6,0,Other,I4405260288
IIT Kharagpur,S. G. Balekundri Institute of Technology Belagavi,0,0,6,1,Other,I4405257022
IIT Kharagpur,DR. B.R.A. Institute Rotary Cancer Hospital,0,0,6,10,Other,I4210161040
IIT Kharagpur,PSG Institute of Medical Sciences & Research,0,0,6,10,Other,I174404548
IIT Kharagpur,Singhania University,0,0,6,9,University,I76163968
IIT Kharagpur,Nirmala College for Women,0,0,6,5,Other,I4405254926
IIT Kharagpur,Government Vidarbha Institute of Science and Humanities,0,0,6,4,Other,I4210162990
IIT Kharagpur,Administrative Staff College of India,0,0,6,47,Other,I187424834
IIT Kharagpur,"RVS College of Engineering & Technology, Jamshedpur",0,0,6,4,Other,I4405256256
IIT Kharagpur,Kerala University of Health Sciences,0,0,6,6,University,I348718759
IIT Kharagpur,Institute of Bioinformatics,0,0,6,13,Other,I4210148697
IIT Kharagpur,Sree Sankaracharya University of Sanskrit,0,0,6,0,University,I3131318560
IIT Kharagpur,Budge Budge College,0,0,6,0,Other,I4405281649
IIT Kharagpur,MVN University,0,0,6,0,University,I3132695963
IIT Kharagpur,KMEA Engineering College,0,0,6,4,Other,I4405257739
IIT Kharagpur,Sri Muthukumaran Institute of Technology,0,0,6,0,Other,I4405261353
IIT Kharagpur,Manipal Centre for Natural Sciences,0,0,6,13,Other,I4405256109
IIT Kharagpur,Defence Research and Development Establishment,0,0,6,53,Other,I2800900741
IIT Kharagpur,Maharishi University of Management and Technology,0,0,6,1,University,I4210133689
IIT Kharagpur,International Institute of Management Studies,0,0,6,0,Other,I4405266900
IIT Kharagpur,Combat Vehicles Research and Development Establishment,0,0,6,24,Other,I4210162812
IIT Kharagpur,Airbus (India),0,0,6,1,Other,I33375025
IIT Kharagpur,Tamil Nadu Open University,0,0,6,3,University,I4210098610
IIT Kharagpur,Central Tribal University of Andhra Pradesh,0,0,5,2,University,I4405259778
IIT Kharagpur,Cadence Design Systems (India),0,0,5,1,Other,I4210111610
IIT Kharagpur,General Hospital Ernakulam,0,0,5,0,Other,I2800816844
IIT Kharagpur,Pub Kamrup College,0,0,5,0,Other,I4405277082
IIT Kharagpur,Mahayogi Gorakhnath University Gorakhpur,0,0,5,0,University,I4405271232
IIT Kharagpur,Jubilee Mission Medical College and Research Institute,0,0,5,5,Other,I2800507371
IIT Kharagpur,Pandu College,0,0,5,0,Other,I4405271476
IIT Kharagpur,"Apex University, Jaipur",0,0,5,0,University,I4405274318
IIT Kharagpur,National Institute of Pathology,0,0,5,9,Other,I4210096777
IIT Kharagpur,IIHMR University,0,0,5,17,University,I183088076
IIT Kharagpur,Ministry of Commerce and Industry,0,0,5,7,Other,I4405266119
IIT Kharagpur,Vikramajit Singh Sanatan Dharma College,0,0,5,10,Other,I4405262937
IIT Kharagpur,HLL Lifecare (India),0,0,5,10,Other,I4210092007
IIT Kharagpur,Government Medical College,0,0,5,10,Other,I129862065
IIT Kharagpur,Tamil University,0,0,5,9,University,I125392429
IIT Kharagpur,Ruxmaniben Deepchand Gardi Medical College,0,0,5,10,Other,I3130004915
IIT Kharagpur,Biodiversity Conservation Foundation,0,0,5,0,Other,I4405262410
IIT Kharagpur,Odisha Biodiversity Board,0,0,5,3,Other,I4405263530
IIT Kharagpur,Nagpur Institute of Technology,0,0,5,1,Other,I206816349
IIT Kharagpur,UPASI Tea Research Foundation,0,0,5,18,Other,I4210160079
IIT Kharagpur,Sir H.N. Reliance Foundation Hospital and Research Centre,0,0,5,0,Other,I2799514748
IIT Kharagpur,Qure.ai Technologies Private Limited (India),0,0,5,5,Other,I4405267437
IIT Kharagpur,Gazole Mahavidyalaya,0,0,5,0,Other,I4405263166
IIT Kharagpur,Bansal Institute Of Research Technology & Science,0,0,5,3,Other,I4210143989
IIT Kharagpur,Uttar Pradesh Rajarshi Tandon Open University,0,0,5,0,University,I4210153737
IIT Kharagpur,Rathinam College of Arts & Science,0,0,5,2,Other,I4405261075
IIT Kharagpur,"Government Engineering College, Rajkot",0,0,5,3,Other,I4405270285
IIT Kharagpur,Jagannath Barooah University,0,0,5,2,University,I4405262295
IIT Kharagpur,Vidyasagar Metropolitan College,0,0,5,6,Other,I4405274705
IIT Kharagpur,Bombay College of Pharmacy,0,0,5,11,Other,I4210111665
IIT Kharagpur,SMS Medical College,0,0,5,18,Other,I164135366
IIT Kharagpur,National Research Centre on Plant Biotechnology,0,0,5,29,Other,I4210091233
IIT Kharagpur,Syngene International (India),0,0,5,8,Other,I4210149349
IIT Kharagpur,Central Soil and Materials Research Station,0,0,5,6,Other,I4210111264
IIT Kharagpur,National Council of Applied Economic Research,0,0,5,37,Other,I4210127254
IIT Kharagpur,People’s University,0,0,5,5,University,I4210144829
IIT Kharagpur,Bhupendra Narayan Mandal University,0,0,5,5,University,I3132435657
IIT Kharagpur,Sister Nibedita Government General Degree College for Girls,0,0,5,5,Other,I4405254295
IIT Kharagpur,Don Bosco Institute of Technology,0,0,5,0,Other,I4405264256
IIT Kharagpur,Bharat Petroleum (India),0,0,5,9,Other,I125565006
IIT Kharagpur,ATLAS SkillTech University,0,0,5,3,University,I4405253011
IIT Kharagpur,Meiji (India),0,0,5,0,Other,I4210132281
IIT Kharagpur,Amala Institute of Medical Sciences,0,0,5,12,Other,I173894486
IIT Kharagpur,Audisankara (Deemed to be University),0,0,5,4,University,I4405268729
IIT Kharagpur,Indira Gandhi Medical College,0,0,5,10,Other,I2799277952
IIT Kharagpur,Rishihood University,0,0,5,0,University,I4405256055
IIT Kharagpur,Centre for Military Airworthiness and Certification,0,0,5,17,Other,I4210125149
IIT Kharagpur,Sree Gokulam Medical College and Research Foundation,0,0,5,2,Other,I4210129408
IIT Kharagpur,Ganesh Shankar Vidyarthi Memorial Medical College,0,0,5,12,Other,I2802359691
IIT Kharagpur,Swarrnim Startup and Innovation University,0,0,5,2,University,I4405284513
IIT Kharagpur,Kandi Raj College,0,0,5,6,Other,I4405277422
IIT Kharagpur,"ICAR-Directorate of Rapeseed-Mustard Research, Bharatpur",0,0,5,11,Other,I4210110189
IIT Kharagpur,Maharaja Ganga Singh University,0,0,5,0,University,I220911346
IIT Kharagpur,Ananda Chandra College,0,0,5,5,Other,I4405272131
IIT Kharagpur,Max Healthcare,0,0,5,5,Other,I307255591
IIT Kharagpur,Jayoti Vidyapeeth Women's University,0,0,5,1,University,I319193654
IIT Kharagpur,Mary Matha Arts and Science College,0,0,5,3,Other,I4405259808
IIT Kharagpur,SRM Dental College,0,0,5,7,Other,I4210101314
IIT Kharagpur,B.E.S.T Innovation University,0,0,5,1,University,I4405254720
IIT Kharagpur,K S Hegde Medical Academy,0,0,5,13,Other,I60324483
IIT Kharagpur,Unilever (India),0,0,5,19,Other,I4210124316
IIT Kharagpur,Jawaharlal Nehru Medical College,0,0,5,10,Other,I4210104297
IIT Kharagpur,All India Institute of Medical Sciences Guwahati,0,0,5,0,AIIMS,I4387153078
IIT Kharagpur,Netaji Subhas University,0,0,5,0,University,I4405283299
IIT Kharagpur,Urumu Dhanalakshmi College,0,0,5,2,Other,I4405274423
IIT Kharagpur,Malla Reddy Institute Of Medical Sciences,0,0,5,0,Other,I4405261501
IIT Kharagpur,Alphonsa College,0,0,4,1,Other,I4405277305
IIT Kharagpur,KVG Dental College & Hospital,0,0,4,1,Other,I4210161346
IIT Kharagpur,Care India,0,0,4,10,Other,I4210100472
IIT Kharagpur,Institute of Pesticide Formulation Technology,0,0,4,4,Other,I4210132190
IIT Kharagpur,Don Bosco Institute of Technology,0,0,4,2,Other,I4405265651
IIT Kharagpur,Salbari College,0,0,4,0,Other,I4405275630
IIT Kharagpur,Karimganj College,0,0,4,13,Other,I4405277338
IIT Kharagpur,Government College for Women Anantnag,0,0,4,3,Other,I2801651121
IIT Kharagpur,Motilal Nehru Medical College,0,0,4,7,Other,I3056136
IIT Kharagpur,Dev Sanskriti Vishwavidyalaya,0,0,4,0,Other,I2801450391
IIT Kharagpur,Asian School of Business,0,0,4,0,Other,I4405275363
IIT Kharagpur,Telangana University,0,0,4,2,University,I3133026063
IIT Kharagpur,Lady Hardinge Medical College,0,0,4,21,Other,I114546181
IIT Kharagpur,Adesh Medical College & Hospital,0,0,4,0,Other,I4405254729
IIT Kharagpur,Vector Control Research Centre,0,0,4,7,Other,I4210144797
IIT Kharagpur,"Toshniwal Arts, Commerce, and Science College",0,0,4,1,Other,I4405263630
IIT Kharagpur,Bikaner Technical University,0,0,4,0,University,I3131129740
IIT Kharagpur,Observer Research Foundation,0,0,4,11,Other,I2802103719
IIT Kharagpur,Gujarat National Law University,0,0,4,6,University,I266678185
IIT Kharagpur,Institute for Resource Analysis and Policy,0,0,4,12,Other,I4210131359
IIT Kharagpur,"All India Institute of Medical Sciences, Vijaypur, Jammu",0,0,4,0,AIIMS,I4405256279
IIT Kharagpur,Institute of Bioinformatics and Applied Biotechnology,0,0,4,16,Other,I4210153885
IIT Kharagpur,Centre for Studies in Social Sciences Calcutta,0,0,4,21,Other,I4210121529
IIT Kharagpur,Department of Higher Education,0,0,4,1,Other,I4210108449
IIT Kharagpur,University B.D.T College of Engineering,0,0,4,14,University,I142253595
IIT Kharagpur,Sandip Foundation,0,0,4,0,Other,I2802982682
IIT Kharagpur,Bengaluru North University,0,0,4,2,University,I4405262183
IIT Kharagpur,Indian Institute of Teacher Education,0,0,4,1,Other,I3129229761
IIT Kharagpur,Department of Scientific and Industrial Research,0,0,4,17,Other,I4210153020
IIT Kharagpur,Doaba College,0,0,4,3,Other,I270449672
IIT Kharagpur,Mahatma Gandhi Institute of Medical Sciences,0,0,4,11,Other,I90978372
IIT Kharagpur,Asian Development Research Institute,0,0,4,9,Other,I2801208972
IIT Kharagpur,King Institute of Preventive Medicine and Research,0,0,4,8,Other,I323874257
IIT Kharagpur,GLS University,0,0,4,1,University,I4210088600
IIT Kharagpur,"Vivekanand Education Society's College of Arts, Science and Commerce (Autonomous)",0,0,4,0,Other,I4405262474
IIT Kharagpur,ITC (India),0,0,4,20,Other,I4210142449
IIT Kharagpur,Institute of Astronomy Space and Earth Science,0,0,4,0,Other,I4405261168
IIT Kharagpur,National Institute of Cancer Prevention and Research,0,0,4,12,Other,I4210160993
IIT Kharagpur,Urban Emissions Info,0,0,4,31,Other,I4210160135
IIT Kharagpur,Bahona College,0,0,4,4,Other,I4405267063
IIT Kharagpur,Hans Raj Mahila Maha Vidyalaya,0,0,4,0,Other,I3131378919
IIT Kharagpur,Shri Shikshayatan College,0,0,4,0,Other,I4405280461
IIT Kharagpur,"Dr. B. R. Ambedkar University, Srikakulam",0,0,4,0,University,I4405269582
IIT Kharagpur,Kongu Arts and Science College,0,0,4,1,Other,I4405269461
IIT Kharagpur,Chhattisgarh Kamdhenu Vishwavidyalaya,0,0,4,4,Other,I2800089517
IIT Kharagpur,Trichy SRM Medical College Hospital and Research Centre,0,0,4,2,Other,I4210115651
IIT Kharagpur,"Government Engineering College, Bhavnagar",0,0,4,2,Other,I4405259196
IIT Kharagpur,Binod Bihari Mahto Koyalanchal University,0,0,4,0,University,I4405260549
IIT Kharagpur,Campbell Collaboration,0,0,4,0,Other,I4210128352
IIT Kharagpur,Cellworks Research (India),0,0,4,0,Other,I4210097570
IIT Kharagpur,Directorate of Coldwater Fisheries Research,0,0,4,5,Other,I4210119432
IIT Kharagpur,Institute of Liver and Biliary Sciences,0,0,4,9,Other,I4210123001
IIT Kharagpur,Monark University,0,0,4,0,University,I4405263756
IIT Kharagpur,Institute of Environmental Studies & Wetland Management,0,0,4,23,Other,I4210132965
IIT Kharagpur,Army Hospital Research and Referral,0,0,4,5,Other,I4210165779
IIT Kharagpur,Indian Centre for Space Physics,0,0,4,2,Other,I2800614519
IIT Kharagpur,Sadiya College,0,0,4,0,Other,I4405253726
IIT Kharagpur,Medhavi Skills University,0,0,4,0,University,I4405265053
IIT Kharagpur,MNR Dental College and Hospital,0,0,4,3,Other,I4210142633
IIT Kharagpur,"Zeal College of Engineering and Research, Pune",0,0,4,2,Other,I4405270557
IIT Kharagpur,Mariammal Educational Trust,0,0,4,1,Other,I4405262936
IIT Kharagpur,Chameli Devi Institute of Pharmacy,0,0,4,1,Other,I4210162688
IIT Kharagpur,Regional Plant Resource Centre,0,0,4,7,Other,I4210128503
IIT Kharagpur,“Tribhuvan” Sahkari University,0,0,4,0,University,I4405277300
IIT Kharagpur,Bharathiyar Institute of Engineering for Women,0,0,4,0,Other,I4405256908
IIT Kharagpur,Hiralal Mazumdar Memorial College for Women,0,0,4,3,Other,I4405276101
IIT Kharagpur,Central Council for Research in Unani Medicine,0,0,4,3,Other,I4210137253
IIT Kharagpur,Dalmia Institute of Scientific & Industrial Research,0,0,4,0,Other,I4210098571
IIT Kharagpur,Rajasthan Police Academy,0,0,4,0,Other,I4210140672
IIT Kharagpur,"School of Management Sciences, Varanasi",0,0,4,1,Other,I4405257256
IIT Kharagpur,Sri Venkateswara Institute of Medical Sciences,0,0,4,4,Other,I107740395
IIT Kharagpur,Arni University,0,0,4,1,University,I344636078
IIT Kharagpur,Ashok Leyland (India),0,0,4,8,Other,I59574800
IIT Kharagpur,"Jagannath International Management School, Kalkaji, New Delhi",0,0,4,0,Other,I4405255379
IIT Kharagpur,Metro College of Health Sciences and Research,0,0,4,0,Other,I4405263434
IIT Kharagpur,Nehru Gram Bharti University,0,0,4,3,University,I4210150711
IIT Kharagpur,Bangabasi College,0,0,4,17,Other,I4405271881
IIT Kharagpur,Government Medical College,0,0,4,7,Other,I101786783
IIT Kharagpur,Dr. Panjabrao Deshmukh Memorial Medical College,0,0,4,0,Other,I4210115678
IIT Kharagpur,Defence Institute of Physiology and Allied Sciences,0,0,4,16,Other,I51313444
IIT Kharagpur,Mahatma Gandhi Mission Institute of Health Sciences,0,0,4,4,Other,I4210107677
IIT Kharagpur,Kishkinda University,0,0,4,0,University,I4405274491
IIT Kharagpur,Surya Sen Mahavidyalaya,0,0,4,1,Other,I4405257758
IIT Kharagpur,Jagannath University Jaipur,0,0,4,2,University,I4405261880
IIT Kharagpur,Central Institute for Women in Agriculture,0,0,4,1,Other,I4210116406
IIT Kharagpur,Uttar Pradesh Pandit Deen Dayal Upadhyaya Pashu Chikitsa Vigyan Vishwavidyalaya Evam Go-Anusandhan Sansthan,0,0,4,20,Other,I4210141180
IIT Kharagpur,Jharkhand Rai University,0,0,4,0,University,I3133455736
IIT Kharagpur,Centre For Wildlife Studies,0,0,4,20,Other,I4210128182
IIT Kharagpur,Central University of Andhra Pradesh,0,0,4,0,University,I4405261357
IIT Kharagpur,National Institute of Medical Statistics,0,0,4,9,Other,I4210098320
IIT Kharagpur,Dr. B. R. Ambedkar Open University,0,0,4,0,University,I4210091685
IIT Kharagpur,Career Institute Of Medical & Dental Sciences and Hospital,0,0,4,1,Other,I4210152575
IIT Kharagpur,Indraprastha Apollo Hospitals,0,0,4,23,Other,I1302839792
IIT Kharagpur,Persistent Systems (India),0,0,3,6,Other,I2800727657
IIT Kharagpur,"Sree Narayana College, Punalur",0,0,3,2,Other,I4405254405
IIT Kharagpur,Biswa Bangla Biswabidyalay,0,0,3,0,Other,I4405268447
IIT Kharagpur,Government Medical College,0,0,3,12,Other,I248710770
IIT Kharagpur,Kaliyaganj College,0,0,3,0,Other,I4405253966
IIT Kharagpur,Mannar Thirumalai Naicker College,0,0,3,0,Other,I4405265996
IIT Kharagpur,Maulana Azad University Jodhpur,0,0,3,0,University,I4405255144
IIT Kharagpur,Maharashtra Forest Department,0,0,3,6,Other,I4210140994
IIT Kharagpur,Hislop College,0,0,3,2,Other,I119204206
IIT Kharagpur,NIILM University,0,0,3,1,University,I3129898747
IIT Kharagpur,Tech Mahindra (India),0,0,3,15,Other,I4210130378
IIT Kharagpur,Jeppiaar University,0,0,3,1,University,I4405278269
IIT Kharagpur,St. John's National Academy of Health Sciences,0,0,3,5,Other,I4210129261
IIT Kharagpur,Dakshin Foundation,0,0,3,3,Other,I4405258310
IIT Kharagpur,Sido Kanhu Murmu University,0,0,3,0,University,I3132909238
IIT Kharagpur,Shri A.M.M. Murugappa Chettiar Research Centre,0,0,3,12,Other,I4210152587
IIT Kharagpur,Novartis (India),0,0,3,4,Other,I4210090302
IIT Kharagpur,Burdwan Medical College & Hospital,0,0,3,5,Other,I166813715
IIT Kharagpur,"Jawaharlal Nehru Technological University-Gurajada, Vizianagaram",0,0,3,0,University,I4405256783
IIT Kharagpur,Central Sericultural Germplasm Resources Centre,0,0,3,0,Other,I4210089075
IIT Kharagpur,"Shivharsh Kisan Post Graduate College, Basti",0,0,3,0,Other,I4405253305
IIT Kharagpur,Emami (India),0,0,3,4,Other,I4210096895
IIT Kharagpur,Bangalore Medical College and Research Institute,0,0,3,8,Other,I876098953
IIT Kharagpur,Raiganj Surendranath Mahavidyalaya,0,0,3,11,Other,I4405275817
IIT Kharagpur,Babu Banarasi Das Northern India Institute of Technology,0,0,3,0,Other,I4405258158
IIT Kharagpur,ICAR - National Meat Research Institute,0,0,3,6,Other,I4210131297
IIT Kharagpur,Bhagwan Mahaveer Cancer Hospital and Research Centre,0,0,3,1,Other,I4210113013
IIT Kharagpur,National Institute of Science Communication and Information Resources,0,0,3,7,Other,I28700744
IIT Kharagpur,Rajiv Gandhi University of Health Sciences,0,0,3,5,University,I286135121
IIT Kharagpur,Syamaprasad College,0,0,3,0,Other,I4405278083
IIT Kharagpur,Uttarakhand Open University,0,0,3,3,University,I185596852
IIT Kharagpur,National Health Systems Resource Centre,0,0,3,9,Other,I4210138037
IIT Kharagpur,Pacif Institute of Cosmology and Selfology,0,0,3,0,Other,I4405261414
IIT Kharagpur,"St. John's College, Agra",0,0,3,10,Other,I4405277037
IIT Kharagpur,Camellia Institute of Technology,0,0,3,1,Other,I4405277783
IIT Kharagpur,University College for Women,0,0,3,0,University,I2802287669
IIT Kharagpur,BLK Super Speciality Hospital,0,0,3,9,Other,I4210122912
IIT Kharagpur,Baba Raghav Das Medical College,0,0,3,5,Other,I2799408090
IIT Kharagpur,Government Medical College,0,0,3,20,Other,I150956004
IIT Kharagpur,Suven Life Sciences (India),0,0,3,0,Other,I4210097346
IIT Kharagpur,Centre for Ecology Development and Research,0,0,3,5,Other,I4405261514
IIT Kharagpur,NETES Institute of Pharmaceutical Science,0,0,3,1,Other,I4405263119
IIT Kharagpur,K.S.R. Institute of Dental Science and Research,0,0,3,1,Other,I4405273479
IIT Kharagpur,Healthcare Technology Innovation Centre,0,0,3,3,Other,I4210102197
IIT Kharagpur,Sree Sevugan Annamalai College,0,0,3,3,Other,I4405267585
IIT Kharagpur,National Centre for Compositional Characterisation of Materials,0,0,3,19,Other,I4210100447
IIT Kharagpur,Deccan College of Medical Sciences,0,0,3,1,Other,I149145351
IIT Kharagpur,North Eastern Indira Gandhi Regional Institute of Health and Medical Sciences,0,0,3,5,Other,I231543472
IIT Kharagpur,Johnson & Johnson (India),0,0,3,6,Other,I4210163153
IIT Kharagpur,Krishna Kanta Handiqui State Open University,0,0,3,0,University,I4210087854
IIT Kharagpur,Nivetha Institute of Earth and Environmental Sciences,0,0,3,0,Other,I4405284070
IIT Kharagpur,"Jagannath International Management School, Vasant Kunj, New Delhi",0,0,3,1,Other,I4405254466
IIT Kharagpur,Government Model Science College,0,0,3,2,Other,I4405273430
IIT Kharagpur,Dr. Subhash University,0,0,3,0,University,I4405256992
IIT Kharagpur,Government of Mizoram,0,0,3,3,Other,I4210157823
IIT Kharagpur,Rangaraya Medical College,0,0,3,1,Other,I30589939
IIT Kharagpur,"Mahatma Gandhi Arts, Science & Late Nasaruddhinbhai Panjwani Commerce College",0,0,3,3,Other,I4405258434
IIT Kharagpur,Advanced Numerical Research and Analysis Group,0,0,3,4,Other,I4210115222
IIT Kharagpur,Nalla Malla Reddy Engineering College,0,0,3,2,Other,I4405274505
IIT Kharagpur,Ispat General Hospital,0,0,3,7,Other,I4210106902
IIT Kharagpur,Maharashtra University of Health Sciences,0,0,3,4,University,I149766970
IIT Kharagpur,Bineswar Brahma Engineering College,0,0,3,3,Other,I4405260155
IIT Kharagpur,Pallium India,0,0,3,0,Other,I2800781119
IIT Kharagpur,Mahindra and Mahindra Limited (India),0,0,3,3,Other,I4210104682
IIT Kharagpur,Anusandhan National Research Foundation,0,0,3,1,Other,I4405276818
IIT Kharagpur,Indira Gandhi Technological and Medical Sciences University,0,0,3,0,University,I4405282821
IIT Kharagpur,Gujarat Institute of Desert Ecology,0,0,3,8,Other,I4210159133
IIT Kharagpur,Kendrapara Autonomous College,0,0,3,0,Other,I4405276246
IIT Kharagpur,National Bureau of Agricultural Insect Resources,0,0,3,5,Other,I4210129780
IIT Kharagpur,JSS Dental College and Hospital,0,0,3,4,Other,I70928359
IIT Kharagpur,Defence Bioengineering and Electromedical Laboratory,0,0,3,12,Other,I4210093312
IIT Kharagpur,SMBT College of Pharmacy,0,0,3,0,Other,I4405274066
IIT Kharagpur,"G.S. Science, Arts And Commerce College",0,0,3,6,Other,I4210144496
IIT Kharagpur,Sri Konda Laxman Telangana State Horticultural University,0,0,3,1,University,I3132430671
IIT Kharagpur,P. D. Hinduja Hospital and Medical Research Centre,0,0,3,12,Other,I2800474033
IIT Kharagpur,Kedarnath Girdharilal Khatri Degree College,0,0,3,0,Other,I4405279864
IIT Kharagpur,The Automotive Research Association of India,0,0,3,7,Other,I88213707
IIT Kharagpur,Confederation of Indian Industry,0,0,3,8,Other,I2801105518
IIT Kharagpur,"Loknete Vyankatrao Hiray Arts, Science and Commerce College",0,0,3,8,Other,I4405258260
IIT Kharagpur,Dr. K.N.Modi University,0,0,3,0,University,I3133069541
IIT Kharagpur,Maulana Azad Institute of Dental Sciences,0,0,3,2,Other,I4210095482
IIT Kharagpur,Shri Sathya Sai Medical College and Research Institute,0,0,3,3,Other,I4210112828
IIT Kharagpur,Assumption College,0,0,3,1,Other,I4405255754
IIT Kharagpur,Thai Moogambigai Dental College and Hospital,0,0,3,1,Other,I4210141999
IIT Kharagpur,Kakaraparti Bhavanarayana College,0,0,3,0,Other,I4405261508
IIT Kharagpur,National Institute of Design,0,0,3,6,Other,I5816614
IIT Kharagpur,Ministry of New and Renewable Energy,0,0,3,8,Other,I4210159250
IIT Kharagpur,Chameli Devi Group of Institutions,0,0,3,0,Other,I4210139833
IIT Kharagpur,Sri Indu Institute of Engineering and Technology,0,0,3,1,Other,I4405273320
IIT Kharagpur,Kammavari Sangham Institute of Technology,0,0,3,5,Other,I4405274789
IIT Kharagpur,Indian Institute of Natural Resins and Gums,0,0,3,13,Other,I1307855090
IIT Kharagpur,Pandit Bhagwat Dayal Sharma University of Health Sciences,0,0,3,7,University,I4210140486
IIT Kharagpur,St. Xavier's College,0,0,3,0,Other,I4405254408
IIT Kharagpur,Gondwana University,0,0,3,4,University,I3133345995
IIT Kharagpur,"Multanimal Modi College, Modinagar",0,0,3,1,Other,I4405260752
IIT Kharagpur,Maharashtra State Board of Technical Education,0,0,3,1,Other,I2799436172
IIT Kharagpur,Sri Ramakrishna Institute of Paramedical Sciences,0,0,3,2,Other,I4210099837
IIT Kharagpur,National Institute of Ayurveda,0,0,3,0,Other,I3133021252
IIT Kharagpur,Kunthavai Naacchiyaar Government Arts College for Women (Autonomous),0,0,3,5,Other,I4405277739
IIT Kharagpur,Tehatta Sadananda Mahavidyalaya,0,0,3,2,Other,I4405253084
IIT Kharagpur,Shri Dharmasthala Manjunatheshwara University,0,0,3,10,University,I4387152955
IIT Kharagpur,Rajasthan University of Health Sciences,0,0,3,3,University,I2802772831
IIT Kharagpur,Rishi Bankim Chandra College for Women,0,0,3,3,Other,I4405261869
IIT Kharagpur,University of Technology and Management,0,0,3,0,University,I45533404
IIT Kharagpur,Savoirs et Mondes Indiens,0,0,3,3,Other,I4387153201
IIT Kharagpur,St. Andrews Institute of Technology and Management,0,0,3,2,Other,I4405255584
IIT Kharagpur,"Government College of Engineering, Erode",0,0,3,6,Other,I4405263326
IIT Kharagpur,Sustainable Futures Collaborative,0,0,3,2,Other,I4405257875
IIT Kharagpur,Agilent Technologies (India),0,0,2,4,Other,I4210108186
IIT Kharagpur,Vidyalankar School of Information Technology,0,0,2,0,IIIT,I4405276725
IIT Kharagpur,Vimta (India),0,0,2,0,Other,I4210103938
IIT Kharagpur,Maharaja Chhatrasal Bundelkhand University,0,0,2,0,University,I4210151682
IIT Kharagpur,Kokilaben Dhirubhai Ambani Hospital,0,0,2,1,Other,I4210131938
IIT Kharagpur,Sawai Man Singh Hospital,0,0,2,2,Other,I2802525668
IIT Kharagpur,Asian Law College,0,0,2,0,Other,I4405263525
IIT Kharagpur,Squad Medicine and Research (SMR),0,0,2,0,Other,I4405256514
IIT Kharagpur,Don Bosco College of Engineering,0,0,2,1,Other,I4405271317
IIT Kharagpur,TIFR Centre for Applicable Mathematics,0,0,2,6,Other,I94595606
IIT Kharagpur,Murugappa (India),0,0,2,0,Other,I4210138020
IIT Kharagpur,SVS Medical College,0,0,2,1,Other,I4210142847
IIT Kharagpur,Dr. Rajendra Prasad Government Medical College,0,0,2,3,Other,I4210148181
IIT Kharagpur,Maharaja Agrasen Institute of Management Studies,0,0,2,5,Other,I4405259335
IIT Kharagpur,Krishna Institute of Medical Sciences,0,0,2,7,Other,I4210091132
IIT Kharagpur,Apollo Hospitals Educational and Research Foundation,0,0,2,3,Other,I4405273104
IIT Kharagpur,Himgiri Zee University,0,0,2,2,University,I2800232979
IIT Kharagpur,Shri Bhagubhai Mafatlal Polytechnic and College of Engineering,0,0,2,0,Other,I4405272901
IIT Kharagpur,National Institute of Rock Mechanics,0,0,2,11,Other,I4405253853
IIT Kharagpur,Asian Business School,0,0,2,0,Other,I4405270899
IIT Kharagpur,Sikkim Alpine University,0,0,2,1,University,I4405264292
IIT Kharagpur,Vardhaman Mahaveer Open University,0,0,2,0,University,I52496869
IIT Kharagpur,Inventia (India),0,0,2,1,Other,I4210142905
IIT Kharagpur,Kaloji Narayana Rao University of Health Sciences,0,0,2,0,University,I4210126239
IIT Kharagpur,"Regional Cancer Center, Thiruvananthapuram",0,0,2,25,Other,I2800611740
IIT Kharagpur,Dharma Samaj College,0,0,2,4,Other,I4405278591
IIT Kharagpur,BGS Global Hospital,0,0,2,0,Other,I4210150676
IIT Kharagpur,Government Medical College and Hospital,0,0,2,1,Other,I4210136170
IIT Kharagpur,Mohammad Ali Jauhar University,0,0,2,0,University,I3129486212
IIT Kharagpur,Wildlife Trust of India,0,0,2,1,Other,I4405254779
IIT Kharagpur,National Institute of Health and Family Welfare,0,0,2,13,Other,I4210094607
IIT Kharagpur,Government Medical College,0,0,2,2,Other,I180771373
IIT Kharagpur,National Museum New Delhi,0,0,2,0,Other,I4210125305
IIT Kharagpur,Kabi Samrat Upendra Bhanja College,0,0,2,1,Other,I4405285219
IIT Kharagpur,Lakshmibai National Institute of Physical Education,0,0,2,1,Other,I1324220350
IIT Kharagpur,NM Sadguru Water and Development Foundation,0,0,2,0,Other,I4210152555
IIT Kharagpur,Bundelkhand Medical College,0,0,2,0,Other,I4405273646
IIT Kharagpur,Seacom Engineering College,0,0,2,10,Other,I4405272842
IIT Kharagpur,Apollo Adlux Hospital,0,0,2,0,Other,I4405283253
IIT Kharagpur,Maa Manikeshwari University,0,0,2,1,University,I4405263422
IIT Kharagpur,"Sitabai Thite College of Pharmacy, Shirur",0,0,2,1,Other,I4405261843
IIT Kharagpur,Maharashtra Hybrid Seeds (India),0,0,2,1,Other,I4210111342
IIT Kharagpur,"Govt.W.W. Patankar Girls’ PG College, Durg",0,0,2,0,Other,I4405263452
IIT Kharagpur,Central University of Tibetan Studies,0,0,2,1,University,I2802930190
IIT Kharagpur,Bagadhar Brahma Kishan College,0,0,2,0,Other,I4399657952
IIT Kharagpur,"Azim Premji University, Bhopal",0,0,2,1,University,I4405266510
IIT Kharagpur,Karnataka Institute of Medical Sciences,0,0,2,3,Other,I77799889
IIT Kharagpur,Gobardanga Hindu College,0,0,2,5,Other,I4405275311
IIT Kharagpur,Charuchandra College,0,0,2,2,Other,I4405274187
IIT Kharagpur,Government Medical College,0,0,2,4,Other,I4210089425
IIT Kharagpur,Electronics and Radar Development Establishment,0,0,2,4,Other,I4210086621
IIT Kharagpur,R. N. G. Patel Institute of Technology,0,0,2,0,Other,I4405254091
IIT Kharagpur,Jhargram Government Medical College and Hospital,0,0,2,0,Other,I4405271779
IIT Kharagpur,Translational Research Platform for Veterinary Biologicals (India),0,0,2,0,Other,I4210166246
IIT Kharagpur,Malankara Orthodox Syrian Church Medical College Hospital,0,0,2,0,Other,I2802105490
IIT Kharagpur,Bharti Hospital,0,0,2,3,Other,I4210153282
IIT Kharagpur,Dumkal Institute of Engineering & Technology,0,0,2,0,Other,I4405282879
IIT Kharagpur,Kanchi Kamakoti CHILDS Trust Hospital,0,0,2,2,Other,I4210135524
IIT Kharagpur,Department of Telecommunications,0,0,2,1,Other,I4405271443
IIT Kharagpur,"Guru Nanak Dev University College, Verka",0,0,2,0,University,I4405275281
IIT Kharagpur,Grant Medical College and Sir Jamshedjee Jeejeebhoy Group of Hospitals,0,0,2,2,Other,I169117269
IIT Kharagpur,Central Forensic Science Laboratory,0,0,2,1,Other,I2800034660
IIT Kharagpur,Cipla (India),0,0,2,3,Other,I4210133301
IIT Kharagpur,B.V. Raju College,0,0,2,0,Other,I4405257069
IIT Kharagpur,Stanley Medical College,0,0,2,2,Other,I25051037
IIT Kharagpur,Sanskriti Samvardhan Mandal,0,0,2,0,Other,I4210093989
IIT Kharagpur,Sun Pharma (India),0,0,2,0,Other,I4210133592
IIT Kharagpur,Mamata Medical College,0,0,2,4,Other,I37012753
IIT Kharagpur,Rajagiri Hospital,0,0,2,0,Other,I4210113677
IIT Kharagpur,Ayurvet (India),0,0,2,1,Other,I4210157303
IIT Kharagpur,Engineering Staff College of India,0,0,2,0,Other,I4405261761
IIT Kharagpur,Christ Academy Institute for Advanced Studies,0,0,2,0,Other,I4405275767
IIT Kharagpur,Pfizer (India),0,0,2,2,Other,I4210163853
IIT Kharagpur,Smt. Kashibai Navale Medical College and General hospital,0,0,2,3,Other,I4210157510
IIT Kharagpur,T. D. Medical College,0,0,2,1,Other,I2802466914
IIT Kharagpur,Centre for Personnel Talent Management,0,0,2,1,Other,I4210091356
IIT Kharagpur,Sri Sri Institute for Advanced Research,0,0,2,0,Other,I4405262849
IIT Kharagpur,Tilak Dhari Post Graduate College,0,0,2,2,Other,I4210087875
IIT Kharagpur,"Bansal Institute of Engineering And Technology, Lucknow",0,0,2,0,Other,I4405259534
IIT Kharagpur,Wildlife Conservation Society India,0,0,2,15,Other,I4210154569
IIT Kharagpur,KIRND Institute of Research and Development Pvt Ltd,0,0,2,1,Other,I4405261651
IIT Kharagpur,Delhi Pollution Control Committee,0,0,2,6,Other,I4405272803
IIT Kharagpur,Brahmananda Keshab Chandra College,0,0,2,2,Other,I4405277791
IIT Kharagpur,Raja Rammohun Roy Mahavidyalaya,0,0,2,1,Other,I4405285329
IIT Kharagpur,Hemwati Nandan Bahuguna Uttarakhand Medical Education University,0,0,2,1,University,I4405263621
IIT Kharagpur,Ministry of Railways,0,0,2,1,Other,I4405266390
IIT Kharagpur,Institute of Health Management Research Bangalore,0,0,2,1,Other,I4405256990
IIT Kharagpur,Uttarakhand Ayurved University,0,0,2,1,University,I3131184031
IIT Kharagpur,Quazar Technologies (India),0,0,2,0,Other,I4210139001
IIT Kharagpur,National Center for Disease Control,0,0,2,22,Other,I103004294
IIT Kharagpur,Shalby Hospitals,0,0,2,2,Other,I2801919287
IIT Kharagpur,Indus Biotech (India),0,0,2,0,Other,I4210104831
IIT Kharagpur,State Bank of India,0,0,2,2,Other,I4405270657
IIT Kharagpur,Indira Gandhi Institute of Medical Sciences,0,0,2,5,Other,I238035932
IIT Kharagpur,Centre for Policy Studies,0,0,2,0,Other,I4210157167
IIT Kharagpur,B.J. Medical College,0,0,2,4,Other,I64157871
IIT Kharagpur,Kandra Radhakanta Kundu Mahavidyalaya,0,0,2,0,Other,I4405284245
IIT Kharagpur,Hindu College of Pharmacy,0,0,2,4,Other,I4210151968
IIT Kharagpur,Central Institute for Research on Goats,0,0,2,5,Other,I4210108051
IIT Kharagpur,Apollo Hospitals,0,0,2,16,Other,I4210130696
IIT Kharagpur,Punjab State Council for Science & Technology,0,0,2,0,Other,I4210108378
IIT Kharagpur,Jain hospital,0,0,2,2,Other,I4405259822
IIT Kharagpur,Centre For Human Genetics,0,0,2,1,Other,I4210098597
IIT Kharagpur,National Fisheries Development Board,0,0,2,0,Other,I4405271622
IIT Kharagpur,Central Council for Research in Siddha,0,0,2,0,Other,I4210161912
IIT Kharagpur,National Research Development Corporation,0,0,2,3,Other,I4210156257
IIT Kharagpur,Spices Board India,0,0,2,2,Other,I4210134647
IIT Kharagpur,National Institute of Animal Nutrition and Physiology,0,0,2,10,Other,I4210126702
IIT Kharagpur,Seth Anandram Jaipuria College,0,0,2,9,Other,I4405280749
IIT Kharagpur,"St. Philomena College, Puttur",0,0,2,0,Other,I4405259634
IIT Kharagpur,Prof. Rajendra Singh (Rajju Bhaiya) University,0,0,2,0,University,I4405283344
IIT Kharagpur,Eastern Institute For Integrated Learning In Management - Kolkata,0,0,2,0,Other,I4405260481
IIT Kharagpur,Shri Guru Ram Rai Institute of Medical & Health Sciences,0,0,2,1,Other,I4405267002
IIT Kharagpur,QNu Labs (India),0,0,2,0,Other,I4210142485
IIT Kharagpur,Fishery Survey of India,0,0,2,0,Other,I4405266824
IIT Kharagpur,Shri BM Patil Medical College,0,0,2,2,Other,I123665430
IIT Kharagpur,St. Joseph Dental College,0,0,2,1,Other,I4210112433
IIT Kharagpur,Integrative Centre for Research & Innovation in Biology,0,0,2,0,Other,I4405262458
IIT Kharagpur,Central Board of Secondary Education,0,0,2,0,Other,I2803094843
IIT Kharagpur,Bharat Forge (India),0,0,2,8,Other,I4210089955
IIT Kharagpur,"Christ Church College, Kanpur",0,0,2,2,Other,I4405274624
IIT Kharagpur,St. Kabir Institute of Professional Studies,0,0,2,1,Other,I4405263109
IIT Kharagpur,Rajendra Hospital,0,0,2,1,Other,I4210102127
IIT Kharagpur,Jangipur College,0,0,2,1,Other,I4405270277
IIT Kharagpur,Ministry of Skill Development and Entrepreneurship,0,0,2,0,Other,I4405280593
IIT Kharagpur,"Harish Chandra Post Graduate College, Varanasi",0,0,2,0,Other,I4405281396
IIT Kharagpur,Delhi Metropolitan Education,0,0,2,0,Other,I4405263007
IIT Kharagpur,Panineeya Institute of Dental Sciences & Research Centre,0,0,2,0,Other,I4405267483
IIT Kharagpur,Annai Vailankanni Arts and Science College,0,0,2,0,Other,I4405265989
IIT Kharagpur,Health Action by People,0,0,2,2,Other,I4210154316
IIT Kharagpur,Marico (India),0,0,2,0,Other,I4210165128
IIT Kharagpur,Jagadamba Mahavidyalaya,0,0,2,3,Other,I4405263310
IIT Kharagpur,North Lakhimpur University,0,0,2,0,University,I4405259400
IIT Kharagpur,Mahamana Pandit Madan Mohan Malaviya Cancer Centre,0,0,2,0,Other,I4405260747
IIT Kharagpur,Anjuman Islam Janjira Degree College of Science,0,0,2,0,Other,I4405284217
IIT Kharagpur,Ipca Laboratories (India),0,0,2,0,Other,I145824119
IIT Kharagpur,Dhanvantari Ayurveda College Hospital and Research Centre,0,0,2,0,Other,I4210145297
IIT Kharagpur,Gitarattan International Business School,0,0,2,0,Other,I4405277619
IIT Kharagpur,Vignan's Institute of Management and Technology for Women,0,0,2,0,Other,I4405283258
IIT Kharagpur,M S Ramaiah Institute of Management,0,0,2,20,Other,I4405257743
IIT Kharagpur,Bombay Hospital,0,0,2,3,Other,I4210135821
IIT Kharagpur,MEASI Institute of Management,0,0,2,1,Other,I4405265375
IIT Kharagpur,GloNeuro,0,0,2,2,Other,I4405257106
IIT Kharagpur,Awadhesh Pratap Singh University,0,0,2,18,University,I59615845
IIT Kharagpur,G. Pulla Reddy College of Pharmacy,0,0,2,1,Other,I4405263311
IIT Kharagpur,Advanced Instrumentation Research Facility,0,0,2,4,Other,I4405281529
IIT Kharagpur,Sitamarhi Institute of Technology,0,0,2,0,Other,I4405260237
IIT Kharagpur,Uttarakhand Forest Department,0,0,2,0,Other,I4210142984
IIT Kharagpur,National Power Training Institute,0,0,2,5,Other,I4210167178
IIT Kharagpur,Regional Medical Research Centre,0,0,2,4,Other,I4210093644
IIT Kharagpur,Kannur Medical College,0,0,2,3,Other,I4210129664
IIT Kharagpur,Dr. Daulatrao Aher College of Engineering,0,0,2,0,Other,I4405260234
IIT Kharagpur,Debraj Roy College,0,0,2,2,Other,I4405276481
IIT Kharagpur,"Babasaheb Naik College of Engineering, Pusad",0,0,2,7,Other,I4405276991
IIT Kharagpur,Tata Institute for Genetics and Society,0,0,2,0,Other,I4210156799
IIT Kharagpur,Lilavati Hospital & Research Centre,0,0,2,12,Other,I2800084889
IIT Kharagpur,Tata Chemicals (India),0,0,2,4,Other,I2800685081
IIT Kharagpur,Institute of Chartered Accountants of India,0,0,2,0,Other,I4210160863
IIT Kharagpur,Banki College,0,0,2,1,Other,I4210107397
IIT Kharagpur,Government Mohan Kumaramangalam Medical College,0,0,2,2,Other,I4210154858
IIT Kharagpur,"Institute of Mathematics and Applications, Bhubaneswar",0,0,2,3,Other,I4405283231
IIT Kharagpur,Velammal Medical College Hospital and Research Institute,0,0,2,0,Other,I4210104323
IIT Kharagpur,IQVIA (India),0,0,2,2,Other,I4210096889
IIT Kharagpur,Santipur College,0,0,2,2,Other,I4405276830
IIT Kharagpur,Shree Dhanvantary Pharmacy College,0,0,2,4,Other,I4405274818
IIT Kharagpur,Jawaharlal Nehru Medical College,0,0,2,6,Other,I4210093348
IIT Kharagpur,Guru Gobind Singh Medical College and Hospital,0,0,2,1,Other,I2800404181
IIT Kharagpur,Mahindra Group (India),0,0,2,7,Other,I1336379959
IIT Kharagpur,"Government College of Engineering, Nagpur",0,0,2,0,Other,I4405253287
IIT Kharagpur,Avantha Centre for Industrial Research & Development,0,0,2,3,Other,I4210129589
IIT Kharagpur,Vinayaka Missions Medical College and Hospitals,0,0,2,3,Other,I4210138697
IIT Kharagpur,"Rajasthan Aryan Arts, Shri Mithulalji Kacholiya Commerce & Shri Satyanarayanji Ramkrishanji Rathi Science Mahavidyalaya",0,0,2,1,Other,I4405271095
IIT Kharagpur,Shiv Nadar Foundation,0,0,2,0,Other,I4210143284
IIT Kharagpur,Centre for Aromatic Plants,0,0,2,1,Other,I4210148696
IIT Kharagpur,National Institute of High Security Animal Diseases,0,0,2,1,Other,I4210128070
IIT Kharagpur,"St. Agnes College (Autonomous), Mangaluru",0,0,2,1,Other,I4405259874
IIT Kharagpur,K.L.E. Society's S. Nijalingappa College,0,0,2,1,Other,I4405284022
IIT Kharagpur,Jubilant Life Sciences (India),0,0,2,2,Other,I4210162011
IIT Kharagpur,Biological E (India),0,0,2,1,Other,I4210096236
IIT Kharagpur,Sumathi Reddy Institute of Technology for Women,0,0,2,0,Other,I4405256363
IIT Kharagpur,Vivek University,0,0,2,0,University,I4405259076
IIT Kharagpur,Tiruvalla Medical Mission,0,0,2,0,Other,I4405268893
IIT Kharagpur,Kalpana Chawla Government Medical College and Hospital,0,0,2,0,Other,I4210107157
IIT Kharagpur,Institute for Seri-Biotechnological Research,0,0,2,3,Other,I4210098363
IIT Kharagpur,Sir Sayajirao General Hospital Medical College,0,0,1,3,Other,I259800356
IIT Kharagpur,Breach Candy Hospital,0,0,1,5,Other,I2800671109
IIT Kharagpur,Sarat Centenary College,0,0,1,0,Other,I4405261487
IIT Kharagpur,Ali Yavar Jung National Institute for the Hearing Handicapped,0,0,1,0,Other,I4210124687
IIT Kharagpur,"St. Philomena's College, Mysuru",0,0,1,0,Other,I4405258839
IIT Kharagpur,Kanyashree University,0,0,1,0,University,I4405273814
IIT Kharagpur,Jawaharlal Nehru Tropical Botanic Garden and Research Institute,0,0,1,9,Other,I2800926800
IIT Kharagpur,Laurus labs (India),0,0,1,0,Other,I4210090023
IIT Kharagpur,Mata Gujri University,0,0,1,0,University,I4405256774
IIT Kharagpur,Pondicherry Institute of Medical Sciences,0,0,1,8,Other,I163150328
IIT Kharagpur,Plant Lipids (India),0,0,1,1,Other,I4210116276
IIT Kharagpur,Apollo Proton Cancer Centre,0,0,1,1,Other,I4210154769
IIT Kharagpur,Mahatma Gandhi Institute for Rural Industrialization,0,0,1,1,Other,I2800948379
IIT Kharagpur,Whirlpool (India),0,0,1,0,Other,I4210162508
IIT Kharagpur,"Government College, Tonk",0,0,1,1,Other,I4405279478
IIT Kharagpur,Deenanath Mangeshkar Hospital and Research Center,0,0,1,1,Other,I4210116893
IIT Kharagpur,"D.A.V. P.G. College, Lucknow",0,0,1,2,Other,I4405258482
IIT Kharagpur,ESIC Hospital,0,0,1,0,Other,I4210141935
IIT Kharagpur,Impact College of Engineering and Applied Sciences,0,0,1,0,Other,I4405263224
IIT Kharagpur,Sri Devaraj Urs Medical College,0,0,1,3,Other,I135234465
IIT Kharagpur,Centre for Professional and Advanced Studies,0,0,1,0,Other,I4405258901
IIT Kharagpur,Patna Medical College and Hospital,0,0,1,0,Other,I173956350
IIT Kharagpur,Rishi Bankim Chandra Evening College,0,0,1,1,Other,I4405262889
IIT Kharagpur,Omeo Kumar Das Institute of Social Change and Development,0,0,1,1,Other,I4405258875
IIT Kharagpur,Jaslok Hospital,0,0,1,5,Other,I2802099312
IIT Kharagpur,National Institute of Unani Medicine,0,0,1,2,Other,I4405256369
IIT Kharagpur,Defence Institute of Bio-Energy Research,0,0,1,2,Other,I4210120816
IIT Kharagpur,Father Muller Medical College Hospital,0,0,1,5,Other,I17647740
IIT Kharagpur,Directorate General of Commercial Intelligence and Statistics,0,0,1,1,Other,I4210118146
IIT Kharagpur,Krishnadevaraya College of Dental Sciences and Hospital,0,0,1,2,Other,I2800607319
IIT Kharagpur,BGR Energy Systems (India),0,0,1,0,Other,I4210088040
IIT Kharagpur,Mahatma Gandhi Medical College and Research Institute,0,0,1,0,Other,I4210150266
IIT Kharagpur,Guntur Medical College,0,0,1,0,Other,I179150554
IIT Kharagpur,Centre for Tropical Biodiversity Conservation,0,0,1,0,Other,I4405258098
IIT Kharagpur,Institute of Advanced Studies in Education,0,0,1,0,Other,I3131379424
IIT Kharagpur,Krantisinh Nana Patil College of Veterinary Science,0,0,1,2,Other,I4210160490
IIT Kharagpur,Tamil Nadu Teachers Education University,0,0,1,0,University,I4210094592
IIT Kharagpur,Abdul Ahad Azad Memorial Degree College,0,0,1,1,Other,I4405262785
IIT Kharagpur,Vimhans PrimaMed Super Speciality Hospital,0,0,1,0,Other,I3173610708
IIT Kharagpur,Schizophrenia Research Foundation,0,0,1,5,Other,I1328782679
IIT Kharagpur,Christ College of Engineering and Technology,0,0,1,1,Other,I4405261904
IIT Kharagpur,Ethophilia Research Foundation,0,0,1,0,Other,I4405259280
IIT Kharagpur,Employees' State Insurance Model Hospital,0,0,1,2,Other,I4210121909
IIT Kharagpur,Institute of Technology Management,0,0,1,0,Other,I4210145362
IIT Kharagpur,Indian Institute of Business Management Patna,0,0,1,1,Other,I4210111633
IIT Kharagpur,Aurigene Discovery Technologies (India),0,0,1,0,Other,I4210152788
IIT Kharagpur,Regional Medical Research Centre,0,0,1,4,Other,I4210109249
IIT Kharagpur,Narayana Dental College and Hospital,0,0,1,0,Other,I4210093231
IIT Kharagpur,Rabindranath Tagore International Institute of Cardiac Sciences,0,0,1,2,Other,I4210095468
IIT Kharagpur,Madurai Medical College,0,0,1,3,Other,I15664174
IIT Kharagpur,Rama Hospital & Research Centre,0,0,1,0,Other,I4210116656
IIT Kharagpur,Fresenius Kabi (India),0,0,1,0,Other,I4210103818
IIT Kharagpur,ASBM University,0,0,1,0,University,I4405283085
IIT Kharagpur,Odisha University of Health Sciences,0,0,1,0,University,I4405266047
IIT Kharagpur,Mata Gujri Memorial Medical College & Lions Seva Kendra Hospital,0,0,1,1,Other,I4405256071
IIT Kharagpur,Maharishi College of Natural Law,0,0,1,0,Other,I4405282141
IIT Kharagpur,Government Dental College and Hospital,0,0,1,2,Other,I4210130008
IIT Kharagpur,Government Medical College Bhavnagar,0,0,1,1,Other,I4210086474
IIT Kharagpur,Society for Promoting Participative Ecosystem Management,0,0,1,2,Other,I4210100590
IIT Kharagpur,Harichand Guruchand University,0,0,1,0,University,I4405283214
IIT Kharagpur,MaxBrain Technologies (India),0,0,1,0,Other,I4405282831
IIT Kharagpur,"Ministry of Micro, Small and Medium Enterprises",0,0,1,0,Other,I4210112479
IIT Kharagpur,Mangalore Institute of Oncology,0,0,1,3,Other,I4210118226
IIT Kharagpur,T J Institute of Technology,0,0,1,0,Other,I4405258761
IIT Kharagpur,Government Medical College,0,0,1,7,Other,I133769559
IIT Kharagpur,Krishna Institute of Medical Sciences Deemed University,0,0,1,5,University,I4210130471
IIT Kharagpur,Kaushalya the Skill University,0,0,1,0,University,I4405259734
IIT Kharagpur,Vikrant University,0,0,1,0,University,I4405275778
IIT Kharagpur,University B.T. & Evening College,0,0,1,1,University,I3129549910
IIT Kharagpur,Parul University,0,0,1,1,University,I4210112983
IIT Kharagpur,Ministry of Corporate Affairs,0,0,1,0,Other,I4405266768
IIT Kharagpur,Centre for Environment Education,0,0,1,0,Other,I4210163038
IIT Kharagpur,Muljibhai Patel Urological Hospital,0,0,1,0,Other,I2800452302
IIT Kharagpur,Kamineni Hospitals,0,0,1,0,Other,I4210127887
IIT Kharagpur,USV (India),0,0,1,0,Other,I4210119848
IIT Kharagpur,Biozeen (India),0,0,1,0,Other,I4210112589
IIT Kharagpur,Population Council,0,0,1,16,Other,I1314022388
IIT Kharagpur,Santosh University,0,0,1,1,University,I2800102685
IIT Kharagpur,Homi Bhabha Centre for Science Education,0,0,1,1,DAE,I57827967
IIT Kharagpur,Indian Biological Sciences and Research Institute,0,0,1,0,Other,I4405280160
IIT Kharagpur,Prashanti Cancer Care Mission,0,0,1,2,Other,I4210149123
IIT Kharagpur,Sanjivani Super Speciality Hospitals,0,0,1,7,Other,I4210134118
IIT Kharagpur,OnionDev Technologies Pvt. Ltd. (India),0,0,1,2,Other,I4405266991
IIT Kharagpur,M S Ramaiah Memorial Hospital,0,0,1,2,Other,I4210153998
IIT Kharagpur,Bai Jerbai Wadia Hospital for Children,0,0,1,3,Other,I4210111325
IIT Kharagpur,Babu Shivnath Agrawal (PG) College,0,0,1,2,Other,I4405284233
IIT Kharagpur,Rajkiya Engineering College Mainpuri,0,0,1,0,Other,I4405256139
IIT Kharagpur,Sabarmati University,0,0,1,0,University,I3129738059
IIT Kharagpur,Praxis Business School,0,0,1,2,Other,I4405254716
IIT Kharagpur,National Innovation Foundation,0,0,1,7,Other,I4210144596
IIT Kharagpur,Electronics Corporation of India,0,0,1,6,Other,I1336731492
IIT Kharagpur,K J Somaiya Medical College,0,0,1,2,Other,I50783897
IIT Kharagpur,Association for Intelligent Transport Systems,0,0,1,2,Other,I4210112609
IIT Kharagpur,Government College Kota,0,0,1,2,Other,I4405277463
IIT Kharagpur,Manuro Tech Research Pvt. Ltd (India),0,0,1,0,Other,I4405261650
IIT Kharagpur,P.V. Narsimha Rao Telangana Veterinary University,0,0,1,6,University,I4210098074
IIT Kharagpur,Rainbow Children's Hospital,0,0,1,0,Other,I4210150241
IIT Kharagpur,Zydus Lifesciences Limited (India),0,0,1,1,Other,I4210132663
IIT Kharagpur,Lakulish Yoga University,0,0,1,0,University,I4405256002
IIT Kharagpur,St. Andrew's College,0,0,1,2,Other,I4405280600
IIT Kharagpur,Bharti Airtel Limited,0,0,1,0,Other,I4405283066
IIT Kharagpur,Government College of Pharmacy Rohru,0,0,1,2,Other,I4405255720
IIT Kharagpur,St. Joseph University,0,0,1,0,University,I4405285210
IIT Kharagpur,Dravidian University,0,0,1,2,University,I288045149
IIT Kharagpur,St. Mother Theresa Engineering College,0,0,1,4,Other,I4405259866
IIT Kharagpur,B. V. Patel Pharmaceutical Education and Research Development Centre,0,0,1,5,Other,I4210147659
IIT Kharagpur,Iora Ecological Solutions,0,0,1,2,Other,I4210101831
IIT Kharagpur,KLE Society Hospital,0,0,1,1,Other,I4210135707
IIT Kharagpur,S Nijalingappa Medical College and HSK Hospital & Research Centre,0,0,1,4,Other,I4210122420
IIT Kharagpur,Dr M L Dhawale Memorial Homoeopathic Institute,0,0,1,0,Other,I4405267198
IIT Kharagpur,Center for Studies in Ethnobiology Biodiversity & Sustainability,0,0,1,1,Other,I4405257641
IIT Kharagpur,Wildlife Information Liaison Development,0,0,1,4,Other,I4210130255
IIT Kharagpur,Apollo Hospitals,0,0,1,5,Other,I4210159024
IIT Kharagpur,Plant and Environmental Research Institute (PERI),0,0,1,0,Other,I4405265282
IIT Kharagpur,Command Hospital Air Force,0,0,1,2,Other,I4210153078
IIT Kharagpur,Mynvax (India),0,0,1,1,Other,I4405259513
IIT Kharagpur,CPCL Polytechnic College,0,0,1,12,Other,I4210155803
IIT Kharagpur,Indira Gandhi Government Medical College & Hospital,0,0,1,11,Other,I4210099166
IIT Kharagpur,Department of Agriculture & Co-operation,0,0,1,1,Other,I4210152907
IIT Kharagpur,St. Francis de Sales College,0,0,1,5,Other,I4405277032
IIT Kharagpur,International School of Management Excellence,0,0,1,0,Other,I4405278847
IIT Kharagpur,B. Borooah College,0,0,1,2,Other,I4405258270
IIT Kharagpur,Teerthanker Mahaveer Medical College & Research Centre,0,0,1,2,Other,I4210145376
IIT Kharagpur,"Shardabai Pawar Mahila Arts, Commerce and Science College",0,0,1,0,Other,I4405282557
IIT Kharagpur,Indian Institute of Dalit Studies,0,0,1,6,Other,I4210161522
IIT Kharagpur,Central Sanskrit University,0,0,1,0,University,I4405271039
IIT Kharagpur,Mazumdar Shaw Medical Centre,0,0,1,11,Other,I4210102983
IIT Kharagpur,Global Hospitals,0,0,1,3,Other,I4210114360
IIT Kharagpur,Jamalpur Mahavidyalaya,0,0,1,0,Other,I4405266054
IIT Kharagpur,Shri Dharmasthala Manjunatheswara College of Ayurveda and Hospital,0,0,1,1,Other,I2890559060
IIT Kharagpur,Billroth Hospitals,0,0,1,1,Other,I2802397026
IIT Kharagpur,Kerala Institute of Medical Sciences,0,0,1,3,Other,I4210127957
IIT Kharagpur,Balagarh Bijoy Krishna Mahavidyalaya,0,0,1,0,Other,I4405257469
IIT Kharagpur,Chhattisgarh Dental College & Research Institute,0,0,1,0,Other,I4210130463
IIT Kharagpur,Manav Bharti University,0,0,1,10,University,I103104989
IIT Kharagpur,Dabur Research Foundation (India),0,0,1,5,Other,I151154110
IIT Kharagpur,Annai Vailankanni College of Engineering,0,0,1,1,Other,I4405265982
IIT Kharagpur,Sun Pharma Advanced Research (India),0,0,1,1,Other,I4210135484
IIT Kharagpur,Infectious Disease and Beliaghata General Hospital,0,0,1,1,Other,I4405266086
IIT Kharagpur,Kolkata Municipal Corporation,0,0,1,8,Other,I2801352814
IIT Kharagpur,Balaji College of Pharmacy,0,0,1,2,Other,I4405272806
IIT Kharagpur,National Maritime Foundation,0,0,1,1,Other,I4210151286
IIT Kharagpur,Government Medical College,0,0,1,5,Other,I4210107852
IIT Kharagpur,Banas Medical College and Research Institute,0,0,1,0,Other,I4405260428
IIT Kharagpur,Mazumdar Shaw Medical Foundation,0,0,1,4,Other,I4210088285
IIT Kharagpur,Dr. NTR University of Health Sciences,0,0,1,4,University,I507952983
IIT Kharagpur,Gujarat Ayurved University,0,0,1,4,University,I2800605627
IIT Kharagpur,Chellaram Hospital,0,0,1,2,Other,I4210089518
IIT Kharagpur,CanKids KidsCan,0,0,1,0,Other,I4210093120
IIT Kharagpur,Central Avian Research Institute,0,0,1,4,Other,I48139335
IIT Kharagpur,Bihar University of Health Sciences,0,0,1,0,University,I4405259798
IIT Kharagpur,Sri Venkateshwaraa Medical College Hospital and Research Centre,0,0,1,1,Other,I4210119048
IIT Kharagpur,Bristol-Myers Squibb (India),0,0,1,3,Other,I4210139887
IIT Kharagpur,Kasturba Hospital,0,0,1,2,Other,I4210120124
IIT Kharagpur,Open Source Drug Discovery,0,0,1,22,Other,I2799982174
IIT Kharagpur,Brihanmumbai Municipal Corporation,0,0,1,1,Other,I2799318567
IIT Kharagpur,"Carmel College of Arts, Science and Commerce for Women",0,0,1,7,Other,I4405261201
IIT Kharagpur,Indian National Science Academy,0,0,1,11,Other,I124015162
IIT Kharagpur,National Council for Cement and Building Materials,0,0,1,5,Other,I4210099776
IIT Kharagpur,Krupanidhi Degree College,0,0,1,0,Other,I4405263601
IIT Kharagpur,Micro Labs (India),0,0,1,0,Other,I4210142779
IIT Kharagpur,K. J. Somaiya Hospital & Research Centre,0,0,1,0,Other,I4210154490
IIT Kharagpur,ICAR-National Research Centre on Pig,0,0,1,1,Other,I4210121099
IIT Kharagpur,Melaka Manipal Medical College,0,0,1,4,Other,I4210093039
IIT Kharagpur,INHS Asvini,0,0,1,3,Other,I4210113533
IIT Kharagpur,Comptroller and Auditor General of India,0,0,1,0,Other,I4405259192
IIT Kharagpur,Uttarakhand Seva Nidhi Paryavaran Shiksha Sansthan,0,0,1,0,Other,I4210137318
IIT Kharagpur,Jain Vishva Bharati University,0,0,1,1,University,I4210107301
IIT Kharagpur,Lokmanya Tilak Municipal General Hospital and Lokmanya Tilak Municipal Medical College,0,0,1,8,Other,I2800471911
IIT Kharagpur,Golap Borbora State Institute of Panchayat and Rural Development,0,0,1,0,Other,I4405285588
IIT Kharagpur,Shanmuganathan Engineering College,0,0,1,1,Other,I4210146606
IIT Kharagpur,LRS Institute of Tuberculosis and Respiratory Diseases,0,0,1,4,Other,I4210094819
IIT Kharagpur,Chirayu Medical College & Hospital,0,0,1,0,Other,I4210139797
IIT Kharagpur,Shamnur Shivashankarappa Institute of Medical Sciences & Research Centre,0,0,1,1,Other,I3129348228
IIT Kharagpur,Maharashtra Institute of Medical Science and Research,0,0,1,1,Other,I2802663916
IIT Kharagpur,Rourkela Institute of Technology,0,0,1,0,Other,I4405282538
IIT Kharagpur,KVK College of Pharmacy,0,0,1,0,Other,I4405260916
IIT Kharagpur,Ansal University,0,0,1,7,University,I170110779
IIT Kharagpur,Science College (Autonomous),0,0,1,0,Other,I4405276932
IIT Kharagpur,Patrician College of Arts and Science,0,0,1,0,Other,I4405265900
IIT Kharagpur,Asia Pacific Institute of Management,0,0,1,5,Other,I6805998
IIT Kharagpur,Uttar Pradesh Council of sugarcane research,0,0,1,0,Other,I4210155610
IIT Kharagpur,ICMR - National Institute of Immunohaemotology,0,0,1,10,Other,I4210108545
IIT Kharagpur,Lata Medical Research Foundation,0,0,1,7,Other,I4210090168
IIT Kharagpur,Directorate of Environment and Climate Change,0,0,1,1,Other,I4405270332
IIT Kharagpur,Meher Hospitals,0,0,1,0,Other,I4210114715
IIT Kharagpur,Marudhar Kesari Jain College for Women,0,0,1,0,Other,I4405258697
IIT Kharagpur,Government General Hospital,0,0,1,1,Other,I2801220108
IIT Kharagpur,"St. Paul's College, Kalamassery",0,0,1,1,Other,I4405261718
IIT Kharagpur,"Bapurao Deshmukh College of Engineering, Sevagram",0,0,1,1,Other,I4405277185
IIT Kharagpur,Raja Balwant Singh College,0,0,1,7,Other,I4405276730
IIT Kharagpur,Gian Sagar Medical College and Hospital,0,0,1,3,Other,I4210156080
IIT Kharagpur,Dhenkanal Autonomous College,0,0,1,3,Other,I4405281989
IIT Kharagpur,Govt. Zirtiri Residential Science College,0,0,1,5,Other,I4405283478
IIT Kharagpur,Govind Ballabh Pant Social Science Institute,0,0,1,2,Other,I4405259875
IIT Kharagpur,Shri Neelkantheshwar Government Post-Graduate College,0,0,1,0,Other,I4405258359
IIT Kharagpur,Dr. Ram Manohar Lohia Institute of Medical Sciences,0,0,1,2,Other,I4210126423
IIT Kharagpur,The Bhandarkar Oriental Research Institute,0,0,1,0,Other,I4210088482
IIT Kharagpur,International Development Research Centre,0,0,1,8,Other,I4210118552
IIT Kharagpur,Strand Life Sciences (India),0,0,1,3,Other,I1299343005
IIT Kharagpur,G. Kuppuswamy Naidu Memorial Hospital,0,0,1,0,Other,I4210146939
IIT Kharagpur,Sharma Centre for Heritage Education India,0,0,1,1,Other,I4210132897
IIT Kharagpur,Uttarakhand Jal Sansthan,0,0,1,0,Other,I4210110416
IIT Kharagpur,Institute of Public Health Bengaluru,0,0,1,2,Other,I4210088493
IIT Kharagpur,Kameshwar Singh Darbhanga Sanskrit University,0,0,1,0,University,I4210129172
IIT Kharagpur,William Carey University,0,0,1,0,University,I4405264266
IIT Kharagpur,Sparsh Himalaya University,0,0,1,0,University,I4405258778
IIT Kharagpur,Dr. Vitthalrao Vikhe Patil Foundation’s Medical College,0,0,1,0,Other,I4210132103
IIT Kharagpur,Arunachal Pradesh State Council for Science & Technology,0,0,1,0,Other,I4210125501
IIT Kharagpur,Prananath College (Autonomous),0,0,1,1,Other,I4405274855
IIT Kharagpur,Agri Biotech Foundation,0,0,1,1,Other,I4210091695
IIT Kharagpur,TempleCity Institute of Technology & Engineering,0,0,1,0,Other,I4405280863
IIT Kharagpur,Osmania Medical College,0,0,1,4,Other,I99557698
IIT Kharagpur,National Institute for Implementation Research on Non-Communicable Diseases,0,0,1,5,Other,I4210158034
IIT Kharagpur,Sri Siddhartha Medical College,0,0,1,3,Other,I510634243
IIT Kharagpur,Adesh University,0,0,1,3,University,I3131177233
IIT Kharagpur,CSI Holdsworth Memorial Hospital,0,0,1,1,Other,I4210162192
IIT Kharagpur,Institute of Genetics and Hospital for Genetic Diseases,0,0,1,1,Other,I4210105935
IIT Kharagpur,Memari College,0,0,1,2,Other,I4405265883
IIT Kharagpur,MaxCure Hospitals,0,0,1,0,Other,I4210145498
IIT Kharagpur,Haridwar University,0,0,1,0,University,I4405278646
IIT Kharagpur,Child In Need Institute,0,0,1,0,Other,I2800755755
IIT Kharagpur,National Academy of Agricultural Sciences,0,0,1,9,Other,I1340740451
IIT Kharagpur,Loyola College of Social Sciences,0,0,1,0,Other,I4405263157
IIT Kharagpur,Ministry of Social Justice and Empowerment,0,0,1,0,Other,I4210111704
IIT Kharagpur,Kidwai Memorial Institute of Oncology,0,0,1,8,Other,I2802933311
IIT Kharagpur,Loreto College,0,0,1,0,Other,I4405266022
IIT Kharagpur,Central Silk Technological Research Institute,0,0,1,3,Other,I4210102363
IIT Kharagpur,Regional Research Institute of Unani Medicine,0,0,1,0,Other,I4210158697
IIT Kharagpur,Institute of Nephro Urology,0,0,1,0,Other,I4210136165
IIT Kharagpur,Bank of Baroda,0,0,1,3,Other,I4405272814
IIT Kharagpur,Government Medical College and Hospital,0,0,1,19,Other,I4210098996
IIT Kharagpur,Mahatma Gandhi Mission Medical College and Hospital,0,0,1,2,Other,I4210113792
IIT Kharagpur,Providence Women's College (Autonomous),0,0,1,1,Other,I4405260272
IIT Kharagpur,Ganga Hospital,0,0,1,1,Other,I4210148936
IIT Kharagpur,Institute of Forest Biodiversity,0,0,1,0,Other,I4405263591
IIT Kharagpur,BioAxis DNA Research Centre (India),0,0,1,0,Other,I4210138323
IIT Kharagpur,Government College Sirohi,0,0,1,33,Other,I4405261847
IIT Kharagpur,Mamata General Hospital,0,0,1,0,Other,I4210096635
IIT Kharagpur,C. K. Pithawalla Institute of Pharmaceutical Science and Research,0,0,1,0,Other,I4405254266
IIT Kharagpur,Universal Engineering College,0,0,1,1,Other,I2833836602
IIT Kharagpur,Dnyanprassarak Mandal's College and Research Centre,0,0,1,1,Other,I4405267829
IIT Kharagpur,Caritas Hospital,0,0,1,0,Other,I2802841181
IIT Kharagpur,Rajarajeswari Dental College and Hospital,0,0,1,0,Other,I4210153382
IIT Kharagpur,Southern Command Hospital,0,0,1,2,Other,I4210104445
IIT Kharagpur,Humsafar Trust,0,0,1,1,Other,I2800658603
IIT Kharagpur,Annakkili Amma Research Institute,0,0,1,1,Other,I4405284624
IIT Kharagpur,Centre for Development Economics,0,0,1,7,Other,I4210152395
IIT Kharagpur,All India Institute of Speech and Hearing,0,0,1,4,Other,I4405268439
IIT Kharagpur,"Shaheed Padamdhar Singh Government Post-Graduate College, Satna",0,0,1,1,Other,I4405283719
IIT Kharagpur,New Delhi Tuberculosis Center,0,0,1,0,Other,I4210160788
IIT Kharagpur,KMCT Group of Educational Institutions,0,0,1,0,Other,I4210103484
IIT Kharagpur,Kerala Forest Department,0,0,1,0,Other,I4405281010
IIT Kharagpur,Ahmedabad Civil Hospital,0,0,1,0,Other,I3016035982
IIT Kharagpur,Nootan Ayurvedic College & Research Centre,0,0,1,0,Other,I4405255360
IIT Kharagpur,Indian Institute of Public Administration,0,0,1,7,Other,I55546527
IIT Kharagpur,Yashwantrao Chavan Maharashtra Open University,0,0,1,0,University,I4210106255
IIT Kharagpur,India Health Action Trust,0,0,1,2,Other,I4210136932
IIT Kharagpur,Rashtrasant Janardhan Swami College of Pharmacy,0,0,1,0,Other,I4405260258
IIT Kharagpur,Government Medical College Thoothukudi,0,0,1,0,Other,I2799761305
IIT Kharagpur,Govt. Tibbi College & Hospital,0,0,1,0,Other,I4405261715
IIT Kharagpur,Thackeray Wildlife Foundation,0,0,1,0,Other,I4405263420
IIT Kharagpur,Shadan Hospital and Institute of Medical Sciences,0,0,1,1,Other,I209674108
IIT Kharagpur,Santokba Durlabhji Memorial hospital,0,0,1,0,Other,I2802577520
IIT Kharagpur,Command Hospital,0,0,1,1,Other,I4210161889
IIT Kharagpur,Podar Ayurved Medical College,0,0,1,0,Other,I4210111247
IIT Kharagpur,Satyawati College (Evening),0,0,1,7,Other,I4405284013
IIT Kharagpur,Centre of Technology & Entrepreneurship Development,0,0,1,0,Other,I4210164103
IIT Kharagpur,National Law University Odisha,0,0,1,2,University,I4210166301
IIT Kharagpur,Government Medical College,0,0,1,12,Other,I168974072
IIT Kharagpur,Public Health Research Institute Of India,0,0,1,1,Other,I4210148675
IIT Kharagpur,Indian Spinal Injuries Centre,0,0,1,2,Other,I4210125424
IIT Kharagpur,Schieffelin Institute of Health Research and Leprosy Centre,0,0,1,0,Other,I4210123044
IIT Kharagpur,Kendriya Vidyalaya Sangathan,0,0,1,0,Other,I4210154945
IIT Kharagpur,Society for Education Welfare and Action Rural,0,0,1,6,Other,I4210110511
IIT Kharagpur,"Sardar Patel University of Police, Security and Criminal Justice, Jodhpur",0,0,1,0,University,I4387156176
IIT Kharagpur,Madras Medical Mission,0,0,1,4,Other,I2802574061
IIT Kharagpur,Sri Sai Super Speciality Hospital,0,0,1,0,Other,I4210150959
IIT Kharagpur,Directorate of Technical Education,0,0,1,1,Other,I4405266053
IIT Kharagpur,"Sagar Institute of Research, Technology & Science – Pharmacy",0,0,1,1,Other,I4405260619
IIT Kharagpur,SAM Global University,0,0,1,0,University,I4405254376
IIT Kharagpur,Vasantidevi Patil Institute of Pharmacy,0,0,1,0,Other,I4405259557
IIT Kharagpur,Ballari Medical College and Research Centre,0,0,1,0,Other,I2801873993
IIT Kharagpur,Bayer (India),0,0,1,1,Other,I4210148147
IIT Kharagpur,Government Kamla Raja Girls Post Graduate Autonomous College,0,0,1,2,Other,I4405263386
IIT Kharagpur,Consortium for DEWATS Dissemination Society,0,0,1,2,Other,I4210112680
IIT Kharagpur,Alzheimer's and Related Disorders Society of India,0,0,1,2,Other,I4210146099
IIT Kharagpur,Ministry of Labour and Employment,0,0,1,0,Other,I4405253515
IIT Kharagpur,"Saint Claret College, Ziro",0,0,1,0,Other,I4405264210
IIT Kharagpur,Amrutvahini Polytechnic Sangamner,0,0,1,0,Other,I4405275622
IIT Kharagpur,Federation of Indian Chambers of Commerce and Industry,0,0,1,0,Other,I4405273378
IIT Kharagpur,National Agricultural Science Fund,0,0,1,3,Other,I4405269716
IIT Kharagpur,AJK College of Arts and Science,0,0,1,0,Other,I4405271313
IIT Kharagpur,Amrith Educational and Cultural Society,0,0,1,2,Other,I4210129295
IIT Kharagpur,Intas Pharmaceuticals (India),0,0,1,1,Other,I910881529
IIT Kharagpur,"Krishi Vigyan Kendra, Karda",0,0,1,1,Other,I4210160580
IIT Kharagpur,Jehangir Hospital,0,0,1,5,Other,I2800733875
IIT Kharagpur,Surajmal University,0,0,1,0,University,I4405283992
IIT Kharagpur,Rathinam Group of Institutions,0,0,1,0,Other,I4405260880
IIT Kharagpur,Sophisticated Analytical Instrument Facility,0,0,1,1,Other,I4405269473
IIT Kharagpur,"Arts, Commerce and Science College, Palus",0,0,1,1,Other,I4405264442
IIT Kharagpur,IDBI Bank,0,0,1,0,Other,I4210154495
IIT Kharagpur,"ICAR-Agricultural Technology Application Research Institute, Zone-II, Jodhpur",0,0,1,0,Other,I4405267638
IIT Kharagpur,Chest Research Foundation,0,0,1,10,Other,I4405282151
IIT Kharagpur,Animal Resources Development Department,0,0,1,1,Other,I4210096202
IIT Kharagpur,Baba Saheb Ambedkar Education University,0,0,1,0,University,I4405269192
IIT Kharagpur,Institute of Management Development and Research,0,0,1,0,Other,I4405258952
IIT Kharagpur,National Sanskrit University,0,0,1,4,University,I2801445914
IIT Kharagpur,Mamta Health Institute for Mother and Child,0,0,1,3,Other,I4210141386
IIT Kharagpur,M. P. Shah Medical College,0,0,1,6,Other,I50268529
IIT Kharagpur,Nandha College of Pharmacy,0,0,1,0,Other,I4405271420
IIT Kharagpur,"Government Degree College, Kamalpur",0,0,1,0,Other,I4405280420
IIT Kharagpur,Mahatma Gandhi Ayurved College Hospital and Research Centre,0,0,1,0,Other,I4405253982
IIT Kharagpur,Rajarshee Chhatrapati Shahu Maharaj Government Medical College and CPR Hospital Kolhapur,0,0,1,4,Other,I3023212067
IIT Kharagpur,Ayush & Health Sciences University Chhattisgarh,0,0,1,0,University,I4210143923
IIT Kharagpur,Bhopal Memorial Hospital & Research Centre,0,0,1,32,Other,I4210159332
IIT Kharagpur,Christian Institute of Health Sciences and Research Hospital,0,0,1,1,Other,I4210136454
IIT Kharagpur,"Center for Disease Dynamics, Economics and Policy",0,0,1,13,Other,I4210163355
IIT Kharagpur,Central Institute for Research on Cattle,0,0,1,1,Other,I4210109069
IIT Kharagpur,Jaypee Hospital,0,0,1,0,Other,I4210159756
IIT Kharagpur,Melmaruvathur Adhiparasakthi Institute of Medical Sciences and Research,0,0,1,1,Other,I4405282240
IIT Kharagpur,Kutir Post Graduate College,0,0,1,0,Other,I4405264415
IIT Kharagpur,Saraswathi Institute of Medical Sciences,0,0,1,0,Other,I4405273603
IIT Kharagpur,SMT (India),0,0,1,0,Other,I4210109275
IIT Kharagpur,MNJ Institute Of Oncology and Regional Cancer Centre,0,0,1,2,Other,I4210089709
IIT Kharagpur,Subharti Medical College,0,0,1,3,Other,I4210140167
IIT Kharagpur,HCG Cancer Centre,0,0,1,1,Other,I4210135845
IIT Kharagpur,Sri Jayadeva Institute of Cardiovascular Sciences and Research,0,0,1,0,Other,I2803020280
IIT Kharagpur,Nalbari College,0,0,1,4,Other,I4405277624
IIT Kharagpur,Orthopaedic Research Group,0,0,1,0,Other,I4210128379
IIT Kharagpur,"Institute of Professional Excellence and Management, Ghaziabad",0,0,1,0,Other,I4405272474
IIT Kharagpur,Sangath,0,0,1,12,Other,I4210097859
IIT Kharagpur,Sant Kavi Baba Baijnath Govt. PG College,0,0,1,0,Other,I4405261478
IIT Kharagpur,Maharaj Lakshmishwar Singh Memorial College,0,0,1,0,Other,I4405283276
IIT Kharagpur,Kaveri University,0,0,1,0,University,I4405283824
IIT Kharagpur,Sri Sathya Sai Institute of Higher Medical Sciences,0,0,1,1,Other,I4210113876
IIT Kharagpur,Mysore Medical College,0,0,1,3,Other,I4210132256
IIT Kharagpur,The Center for Artificial Intelligence and Environmental Sustainability (CAIES) Foundation,0,0,1,1,Other,I4405260130
IIT Kharagpur,Institute of Child Health,0,0,1,5,Other,I4210135832
IIT Kharagpur,Tripura State Pollution Control Board,0,0,1,0,Other,I4210110177
IIT Kharagpur,"Mahatma Gandhi Government Arts College, Mahe, Puducherry",0,0,1,0,Other,I4405265094
IIT Kharagpur,English and Foreign Languages University,0,0,1,2,University,I3131578490
IIT Kharagpur,DSMS Group of Institutions,0,0,1,1,Other,I4210118705
IIT Kharagpur,National Research Centre on Yak,0,0,1,4,Other,I4210088337
IIT Kharagpur,Mahavir Medical Research Centre,0,0,1,1,Other,I4405258880
IIT Kharagpur,Heartfulness Institute,0,0,1,0,Other,I4405274928
IIT Kharagpur,Monad University,0,0,1,0,University,I3132969668
IIT Kharagpur,Narayana Nethralaya,0,0,0,2,Other,I4210117994
IIT Kharagpur,Columbia Asia,0,0,0,1,Other,I920155683
IIT Kharagpur,Medwin Hospital,0,0,0,1,Other,I4210129951
IIT Kharagpur,Population Services International,0,0,0,1,Other,I4210125691
IIT Kharagpur,India Diabetes Research Foundation,0,0,0,2,Other,I4210096444
IIT Kharagpur,J. S. Ayurveda Mahavidyalaya and P.D. Patel Ayurveda Hospital,0,0,0,1,Other,I4210109271
IIT Kharagpur,Gajara Raja Medical College,0,0,0,6,Other,I2802001206
IIT Kharagpur,Ministry of Human Resource Development,0,0,0,1,Other,I4210152752
IIT Kharagpur,Lady Amritbai Daga and Smt. Ratnidevi Purohit College for Women,0,0,0,1,Other,I4405259025
IIT Kharagpur,Charnock Hospital,0,0,0,2,Other,I4210136337
IIT Kharagpur,National Post Graduate College,0,0,0,1,Other,I4405261220
IIT Kharagpur,Government Medical College and Hospital,0,0,0,4,Other,I4210093352
IIT Kharagpur,Multi Vaccines Development Program,0,0,0,1,Other,I4210098359
IIT Kharagpur,Sri Aurobindo Institute of Medical Sciences,0,0,0,2,Other,I4210140180
IIT Kharagpur,Pacific Dental College and Hospital,0,0,0,4,Other,I4210110304
IIT Kharagpur,Indian National Trust for Art and Cultural Heritage,0,0,0,1,Other,I2802914827
IIT Kharagpur,Population Foundation of India,0,0,0,1,Other,I4210141845
IIT Kharagpur,"Shri Shivaji Science and Arts College, Chikhli",0,0,0,3,Other,I4405259036
IIT Kharagpur,Government Medical College,0,0,0,2,Other,I4210157651
IIT Kharagpur,Darshan Dental College and Hospital,0,0,0,2,Other,I4210142127
IIT Kharagpur,Watershed Support Services and Activities Network,0,0,0,2,Other,I4210149890
IIT Kharagpur,Sandip Institute of Engineering and Management,0,0,0,2,Other,I4405271904
IIT Kharagpur,Little Flower Hospital & Research Centre,0,0,0,1,Other,I4210126009
IIT Kharagpur,Voluntary Health Association Of India,0,0,0,1,Other,I4210093800
IIT Kharagpur,St. Francis Institute of Management and Research,0,0,0,3,Other,I4405257874
IIT Kharagpur,Fetal Care Research Foundation,0,0,0,1,Other,I4210138510
IIT Kharagpur,Netaji Subhash Chandra Bose Medical College,0,0,0,3,Other,I235176910
IIT Kharagpur,Hindu Rao Hospital,0,0,0,5,Other,I4210091779
IIT Kharagpur,Mar Gregorios College of Arts and Science,0,0,0,1,Other,I4405261882
IIT Kharagpur,Research and Action in Natural Wealth Administration,0,0,0,2,Other,I4210108946
IIT Kharagpur,"Sickle Cell Institute Chhattisgarh, Raipur",0,0,0,1,Other,I4210119209
IIT Kharagpur,Coir Board of India,0,0,0,1,Other,I4210163736
IIT Kharagpur,GlaxoSmithKline (India),0,0,0,5,Other,I4210099842
IIT Kharagpur,Centre for Sexuality and Health Research and Policy,0,0,0,1,Other,I4210127262
IIT Kharagpur,Evalueserve (India),0,0,0,1,Other,I4210144227
IIT Kharagpur,Nightingale Hospital,0,0,0,1,Other,I4210158225
IIT Kharagpur,Jodhpur National University,0,0,0,4,University,I4724304
IIT Kharagpur,Institute for Human Development,0,0,0,18,Other,I4210086295
IIT Kharagpur,Sterling Hospitals,0,0,0,1,Other,I1332791849
IIT Kharagpur,International Centers for Excellence in Research,0,0,0,4,Other,I4210096703
IIT Kharagpur,National AIDS Control Organisation,0,0,0,2,Other,I4210165666
IIT Kharagpur,West Bengal Electronics Industry Development Corporation Limited (India),0,0,0,1,Other,I4210145740
IIT Kharagpur,Ranaghat College,0,0,0,1,Other,I4405277907
IIT Kharagpur,Malabar Dental College and Research Centre,0,0,0,1,Other,I4405262175
IIT Kharagpur,National Dairy Development Board,0,0,0,1,Other,I57904185
IIT Kharagpur,Seema Dental College and Hospital,0,0,0,1,Other,I4210156603
IIT Kharagpur,Wockhardt Hospitals,0,0,0,1,Other,I1316736586
IIT Kharagpur,P.G.D.A.V. College (Evening),0,0,0,3,Other,I4405260868
IIT Kharagpur,Rajasthan Dental College and Hospital,0,0,0,1,Other,I4210166313
IIT Kharagpur,Gobinda Prasad Mahavidyalaya,0,0,0,1,Other,I4405263110
IIT Kharagpur,Swami Devi Dyal Hospital and Dental College,0,0,0,2,Other,I4210133684
IIT Kharagpur,Gujarat Cancer & Research Institute,0,0,0,6,Other,I135230010
IIT Kharagpur,Laser Science & Technology Centre,0,0,0,1,Other,I4210088856
IIT Kharagpur,Society of Pharmaceutical Sciences and Research,0,0,0,1,Other,I4405266837
IIT Kharagpur,M. S. Ramaiah Dental College and Hospital,0,0,0,3,Other,I4210149371
IIT Kharagpur,Lok Swasthya SEWA Cooperative,0,0,0,2,Other,I4405267305
IIT Kharagpur,Voluntary Health Services Hospital,0,0,0,4,Other,I2802140467
IIT Kharagpur,Centre for Social Sciences and Humanities,0,0,0,13,Other,I4210108414
IIT Kharagpur,Baxter (India),0,0,0,1,Other,I4210116718
IIT Kharagpur,Bethesda Hospital,0,0,0,1,Other,I2801285029
IIT Kharagpur,Govt. Dental College & Hospital,0,0,0,4,Other,I4210165136
IIT Kharagpur,Mahatma Gandhi Mission's Dental College and Hospital,0,0,0,1,Other,I4210124941
IIT Kharagpur,Fortis Hospital,0,0,0,2,Other,I4210143252
IIT Kharagpur,Dr. Shroff’s Charity Eye Hospital,0,0,0,1,Other,I4210134825
IIT Kharagpur,Bengal School of Technology and Management,0,0,0,1,Other,I4405259352
IIT Kharagpur,Office of the Registrar General & Census Commissioner,0,0,0,1,Other,I4210145548
IIT Kharagpur,Drugs for Neglected Diseases Initiative India,0,0,0,4,Other,I4210108327
IIT Kharagpur,International Institute of Biotechnology and Toxicology,0,0,0,1,Other,I4210138875
IIT Kharagpur,CU Shah Medical College and Hospital,0,0,0,1,Other,I4210115408
IIT Kharagpur,Department of Health & Family Welfare,0,0,0,2,Other,I4210087792
IIT Kharagpur,Indian Society of Critical Care Medicine,0,0,0,1,Other,I4210155080
IIT Kharagpur,"Abeda Inamdar Senior College of Arts, Science and Commerce",0,0,0,8,Other,I4405261160
IIT Kharagpur,Indian Academy of Sciences,0,0,0,2,Other,I94305156
IIT Kharagpur,Novo Nordisk (India),0,0,0,1,Other,I4210160744
IIT Kharagpur,Tirunelveli Medical College,0,0,0,2,Other,I118826373
IIT Kharagpur,Employees State Insurance Post Graduate Institute of Medical Sciences and Research,0,0,0,1,Other,I4210091100
IIT Kharagpur,Paras Hospitals,0,0,0,1,Other,I4210092216
IIT Kharagpur,Saras Environment Consultant,0,0,0,1,Other,I4210114094
IIT Kharagpur,Buxi Jagabandhu Bidyadhar Autonomous College,0,0,0,3,Other,I4405280310
IIT Kharagpur,Fernandez Hospital,0,0,0,3,Other,I4210094209
IIT Kharagpur,Sambodhi Research and Communications,0,0,0,2,Other,I4210166856
IIT Kharagpur,Gian Sagar Dental College and Hospital,0,0,0,1,Other,I4210144609
IIT Kharagpur,ACS Medical College and Hospital,0,0,0,1,Other,I4210086035
IIT Kharagpur,Genomix Biotech (India),0,0,0,1,Other,I4210129787
IIT Kharagpur,Ministry of Statistics and Programme Implementation,0,0,0,2,Other,I4405278011
IIT Kharagpur,Arignar Anna Memorial Cancer Hospital & Research Institute,0,0,0,1,Other,I4210151748
IIT Kharagpur,Nizam's Institute of Medical Sciences,0,0,0,13,Other,I139669409
IIT Kharagpur,Centre for Budget and Governance Accountability,0,0,0,4,Other,I4210097647
IIT Kharagpur,Institute of Social Studies Trust,0,0,0,2,Other,I4210112438
IIT Kharagpur,Indian Medical Association,0,0,0,2,Other,I4210150663
IIT Kharagpur,Centre for Multi-disciplinary Development Research,0,0,0,1,Other,I4210133794
IIT Kharagpur,Getwell Hospital and Research Institute,0,0,0,4,Other,I4210156793
IIT Kharagpur,Mathrusri Ramabai Ambedkar Dental College & Hospital,0,0,0,1,Other,I4210129991
IIT Kharagpur,National Institute of Ecology,0,0,0,1,Other,I4210087709
IIT Kharagpur,Government Medical College Jalaun,0,0,0,1,Other,I4405258115
IIT Kharagpur,D A Pandu Memorial RV Dental College and Hospital,0,0,0,3,Other,I4210113629
IIT Kharagpur,Union Bank of India,0,0,0,2,Other,I4405272549
IIT Kharagpur,Dabur (India),0,0,0,2,Other,I4210093971
IIT Kharagpur,Malabar Institute of Medical Sciences,0,0,0,2,Other,I165915565
IIT Kharagpur,Foundation for Research in Community Health,0,0,0,2,Other,I4210105196
IIT Kharagpur,Department of Pharmaceuticals,0,0,0,1,Other,I4210108830
IIT Kharagpur,Indraprastha Institute of Management and Technology,0,0,0,1,Other,I4405284416
IIT Kharagpur,G Pulla Reddy Dental College & Hospital,0,0,0,1,Other,I4210134386
IIT Kharagpur,Asha Hospital,0,0,0,1,Other,I4210147497
IIT Kharagpur,"Shri Lal Bahadur Shastri Degree College, Gonda",0,0,0,38,Other,I4405252911
IIT Kharagpur,Bangur Institute of Neurosciences,0,0,0,5,Other,I2800966917
IIT Kharagpur,"Sankara Eye Hospital, Coimbatore",0,0,0,1,Other,I4405263263
IIT Kharagpur,Sri Venkateswara Medical College and Ruia Hospital,0,0,0,1,Other,I4210091246
IIT Kharagpur,Raghunath Girls' Post Graduate College,0,0,0,1,Other,I4405264383
IIT Kharagpur,Jawaharlal Nehru Medical College Hospital,0,0,0,14,Other,I154971649
IIT Kharagpur,Vivekananda Institute of Biotechnology,0,0,0,1,Other,I4210115007
IIT Kharagpur,Global Development Network,0,0,0,4,Other,I1281415640
IIT Kharagpur,Prince Aly Khan Hospital,0,0,0,1,Other,I2803014184
IIT Kharagpur,State Forest Research Institute,0,0,0,1,Other,I4210112836
IIT Kharagpur,Sarojini Naidu Medical College,0,0,0,3,Other,I2799711398
IIT Kharagpur,Madhya Pradesh Medical Science University,0,0,0,1,University,I4405270939
IIT Kharagpur,Department of Science & Technology,0,0,0,2,Other,I4210117661
IIT Kharagpur,Shri Vidyarthi Sudhar Sangh’s Nagpur College of Pharmacy,0,0,0,1,Other,I4405283123
IIT Kharagpur,Microwave Tube Research & Development Centre,0,0,0,2,Other,I4210119409
IIT Kharagpur,Sobhasaria Group of Institutions,0,0,0,2,Other,I4405282399
IIT Kharagpur,AstraZeneca (India),0,0,0,7,Other,I4210127920
IIT Kharagpur,International Clinical Epidemiology Network,0,0,0,3,Other,I4210085937
IIT Kharagpur,Glenmark Pharmaceuticals (India),0,0,0,2,Other,I4210131532
IIT Kharagpur,Alwar Pharmacy College,0,0,0,1,Other,I4210127668
IIT Kharagpur,Pramukhswami Medical College,0,0,0,6,Other,I4210120131
IIT Kharagpur,Maharashtra Institute of Dental Science and Research,0,0,0,1,Other,I4405257707
IIT Kharagpur,Dr. Somervell Memorial CSI Medical College and Hospital,0,0,0,1,Other,I2801643552
IIT Kharagpur,Indian Immunologicals (India),0,0,0,1,Other,I4210148208
IIT Kharagpur,Pravara Institute of Medical Sciences,0,0,0,6,Other,I3130684616
IIT Kharagpur,DBT/Wellcome Trust India Alliance,0,0,0,2,Other,I4210160166
IIT Kharagpur,Emmanuel Hospital Association,0,0,0,1,Other,I4210091319
IIT Kharagpur,Kims Bibi Hospital,0,0,0,1,Other,I4210134690
IIT Kharagpur,HDFC Bank (India),0,0,0,1,Other,I4405278225
IIT Kharagpur,Samatvam Endocrinology Diabetes Centre,0,0,0,1,Other,I4210110614
IIT Kharagpur,Mitra Biotech (India),0,0,0,1,Other,I4210118696
IIT Kharagpur,Dr. V. M. Government Medical College,0,0,0,1,Other,I49124879
IIT Kharagpur,Biotechnology Industry Research Assistance Council,0,0,0,1,Other,I4210161818
IIT Kharagpur,D.A.V Centenary Dental College,0,0,0,1,Other,I4210163719
IIT Kharagpur,Balaji Utthan Sansthan,0,0,0,3,Other,I4210155145
IIT Kharagpur,Tata Trusts,0,0,0,6,Other,I4210146138
IIT Kharagpur,King Edward Memorial Hospital Research Centre,0,0,0,3,Other,I4210148958
IIT Kharagpur,Fortis Escorts Hospital,0,0,0,3,Other,I4210110697
IIT Kharagpur,BAIF Development Research Foundation,0,0,0,5,Other,I2800340409
IIT Kharagpur,Virchow BioTech (India),0,0,0,1,Other,I4210142982
IIT Kharagpur,Cardiological Society of India,0,0,0,1,Other,I4405268444
IIT Kharagpur,NonFerrous Materials Technology Development Centre,0,0,0,5,Other,I4210152210
IIT Kharagpur,Bharat Biotech (India),0,0,0,4,Other,I4210102382
IIT Kharagpur,Government College Kodanchery,0,0,0,3,Other,I4210133477
IIT Kharagpur,Joseph Eye Hospital,0,0,0,8,Other,I4210113901
IIT Kharagpur,Akay Flavours and Aromatics Pvt. Ltd. (India),0,0,0,1,Other,I4405267992
IIT Kharagpur,Micro Insurance Academy,0,0,0,9,Other,I4210098792
IIT Kharagpur,Valagro (India),0,0,0,1,Other,I4210091284
IIT Kharagpur,LifeForce Homoeopathy (India),0,0,0,1,Other,I4210110137
IIT Kharagpur,Haryana College of Technology and Management,0,0,0,3,Other,I4405277690
IIT Kharagpur,Apollo Hospitals,0,0,0,5,Other,I4210122887
IIT Kharagpur,All India Jat Heroes' Memorial College,0,0,0,1,Other,I4405277703
IIT Kharagpur,Procter & Gamble (India),0,0,0,3,Other,I4210102648
IIT Kharagpur,Indian National Academy of Engineering,0,0,0,2,Other,I271325593
IIT Kharagpur,Sanofi (India),0,0,0,2,Other,I4210138224
IIT Kharagpur,Cancer Hospital and Research Institute,0,0,0,2,Other,I4210119054
IIT Kharagpur,Choithram Hospital and Research Centre,0,0,0,4,Other,I4210161314
IIT Kharagpur,Electrical Research and Development Association,0,0,0,3,Other,I4405255462
IIT Kharagpur,Elite School of Optometry,0,0,0,1,Other,I4210097797
IIT Kharagpur,Nestlé (India),0,0,0,3,Other,I4210151773
IIT Kharagpur,Indian Social Institute,0,0,0,1,Other,I4405263302
IIT Kharagpur,Sardar Patel Post Graduate Institute of Dental and Medical Sciences,0,0,0,3,Other,I4210127880
IIT Kharagpur,ACPM Dental College and Hospital,0,0,0,2,Other,I4210119062
IIT Kharagpur,World Health Organization Regional Office for South-East Asia,0,0,0,18,Other,I4210112062
IIT Kharagpur,Dr. B.L. Kapur Memorial Hospital,0,0,0,2,Other,I4210149795
IIT Kharagpur,"Institute of Pharmacy, Maregaon",0,0,0,1,Other,I4405283228
IIT Kharagpur,Narayan Medical College and Hospital,0,0,0,4,Other,I4210141553
IIT Kharagpur,Manovikas Kendra Rehabilitation and Research Institute,0,0,0,1,Other,I4210166602
IIT Kharagpur,Society for Research and Initiatives for Sustainable Technologies and Institutions,0,0,0,1,Other,I4210101838
IIT Kharagpur,Dr. Balabhai Nanavati Hospital,0,0,0,3,Other,I2802044629
IIT Kharagpur,Government Medical College,0,0,0,2,Other,I4210154211
IIT Kharagpur,Center for Interdisciplinary Studies,0,0,0,1,Other,I4210137189
IIT Kharagpur,YMT Ayurvedic Medical College & Hospital. P.G.Institute,0,0,0,1,Other,I4210133670
IIT Kharagpur,Healing Fields Foundation,0,0,0,1,Other,I4210103228
IIT Kharagpur,GSL Medical College & General Hospital,0,0,0,2,Other,I4210129665
IIT Kharagpur,Society for Nutrition Education and Health Action,0,0,0,3,Other,I4210101725
IIT Kharagpur,Rayat Institute of Engineering & Information Technology,0,0,0,1,IIIT,I573716131
IIT Kharagpur,Mittal hospital,0,0,0,1,Other,I4210141934
IIT Kharagpur,Tata Technologies (India),0,0,0,4,Other,I4210114539
IIT Kharagpur,Welspun (India),0,0,0,5,Other,I2800176906
IIT Kharagpur,Subbaiah Medical College,0,0,0,1,Other,I4210111051
IIT Kharagpur,Oxford Dental College and Hospital,0,0,0,5,Other,I4210092865
IIT Kharagpur,Calcutta Technical School,0,0,0,2,Other,I4405281139
IIT Kharagpur,MGM New Bombay Hospital,0,0,0,1,Other,I4405265968
IIT Kharagpur,Indian Plywood Industries Research and Training Institute,0,0,0,1,Other,I4210151780
IIT Kharagpur,Indian Cancer Society,0,0,0,5,Other,I4210139019
IIT Kharagpur,Rajiv Gandhi Foundation,0,0,0,1,Other,I2800824377
IIT Kharagpur,Kannur Dental College,0,0,0,1,Other,I4405255938
IIT Kharagpur,Acharya Shri Chander College of Medical Sciences and Hospital,0,0,0,2,Other,I4210161218
IIT Kharagpur,St. Stephen’s Hospital,0,0,0,5,Other,I4210147366
IIT Kharagpur,Institute of Animal Health and Veterinary Biologicals,0,0,0,2,Other,I4210155344
IIT Kharagpur,"Shri Yashwantrao Patil Science College, Solankur",0,0,0,2,Other,I4405261849
IIT Kharagpur,S.L. Raheja Hospital,0,0,0,4,Other,I4210155990
IIT Kharagpur,"Arts, Commerce and Science College, Dharangaon",0,0,0,1,Other,I4405262777
IIT Kharagpur,Industrial Credit and Investment Corporation of India,0,0,0,7,Other,I2800946588
IIT Kharagpur,Bombay Natural History Society,0,0,0,2,Other,I82034984
IIT Kharagpur,Ajay Kumar Garg Institute of Management,0,0,0,5,Other,I4405253234
IIT Kharagpur,Fortis Memorial Research Institute,0,0,0,1,Other,I4210108369
IIT Kharagpur,Indian Academy of Pediatrics,0,0,0,6,Other,I151280546
IIT Kharagpur,VNIR Biotechnologies (India),0,0,0,1,Other,I4210106886
IIT Kharagpur,Mata Chanan Devi Hospital,0,0,0,1,Other,I4210105062
IIT Kharagpur,Lourdes Hospital,0,0,0,1,Other,I4210086567
IIT Kharagpur,Pushpawati Singhania Research Institute,0,0,0,1,Other,I4210102352
IIT Kharagpur,Mahatma Gandhi Antarrashtriya Hindi Vishwavidyalaya,0,0,0,2,Other,I2799626985
IIT Kharagpur,Foundation for Revitalisation of Local Health Traditions,0,0,0,2,Other,I4210107901
IIT Kharagpur,Panacea Biotec (India),0,0,0,2,Other,I107947710
IIT Kharagpur,"School of Management Sciences, Lucknow",0,0,0,1,Other,I4405254213
IIT Kharagpur,Satavahana University,0,0,0,2,University,I3133249180
IIT Kharagpur,Madras Institute of Orthopaedics and Traumatology,0,0,0,3,Other,I1300678687
IIT Kharagpur,Government Dental College & Research Institute,0,0,0,2,Other,I3132308339
IIT Kharagpur,Eternal Hospital,0,0,0,2,Other,I4210116742
IIT Kharagpur,Proof & Experimental Establishment,0,0,0,3,Other,I4210140099
IIT Kharagpur,Tamil Nadu Government Dental College and Hospital,0,0,0,2,Other,I2803091234
IIT Kharagpur,Nazareth Hospital,0,0,0,1,Other,I4210157212
IIT Kharagpur,Sant Parmanand Hospital,0,0,0,1,Other,I4210134623
IIT Kharagpur,M.V. Hospital for Diabetes and Diabetes Research Centre,0,0,0,2,Other,I4210160007
IIT Kharagpur,IT for Change,0,0,0,2,Other,I4210137591
IIT Kharagpur,National University of Advanced Legal Studies,0,0,0,1,University,I3129318662
IIT Kharagpur,Institute for Systems Studies & Analyses,0,0,0,1,Other,I4210165624
IIT Kharagpur,Sinhgad Dental College and Hospital,0,0,0,1,Other,I4210163301
IIT Kharagpur,National Institute of Public Cooperation and Child Development,0,0,0,2,Other,I4210111463
IIT Kharagpur,Research Design And Standards Organization,0,0,0,13,Other,I2799538346
IIT Kharagpur,ESIC Hospital,0,0,0,2,Other,I4210159729
IIT Kharagpur,Themis (India),0,0,0,2,Other,I4210164012
IIT Kharagpur,Central Drugs Laboratory,0,0,0,1,Other,I4405282372
IIT Kharagpur,National Institute of Indian Medical Heritage,0,0,0,1,Other,I4210115412
IIT Kharagpur,Mangla Hospital and Research Center,0,0,0,2,Other,I4210099525
IIT Kharagpur,Guru Nanak Institute of Management Studies,0,0,0,1,Other,I4405256850
IIT Kharagpur,Calcutta Research Group,0,0,0,1,Other,I4210100231
IIT Kharagpur,Department of Ocean Development,0,0,0,2,Other,I4210106419
IIT Kharagpur,Bhatia Hospital,0,0,0,1,Other,I4210159644
IIT Kharagpur,National Law Institute University,0,0,0,1,University,I4210116216
IIT Kharagpur,National Allergy Asthma Bronchitis Institute,0,0,0,5,Other,I4210149232
IIT Kharagpur,Vokkaligara Sangha Dental College & Hospital,0,0,0,1,Other,I4210126134
IIT Kharagpur,Bal Umang Drishya Sanstha,0,0,0,1,Other,I4210116716
IIT Kharagpur,Christian Medical Association of India,0,0,0,2,Other,I2799928893
IIT Kharagpur,Birla Institute of Scientific Research,0,0,0,3,Other,I4210113324
IIT Kharagpur,"All India Institute of Medical Sciences, Rajkot",0,0,0,4,AIIMS,I4405254203
IIT Kharagpur,Institute of Human Behaviour and Allied Sciences,0,0,0,2,Other,I4210118052
IIT Kharagpur,"Shri Shivaji Education Society, Amravati's Science College, Nagpur",0,0,0,1,Other,I4405279824
IIT Kharagpur,Central Bank of India,0,0,0,2,Other,I4405266705
IIT Kharagpur,Centre for Operations Research and Training,0,0,0,2,Other,I4210127040
IIT Kharagpur,Lala Lajpat Rai Memorial Medical College,0,0,0,7,Other,I219845778
IIT Kharagpur,National Research Centre on Mithun,0,0,0,2,Other,I4210135502
IIT Kharagpur,Sahodaran,0,0,0,1,Other,I4210145469
IIT Kharagpur,Shyam Shah Medical College,0,0,0,1,Other,I2802366294
IIT Kharagpur,National Centre for Aerospace Innovation and Research,0,0,0,5,Other,I4405270790
IIT Kharagpur,Nutrition Foundation of India,0,0,0,1,Other,I4210136684
IIT Kharagpur,Shree Krishna Hospital,0,0,0,2,Other,I4210109742
IIT Kharagpur,Vittal Mallya Scientific Research Foundation,0,0,0,3,Other,I4210143280
IIT Kharagpur,Meditation De-Addiction Health AIDS Nutrition Trust,0,0,0,4,Other,I4210139172
IIT Kharagpur,UDAAN for the Disabled,0,0,0,1,Other,I2801404229
IIT Kharagpur,Vijaya Medical and Educational Trust,0,0,0,3,Other,I4210104745
IIT Kharagpur,Operation Eyesight Universal Institute for Eye Cancer,0,0,0,1,Other,I4405273410
IIT Kharagpur,InsPIRE Network for Environment,0,0,0,4,Other,I4210143450
IIT Kharagpur,Frontier Lifeline Hospital,0,0,0,1,Other,I4210104337
IIT Kharagpur,Jawaharlal Nehru Architecture and Fine Arts University,0,0,0,1,University,I3130996612
IIT Kharagpur,Guru Nanak First Grade College Bidar,0,0,0,1,Other,I4405257600
IIT Kharagpur,Jharkhand Space Applications Center,0,0,0,2,Other,I4405281759
IIT Kharagpur,Asia Pacific Observatory on Health Systems and Policies,0,0,0,1,Other,I4210096505
IIT Kharagpur,Shanti Business School,0,0,0,4,Other,I4210089240
IIT Kharagpur,Enzen (India),0,0,0,2,Other,I4210151776
IIT Kharagpur,Healis Sekhsaria Institute For Public Health,0,0,0,13,Other,I4210117867
IIT Kharagpur,NexusCRO (India),0,0,0,1,Other,I4210160506
IIT Kharagpur,Bihar National College,0,0,0,2,Other,I4405257325
IIT Kharagpur,Cachar College,0,0,0,2,Other,I4405259855
IIT Kharagpur,GD Hospital & Diabetes Institute,0,0,0,4,Other,I4210094756
IIT Kharagpur,"Krishi Vigyan Kendra, Latur",0,0,0,2,Other,I4210106304
IIT Kharagpur,Samarth,0,0,0,3,Other,I4405267446
IIT Kharagpur,Maharani Laxmi Bai Medical College,0,0,0,2,Other,I3132277748
IIT Kharagpur,Smt. N.H.L. Municipal Medical College,0,0,0,5,Other,I4210165080
IIT Kharagpur,National Institute of Plant Health Management,0,0,0,2,Other,I4210086241
IIT Kharagpur,Centre for Women's Development Studies,0,0,0,4,Other,I4210149184
IIT Kharagpur,"Government Institute of Forensic Science, Nagpur",0,0,0,2,Other,I4405279661
IIT Kharagpur,AquAgri Processing Private Limited (India),0,0,0,1,Other,I4210096117
IIT Kharagpur,National Centre for Disease Informatics and Research,0,0,0,2,Other,I4210151893
IIT Kharagpur,OmniActive Health Technologies (India),0,0,0,1,Other,I4210146098
IIT Kharagpur,Haffkine Institute,0,0,0,3,Other,I182985392
IIT Kharagpur,Dronah Foundation,0,0,0,1,Other,I4210092362
IIT Kharagpur,Asian Healthcare Foundation,0,0,0,6,Other,I4405266924
IIT Kharagpur,Dr Vijay Kumar Foundation,0,0,0,9,Other,I4210163192
IIT Kharagpur,Therachem Research Medilab (India),0,0,0,1,Other,I4210120444
IIT Kharagpur,National University of Educational Planning and Administration,0,0,0,7,University,I1317634868
IIT Kharagpur,National Diabetes Obesity and Cholesterol Foundation,0,0,0,7,Other,I4210130025
IIT Kharagpur,Institute of Development Studies,0,0,0,2,Other,I4210135264
IIT Kharagpur,Centre for Research in Medical Entomology,0,0,0,1,Other,I4210110965
IIT Kharagpur,Kannada University,0,0,0,1,University,I3129611220
IIT Kharagpur,Kasiak Research (India),0,0,0,1,Other,I4210099847
IIT Kharagpur,Roche (India),0,0,0,1,Other,I4210089206
IIT Kharagpur,Saraswati Dental College and Hospital,0,0,0,1,Other,I4210127890
IIT Kharagpur,Jawaharlal Nehru Cancer Hospital and Research Centre,0,0,0,3,Other,I4210104322
IIT Kharagpur,Shri Maharaja Hari Singh Hospital,0,0,0,2,Other,I2802282215
IIT Kharagpur,Fortis C-DOC Hospital,0,0,0,3,Other,I4210140079
IIT Kharagpur,Bolpur College,0,0,0,1,Other,I4405277162
IIT Kharagpur,Bombay Veterinary College,0,0,0,1,Other,I4210100467
IIT Kharagpur,Program for Appropriate Technology in Health,0,0,0,6,Other,I4210099049
IIT Kharagpur,General Motors (India),0,0,0,12,Other,I2801120862
IIT Kharagpur,Fazl Ali College,0,0,0,1,Other,I4405278353
IIT Kharagpur,Diabetes Care & Hormone Clinic,0,0,0,1,Other,I4210131238
IIT Kharagpur,Centre for the Study of Developing Societies,0,0,0,8,Other,I108294501
IIT Kharagpur,Foundation for Neglected Disease Research,0,0,0,1,Other,I4210160732
IIT Kharagpur,Advanced Enzyme Technologies Limited (India),0,0,0,2,Other,I4405272632
IIT Kharagpur,Janssen (India),0,0,0,1,Other,I4210150839
IIT Kharagpur,Anthem Biosciences (India),0,0,0,2,Other,I4210138068
IIT Kharagpur,Desun Hospital & Heart Institute,0,0,0,1,Other,I4210120189
IIT Kharagpur,Renewable Energy Corporation of India,0,0,0,2,Other,I4210146904
IIT Kharagpur,B M Birla Science Centre,0,0,0,1,Other,I4210105276
IIT Kharagpur,Directorate of Health Services,0,0,0,4,Other,I4405267868
IIT Kharagpur,Defence Avionics Research Establishment,0,0,0,2,Other,I4210119213
IIT Kharagpur,Hindi University,0,0,0,2,University,I4405269672
IIT Kharagpur,Laila Impex (India),0,0,0,1,Other,I4210165793
IIT Kharagpur,Rabindranath Tagore Medical College,0,0,0,3,Other,I2803033815
IIT Kharagpur,Ambika Prasad Research Foundation,0,0,0,1,Other,I4405254640
IIT Kharagpur,Lupin Pharmaceuticals (India),0,0,0,5,Other,I21675474
IIT Kharagpur,YR Gaitonde Centre for AIDS Research and Education,0,0,0,3,Other,I4210127818
IIT Kharagpur,Ajmal College of Arts and Science,0,0,0,1,Other,I4210089037
IIT Kharagpur,Govind Ballabh Pant Hospital,0,0,0,5,Other,I4210156823
IIT Kharagpur,Bapuji Dental College and Hospital,0,0,0,1,Other,I4210164514
IIT Kharagpur,Victoria Hospital,0,0,0,2,Other,I4210137705
IIT Kharagpur,"Government Training College, Hooghly",0,0,0,1,Other,I4405272226
IIT Kharagpur,Zoo Outreach Organisation,0,0,0,5,Other,I4210141428
IIT Kharagpur,Indian Council of Historical Research,0,0,0,1,Other,I4405268551
IIT Kharagpur,Sri Guru Ram Das University of Health Sciences Sri Amritsar,0,0,0,3,University,I4405266329
IIT Kharagpur,JRE Group of Institutions,0,0,0,2,Other,I4210086089
IIT Kharagpur,Institute of Cytology and Preventive Oncology,0,0,0,4,Other,I4210160116
IIT Kharagpur,Sardar Patel Medical College,0,0,0,2,Other,I2800123788
IIT Kharagpur,GVK Emergency Management and Research Institute,0,0,0,1,Other,I4210161618
IIT Kharagpur,National Tuberculosis Institute,0,0,0,2,Other,I1285815856
IIT Kharagpur,"National Institute of Science, Technology and Development Studies",0,0,0,10,Other,I4210128462
IIT Kharagpur,Dr. A. Ramachandran's Diabetes Hospitals,0,0,0,2,Other,I4210120928
IIT Kharagpur,National Academy of Sciences India,0,0,0,3,Other,I127462306
IIT Kharagpur,P. R. Thakur Govt. College,0,0,0,2,Other,I4405284719
IIT Kharagpur,Society for Participatory Research in Asia,0,0,0,1,Other,I4210090629
IIT Kharagpur,National Heart Institute,0,0,0,1,Other,I4210097122
IIT Kharagpur,Navodaya Dental College and Hospital,0,0,0,6,Other,I4210086950
IIT Kharagpur,Maharashtra Association of Anthropological Sciences,0,0,0,6,Other,I4210126160
IIT Kharagpur,Tamil Nadu Horticulture University,0,0,0,1,University,I4210161674
IIT Kharagpur,Nehru Memorial Museum & Library,0,0,0,4,Other,I4210163448
IIT Kharagpur,Ekjut,0,0,0,1,Other,I4210106683
IIT Kharagpur,Directorate General of Mines Safety,0,0,0,1,Other,I4405253893
IIT Kharagpur,Elitte College of Engineering,0,0,0,2,Other,I4405272640
IIT Kharagpur,Sundaram Medical Foundation,0,0,0,2,Other,I107554421
IIT Kharagpur,Tamil Nadu Physical Education and Sports University,0,0,0,1,University,I2800444346
IIT Kharagpur,Pain Relief and Palliative Care Society,0,0,0,1,Other,I4210093809
IIT Kharagpur,Antrix Corporation (India),0,0,0,1,Other,I2800086464
IIT Kharagpur,Terna Dental College and Hospital,0,0,0,1,Other,I4210098157
IIT Kharagpur,Science Health Allied Research Education,0,0,0,2,Other,I4210150225
IIT Kharagpur,Indian Institute of Metals,0,0,0,2,Other,I1309988440
IIT Kharagpur,Asian Institute of Gastroenterology,0,0,0,5,Other,I4210137328
IIT Kharagpur,MSD (India),0,0,0,2,Other,I4210166352
IIT Kharagpur,Forensic Sciences Department,0,0,0,1,Other,I4210109861
IIT Kharagpur,"MGM Medical College, Nerul",0,0,0,1,Other,I4405285233
IIT Kharagpur,Peermade Development Society,0,0,0,1,Other,I4210166952
IIT Kharagpur,Foundation for Research in Health Systems,0,0,0,2,Other,I4210112831
IIT Kharagpur,Kalawati Saran Children's Hospital,0,0,0,6,Other,I4210150446
IIT Kharagpur,Sahara Hospital,0,0,0,2,Other,I2802142657
IIT Kharagpur,Star Hospitals,0,0,0,1,Other,I4405272031
IIT Kharagpur,Diabetes Foundation,0,0,0,7,Other,I4210131664
IIT Kharagpur,"St. Thomas College, Kozhencherry",0,0,0,3,Other,I4405279506
IIT Kharagpur,Ministry of Urban Development,0,0,0,1,Other,I4210139413
IIT Kharagpur,Ministry of Information and Broadcasting,0,0,0,1,Other,I4405266389
IIT Kharagpur,Office of the Principal Scientific Adviser,0,0,0,1,Other,I4210091075
IIT Kharagpur,Indira Gandhi Institute of Child Health,0,0,0,2,Other,I4210158200
IIT Kharagpur,Cadila Pharmaceuticals (India),0,0,0,1,Other,I4210108063
IIT Kharagpur,Seethapathy Clinic and Hospital,0,0,0,2,Other,I4210164285
IIT Kharagpur,Centre for Environmental Management and Participatory Development,0,0,0,2,Other,I4210127990
IIT Kharagpur,"Index Medical College, Hospital & Research Centre",0,0,0,1,Other,I4210115159
IIT Kharagpur,Kamineni Institute of Dental Sciences,0,0,0,4,Other,I99693012
IIT Kharagpur,Caplin Point Laboratories (India),0,0,0,1,Other,I4210119521
IIT Kharagpur,"Government Medical College, Amritsar",0,0,0,4,Other,I2800494708
IIT Kharagpur,Nanaji Deshmukh Veterinary Science University,0,0,0,1,University,I4210156499
IIT Kharagpur,Anthropological Survey of India,0,0,0,4,Other,I1335376613
IIT Kharagpur,Tejas Networks (India),0,0,0,3,Other,I4210095456
IIT Kharagpur,Mahatma Gandhi Dental College & Hospital,0,0,0,1,Other,I4210097353
IIT Kharagpur,Vigyan Prasar,0,0,0,2,Other,I4210089994
IIT Kharagpur,Foundation for Medical Research,0,0,0,2,Other,I4210160584
IIT Kharagpur,The Corbett Foundation,0,0,0,4,Other,I4405269126
IIT Kharagpur,Sri Aurobindo Institute of Technology,0,0,0,5,Other,I4210115061
IIT Kharagpur,AMRI Hospitals,0,0,0,6,Other,I46827455
IIT Kharagpur,JK Agri Genetics (India),0,0,0,2,Other,I4210125235
IIT Kharagpur,Sri Sathya Sai Institute of Higher Medical Sciences,0,0,0,1,Other,I4210121471
IIT Kharagpur,CUTS International,0,0,0,3,Other,I4210130568
IIT Kharagpur,Collaborative Clean Air Policy Centre,0,0,0,5,Other,I4210147387
IIT Kharagpur,Tamil Nadu Dr. Ambedkar Law University,0,0,0,1,University,I2800591429
IIT Kharagpur,ESI - Post Graduate Institute of Medical Science and Research,0,0,0,3,Other,I4210142364
IIT Kharagpur,PRS Legislative Research,0,0,0,2,Other,I4210131064
IIT Kharagpur,Natural Remedies (India),0,0,0,4,Other,I4210102349
IIT Kharagpur,Chacha Nehru Bal Chikitsalaya,0,0,0,2,Other,I4210151298
IIT Kharagpur,Covance (India),0,0,0,3,Other,I4210112097
IIT Kharagpur,Snow & Avalanche Study Estt,0,0,0,35,Other,I173811610
IIT Kharagpur,Hilleman Laboratories (India),0,0,0,2,Other,I3176327385
IIT Kharagpur,Bhagwan Mahaveer Jain Hospital,0,0,0,2,Other,I4210146892
IIT Kharagpur,Biotech Park,0,0,0,2,Other,I4210100303
IIT Kharagpur,CIDP Biotech (India),0,0,0,2,Other,I4210096928
IIT Kharagpur,Jain Irrigation Systems (India),0,0,0,4,Other,I4210109228
IIT Kharagpur,Indian Jute Industries Research Association,0,0,0,10,Other,I4210100175
IIT Kharagpur,Dangoria Charitable Trust,0,0,0,1,Other,I4210115199
IIT Kharagpur,Serum Institute of India (India),0,0,0,5,Other,I3131544347
IIT Kharagpur,Water Sanitation and Hygiene Institute,0,0,0,1,Other,I4210145333
IIT Kharagpur,Mandya Institute of Medical Sciences,0,0,0,1,Other,I4210154507
IIT Kharagpur,"Sankara Eye Hospital, Bangalore",0,0,0,1,Other,I4405263295
IIT Kharagpur,Mediciti Institute of Medical Sciences,0,0,0,2,Other,I3130691990
IIT Kharagpur,Aditya Jyot Eye Hospital,0,0,0,1,Other,I2801533027
IIT Kharagpur,Saifee Hospital,0,0,0,2,Other,I2802630937
IIT Kharagpur,Dr. Syamala Reddy Dental College Hospital & Research Center,0,0,0,3,Other,I4210121354
IIT Kharagpur,Indira Gandhi Medical College and Research Institute,0,0,0,4,Other,I4210092534
IIT Kharagpur,Academy of Family Physicians of India,0,0,0,3,Other,I4210100600
IIT Kharagpur,Healthcare Global Enterprises,0,0,0,1,Other,I4210136115
IIT Kharagpur,KM Shah Dental College and Hospital,0,0,0,4,Other,I4210111427
IIT Kharagpur,Ministry of External Affairs,0,0,0,2,Other,I4210150435
IIT Kharagpur,Dr Baba Saheb Ambedkar Hospital,0,0,0,1,Other,I4405275110
IIT Kharagpur,Institute of Molecular Medicine,0,0,0,4,Other,I4210146488
IIT Kharagpur,Directorate of Knowledge Management in Agriculture,0,0,0,1,Other,I4405265731
IIT Kharagpur,Hindu Post Graduate College,0,0,0,4,Other,I4405271277
IIT Kharagpur,Dr. S.R. Chandrasekhar Institute of Speech and Hearing,0,0,0,1,Other,I4210154221
IIT Kharagpur,Hidayatullah National Law University,0,0,0,1,University,I161765314
IIT Kharagpur,CARE Hospitals,0,0,0,3,Other,I2802469017
IIT Kharagpur,Bangalore Baptist Hospital,0,0,0,2,Other,I4210101251
IIT Kharagpur,Orchid Pharma (India),0,0,0,9,Other,I4210132051
IIT Kharagpur,Sri Manakula Vinayagar Medical College and Hospital,0,0,0,3,Other,I4210141780
IIT Kharagpur,Alembic Pharmaceuticals (India),0,0,0,1,Other,I4210121895
IIT Roorkee,Indian Institute of Technology Delhi,333,5811,2156,5260,IIT,I68891433
IIT Roorkee,National Institute of Hydrology,267,4592,598,1531,Other,I4210147361
IIT Roorkee,Indian Institute of Technology Kharagpur,253,3496,402,2982,IIT,I145894827
IIT Roorkee,Indian Institute of Technology Bombay,222,3661,1775,4822,IIT,I162827531
IIT Roorkee,Council of Scientific and Industrial Research,211,4231,1105,3251,CSIR,I66760702
IIT Roorkee,Indian Institute of Technology Bhubaneswar,191,5320,591,849,IIT,I99729588
IIT Roorkee,Indian Institute of Technology Kanpur,188,2059,1269,3888,IIT,I94234084
IIT Roorkee,University of Delhi,169,3324,1792,2185,University,I110166357
IIT Roorkee,Banaras Hindu University,167,1900,1638,2219,University,I91357014
IIT Roorkee,Indian Institute of Science Bangalore,165,2644,1009,3806,IISc,I59270414
IIT Roorkee,Indian Institute of Technology BHU,163,1650,1385,1297,IIT,I56404289
IIT Roorkee,Graphic Era University,162,1654,1659,394,University,I60054993
IIT Roorkee,Academy of Scientific and Innovative Research,157,2641,2211,2094,Other,I99364266
IIT Roorkee,University of Petroleum and Energy Studies,152,2845,2533,679,University,I5847235
IIT Roorkee,Central Building Research Institute,144,2474,500,395,Other,I2801347850
IIT Roorkee,Bhabha Atomic Research Centre,143,2088,594,1795,DAE,I1329621470
IIT Roorkee,Thapar Institute of Engineering & Technology,120,1930,1109,1062,Other,I162030827
IIT Roorkee,Indian Institute of Technology Madras,119,2178,1403,2957,IIT,I24676775
IIT Roorkee,Indian Space Research Organisation,119,1332,424,1121,Other,I1289461252
IIT Roorkee,Amity University,107,1933,1717,721,University,I191972202
IIT Roorkee,Defence Research and Development Organisation,106,1006,235,314,Other,I1340206300
IIT Roorkee,Indian Institute of Technology Jodhpur,103,1859,811,412,IIT,I154549908
IIT Roorkee,Indian Institute of Technology Hyderabad,102,2567,535,746,IIT,I65181880
IIT Roorkee,Central Road Research Institute,100,863,94,148,Other,I4210106426
IIT Roorkee,Indian Institute of Technology Dhanbad,99,2497,1232,1513,IIT,I189109744
IIT Roorkee,Aligarh Muslim University,97,1709,1142,1342,University,I171210897
IIT Roorkee,Indian Institute of Remote Sensing,95,903,328,746,Other,I51281103
IIT Roorkee,Indian Institute of Technology Guwahati,94,1963,1407,1993,IIT,I1317621060
IIT Roorkee,Vellore Institute of Technology University,93,1818,2565,1534,University,I876193797
IIT Roorkee,Dr. B. R. Ambedkar National Institute of Technology Jalandhar,93,1451,1220,496,NIT,I70971781
IIT Roorkee,"Birla Institute of Technology and Science, Pilani",92,891,1048,910,Other,I74796645
IIT Roorkee,Homi Bhabha National Institute,91,999,687,635,DAE,I200207707
IIT Roorkee,Indian Institute of Technology Ropar,91,1073,640,490,IIT,I119241673
IIT Roorkee,Malaviya National Institute of Technology Jaipur,90,1290,1074,876,NIT,I83205935
IIT Roorkee,Tata Institute of Fundamental Research,88,828,201,976,DAE,I11947397
IIT Roorkee,Indian Institute of Information Technology Design and Manufacturing Jabalpur,85,1055,448,547,IIIT,I207223250
IIT Roorkee,CSIR National Physical Laboratory of India,83,1513,318,738,CSIR,I88910343
IIT Roorkee,Indian Institute of Petroleum,79,1692,279,483,Other,I84279003
IIT Roorkee,Pandit Deendayal Energy University,77,1437,555,381,University,I33586908
IIT Roorkee,Indian Institute of Technology Mandi,76,923,809,439,IIT,I9579091
IIT Roorkee,University of Calcutta,74,2420,522,1007,University,I106542073
IIT Roorkee,SRM Institute of Science and Technology,69,790,1854,906,Other,I145286018
IIT Roorkee,National Institute of Technology Patna,69,944,873,423,NIT,I11793825
IIT Roorkee,Physical Research Laboratory,68,441,206,830,Other,I121502294
IIT Roorkee,Jadavpur University,67,1261,938,1625,University,I170979836
IIT Roorkee,Indian Institute of Technology Indore,67,1036,884,874,IIT,I64295750
IIT Roorkee,Indian Statistical Institute,66,1589,146,643,Other,I6498739
IIT Roorkee,Jawaharlal Nehru University,65,1239,649,1493,University,I152429107
IIT Roorkee,All India Institute of Medical Sciences Rishikesh,64,1089,33,31,AIIMS,I4387152206
IIT Roorkee,Instruments Research & Development Establishment,64,364,13,19,Other,I21449664
IIT Roorkee,Lovely Professional University,63,1478,1716,558,University,I110360157
IIT Roorkee,Maulana Azad National Institute of Technology,63,605,876,584,NIT,I91277730
IIT Roorkee,Panjab University,63,1733,837,1180,University,I51452335
IIT Roorkee,Manipal Academy of Higher Education,62,654,1203,590,Other,I164861460
IIT Roorkee,National Institute of Technology Rourkela,62,1358,1148,1346,NIT,I16292982
IIT Roorkee,Govind Ballabh Pant University of Agriculture and Technology,61,1976,517,372,University,I252758333
IIT Roorkee,National Institute of Technology Tiruchirappalli,57,1275,687,1027,NIT,I122964287
IIT Roorkee,National Institute of Technology Srinagar,57,684,594,202,NIT,I8778637
IIT Roorkee,National Institute of Technology Warangal,56,496,895,619,NIT,I121750182
IIT Roorkee,Indian Institute of Technology Patna,56,1205,534,548,IIT,I132153292
IIT Roorkee,National Institute of Technology Kurukshetra,55,1274,625,605,NIT,I105094715
IIT Roorkee,Netaji Subhas University of Technology,53,767,576,417,University,I36090812
IIT Roorkee,Indian Institute of Science Education and Research Mohali,53,816,185,234,IISER,I165916956
IIT Roorkee,All India Institute of Medical Sciences,53,1526,150,337,AIIMS,I63739035
IIT Roorkee,Guru Nanak Dev University,52,847,444,618,University,I165682329
IIT Roorkee,Indian Institute of Technology Gandhinagar,51,742,394,737,IIT,I27674431
IIT Roorkee,Delhi Technological University,50,1001,812,653,University,I863896202
IIT Roorkee,Wadia Institute of Himalayan Geology,50,507,406,1067,Other,I1337471766
IIT Roorkee,Motilal Nehru National Institute of Technology,49,950,807,811,NIT,I152869788
IIT Roorkee,Inter-University Accelerator Centre,48,525,230,520,University,I4210089002
IIT Roorkee,Sardar Vallabhbhai National Institute of Technology Surat,46,396,894,643,NIT,I42014448
IIT Roorkee,Jamia Millia Islamia,46,1614,851,1026,Other,I59475050
IIT Roorkee,Punjab Engineering College,46,552,534,256,Other,I860003557
IIT Roorkee,Space Applications Centre,46,405,139,429,Other,I4405268392
IIT Roorkee,"Maharishi Markandeshwar University, Mullana",43,772,371,152,University,I155284866
IIT Roorkee,University of Kashmir,41,1030,558,675,University,I135388327
IIT Roorkee,Visvesvaraya National Institute of Technology,41,428,531,548,NIT,I167153416
IIT Roorkee,Madan Mohan Malaviya University of Technology,41,807,375,150,University,I2799532815
IIT Roorkee,O. P. Jindal Global University,40,544,306,78,University,I4210129200
IIT Roorkee,GLA University,39,999,880,225,University,I82571370
IIT Roorkee,Geological Survey of India,39,394,175,507,Other,I64389444
IIT Roorkee,Sanjay Gandhi Post Graduate Institute of Medical Sciences,39,758,34,109,Other,I161370692
IIT Roorkee,KIIT University,38,554,659,326,University,I67357951
IIT Roorkee,Dehradun Institute of Technology University,38,1769,297,200,University,I933318745
IIT Roorkee,Atal Bihari Vajpayee Indian Institute of Information Technology and Management,38,558,150,166,IIIT,I9747756
IIT Roorkee,Jaypee Institute of Information Technology,37,526,394,152,IIIT,I154970844
IIT Roorkee,Indian Institute of Technology Jammu,37,546,366,153,IIT,I4210127441
IIT Roorkee,Saha Institute of Nuclear Physics,37,651,134,758,DAE,I16019930
IIT Roorkee,Chandigarh University,36,380,1554,356,University,I101407740
IIT Roorkee,Amrita Vishwa Vidyapeetham,36,376,838,470,Other,I81556334
IIT Roorkee,Central Scientific Instruments Organisation,36,514,135,179,Other,I42095658
IIT Roorkee,Centre of Biomedical Research,36,732,34,60,Other,I4210161010
IIT Roorkee,National Institute of Technology Raipur,35,379,698,433,NIT,I38335241
IIT Roorkee,Galgotias University,35,586,491,110,University,I155125381
IIT Roorkee,Birla Institute of Technology and Science - Hyderabad Campus,35,495,297,341,Other,I4210101034
IIT Roorkee,North Eastern Hill University,35,506,198,310,University,I197465736
IIT Roorkee,Sant Longowal Institute of Engineering and Technology,35,379,186,201,Other,I63568130
IIT Roorkee,Indian Institute of Science Education and Research Kolkata,34,667,169,449,IISER,I127439422
IIT Roorkee,"Birla Institute of Technology, Mesra",33,682,433,384,Other,I115715567
IIT Roorkee,University of Engineering & Management,33,882,149,57,University,I1296725772
IIT Roorkee,Hemwati Nandan Bahuguna Garhwal University,32,583,373,539,University,I185052938
IIT Roorkee,Oil and Natural Gas Corporation (India),32,274,28,119,Other,I172790451
IIT Roorkee,National Institute Of Technology Silchar,31,367,782,592,Other,I151903974
IIT Roorkee,University of Hyderabad,30,612,316,716,University,I36893310
IIT Roorkee,National Institute of Technology Meghalaya,30,422,225,101,NIT,I9523339
IIT Roorkee,Government of India,30,411,192,429,Other,I2799351866
IIT Roorkee,Indian Institute of Technology Tirupati,30,282,190,92,IIT,I4210109292
IIT Roorkee,M.J.P. Rohilkhand University,30,574,156,119,University,I139858224
IIT Roorkee,COER University,30,440,97,62,University,I4405265151
IIT Roorkee,University of Lucknow,29,161,236,347,University,I186246823
IIT Roorkee,Indian Institute of Information Technology Allahabad,29,599,114,128,IIIT,I26072440
IIT Roorkee,Christ University,28,290,435,114,University,I48018076
IIT Roorkee,SR University,28,242,401,43,University,I4405263155
IIT Roorkee,National Institute of Technology Delhi,28,307,246,118,NIT,I44635919
IIT Roorkee,Rajiv Gandhi Institute of Petroleum Technology,28,298,143,68,Other,I98210582
IIT Roorkee,Uttaranchal University,27,751,506,96,University,I3132702812
IIT Roorkee,National Institute of Technology Durgapur,27,406,401,457,NIT,I155837530
IIT Roorkee,Babasaheb Bhimrao Ambedkar University,27,321,228,296,University,I143247161
IIT Roorkee,National Institute for Interdisciplinary Science and Technology,27,819,183,508,Other,I146682468
IIT Roorkee,Defence Metallurgical Research Laboratory,27,559,68,253,Other,I202429437
IIT Roorkee,Chitkara University,26,373,1058,214,University,I74319210
IIT Roorkee,National Remote Sensing Centre,26,423,121,360,Other,I1311524620
IIT Roorkee,Bundelkhand University,26,402,119,124,University,I190570697
IIT Roorkee,Symbiosis International University,25,585,662,217,University,I244572783
IIT Roorkee,"Indian Institute of Engineering Science and Technology, Shibpur",25,186,448,633,Other,I98365261
IIT Roorkee,Ministry of Earth Sciences,25,208,396,763,Other,I4210100914
IIT Roorkee,Central University of Rajasthan,25,443,337,241,University,I76777374
IIT Roorkee,Maharshi Dayanand University,25,830,279,220,University,I905734797
IIT Roorkee,Variable Energy Cyclotron Centre,25,202,90,295,Other,I1279672703
IIT Roorkee,Solid State Physics Laboratory,25,615,76,100,Other,I140777494
IIT Roorkee,Gurukul Kangri Vishwavidyalaya,24,533,226,202,Other,I114796046
IIT Roorkee,"Birla Institute of Technology and Science, Pilani - Goa Campus",24,323,152,138,Other,I4210148827
IIT Roorkee,South Asian University,24,599,72,90,University,I90425906
IIT Roorkee,Central Citrus Research Institute,24,560,58,44,Other,I4210133365
IIT Roorkee,Institute of Mathematical Sciences,24,406,24,73,Other,I59611059
IIT Roorkee,Koneru Lakshmaiah Education Foundation,23,277,744,207,Other,I875944469
IIT Roorkee,"SRM University, Andhra Pradesh",23,289,332,122,University,I4210100463
IIT Roorkee,GD Goenka University,23,452,101,30,University,I2802922787
IIT Roorkee,Indian Institute of Science Education and Research Thiruvananthapuram,23,262,82,141,IISER,I50557253
IIT Roorkee,Aryabhatta Research Institute of Observational Sciences,23,76,37,114,Other,I2803025293
IIT Roorkee,National Centre for Radio Astrophysics,23,401,23,77,Other,I147602599
IIT Roorkee,National Institute of Technology Karnataka,22,233,705,611,NIT,I11880225
IIT Roorkee,Indian Council of Agricultural Research,22,546,390,417,Other,I179420787
IIT Roorkee,Banasthali University,22,92,350,151,University,I102117144
IIT Roorkee,"Indian Institute of Science Education and Research, Bhopal",22,162,269,263,IISER,I288749910
IIT Roorkee,Central University of Haryana,22,232,265,110,University,I4210133503
IIT Roorkee,National Institute of Science Education and Research,22,246,215,313,IISER,I163389970
IIT Roorkee,Visva-Bharati University,22,314,213,289,University,I130291710
IIT Roorkee,University of Mumbai,22,575,196,309,University,I169877490
IIT Roorkee,National Institute of Technology Jamshedpur,21,161,609,139,NIT,I187761245
IIT Roorkee,Sharda University,21,355,475,173,University,I74885063
IIT Roorkee,SRM University,21,326,243,257,University,I4210131147
IIT Roorkee,Rajasthan Technical University,21,371,170,65,University,I159219196
IIT Roorkee,Birbal Sahni Institute of Palaeosciences,21,124,143,336,Other,I4405261827
IIT Roorkee,Indira Gandhi Delhi Technical University for Women,21,300,140,119,University,I4210143260
IIT Roorkee,Jaypee University of Information Technology,21,231,128,153,IIIT,I153954893
IIT Roorkee,Indian Institute of Space Science and Technology,21,420,93,151,Other,I882761360
IIT Roorkee,Uttarakhand Technical University,21,261,77,41,University,I201750527
IIT Roorkee,"Anna University, Chennai",20,1045,847,1478,University,I33585257
IIT Roorkee,National Institute of Technology Calicut,20,151,557,469,NIT,I114845381
IIT Roorkee,Shoolini University,20,781,488,415,University,I4210133311
IIT Roorkee,University of Jammu,20,1209,351,596,University,I145846420
IIT Roorkee,Guru Gobind Singh Indraprastha University,20,254,291,207,University,I105454292
IIT Roorkee,Harcourt Butler Technical University,20,725,262,80,University,I4210090456
IIT Roorkee,Odisha University of Agriculture and Technology,20,884,112,78,University,I13567498
IIT Roorkee,Indian Veterinary Research Institute,20,555,63,120,Other,I185790649
IIT Roorkee,Veer Chandra Singh Garhwali Uttarakhand University of Horticulture & Forestry,20,639,18,70,University,I4210095517
IIT Roorkee,University of Allahabad,19,400,508,565,University,I168893459
IIT Roorkee,Savitribai Phule Pune University,19,226,475,732,University,I878213199
IIT Roorkee,Parul University,19,225,352,66,University,I9694494
IIT Roorkee,Bennett University,19,167,282,44,University,I3129773123
IIT Roorkee,Deenbandhu Chhotu Ram University of Science and Technology,19,423,201,122,University,I253188195
IIT Roorkee,Gautam Buddha University,19,273,191,88,University,I72769676
IIT Roorkee,Shiv Nadar University,19,161,152,183,University,I26604189
IIT Roorkee,Doon University,19,506,146,144,University,I44565152
IIT Roorkee,National Aerospace Laboratories,19,265,50,145,Other,I1286499117
IIT Roorkee,Institute of Nuclear Medicine & Allied Sciences,19,221,50,58,Other,I4210114989
IIT Roorkee,Maharaj Vijayaram Gajapathi Raj College of Engineering,19,609,46,103,Other,I4210094866
IIT Roorkee,Saveetha University,18,416,2128,568,University,I85461943
IIT Roorkee,Siksha O Anusandhan University,18,383,632,392,University,I193073490
IIT Roorkee,Kurukshetra University,18,309,319,347,University,I178000100
IIT Roorkee,National Chemical Laboratory,18,424,180,956,Other,I3125981224
IIT Roorkee,Central Drug Research Institute,18,230,96,189,Other,I185249246
IIT Roorkee,Post Graduate Institute of Medical Education and Research,18,341,64,215,Other,I45294948
IIT Roorkee,GITAM University,17,170,415,181,University,I885392262
IIT Roorkee,Central Salt and Marine Chemicals Research Institute,17,313,154,518,Other,I128420443
IIT Roorkee,Energy and Resources Institute,17,488,124,357,Other,I1286858202
IIT Roorkee,Indian Institute of Science Education and Research Pune,17,71,77,265,IISER,I181996519
IIT Roorkee,Indian Institute of Technology Dharwad,16,302,178,30,IIT,I4210152718
IIT Roorkee,Chaudhary Charan Singh University,16,385,170,120,University,I303593345
IIT Roorkee,Translational Health Science and Technology Institute,16,218,60,82,Other,I2801880299
IIT Roorkee,Tata Steel (India),16,185,60,213,Other,I87816474
IIT Roorkee,Indraprastha Institute of Information Technology Delhi,16,118,53,98,IIIT,I119939252
IIT Roorkee,Bharat Heavy Electricals (India),16,146,32,88,Other,I25547181
IIT Roorkee,Center for Excellence in Basic Sciences,16,103,22,68,Other,I4210156819
IIT Roorkee,Punjab Agricultural University,15,260,263,341,University,I899646
IIT Roorkee,Shri Mata Vaishno Devi University,15,257,226,157,University,I59179055
IIT Roorkee,Jamia Hamdard,15,307,185,329,Other,I19716509
IIT Roorkee,Indian Association for the Cultivation of Science,15,370,170,659,Other,I165998391
IIT Roorkee,Central University of Tamil Nadu,15,837,163,107,University,I112471378
IIT Roorkee,Islamic University of Science and Technology,15,216,157,42,University,I4264650
IIT Roorkee,Sam Higginbottom Institute of Agriculture,15,512,125,135,Other,I223959643
IIT Roorkee,National Centre for Polar and Ocean Research,15,144,92,154,Other,I106814784
IIT Roorkee,Vikram Sarabhai Space Centre,15,137,62,288,Other,I71374576
IIT Roorkee,Central University of Punjab,14,708,303,174,University,I114724429
IIT Roorkee,Indian Institute of Technology Bhilai,14,175,142,55,IIT,I4210121466
IIT Roorkee,Dr. A.P.J. Abdul Kalam Technical University,14,127,132,43,University,I116943215
IIT Roorkee,Deen Dayal Upadhyaya Gorakhpur University,14,202,114,108,University,I886702836
IIT Roorkee,TKM College of Engineering,14,65,97,62,Other,I4405253803
IIT Roorkee,Uttarakhand Government,14,230,52,50,Other,I4210124730
IIT Roorkee,"D.B.S. (P.G.) College, Dehradun",14,419,49,43,Other,I4405278071
IIT Roorkee,Bose Institute,14,141,47,199,Other,I152754861
IIT Roorkee,Tata Consultancy Services (India),14,117,40,76,Other,I55215948
IIT Roorkee,Scottish Church College,14,176,39,40,Other,I4405275758
IIT Roorkee,National Institute of Technology Agartala,13,46,408,230,NIT,I196486160
IIT Roorkee,National Geophysical Research Institute,13,84,196,976,Other,I22716965
IIT Roorkee,National Institute of Technology Andhra Pradesh,13,61,160,46,NIT,I4210153924
IIT Roorkee,Institute of Minerals and Materials Technology,13,106,158,361,Other,I4210107015
IIT Roorkee,Indian Institute of Technology Palakkad,13,49,105,141,IIT,I4210113248
IIT Roorkee,"Indian Institute of Information Technology, Design and Manufacturing, Kancheepuram",13,54,98,48,IIIT,I39244652
IIT Roorkee,UGC DAE Consortium for Scientific Research,13,103,88,130,Other,I4210132317
IIT Roorkee,TERI University,13,518,84,269,University,I118315836
IIT Roorkee,Dayalbagh Educational Institute,13,180,84,78,Other,I178254495
IIT Roorkee,National Institute of Technology Manipur,13,28,76,54,NIT,I265627732
IIT Roorkee,Regional Centre for Biotechnology,13,136,73,52,Other,I4210094671
IIT Roorkee,Swami Rama Himalayan University,13,108,70,19,University,I2802000655
IIT Roorkee,National Atmospheric Research Laboratory,13,95,34,186,Other,I152870717
IIT Roorkee,P.V. Narsimha Rao Telangana Veterinary University,13,1076,23,17,University,I4210098074
IIT Roorkee,Intel (India),13,119,14,16,Other,I4210146682
IIT Roorkee,Institute of Chemical Technology,12,470,316,557,Other,I167751958
IIT Roorkee,Pondicherry University,12,495,307,416,University,I175691731
IIT Roorkee,Central University of Jammu,12,107,264,101,University,I4210142231
IIT Roorkee,Presidency University,12,234,262,273,University,I157674215
IIT Roorkee,Central University of Jharkhand,12,95,197,254,University,I175970653
IIT Roorkee,"Vignan's Foundation for Science, Technology & Research",12,111,172,94,Other,I149313025
IIT Roorkee,Dr. Hari Singh Gour University,12,169,162,193,University,I8977528
IIT Roorkee,Himachal Pradesh University,12,204,156,152,University,I904467727
IIT Roorkee,COEP Technological University,12,113,139,90,University,I4405273661
IIT Roorkee,Central University of Gujarat,12,197,122,137,University,I89095802
IIT Roorkee,Punjab Remote Sensing Centre,12,513,59,60,Other,I4210131364
IIT Roorkee,Ashoka University,12,52,15,21,University,I347237974
IIT Roorkee,Indian Institute of Chemical Technology,11,458,243,797,Other,I55664587
IIT Roorkee,Osmania University,11,247,155,266,University,I8975392
IIT Roorkee,Kumaun University,11,84,137,396,University,I119311299
IIT Roorkee,Rajiv Gandhi University,11,193,98,38,University,I4210102005
IIT Roorkee,Haldia Institute of Technology,11,30,69,77,Other,I175399479
IIT Roorkee,National Dairy Research Institute,11,164,67,106,Other,I187279525
IIT Roorkee,Defence Materials and Stores Research and Development Establishment,11,107,43,62,Other,I4210113972
IIT Roorkee,Avantha Centre for Industrial Research & Development,11,308,32,62,Other,I4210129589
IIT Roorkee,Raman Research Institute,11,231,21,66,Other,I119598438
IIT Roorkee,Ministry of Agriculture & Farmers Welfare,11,109,17,17,Other,I4210105197
IIT Roorkee,Central Institute for Cotton Research,11,126,15,17,Other,I185412522
IIT Roorkee,Marwadi Education Foundation,11,233,15,18,Other,I4210094966
IIT Roorkee,International Institute of Information Technology Bangalore,11,32,13,26,IIIT,I181514455
IIT Roorkee,Indian Institute of Information Technology Kalyani,11,179,12,8,IIIT,I4405259730
IIT Roorkee,Defence Electronics Application Laboratory,11,25,3,17,Other,I4210144350
IIT Roorkee,Vel Tech Rangarajan Dr. Sagunthala R&D Institute of Science and Technology,10,58,466,162,Other,I1330855593
IIT Roorkee,Cochin University of Science and Technology,10,126,293,352,University,I20497027
IIT Roorkee,Marwadi University,10,121,280,42,University,I3132999081
IIT Roorkee,Guru Jambheshwar University of Science and Technology,10,157,243,307,University,I15896350
IIT Roorkee,Guru Ghasidas Vishwavidyalaya,10,145,203,151,Other,I26285277
IIT Roorkee,India Meteorological Department,10,89,153,697,Other,I2802599571
IIT Roorkee,Gyan Vihar University,10,65,113,60,University,I91894341
IIT Roorkee,Government of Haryana,10,355,96,55,Other,I2799795791
IIT Roorkee,"Islamic University of Science and Technology, Kashmir",10,96,76,28,University,I4405256391
IIT Roorkee,National Institute of Oceanography,10,73,75,331,Other,I75093019
IIT Roorkee,Central Institute of Mining and Fuel Research,10,193,71,185,Other,I4210127669
IIT Roorkee,Goa University,10,131,65,73,University,I140887281
IIT Roorkee,Indian Institute of Management Kashipur,10,139,64,36,Other,I2799289540
IIT Roorkee,"UGC-DAE Consortium for Scientific Research, Mumbai Centre",10,112,47,39,Other,I4405260855
IIT Roorkee,Central Electronics Engineering Research Institute,10,42,43,102,Other,I41763900
IIT Roorkee,Tezpur University,9,137,334,364,University,I126601174
IIT Roorkee,Veer Surendra Sai University of Technology,9,66,281,182,University,I185065464
IIT Roorkee,National Environmental Engineering Research Institute,9,295,275,527,Other,I170347488
IIT Roorkee,Integral University,9,145,190,89,University,I189949046
IIT Roorkee,Indian Institute of Tropical Meteorology,9,200,187,850,Other,I1333651918
IIT Roorkee,University of Kalyani,9,338,174,297,University,I77501641
IIT Roorkee,MIT World Peace University,9,86,165,40,University,I4210088227
IIT Roorkee,The NorthCap University,9,24,132,93,University,I129798099
IIT Roorkee,Maulana Azad National Urdu University,9,156,127,21,University,I3133391162
IIT Roorkee,Government of West Bengal,9,80,112,96,Other,I2801424531
IIT Roorkee,Central University of Kashmir,9,492,107,19,University,I76202665
IIT Roorkee,Central Glass and Ceramic Research Institute,9,127,77,169,Other,I1309307044
IIT Roorkee,"Institute of Physics, Bhubaneshwar",9,156,73,187,Other,I40912709
IIT Roorkee,Forest Research Institute,9,156,68,85,Other,I128076159
IIT Roorkee,Indian Institute of Integrative Medicine,9,169,47,119,Other,I4210108071
IIT Roorkee,Glocal University,9,95,39,30,University,I3130698519
IIT Roorkee,Ministry of Defence,9,80,39,75,Other,I4210150591
IIT Roorkee,Institute for Plasma Research,9,35,34,48,Other,I4210106276
IIT Roorkee,Institute of Genomics and Integrative Biology,9,215,25,120,Other,I177828482
IIT Roorkee,Snow & Avalanche Study Estt,9,152,18,201,Other,I173811610
IIT Roorkee,Indian Maritime University,9,89,9,6,University,I47885761
IIT Roorkee,Terminal Ballistics Research Laboratory,9,115,9,23,Other,I56365517
IIT Roorkee,Keshava Deva Malaviya Institute of Petroleum Exploration,9,135,6,15,Other,I4405277128
IIT Roorkee,Texas Instruments (India),9,26,0,21,Other,I4210109535
IIT Roorkee,Sathyabama Institute of Science and Technology,8,286,468,258,Other,I43814544
IIT Roorkee,Indian Agricultural Research Institute,8,134,299,456,Other,I45509622
IIT Roorkee,Bharathiar University,8,178,242,431,University,I111575329
IIT Roorkee,Shri Govindram Seksaria Institute of Technology and Science,8,306,215,63,Other,I4405278167
IIT Roorkee,Jaipuria Institute of Management,8,200,169,44,Other,I26771391
IIT Roorkee,Central University of Himachal Pradesh,8,159,153,100,University,I180952551
IIT Roorkee,Aliah University,8,83,133,60,University,I180765649
IIT Roorkee,"Indian Institute of Science Education and Research, Tirupati",8,51,112,127,IISER,I4210140410
IIT Roorkee,University of Gour Banga,8,40,110,191,University,I33932797
IIT Roorkee,Charotar University of Science and Technology,8,139,109,93,University,I33459947
IIT Roorkee,International Institute for Population Sciences,8,260,72,99,Other,I197882922
IIT Roorkee,Indian Institute of Management Lucknow,8,109,69,104,Other,I91699865
IIT Roorkee,Indira Gandhi Agricultural University,8,161,67,49,University,I20632288
IIT Roorkee,Techno India University,8,347,57,26,University,I1288043984
IIT Roorkee,LNM Institute of Information Technology,8,30,56,46,IIIT,I33552525
IIT Roorkee,BML Munjal University,8,57,54,36,University,I1323093577
IIT Roorkee,Pandit Ravishankar Shukla University,8,6,49,86,University,I38192578
IIT Roorkee,Invertis University,8,78,42,10,University,I19688894
IIT Roorkee,Maharaja Sriram Chandra Bhanja Deo University,8,88,40,8,University,I58782413
IIT Roorkee,Bethune College,8,123,29,25,Other,I4405270080
IIT Roorkee,Central Pulp & Paper Research Institute,8,89,20,16,Other,I4210125508
IIT Roorkee,U. R. Rao Satellite Centre,8,140,19,32,Other,I4405258076
IIT Roorkee,Wipro (India),8,16,12,8,Other,I4210090636
IIT Roorkee,Chennai Mathematical Institute,8,24,10,30,Other,I19149307
IIT Roorkee,Central Institute of Temperate Horticulture,8,163,8,5,Other,I4210125584
IIT Roorkee,MNR Medical College and Hospital,8,164,4,0,Other,I4210144026
IIT Roorkee,Punjab Technical University,7,138,243,222,University,I94616015
IIT Roorkee,Gujarat Technological University,7,383,241,53,University,I29563240
IIT Roorkee,University of Kerala,7,55,216,246,University,I158338959
IIT Roorkee,Vidyasagar University,7,99,194,239,University,I41549804
IIT Roorkee,Centurion University of Technology and Management,7,84,175,62,University,I47639616
IIT Roorkee,G.L. Bajaj Institute of Technology and Management Greater Noida,7,197,165,52,Other,I4405263758
IIT Roorkee,VIT Bhopal University,7,81,149,29,University,I4405263090
IIT Roorkee,Chaudhary Charan Singh Haryana Agricultural University,7,84,148,135,University,I24927338
IIT Roorkee,Chaitanya Bharathi Institute of Technology,7,48,147,35,Other,I134892692
IIT Roorkee,Teerthanker Mahaveer University,7,17,142,32,University,I134705546
IIT Roorkee,Siddhartha Academy of Higher Education,7,68,135,55,Other,I4405262028
IIT Roorkee,Indian Institute of Toxicology Research,7,489,130,367,Other,I85145500
IIT Roorkee,Indian Institute of Management Mumbai,7,371,121,178,Other,I864998749
IIT Roorkee,National Centre for Earth Science Studies,7,176,111,109,Other,I84913233
IIT Roorkee,Institute of Himalayan Bioresource Technology,7,157,109,112,Other,I4210128326
IIT Roorkee,Rashtrasant Tukadoji Maharaj Nagpur University,7,130,97,138,University,I133978751
IIT Roorkee,National Metallurgical Laboratory,7,46,83,255,Other,I4210111921
IIT Roorkee,Adamas University,7,32,82,51,University,I3130244785
IIT Roorkee,Jawaharlal Nehru Centre for Advanced Scientific Research,7,52,81,513,Other,I147481903
IIT Roorkee,Indian Council of Medical Research,7,68,80,142,Other,I37048141
IIT Roorkee,Central Leather Research Institute,7,323,79,335,Other,I112576028
IIT Roorkee,Puducherry Technological University,7,205,64,71,University,I4405254494
IIT Roorkee,Lalit Narayan Mithila University,7,309,63,3,University,I3130357712
IIT Roorkee,Tata Institute of Social Sciences,7,124,52,60,Other,I79741504
IIT Roorkee,Indian Institute of Science Education and Research Berhampur,7,33,51,38,IISER,I4210115612
IIT Roorkee,Eternal University,7,91,49,37,University,I46781620
IIT Roorkee,Baba Ghulam Shah Badshah University,7,59,46,27,University,I299920578
IIT Roorkee,Indian Institute of Information Technology Kota,7,38,45,3,IIIT,I4405265662
IIT Roorkee,Indian Institute of Information Technology Guwahati,7,64,44,33,IIIT,I4210089896
IIT Roorkee,IITB-Monash Research Academy,7,139,35,162,Other,I2802772015
IIT Roorkee,Central Pollution Control Board,7,85,31,79,Other,I14467051
IIT Roorkee,National Institute of Solar Energy,7,28,20,36,Other,I4210155121
IIT Roorkee,"CHRIST (Deemed to be) University, Delhi NCR",7,104,17,7,University,I4405253679
IIT Roorkee,Bharathidasan University,6,216,291,409,University,I4076070
IIT Roorkee,Amity University Gurugram,6,225,232,107,University,I4405262955
IIT Roorkee,University of Burdwan,6,233,212,374,University,I132359460
IIT Roorkee,"J.C. Bose University of Science & Technology, YMCA",6,69,175,94,University,I55124831
IIT Roorkee,Sher-e-Kashmir University of Agricultural Sciences and Technology of Kashmir,6,209,174,77,University,I1306687154
IIT Roorkee,KR Mangalam University,6,9,132,21,University,I4210114149
IIT Roorkee,North Eastern Regional Institute of Science and Technology,6,55,130,171,Other,I160302567
IIT Roorkee,G.B. Pant Institute of Himalayan Environment and Development,6,41,117,197,Other,I4210163968
IIT Roorkee,Mohanlal Sukhadia University,6,72,117,116,University,I43218427
IIT Roorkee,Shree Guru Gobind Singh Tricentenary University,6,57,109,25,University,I3130021832
IIT Roorkee,NIMS University,6,11,103,15,University,I2800157045
IIT Roorkee,College of Engineering Trivandrum,6,9,96,73,Other,I4405254352
IIT Roorkee,Advanced Materials and Processes Research Institute,6,49,81,159,Other,I115635661
IIT Roorkee,Government of Uttar Pradesh,6,48,75,27,Other,I2801491316
IIT Roorkee,Dolphin (PG) Institute of Bio Medical and Natural Science,6,185,72,27,Other,I4210138733
IIT Roorkee,Biju Patnaik University of Technology,6,38,71,47,University,I4028839
IIT Roorkee,International Institute of Information Technology,6,181,59,47,IIIT,I4210097016
IIT Roorkee,S.N. Bose National Centre for Basic Sciences,6,567,54,139,Other,I77430839
IIT Roorkee,XIM University,6,207,44,24,University,I4210137468
IIT Roorkee,"Ministry of Environment, Forests and Climate Change",6,104,43,51,Other,I1291012402
IIT Roorkee,Akal University,6,28,41,15,University,I3132890203
IIT Roorkee,Dharmsinh Desai University,6,92,37,12,University,I10008193
IIT Roorkee,Ministry of Jal Shakti,6,41,31,11,Other,I4405270522
IIT Roorkee,Institute of Microbial Technology,6,124,27,126,Other,I4210147764
IIT Roorkee,National Institute of Plant Genome Research,6,58,24,46,Other,I4210153536
IIT Roorkee,Dhirubhai Ambani University,6,338,23,19,University,I98389781
IIT Roorkee,L V Prasad Eye Institute,6,39,19,24,Other,I2801255070
IIT Roorkee,"Government Engineering College, Banka",6,24,13,2,Other,I4405268831
IIT Roorkee,Samsung (India),6,46,12,21,Other,I4210139030
IIT Roorkee,Central Institute for Research on Cattle,6,71,6,6,Other,I4210109069
IIT Roorkee,St. Xavier's College,6,185,4,25,Other,I4405282102
IIT Roorkee,Asia Pacific Institute of Management,6,393,1,2,Other,I6805998
IIT Roorkee,Jain University,5,115,599,219,University,I106826634
IIT Roorkee,Visvesvaraya Technological University,5,25,438,245,University,I65674248
IIT Roorkee,Karunya University,5,145,354,212,University,I119668213
IIT Roorkee,Alliance University,5,41,256,56,University,I144614875
IIT Roorkee,Nirma University,5,148,240,144,University,I165831266
IIT Roorkee,Aditya University,5,17,196,35,University,I4405262389
IIT Roorkee,Narsee Monjee Institute of Management Studies,5,46,181,92,Other,I226983648
IIT Roorkee,University of Rajasthan,5,222,153,204,University,I99552915
IIT Roorkee,Periyar University,5,5,143,187,University,I141431873
IIT Roorkee,Mahaveer University,5,17,142,30,University,I4405260859
IIT Roorkee,"National Institute of Technical Teachers Training and Research, Chandigarh",5,61,136,121,Other,I4210094717
IIT Roorkee,Defence Institute of Advanced Technology,5,112,126,118,Other,I156406944
IIT Roorkee,Siddaganga Institute of Technology,5,211,121,69,Other,I4387153738
IIT Roorkee,Indira Gandhi National Tribal University,5,111,121,38,University,I296362101
IIT Roorkee,PSG College of Technology,5,65,118,206,Other,I4405254442
IIT Roorkee,Institute of Infrastructure Technology Research and Management,5,29,111,69,Other,I3130511786
IIT Roorkee,National Institute of Food Technology Entrepreneurship and Management,5,14,102,70,Other,I342702707
IIT Roorkee,Indira Gandhi Centre for Atomic Research,5,98,100,403,DAE,I2802630050
IIT Roorkee,National Institute of Pharmaceutical Education and Research,5,160,97,202,Other,I4210146715
IIT Roorkee,Dayananda Sagar University,5,18,96,19,University,I4400573291
IIT Roorkee,National Institute of Technology Arunachal Pradesh,5,60,73,27,NIT,I57496824
IIT Roorkee,Shobhit University,5,11,63,27,University,I191247993
IIT Roorkee,Yenepoya University,5,39,61,35,University,I158688498
IIT Roorkee,Maharaja Surajmal Institute of Technology,5,113,57,20,Other,I4405277354
IIT Roorkee,Indian Institute of Soil and Water Conservation,5,26,53,95,Other,I4210158105
IIT Roorkee,Centre for Nano and Soft Matter Sciences,5,68,52,33,Other,I4210115714
IIT Roorkee,Kakatiya University,5,153,52,47,University,I28210344
IIT Roorkee,Indian Institute of Management Indore,5,22,49,43,Other,I33003672
IIT Roorkee,Heritage Institute of Technology,5,48,49,35,Other,I4405272644
IIT Roorkee,Indian Institute of Technology Goa,5,76,48,60,IIT,I4210112052
IIT Roorkee,Institute of Seismological Research,5,40,46,242,Other,I4210095987
IIT Roorkee,Central Institute of Medicinal and Aromatic Plants,5,142,45,82,Other,I68145777
IIT Roorkee,"Marwari College, Darbhanga",5,38,45,2,Other,I4405262933
IIT Roorkee,"Engineering College, Ajmer",5,95,44,24,Other,I4405279953
IIT Roorkee,Ajay Kumar Garg Engineering College,5,20,38,23,Other,I4405257060
IIT Roorkee,D.Y. Patil Education Society,5,80,36,19,Other,I4210145115
IIT Roorkee,Raja Ramanna Centre for Advanced Technology,5,66,34,107,DAE,I1289303365
IIT Roorkee,Meghnad Saha Institute of Technology,5,71,32,29,DAE,I4405273617
IIT Roorkee,School of Planning and Architecture Delhi,5,6,31,20,Other,I1329536732
IIT Roorkee,Soban Singh Jeena University,5,7,30,14,University,I4405260884
IIT Roorkee,National Institute of Advanced Studies,5,161,29,37,Other,I22956069
IIT Roorkee,National Institute of Disaster Management,5,9,26,27,Other,I242113363
IIT Roorkee,D Y Patil International University,5,5,21,3,University,I4210096567
IIT Roorkee,Indian Institute of Management Ahmedabad,5,41,19,99,Other,I150870154
IIT Roorkee,Centre for Cellular and Molecular Biology,5,26,18,57,Other,I185638415
IIT Roorkee,West Bengal University of Animal and Fishery Sciences,5,223,15,26,University,I75444546
IIT Roorkee,Operation Eyesight Universal Institute for Eye Cancer,5,36,11,3,Other,I4405273410
IIT Roorkee,IMS Unison University,5,185,10,3,University,I2800301432
IIT Roorkee,Defence Research and Development Establishment,5,206,9,104,Other,I2800900741
IIT Roorkee,Power Grid Corporation (India),5,114,9,14,Other,I867306930
IIT Roorkee,Indian Army,5,113,9,41,Other,I2800341339
IIT Roorkee,Indian Institute of Management Udaipur,5,41,8,9,Other,I46130087
IIT Roorkee,"Council on Energy, Environment and Water",5,26,7,25,Other,I4210111415
IIT Roorkee,Muljibhai Patel Urological Hospital,5,13,1,0,Other,I2800452302
IIT Roorkee,TIFR Centre for Applicable Mathematics,5,0,1,5,Other,I94595606
IIT Roorkee,Sri Sivasubramaniya Nadar College of Engineering,4,8,357,253,Other,I916357946
IIT Roorkee,Aditya Institute of Technology and Management,4,3,262,20,Other,I4405270565
IIT Roorkee,Madurai Kamaraj University,4,39,180,245,University,I13268429
IIT Roorkee,"Jawaharlal Nehru Technological University, Hyderabad",4,70,166,268,University,I10874241
IIT Roorkee,Dibrugarh University,4,19,155,92,University,I64128412
IIT Roorkee,Mizoram University,4,96,150,112,University,I195459967
IIT Roorkee,North Bengal University,4,47,141,86,University,I56090587
IIT Roorkee,Ramaiah Institute of Technology,4,49,139,140,Other,I4405255153
IIT Roorkee,Nagaland University,4,9,112,42,University,I61198380
IIT Roorkee,National Council Of Educational Research And Training,4,26,110,22,Other,I15949855
IIT Roorkee,Government of Gujarat,4,65,103,154,Other,I2802014819
IIT Roorkee,"International Institute of Information Technology, Hyderabad",4,11,102,218,IIIT,I64189192
IIT Roorkee,Noida Institute of Engineering and Technology,4,355,100,29,Other,I4405260775
IIT Roorkee,Tripura University,4,251,100,48,University,I72677176
IIT Roorkee,Sona College of Technology,4,37,93,42,Other,I4405257457
IIT Roorkee,Sikkim Manipal University,4,78,88,58,University,I81433678
IIT Roorkee,National Botanical Research Institute,4,79,79,144,Other,I170396143
IIT Roorkee,Ravenshaw University,4,13,76,72,University,I6013171
IIT Roorkee,JECRC University,4,15,70,29,University,I3131927718
IIT Roorkee,T A Pai Management Institute,4,90,68,26,Other,I213512949
IIT Roorkee,"Regional Institute of Education, Bhubaneswar",4,26,67,22,Other,I4405272889
IIT Roorkee,T.K.M Institute of Technology,4,275,65,14,Other,I4405258373
IIT Roorkee,Patna University,4,32,64,55,University,I2534966
IIT Roorkee,Indian Institute of Management Ranchi,4,44,60,17,Other,I4210162014
IIT Roorkee,Government of Himachal Pradesh,4,7,59,45,Other,I4210098857
IIT Roorkee,Government of Kerala,4,12,58,31,Other,I2800731441
IIT Roorkee,Delhi Pharmaceutical Science and Research University,4,89,57,28,University,I39238937
IIT Roorkee,Indian Institute of Geomagnetism,4,21,56,149,Other,I4405266797
IIT Roorkee,North Eastern Space Applications Centre,4,62,56,41,Other,I4210130634
IIT Roorkee,Indian Institute of Management Raipur,4,191,54,24,Other,I111245572
IIT Roorkee,Zoological Survey of India,4,95,52,11,Other,I1338006420
IIT Roorkee,"Jaypee University of Engineering and Technology, Guna",4,62,50,65,University,I25205351
IIT Roorkee,Assam Down Town University,4,76,47,20,University,I49068896
IIT Roorkee,Kazi Nazrul University,4,37,46,30,University,I3131729800
IIT Roorkee,Flame University,4,346,45,28,University,I2802865875
IIT Roorkee,Bihar Engineering University,4,12,43,2,University,I4405262542
IIT Roorkee,Department of Science and Technology,4,241,41,81,Other,I4210098748
IIT Roorkee,Centre for Development of Advanced Computing,4,51,39,109,Other,I1331500379
IIT Roorkee,Kannur University,4,18,37,13,University,I52703040
IIT Roorkee,Central Muga Eri Research and Training Institute,4,51,33,16,Other,I4210161565
IIT Roorkee,Yenepoya Research Centre,4,9,32,18,Other,I4405268903
IIT Roorkee,Structural Engineering Research Centre,4,36,27,46,Other,I1341020899
IIT Roorkee,Rajkiya Engineering College Azamgarh,4,35,27,9,Other,I4387154860
IIT Roorkee,Sandip University Sijoul Madhubani Bihar,4,15,25,0,University,I4405263055
IIT Roorkee,Cluster University Srinagar,4,238,23,38,University,I4210099876
IIT Roorkee,Central Soil Salinity Research Institute,4,28,21,75,Other,I1342238530
IIT Roorkee,NIIT University,4,50,21,20,University,I4210123960
IIT Roorkee,Poornima Institute of Engineering and Technology,4,0,19,8,Other,I4405274437
IIT Roorkee,Indian Oil Corporation (India),4,33,14,51,Other,I173709673
IIT Roorkee,Indian Institute for Human Settlements,4,2,12,29,Other,I4210136078
IIT Roorkee,Central Water and Power Research Station,4,7,11,59,Other,I2801092184
IIT Roorkee,Pandit Bhagwat Dayal Sharma University of Health Sciences,4,207,11,8,University,I4210140486
IIT Roorkee,Ramakrishna Mission Vidyalaya,4,14,11,20,Other,I4210141018
IIT Roorkee,All India Institute of Medical Sciences Bhopal,4,17,11,9,AIIMS,I4210106490
IIT Roorkee,National Institute of High Security Animal Diseases,4,18,8,15,Other,I4210128070
IIT Roorkee,All India Shri Shivaji Memorial Society College of Engineering,4,40,7,11,Other,I4405259125
IIT Roorkee,ABB (India),4,62,6,50,Other,I4210141791
IIT Roorkee,National AIDS Research Institute,4,35,6,17,Other,I4210159305
IIT Roorkee,"Indian Institute of Information Technology Senapati, Manipur",4,0,4,2,IIIT,I4210161644
IIT Roorkee,Sitamarhi Institute of Technology,4,405,3,1,Other,I4405260237
IIT Roorkee,All India Institute of Medical Sciences Bibinagar,4,12,2,2,AIIMS,I4405252828
IIT Roorkee,Atomic Energy Regulatory Board,4,36,1,13,DAE,I1283797469
IIT Roorkee,Jaslok Hospital,4,489,1,24,Other,I2802099312
IIT Roorkee,Karpagam Academy of Higher Education,3,7,435,114,Other,I65220239
IIT Roorkee,University of Madras,3,466,260,357,University,I215927
IIT Roorkee,Gauhati University,3,18,225,211,University,I138537684
IIT Roorkee,Mahatma Gandhi University,3,0,223,447,University,I177436651
IIT Roorkee,Hindustan Institute of Technology and Science,3,10,221,103,Other,I43663321
IIT Roorkee,North East Institute of Science and Technology,3,336,173,192,Other,I2800857658
IIT Roorkee,Andhra University,3,8,171,333,University,I100887729
IIT Roorkee,Alagappa University,3,54,165,248,University,I131155284
IIT Roorkee,Maharaja Ranjit Singh Punjab Technical University,3,45,133,66,University,I4210136518
IIT Roorkee,Bharati Vidyapeeth (Deemed to be University),3,248,132,111,University,I887998513
IIT Roorkee,Central Agricultural University,3,44,132,61,University,I76253773
IIT Roorkee,Swami Vivekanand Subharti University,3,115,121,10,University,I2799707979
IIT Roorkee,APJ Abdul Kalam Technological University,3,4,118,32,University,I3129367976
IIT Roorkee,PES University,3,17,110,83,University,I196608512
IIT Roorkee,Datta Meghe Institute of Higher Education and Research,3,271,104,19,Other,I4210130476
IIT Roorkee,Institute of Management Technology,3,57,99,41,Other,I166533956
IIT Roorkee,Gujarat University,3,31,93,123,University,I114173286
IIT Roorkee,Cotton University,3,36,86,72,University,I4210102512
IIT Roorkee,Amity University Jaipur,3,22,86,51,University,I4405263076
IIT Roorkee,National Institute of Pharmaceutical Education and Research,3,53,84,218,Other,I4210152674
IIT Roorkee,International Centre for Genetic Engineering and Biotechnology,3,43,79,126,Other,I4210142124
IIT Roorkee,"MIT Art, Design and Technology University",3,7,73,11,University,I4210162439
IIT Roorkee,Amity University Madhya Pradesh,3,150,69,15,University,I4405263094
IIT Roorkee,National Institute of Technology Sikkim,3,2,65,24,NIT,I101326570
IIT Roorkee,International Management Institute,3,123,63,57,Other,I158867519
IIT Roorkee,Dr. Ram Manohar Lohia Avadh University,3,5,59,58,University,I1337315214
IIT Roorkee,National Forensic Sciences University,3,60,58,26,University,I1331084196
IIT Roorkee,Fore School of Management,3,276,55,15,Other,I27878738
IIT Roorkee,Babasaheb Bhimrao Ambedkar Bihar University,3,11,54,11,University,I236004819
IIT Roorkee,Kerala University of Fisheries and Ocean Studies,3,26,51,29,University,I221342038
IIT Roorkee,Woxsen School of Business,3,19,45,20,Other,I3131870445
IIT Roorkee,West Bengal State University,3,249,43,48,University,I55862774
IIT Roorkee,Patanjali Research Foundation,3,120,40,9,Other,I4210145585
IIT Roorkee,D.Y. Patil University,3,15,37,46,University,I4210153931
IIT Roorkee,Bihar Agricultural University,3,45,37,15,University,I2800696116
IIT Roorkee,Swami Ramanand Teerth Marathwada University,3,102,36,76,University,I196652580
IIT Roorkee,Jai Prakash University,3,27,35,7,University,I2914622271
IIT Roorkee,Jai Narain Vyas University,3,176,34,71,University,I59100879
IIT Roorkee,RK University,3,5,34,27,University,I137674396
IIT Roorkee,Bankura University,3,98,34,25,University,I2801141804
IIT Roorkee,"University of Engineering & Management, Jaipur",3,7,32,5,University,I4405257789
IIT Roorkee,Indian Institute of Horticultural Research,3,185,31,13,Other,I1332470094
IIT Roorkee,Anand Agricultural University,3,47,30,71,University,I34750443
IIT Roorkee,"Centre for Incubation, Innovation, Research and Consultancy",3,71,29,35,Other,I4405272881
IIT Roorkee,Vikram University,3,20,25,44,University,I86381314
IIT Roorkee,Barkatullah University,3,323,25,28,University,I464993
IIT Roorkee,Magadh University,3,77,24,8,University,I127727965
IIT Roorkee,"Indira Gandhi University, Meerpur",3,9,21,11,University,I4210142013
IIT Roorkee,Hemchandracharya North Gujarat University,3,102,20,11,University,I335036346
IIT Roorkee,Mahavir Cancer Institute and Research Centre,3,37,20,29,Other,I4210125216
IIT Roorkee,Cluster University of Jammu,3,1,20,13,University,I4405252910
IIT Roorkee,ICAR - Central Institute for Research on Cotton Technology,3,35,18,27,Other,I4210094422
IIT Roorkee,National Institute of Immunology,3,153,18,65,Other,I4210156726
IIT Roorkee,JK Lakshmipat University,3,43,17,9,University,I912344705
IIT Roorkee,"Shiv Nadar University, Chennai",3,2,17,4,University,I4405255682
IIT Roorkee,Ministry of AYUSH,3,12,16,11,Other,I4210124368
IIT Roorkee,Ramakrishna Mission Vivekananda Centenary College,3,43,14,10,Other,I4405270341
IIT Roorkee,All India Institute of Medical Sciences Jodhpur,3,148,14,10,AIIMS,I216021267
IIT Roorkee,Vinoba Bhave University,3,31,13,13,University,I71631882
IIT Roorkee,Maulana Azad College,3,29,13,12,Other,I4405272376
IIT Roorkee,"All India Institute of Medical Sciences, Nagpur",3,69,12,1,AIIMS,I4401200305
IIT Roorkee,Jawaharlal Institute of Post Graduate Medical Education and Research,3,5,11,28,Other,I61923386
IIT Roorkee,Indian Institute of Information Technology Surat,3,1,10,2,IIIT,I4405261310
IIT Roorkee,Ministry of Electronics and Information Technology,3,12,8,25,IIIT,I4210121746
IIT Roorkee,Indian School of Business,3,0,8,41,Other,I122328836
IIT Roorkee,Institute for Stem Cell Biology and Regenerative Medicine,3,49,7,13,Other,I4210087873
IIT Roorkee,Uttarakhand Forest Department,3,4,7,2,Other,I4210142984
IIT Roorkee,Harish-Chandra Research Institute,3,36,7,52,Other,I35409948
IIT Roorkee,Indian Institute of Astrophysics,3,40,6,126,Other,I140717209
IIT Roorkee,Microsoft (India),3,46,5,5,Other,I4210162141
IIT Roorkee,Government Medical College and Hospital,3,60,4,17,Other,I4210098996
IIT Roorkee,Sri Venkateswara Institute of Medical Sciences,3,36,4,4,Other,I107740395
IIT Roorkee,Bikaner Technical University,3,89,3,1,University,I3131129740
IIT Roorkee,National Informatics Centre,3,113,3,9,Other,I4210160811
IIT Roorkee,Armed Forces Medical College,3,10,3,21,Other,I83878805
IIT Roorkee,Uttarakhand Ayurved University,3,10,2,4,University,I3131184031
IIT Roorkee,Institute of Liver and Biliary Sciences,3,23,2,4,Other,I4210123001
IIT Roorkee,Microwave Tube Research & Development Centre,3,3,1,10,Other,I4210119409
IIT Roorkee,Nil Ratan Sircar Medical College and Hospital,3,145,1,4,Other,I158908536
IIT Roorkee,Sir Ganga Ram Hospital,3,27,1,25,Other,I4210113434
IIT Roorkee,Cadence Design Systems (India),3,25,1,0,Other,I4210111610
IIT Roorkee,Iora Ecological Solutions,3,12,0,2,Other,I4210101831
IIT Roorkee,Gandhi Medical College,3,304,0,0,Other,I4210151372
IIT Roorkee,Emcure Pharmaceuticals (India),3,79,0,1,Other,I4210098465
IIT Roorkee,Defence Terrain Research Laboratory,3,23,0,11,Other,I4210112953
IIT Roorkee,SASTRA University,2,1,396,359,University,I932239252
IIT Roorkee,Punjabi University,2,48,248,212,University,I79161377
IIT Roorkee,Manav Rachna International Institute of Research and Studies,2,5,189,40,Other,I55016150
IIT Roorkee,Maharaja Sayajirao University of Baroda,2,175,172,266,University,I110116418
IIT Roorkee,Nitte Meenakshi Institute of Technology,2,13,166,21,Other,I4405268608
IIT Roorkee,University of Mysore,2,4,154,156,University,I204743663
IIT Roorkee,JSS Academy of Higher Education and Research,2,144,149,68,Other,I126824641
IIT Roorkee,Assam University,2,26,144,98,University,I49278261
IIT Roorkee,Central Mechanical Engineering Research Institute,2,15,124,204,Other,I70735523
IIT Roorkee,Sri Venkateswara University,2,77,109,222,University,I170558118
IIT Roorkee,DAV University,2,42,106,59,University,I1341847395
IIT Roorkee,"Maulana Abul Kalam Azad University of Technology, West Bengal",2,114,106,69,University,I99601430
IIT Roorkee,Brainware University,2,16,96,8,University,I4405266301
IIT Roorkee,Indira Gandhi National Open University,2,39,95,103,University,I51969498
IIT Roorkee,Thiagarajar College of Engineering,2,41,94,107,Other,I21234101
IIT Roorkee,Bharath University,2,86,94,88,University,I860813019
IIT Roorkee,Indian Institute of Management Rohtak,2,53,88,48,Other,I56308077
IIT Roorkee,Sidho-Kanho-Birsha University,2,1,88,57,University,I261330113
IIT Roorkee,Yogi Vemana University,2,127,87,52,University,I83073037
IIT Roorkee,M S Ramaiah University of Applied Sciences,2,17,86,37,University,I302410947
IIT Roorkee,Coimbatore Institute of Technology,2,1,84,96,Other,I4405262155
IIT Roorkee,Rajkiya Engineering College Kannauj,2,55,81,33,Other,I4405253485
IIT Roorkee,Central Institute of Technology Kokrajhar,2,4,76,25,Other,I4210128956
IIT Roorkee,Dr. Babasaheb Ambedkar Marathwada University,2,56,75,97,University,I165259314
IIT Roorkee,Vivekananda Institute of Professional Studies,2,1,74,4,Other,I4405263740
IIT Roorkee,Central Institute of Plastics Engineering and Technology,2,53,72,164,Other,I10640828
IIT Roorkee,Amity University Chhatisgarh,2,6,72,11,University,I4405266109
IIT Roorkee,Dr. Yashwant Singh Parmar University of Horticulture and Forestry,2,4,70,33,University,I211055903
IIT Roorkee,Rayat Bahra University,2,11,67,23,University,I2801240201
IIT Roorkee,Maharana Pratap University of Agriculture and Technology,2,3,65,108,University,I253568910
IIT Roorkee,Sardar Patel University,2,48,64,139,University,I57085157
IIT Roorkee,Vivekananda Global University,2,15,58,10,University,I4210125057
IIT Roorkee,Chhatrapati Shahu Ji Maharaj University,2,55,58,51,University,I229991691
IIT Roorkee,Indian Council of Forestry Research and Education,2,14,57,42,Other,I1286922834
IIT Roorkee,P P Savani University,2,46,56,6,University,I4405258421
IIT Roorkee,Indian Institute of Petroleum and Energy,2,11,54,17,Other,I4405263468
IIT Roorkee,BRIC-National Agri-Food and Biomanufacturing Institute,2,10,54,31,Other,I4210164849
IIT Roorkee,Amity University Mumbai,2,109,54,46,University,I4405262953
IIT Roorkee,Central University of Karnataka,2,4,54,30,University,I106053113
IIT Roorkee,Sant Gadge Baba Amravati University,2,112,53,76,University,I150513749
IIT Roorkee,IIMT University,2,89,53,3,University,I4405262983
IIT Roorkee,Kuvempu University,2,40,52,96,University,I178319760
IIT Roorkee,National Institute of Pharmaceutical Education and Research,2,30,52,51,Other,I4210103783
IIT Roorkee,Ganpat University,2,54,52,11,University,I45372603
IIT Roorkee,Institute of Medical Sciences,2,33,51,85,Other,I51317819
IIT Roorkee,National Institute of Pharmaceutical Education and Research,2,117,51,63,Other,I4210154014
IIT Roorkee,Nalanda University,2,125,51,30,University,I4210140720
IIT Roorkee,Mahindra University,2,7,50,29,University,I4210164565
IIT Roorkee,Malla Reddy University,2,1,48,3,University,I4405254961
IIT Roorkee,JSPM University,2,3,48,3,University,I4405285342
IIT Roorkee,National Institute of Science and Technology,2,14,47,56,Other,I4210098947
IIT Roorkee,International Crops Research Institute for the Semi-Arid Tropics,2,43,43,152,Other,I4210163774
IIT Roorkee,Chhattisgarh Swami Vivekanand Technical University,2,5,43,22,University,I2800818028
IIT Roorkee,Indus University,2,0,43,23,University,I70764227
IIT Roorkee,Poornima University,2,0,42,13,University,I4210126659
IIT Roorkee,Jiwaji University,2,95,41,199,University,I102471911
IIT Roorkee,Dr. Rajendra Prasad Central Agriculture University,2,42,40,35,University,I205665586
IIT Roorkee,Veer Narmad South Gujarat University,2,3,38,21,University,I10926426
IIT Roorkee,Guru Angad Dev Veterinary and Animal Sciences University,2,27,38,48,University,I223471776
IIT Roorkee,Larsen & Toubro (India),2,2,38,22,Other,I4210116539
IIT Roorkee,Research & Development Establishment (Engrs.),2,11,36,28,Other,I4210099971
IIT Roorkee,"Indian Institute of Information Technology, Nagpur",2,11,34,8,IIIT,I4210138251
IIT Roorkee,Somaiya Vidyavihar University,2,4,34,10,University,I4405262393
IIT Roorkee,Indrashil University,2,28,33,12,University,I4210162019
IIT Roorkee,ICMR-National Institute of Virology,2,6,33,69,Other,I60374024
IIT Roorkee,National Centre for Medium Range Weather Forecasting,2,12,33,148,Other,I1329084839
IIT Roorkee,Sardar Vallabhbhai Patel University of Agriculture & Technology,2,1,32,15,University,I4210098184
IIT Roorkee,K J Somaiya Institute of Management,2,4,31,10,Other,I4405279724
IIT Roorkee,"Kerala State Council for Science, Technology and Environment",2,18,31,4,Other,I1284637955
IIT Roorkee,National Institute of Pharmaceutical Education and Research - Ahmedabad,2,32,31,17,Other,I4210102411
IIT Roorkee,International Advanced Research Centre for Powder Metallurgy and New Materials,2,139,29,95,Other,I4210103291
IIT Roorkee,Defence Research and Development Laboratory,2,18,29,25,Other,I2800689258
IIT Roorkee,Rungta College of Engineering and Technology,2,19,27,10,Other,I4405258633
IIT Roorkee,Swami Vivekananda University,2,25,27,2,University,I4405254891
IIT Roorkee,Indian Institute of Management Kozhikode,2,47,27,73,Other,I132357854
IIT Roorkee,National Institute of Fashion Technology,2,1,26,6,Other,I25621075
IIT Roorkee,Ministry of Science and Technology,2,146,26,21,Other,I4210134808
IIT Roorkee,Acharya Narendra Deva University of Agriculture and Technology,2,18,26,8,University,I4210097692
IIT Roorkee,"Banda University of Agriculture and Technology, Banda",2,2,25,8,University,I4405259818
IIT Roorkee,All India Council for Technical Education,2,52,25,6,Other,I162289562
IIT Roorkee,Ramakrishna Mission Residential College,2,20,24,11,Other,I4405271030
IIT Roorkee,Sri Ramachandra Institute of Higher Education and Research,2,75,23,59,Other,I20107917
IIT Roorkee,Baddi University of Emerging Sciences and Technologies,2,147,23,19,University,I3131609308
IIT Roorkee,Sri Ramakrishna College of Arts and Science,2,4,23,18,Other,I4405258780
IIT Roorkee,Institute for Social and Economic Change,2,206,22,40,Other,I4210092443
IIT Roorkee,Shri Vishwakarma Skill University,2,32,21,4,University,I4210137508
IIT Roorkee,Agharkar Research Institute,2,42,21,58,Other,I151205615
IIT Roorkee,North Bengal Agricultural University,2,4,21,15,University,I4210116187
IIT Roorkee,Sri Sri University,2,0,20,14,University,I3129903175
IIT Roorkee,Government College of Engineering & Ceramic Technology,2,17,19,7,Other,I4405273204
IIT Roorkee,Sree Chitra Thirunal Institute for Medical Sciences and Technology,2,20,19,68,Other,I2800373951
IIT Roorkee,Indian Institute of Management Bangalore,2,9,18,67,Other,I44430492
IIT Roorkee,Ministry of Health and Family Welfare,2,15,18,22,Other,I4210148677
IIT Roorkee,Mahatma Phule Krishi Vidyapeeth,2,19,18,43,Other,I167494164
IIT Roorkee,Nagarjuna College of Engineering and Technology,2,15,17,13,Other,I4405271520
IIT Roorkee,National Bureau of Agriculturally Important Microorganisms,2,15,17,15,Other,I4210123061
IIT Roorkee,Ministry of Home Affairs,2,0,17,22,Other,I4405266773
IIT Roorkee,Regional Medical Research Center,2,112,17,9,Other,I2802952153
IIT Roorkee,Jawaharlal Nehru Krishi Vishwa Vidyalaya,2,8,17,38,Other,I290859477
IIT Roorkee,Kerala State Disaster Management Authority,2,24,17,5,Other,I4405267468
IIT Roorkee,IILM Institute for Higher Education,2,4,17,7,Other,I2801787918
IIT Roorkee,"Indian Statistical Institute, Bangalore Centre",2,1,16,19,Other,I4405280447
IIT Roorkee,Lady Brabourne College,2,70,16,5,Other,I4405271702
IIT Roorkee,Guru Nanak Institute of Technology,2,33,15,4,Other,I4405260978
IIT Roorkee,Inter-University Centre for Astronomy and Astrophysics,2,109,14,63,University,I59781447
IIT Roorkee,Meerut College,2,6,14,9,Other,I4405266925
IIT Roorkee,Indian Institute of Information Technology Bhopal,2,4,14,3,IIIT,I4405259253
IIT Roorkee,Robert Bosch (India),2,5,13,24,Other,I4210151956
IIT Roorkee,Adani Institute of Infrastructure Engineering,2,16,12,4,Other,I4210102401
IIT Roorkee,Bidhannagar College,2,35,12,6,Other,I4405270405
IIT Roorkee,India Habitat Centre,2,2,12,84,Other,I4210155917
IIT Roorkee,"Multanimal Modi College, Modinagar",2,18,12,3,Other,I4405260752
IIT Roorkee,Brahmananda Keshab Chandra College,2,22,11,3,Other,I4405277791
IIT Roorkee,Central Council for Research in Ayurvedic Science,2,6,11,9,Other,I4210089662
IIT Roorkee,University Grants Commission,2,0,10,10,University,I21131202
IIT Roorkee,Bihar National College,2,31,10,2,Other,I4405257325
IIT Roorkee,Cognizant (India),2,39,10,13,Other,I4210117535
IIT Roorkee,Survey of India,2,6,9,18,Other,I4405266064
IIT Roorkee,NSS College of Engineering Palakkad,2,1,9,5,Other,I4405253093
IIT Roorkee,Sher-i-Kashmir Institute of Medical Sciences,2,47,9,6,Other,I206040828
IIT Roorkee,Department of Atomic Energy,2,7,9,51,DAE,I3149292468
IIT Roorkee,IIHMR University,2,206,8,13,University,I183088076
IIT Roorkee,Scientific Analysis Group,2,10,8,9,Other,I4210120887
IIT Roorkee,Atal Bihari Vajpayee Institute of Medical Sciences and Dr. Ram Manohar Lohia Hospital,2,23,7,7,Other,I2800585909
IIT Roorkee,Starex University,2,41,7,0,University,I4405261292
IIT Roorkee,Atomic Minerals Directorate for Exploration and Research,2,9,7,36,DAE,I1327905553
IIT Roorkee,Botanical Survey of India,2,66,6,7,Other,I1282638777
IIT Roorkee,Birla Institute of Scientific Research,2,15,6,17,Other,I4210113324
IIT Roorkee,Society for Applied Microwave Electronics Engineering & Research,2,53,6,7,Other,I4210137186
IIT Roorkee,Shreemati Nathibai Damodar Thackersey Women's University,2,345,6,6,University,I19986915
IIT Roorkee,Uttar Pradesh Pandit Deen Dayal Upadhyaya Pashu Chikitsa Vigyan Vishwavidyalaya Evam Go-Anusandhan Sansthan,2,455,6,19,Other,I4210141180
IIT Roorkee,"Medical College and Hospital, Kolkata",2,73,6,59,Other,I68428275
IIT Roorkee,National Institute of Cholera and Enteric Diseases,2,35,5,26,Other,I4210101909
IIT Roorkee,Bhagat Phool Singh Mahila Vishwavidyalaya,2,1,5,12,Other,I3130411899
IIT Roorkee,Archaeological Survey of India,2,4,5,11,Other,I4405266383
IIT Roorkee,"Institute of Mathematics and Applications, Bhubaneswar",2,4,5,5,Other,I4405283231
IIT Roorkee,National Institute of Biomedical Genomics,2,206,4,4,Other,I4210158866
IIT Roorkee,Odisha Biodiversity Board,2,80,4,1,Other,I4405263530
IIT Roorkee,"Government Institute of Forensic Science, Nagpur",2,206,4,2,Other,I4405279661
IIT Roorkee,Jaypee University Anoopshahr,2,5,4,7,University,I4405262404
IIT Roorkee,Arni University,2,46,4,9,University,I344636078
IIT Roorkee,Max Super Speciality Hospital,2,2,4,7,Other,I2802464703
IIT Roorkee,"Government Medical College, Amritsar",2,56,4,5,Other,I2800494708
IIT Roorkee,Chanakya University,2,1,4,0,University,I4405278643
IIT Roorkee,Directorate of Onion and Garlic Research,2,15,3,0,Other,I4210117699
IIT Roorkee,ICAR-National Research Centre on Pig,2,14,2,3,Other,I4210121099
IIT Roorkee,Centre for Military Airworthiness and Certification,2,8,2,4,Other,I4210125149
IIT Roorkee,Babu Banarasi Das Northern India Institute of Technology,2,3,1,4,Other,I4405258158
IIT Roorkee,Institute of Bioinformatics and Applied Biotechnology,2,0,1,2,Other,I4210153885
IIT Roorkee,Motilal Nehru Medical College,2,5,1,5,Other,I3056136
IIT Roorkee,"Regional Cancer Center, Thiruvananthapuram",2,14,0,28,Other,I2800611740
IIT Roorkee,D.A.V Centenary Dental College,2,22,0,1,Other,I4210163719
IIT Roorkee,Department of Agriculture & Co-operation,2,14,0,1,Other,I4210152907
IIT Roorkee,Advanced Centre for Energetic Materials,2,8,0,0,Other,I4210130659
IIT Roorkee,Bhubaneswar Borooah Cancer Institute,2,40,0,5,Other,I2800073537
IIT Roorkee,Government of Mizoram,2,63,0,3,Other,I4210157823
IIT Roorkee,High Energy Materials Research Laboratory,2,20,0,20,Other,I2800703609
IIT Roorkee,Shivaji University,1,26,232,433,University,I141641110
IIT Roorkee,Gati Shakti Vishwavidyalaya,1,0,218,3,Other,I4405258170
IIT Roorkee,KPR Institute of Engineering and Technology,1,4,212,105,Other,I4210133257
IIT Roorkee,KLE Technological University,1,5,192,129,University,I3132975163
IIT Roorkee,St. Joseph’s College of Engineering,1,5,181,96,Other,I4387154592
IIT Roorkee,Dayananda Sagar College of Engineering,1,8,173,50,Other,I4405260736
IIT Roorkee,Chettinad Academy of Research and Education,1,0,147,39,Other,I220840466
IIT Roorkee,Mepco Schlenk Engineering College,1,86,123,100,Other,I4405268244
IIT Roorkee,Manonmaniam Sundaranar University,1,12,122,144,University,I182997119
IIT Roorkee,Gandhigram Rural Institute,1,2,120,192,Other,I880551032
IIT Roorkee,Sikkim University,1,0,118,74,University,I43475992
IIT Roorkee,Nitte University,1,0,112,42,University,I1333540553
IIT Roorkee,Sri Sairam Engineering College,1,0,106,69,Other,I4405271589
IIT Roorkee,"Jawaharlal Nehru Technological University, Kakinada",1,0,105,105,University,I142809039
IIT Roorkee,Yeshwantrao Chavan College of Engineering,1,1,102,27,Other,I4405284321
IIT Roorkee,PSG INSTITUTE OF TECHNOLOGY AND APPLIED RESEARCH,1,0,101,39,Other,I4210109528
IIT Roorkee,Shri Ramswaroop Memorial University,1,2,100,52,University,I4210106473
IIT Roorkee,National Institute of Technology Goa,1,6,96,30,NIT,I4210109276
IIT Roorkee,GIET University,1,43,95,29,University,I4210139271
IIT Roorkee,Vishwakarma Institute of Technology,1,3,91,35,Other,I4405261743
IIT Roorkee,JSS Science and Technology University,1,1,90,13,University,I4210137436
IIT Roorkee,Central University of Kerala,1,0,84,59,University,I35340524
IIT Roorkee,Mangalore University,1,11,83,136,University,I19008122
IIT Roorkee,Sambalpur University,1,9,81,75,University,I112754052
IIT Roorkee,ICFAI Foundation for Higher Education,1,24,77,42,Other,I4210138731
IIT Roorkee,Central Electrochemical Research Institute,1,6,76,318,Other,I106349282
IIT Roorkee,Government of Karnataka,1,11,76,47,Other,I2802584695
IIT Roorkee,Berhampur University,1,5,75,57,University,I90752740
IIT Roorkee,Central Ground Water Board,1,1,74,177,Other,I4210113437
IIT Roorkee,"Bharati Vidyapeeth's College of Engineering, Delhi",1,0,64,29,Other,I4405259495
IIT Roorkee,JIS University,1,0,60,30,University,I4405256552
IIT Roorkee,Indian Institute of Management Visakhapatnam,1,13,56,14,Other,I4210156205
IIT Roorkee,Sardar Patel University Mandi,1,37,56,17,University,I4405284406
IIT Roorkee,Indo Soviet Friendship College of Pharmacy,1,0,55,54,Other,I4210092982
IIT Roorkee,National Institute of Construction Management and Research,1,4,55,19,Other,I4210092165
IIT Roorkee,"Dr. D.Y. Patil Vidyapeeth, Pune",1,11,54,21,Other,I4210103194
IIT Roorkee,Sri Guru Granth Sahib World University,1,48,54,53,University,I199140397
IIT Roorkee,Atria Institute of Technology,1,9,53,8,Other,I4405256893
IIT Roorkee,Xavier School of Management,1,5,51,38,Other,I301324184
IIT Roorkee,Raisoni Group of Institutions,1,0,51,23,Other,I4210146358
IIT Roorkee,Sardar Swaran Singh National Institute of Bio-Energy,1,2,50,39,Other,I4210158177
IIT Roorkee,Vallurupalli Nageswara Rao Vignana Jyothi Institute of Engineering and Technology,1,13,47,6,Other,I4405263215
IIT Roorkee,Noida International University,1,2,45,10,University,I4210086299
IIT Roorkee,Manav Rachna University,1,0,45,27,University,I4405253735
IIT Roorkee,Dr. Homi Bhabha State University,1,1,44,9,DAE,I4405271898
IIT Roorkee,Raiganj University,1,9,44,54,University,I275778967
IIT Roorkee,Shri Guru Ram Rai University,1,0,44,18,University,I4405261556
IIT Roorkee,Baba Mastnath University,1,0,43,6,University,I4210134754
IIT Roorkee,Wildlife Institute of India,1,8,40,80,Other,I31888360
IIT Roorkee,Centre for Water Resources Development and Management,1,5,40,45,Other,I4210147492
IIT Roorkee,Greater Noida Institute of Technology (MBA Institute),1,3,40,3,Other,I4405262806
IIT Roorkee,National Institute of Pharmaceutical Education and Research,1,11,40,43,Other,I4210161501
IIT Roorkee,Ahmedabad University,1,0,40,46,University,I52527943
IIT Roorkee,"Kasturba Medical College, Manipal",1,0,39,50,Other,I76414455
IIT Roorkee,Priyadarshini College of Engineering,1,14,39,28,Other,I4405278111
IIT Roorkee,Devi Ahilya Vishwavidyalaya,1,0,38,61,Other,I138272832
IIT Roorkee,Davangere University,1,7,37,11,University,I214657376
IIT Roorkee,Indian Institute of Chemical Biology,1,2,36,139,Other,I160344538
IIT Roorkee,"Technology Information, Forecasting and Assessment Council",1,2,35,18,Other,I4210154636
IIT Roorkee,ICAR-National Bureau of Soil Survey and Land Use Planning,1,1,35,79,Other,I4210162299
IIT Roorkee,Mahatma Gandhi University,1,0,33,38,University,I4405260745
IIT Roorkee,Periyar Maniammai Institute of Science & Technology,1,0,33,13,Other,I207025910
IIT Roorkee,Indian Institute of Information Technology Una,1,10,33,7,IIIT,I4210127244
IIT Roorkee,Kamla Nehru Institute of Technology,1,3,32,24,Other,I4405277966
IIT Roorkee,Aryabhatta Knowledge University,1,36,32,12,University,I3133415137
IIT Roorkee,Rajiv Gandhi University of Knowledge Technologies,1,0,31,30,University,I46700001
IIT Roorkee,Medi-Caps University,1,0,31,5,University,I4210119567
IIT Roorkee,Sri Sathya Sai Institute of Higher Learning,1,4,31,26,Other,I4819740
IIT Roorkee,Midnapore College,1,0,30,34,Other,I4405274353
IIT Roorkee,Adani University,1,3,30,1,University,I4405258911
IIT Roorkee,Vidyasagar College,1,1,29,8,Other,I4405275147
IIT Roorkee,"Indian Institute of Information Technology, Pune",1,29,29,22,IIIT,I4210113821
IIT Roorkee,Great Lakes Institute of Management,1,1,28,12,Other,I81020251
IIT Roorkee,"IIMT College of Engineering, Greater Noida",1,2,28,4,Other,I4405260563
IIT Roorkee,Vignana Bharathi Institute of Technology,1,61,27,7,Other,I4405260224
IIT Roorkee,Jaipur National University,1,0,27,42,University,I9223067
IIT Roorkee,G H Raisoni University,1,5,27,4,University,I4405262502
IIT Roorkee,Tilka Manjhi Bhagalpur University,1,4,25,18,University,I96307353
IIT Roorkee,Indian Institute of Management Tiruchirappalli,1,2,25,23,Other,I2802990396
IIT Roorkee,Paavai Engineering College,1,1,24,9,Other,I4405258486
IIT Roorkee,Sri Venkateswara College of Engineering Tirupati,1,75,24,20,Other,I4405261004
IIT Roorkee,Patliputra University,1,0,24,2,University,I3131743352
IIT Roorkee,Ashoka Trust for Research in Ecology and the Environment,1,0,23,92,Other,I4210116320
IIT Roorkee,Government of Maharashtra,1,0,23,44,Other,I1315184752
IIT Roorkee,Sir Padampat Singhania University,1,8,23,12,University,I94511900
IIT Roorkee,Naval Materials Research Laboratory,1,1,23,48,Other,I4210151674
IIT Roorkee,Guru Nanak Institutions,1,33,23,6,Other,I4210130653
IIT Roorkee,National Centre for Cell Science,1,0,22,64,Other,I4210104670
IIT Roorkee,Department of Space,1,16,22,44,Other,I3148377317
IIT Roorkee,"Sanskriti University, Mathura",1,1,22,1,University,I4405258449
IIT Roorkee,Sri Krishnadevaraya University,1,0,21,81,University,I4031970
IIT Roorkee,"International Management Institute, Bhubaneswar",1,10,21,12,Other,I4405276820
IIT Roorkee,Dr. Bhimrao Ambedkar University,1,0,21,84,University,I147727580
IIT Roorkee,University of Ladakh,1,0,21,9,University,I4405272573
IIT Roorkee,AISECT University,1,6,21,12,University,I4210111553
IIT Roorkee,Ramakrishna Mission Vidyamandira,1,6,21,15,Other,I2799306724
IIT Roorkee,Ambedkar University Delhi,1,8,20,11,University,I190765188
IIT Roorkee,RCC Institute of Information Technology,1,62,20,21,IIIT,I4405278573
IIT Roorkee,Krantiguru Shyamji Krishna Verma Kachchh University,1,0,20,39,University,I3129616761
IIT Roorkee,Rani Durgavati University,1,13,19,62,University,I234615573
IIT Roorkee,Shri Venkateshwara University,1,4,19,10,University,I15517640
IIT Roorkee,Indian Institute of Packaging,1,31,19,17,Other,I4210088751
IIT Roorkee,Bharat Electronics (India),1,0,19,20,Other,I114602248
IIT Roorkee,Institute of Rural Management Anand,1,7,19,25,Other,I180801515
IIT Roorkee,TCG Crest,1,3,18,19,Other,I4210159890
IIT Roorkee,"Government College of Engineering, Kalahandi",1,0,18,4,Other,I4405263709
IIT Roorkee,Central Rice Research Institute,1,9,18,31,Other,I77541275
IIT Roorkee,Rama University,1,5,18,8,University,I2799634920
IIT Roorkee,Sri Dev Suman Uttarakhand University,1,0,17,1,University,I4405256247
IIT Roorkee,Bharat Petroleum (India),1,140,17,13,Other,I125565006
IIT Roorkee,National Institute of Abiotic Stress Management,1,0,17,22,Other,I4210166936
IIT Roorkee,Gaya College,1,12,17,7,Other,I4405278187
IIT Roorkee,Baba Farid University of Health Sciences,1,27,17,6,University,I340869894
IIT Roorkee,Institute of Life Sciences,1,9,17,34,Other,I4210118921
IIT Roorkee,Fergusson College,1,82,17,33,Other,I126227178
IIT Roorkee,Junagadh Agricultural University,1,20,17,18,University,I104917982
IIT Roorkee,Rungta College,1,2,16,10,Other,I4405259702
IIT Roorkee,Indian Institute of Management Calcutta,1,1,16,54,Other,I71495548
IIT Roorkee,RV University,1,0,16,2,University,I4405257909
IIT Roorkee,CEPT University,1,8,16,59,University,I25880638
IIT Roorkee,Jagannath University Jaipur,1,1,16,4,University,I4405261880
IIT Roorkee,Maharaja Bir Bikram University,1,1,16,10,University,I4210156902
IIT Roorkee,"Christian Medical College, Vellore",1,98,15,49,Other,I172917736
IIT Roorkee,Jogesh Chandra Chaudhuri College,1,16,15,14,Other,I4405261212
IIT Roorkee,Ministry of New and Renewable Energy,1,0,15,32,Other,I4210159250
IIT Roorkee,Munger University,1,5,15,1,University,I4210103923
IIT Roorkee,Mandsaur University,1,16,15,6,University,I4405266177
IIT Roorkee,Mewar University,1,72,15,12,University,I49702814
IIT Roorkee,Fourth Paradigm Institute,1,5,15,108,Other,I2799463389
IIT Roorkee,Desh Bhagat University,1,52,15,3,University,I3129196102
IIT Roorkee,Jabalpur Engineering College,1,4,15,20,Other,I4405253601
IIT Roorkee,"University of Agricultural Sciences, Dharwad",1,30,14,9,University,I139046659
IIT Roorkee,National Institute of Mental Health and Neurosciences,1,35,14,51,Other,I699696
IIT Roorkee,PSG Institute of Advanced Studies,1,44,14,29,Other,I4210154029
IIT Roorkee,Government of Andhra Pradesh,1,5,14,8,Other,I2800401362
IIT Roorkee,Government Engineering College Thrissur,1,1,14,29,Other,I4405276907
IIT Roorkee,National Institute of Animal Biotechnology,1,12,14,10,Other,I4210092980
IIT Roorkee,Uttarakhand State Council for Science and Technology,1,5,14,22,Other,I4210140820
IIT Roorkee,International Maize and Wheat Improvement Center,1,0,13,80,Other,I4210158324
IIT Roorkee,Rathinam College of Arts & Science,1,0,13,0,Other,I4405261075
IIT Roorkee,Indian Institute of Public Health Gandhinagar,1,98,13,16,Other,I4210156591
IIT Roorkee,Coal India (India),1,8,13,6,Other,I4210091699
IIT Roorkee,Dr Panjabrao Deshmukh Krishi Vidyapeeth,1,57,13,18,Other,I223781097
IIT Roorkee,Indian Council of Social Science Research,1,7,13,1,Other,I2801047287
IIT Roorkee,Indian Institute of Rice Research,1,6,12,8,Other,I1298986040
IIT Roorkee,Dr. C. V. Raman University,1,0,12,2,University,I3129960170
IIT Roorkee,Government College of Engineering and Leather Technology,1,1,12,16,Other,I4405277890
IIT Roorkee,Adani Group (India),1,0,12,10,Other,I4405272148
IIT Roorkee,Kamdhenu University,1,0,12,4,University,I3133099055
IIT Roorkee,National Institute of Epidemiology,1,2,12,18,Other,I4210100069
IIT Roorkee,Mother Teresa Women's University,1,67,12,10,University,I106841677
IIT Roorkee,Centre for Advanced Bioenergy Research,1,17,12,24,Other,I4210141984
IIT Roorkee,St. Thomas College (Autonomous),1,0,12,4,Other,I4405254056
IIT Roorkee,Veer Kunwar Singh University,1,1,12,7,University,I116130893
IIT Roorkee,Indian Institute of Information Technology Kottayam,1,1,11,5,IIIT,I4405285013
IIT Roorkee,Adikavi Nannaya University,1,8,11,24,University,I247375439
IIT Roorkee,Mahaveer Academy of Technology and Science University,1,17,11,9,University,I179760745
IIT Roorkee,Janta Vedic College,1,32,11,1,Other,I4405260039
IIT Roorkee,Madhav University,1,8,11,4,University,I4405258338
IIT Roorkee,IEC University,1,2,11,6,University,I4210127512
IIT Roorkee,Sri Guru Gobind Singh College,1,5,11,15,Other,I4405277046
IIT Roorkee,Central Marine Fisheries Research Institute,1,1,11,9,Other,I899802
IIT Roorkee,"Jawaharlal Nehru Technological University-Gurajada, Vizianagaram",1,0,10,4,University,I4405256783
IIT Roorkee,Kamaraj College,1,43,10,6,Other,I4405260223
IIT Roorkee,Apeejay Stya University,1,3,10,0,University,I3130994624
IIT Roorkee,University of Agricultural Sciences Raichur,1,0,10,6,University,I61553790
IIT Roorkee,University College of Medical Sciences,1,0,10,21,University,I172982924
IIT Roorkee,Shri Madhwa Vadiraja Institute of Technology and Management,1,0,10,8,Other,I4405276349
IIT Roorkee,Shroff S.R. Rotary Institute of Chemical Technology,1,31,10,8,Other,I4405269504
IIT Roorkee,Gnanamani College of Technology,1,0,10,5,Other,I4387154320
IIT Roorkee,Kanya Maha Vidyalaya,1,0,10,5,Other,I28630478
IIT Roorkee,Durgapur Government College,1,5,10,38,Other,I4405273294
IIT Roorkee,Institute of Economic Growth,1,8,10,49,Other,I4210098828
IIT Roorkee,Amicable Knowledge Solution University,1,0,9,31,University,I4210147242
IIT Roorkee,Swarnandhra College of Engineering and Technology,1,0,9,21,Other,I4405278262
IIT Roorkee,St. Anthony's College,1,0,9,8,Other,I4405265874
IIT Roorkee,"Centre for Fire, Explosive and Environment Safety",1,0,9,27,Other,I4210153539
IIT Roorkee,Maharshi Dayanand Saraswati University,1,11,9,38,University,I56287899
IIT Roorkee,George Institute for Global Health,1,98,9,6,Other,I4210138609
IIT Roorkee,"Advanced Centre for Treatment, Research and Education in Cancer",1,1,9,18,Other,I4210157422
IIT Roorkee,Ranchi University,1,7,9,14,University,I112700253
IIT Roorkee,Indian Institute of Soil Science,1,0,9,43,Other,I173432400
IIT Roorkee,Indraprastha College for Women,1,12,8,11,Other,I4405264365
IIT Roorkee,St. Vincent Pallotti College of Engineering & Technology,1,0,8,6,Other,I4405275219
IIT Roorkee,Raja Narendra Lal Khan Women's College,1,1,8,28,Other,I4405282785
IIT Roorkee,IMGENEX India (India),1,52,8,5,Other,I4210146179
IIT Roorkee,IBM (India),1,1,8,46,Other,I4210129961
IIT Roorkee,Amrita Institute of Medical Sciences and Research Centre,1,1,8,93,Other,I1282879092
IIT Roorkee,International Institute of Information Technology,1,2,8,14,IIIT,I188963388
IIT Roorkee,National Institution for Transforming India Aayog,1,3,8,6,Other,I4210137148
IIT Roorkee,Rajkiya Engineering College Mainpuri,1,0,7,0,Other,I4405256139
IIT Roorkee,All India Institute of Medical Sciences Raipur,1,6,7,6,AIIMS,I129734738
IIT Roorkee,Nagpur Institute of Technology,1,5,7,3,Other,I206816349
IIT Roorkee,Bhabha Atomic Research Center Hospital,1,7,7,11,DAE,I4210091849
IIT Roorkee,ISRO Propulsion Complex,1,0,7,14,Other,I4210095388
IIT Roorkee,"Remote Sensing Applications Centre, Uttar Pradesh",1,25,7,14,Other,I4405262547
IIT Roorkee,Jogamaya Devi College,1,36,7,10,Other,I4405261764
IIT Roorkee,Bhavnagar University,1,9,7,24,University,I119336924
IIT Roorkee,TIFR Centre for Interdisciplinary Sciences,1,10,7,64,Other,I4210112849
IIT Roorkee,Central Research Institute for Dryland Agriculture,1,0,6,45,Other,I141953991
IIT Roorkee,Bansal Institute Of Research Technology & Science,1,8,6,4,Other,I4210143989
IIT Roorkee,Centre for Ecology Development and Research,1,14,6,20,Other,I4405261514
IIT Roorkee,Sri Sathya Sai University for Human Excellence,1,8,6,1,University,I4405268202
IIT Roorkee,Manipal Centre for Natural Sciences,1,2,6,21,Other,I4405256109
IIT Roorkee,Tejas Networks (India),1,8,6,0,Other,I4210095456
IIT Roorkee,Central Power Research Institute,1,37,6,40,Other,I109493002
IIT Roorkee,Oracle (India),1,0,6,5,Other,I4210165642
IIT Roorkee,Ministry of Education,1,0,6,0,Other,I4405266223
IIT Roorkee,"All India Institute of Medical Sciences, Kalyani",1,1,6,0,AIIMS,I4405255515
IIT Roorkee,Homi Bhabha Centre for Science Education,1,5,5,5,DAE,I57827967
IIT Roorkee,Acharya Brojendra Nath Seal College,1,2,5,9,Other,I4405271780
IIT Roorkee,Deccan College Post Graduate and Research Institute,1,1,5,28,Other,I352274
IIT Roorkee,Gokhale Institute of Politics and Economics,1,9,5,6,Other,I195377678
IIT Roorkee,Safdarjang Hospital,1,13,5,22,Other,I1312996466
IIT Roorkee,Vardhman Mahavir Medical College & Safdarjung Hospital,1,13,5,19,Other,I17972996
IIT Roorkee,Kishkinda University,1,4,5,0,University,I4405274491
IIT Roorkee,Kunthavai Naacchiyaar Government Arts College for Women (Autonomous),1,0,5,2,Other,I4405277739
IIT Roorkee,R. G. Kar Medical College and Hospital,1,11,5,12,Other,I336022086
IIT Roorkee,Hindustan Petroleum Corporation Limited (India),1,15,5,14,Other,I4210091106
IIT Roorkee,Pub Kamrup College,1,3,5,0,Other,I4405277082
IIT Roorkee,Dharma Samaj College,1,11,4,3,Other,I4405278591
IIT Roorkee,National Centre for Sustainable Coastal Management,1,5,4,12,Other,I4210152768
IIT Roorkee,Defence Institute of High Altitude Research,1,0,4,3,Other,I4210090935
IIT Roorkee,Indian Institute of Oilseeds Research,1,4,4,12,Other,I4210099769
IIT Roorkee,Delhi Development Authority,1,1,4,3,Other,I4210124192
IIT Roorkee,Indian Council for Research on International Economic Relations,1,50,4,18,Other,I4210105909
IIT Roorkee,"St. John's College, Agra",1,2,4,60,Other,I4405277037
IIT Roorkee,GAIL (India),1,23,4,13,Other,I333900126
IIT Roorkee,Ministry of Railways,1,15,4,10,Other,I4405266390
IIT Roorkee,ICAR-Indian Institute of Agricultural Biotechnology,1,121,4,2,Other,I4210158390
IIT Roorkee,Ansal University,1,70,4,7,University,I170110779
IIT Roorkee,Malla Reddy Institute Of Medical Sciences,1,4,4,0,Other,I4405261501
IIT Roorkee,D. Y. Patil Agriculture and Technical University,1,0,4,5,University,I4405273925
IIT Roorkee,Pandit Bhagwat Dayal Sharma Post Graduate Institute of Medical Sciences,1,74,4,9,Other,I13529149
IIT Roorkee,International Centre for Theoretical Sciences,1,10,4,75,Other,I4210090503
IIT Roorkee,All India Institute of Medical Sciences Guwahati,1,30,4,3,AIIMS,I4387153078
IIT Roorkee,Mata Gujri University,1,43,4,0,University,I4405256774
IIT Roorkee,Hislop College,1,22,4,4,Other,I119204206
IIT Roorkee,Regional Medical Research Centre,1,0,3,9,Other,I2802376228
IIT Roorkee,Christ College of Engineering and Technology,1,0,3,0,Other,I4405261904
IIT Roorkee,Sandip Foundation,1,144,3,1,Other,I2802982682
IIT Roorkee,Pravara Institute of Medical Sciences,1,0,3,1,Other,I3130684616
IIT Roorkee,"Government Engineering College, Bhavnagar",1,24,3,14,Other,I4405259196
IIT Roorkee,Indian National Science Academy,1,1,3,4,Other,I124015162
IIT Roorkee,Indian Railways,1,5,3,9,Other,I4405266058
IIT Roorkee,Hiralal Mazumdar Memorial College for Women,1,1,3,0,Other,I4405276101
IIT Roorkee,National Law School of India University,1,4,3,1,University,I4210127798
IIT Roorkee,Dayanand Medical College & Hospital,1,7,3,9,Other,I4210088867
IIT Roorkee,Gopal Narayan Singh University,1,0,3,0,University,I4405283740
IIT Roorkee,"Rajendra University, Balangir",1,102,3,0,University,I4405275895
IIT Roorkee,HCL Technologies (India),1,0,3,3,Other,I96211989
IIT Roorkee,Indraprastha Institute of Management and Technology,1,3,2,0,Other,I4405284416
IIT Roorkee,Danish Hydraulic Institute (India),1,9,2,21,Other,I4210137866
IIT Roorkee,Himalayan University,1,14,2,3,University,I3133268928
IIT Roorkee,Jayoti Vidyapeeth Women's University,1,11,2,0,University,I319193654
IIT Roorkee,IQVIA (India),1,9,2,2,Other,I4210096889
IIT Roorkee,National Bureau of Animal Genetic Resources,1,0,2,1,Other,I4210130815
IIT Roorkee,Shell (India),1,14,2,20,Other,I4210094045
IIT Roorkee,Sri Venkateswara Veterinary University,1,13,2,1,University,I3130939756
IIT Roorkee,Bineswar Brahma Engineering College,1,8,2,2,Other,I4405260155
IIT Roorkee,Dr. Reddy's Laboratories (India),1,12,2,42,Other,I4210117495
IIT Roorkee,Dinabandhu Andrews College,1,10,2,6,Other,I4405273889
IIT Roorkee,Ganesh Shankar Vidyarthi Memorial Medical College,1,0,2,3,Other,I2802359691
IIT Roorkee,Tata Institute for Genetics and Society,1,49,2,0,Other,I4210156799
IIT Roorkee,Indira Gandhi Institute of Development Research,1,8,2,50,Other,I16319596
IIT Roorkee,Kolhan University,1,4,2,5,University,I3130993272
IIT Roorkee,National Institute of Ayurveda,1,4,2,5,Other,I3133021252
IIT Roorkee,General Electric (India),1,68,2,37,Other,I4210142581
IIT Roorkee,Gujarat Institute of Development Research,1,8,2,5,Other,I4210092074
IIT Roorkee,Shanmuganathan Engineering College,1,0,1,0,Other,I4210146606
IIT Roorkee,Department of Pharmaceuticals,1,0,1,0,Other,I4210108830
IIT Roorkee,CPCL Polytechnic College,1,0,1,2,Other,I4210155803
IIT Roorkee,Jaihind College of Engineering,1,0,1,0,Other,I4405262704
IIT Roorkee,Central Avian Research Institute,1,40,1,3,Other,I48139335
IIT Roorkee,Baba Raghav Das Medical College,1,8,1,3,Other,I2799408090
IIT Roorkee,Fortis Memorial Research Institute,1,29,1,1,Other,I4210108369
IIT Roorkee,Vasant Kanya Mahavidyalaya,1,15,1,0,Other,I4405268627
IIT Roorkee,Dr. Ram Manohar Lohia Institute of Medical Sciences,1,2,1,3,Other,I4210126423
IIT Roorkee,Dnyanprassarak Mandal's College and Research Centre,1,5,1,1,Other,I4405267829
IIT Roorkee,Foundation for Neglected Disease Research,1,0,1,0,Other,I4210160732
IIT Roorkee,Jhargram Raj College,1,2,1,21,Other,I4405256066
IIT Roorkee,Institute of Neurosciences Kolkata,1,1,1,1,Other,I4210115788
IIT Roorkee,"Sagar Institute of Research, Technology & Science – Pharmacy",1,8,1,2,Other,I4405260619
IIT Roorkee,Department of Public,1,3,1,14,Other,I4210139346
IIT Roorkee,Rajendra Institute of Medical Sciences,1,0,1,6,Other,I304662888
IIT Roorkee,Rajiv Gandhi Cancer Institute and Research Centre,1,15,1,28,Other,I4210092995
IIT Roorkee,National Research Centre on Yak,1,5,1,0,Other,I4210088337
IIT Roorkee,Sri Manakula Vinayagar Medical College and Hospital,1,2,1,0,Other,I4210141780
IIT Roorkee,IBM Research - India,1,1,1,20,Other,I4210103279
IIT Roorkee,Hooghly Engineering & Technology College,1,0,1,1,Other,I4405255795
IIT Roorkee,Vivekananda Memorial Hospital,1,0,0,0,Other,I4210091732
IIT Roorkee,Uttar Pradesh Council of sugarcane research,1,5,0,1,Other,I4210155610
IIT Roorkee,Institute of Environmental Studies & Wetland Management,1,0,0,2,Other,I4210132965
IIT Roorkee,Haldia Institute of Health Sciences,1,1,0,0,Other,I4405285202
IIT Roorkee,Madhya Pradesh Medical Science University,1,5,0,0,University,I4405270939
IIT Roorkee,Tata Trusts,1,0,0,4,Other,I4210146138
IIT Roorkee,Infectious Disease and Beliaghata General Hospital,1,0,0,2,Other,I4405266086
IIT Roorkee,Holy Family Hospital,1,20,0,1,Other,I1329324871
IIT Roorkee,Kamineni Institute of Dental Sciences,1,19,0,3,Other,I99693012
IIT Roorkee,Dr. Sarvepalli Radhakrishnan Rajasthan Ayurved University,1,62,0,1,University,I4210157183
IIT Roorkee,Lala Lajpat Rai Memorial Medical College,1,5,0,19,Other,I219845778
IIT Roorkee,Uttar Pradesh Council of Agricultural Research,1,5,0,2,Other,I4405272699
IIT Roorkee,Fortis Hospital,1,0,0,1,Other,I4210122382
IIT Roorkee,Dr. Lal PathLabs Pvt Ltd (India),1,0,0,1,Other,I4405259595
IIT Roorkee,Bank of Baroda,1,1,0,0,Other,I4405272814
IIT Roorkee,Rajiv Gandhi National Aviation University,1,0,0,0,University,I4405268448
IIT Roorkee,Research Centre Imarat,1,0,0,4,Other,I4210138561
IIT Roorkee,Saraswati Dental College and Hospital,1,4,0,0,Other,I4210127890
IIT Roorkee,Fortis Escorts Hospital,1,62,0,2,Other,I4210130647
IIT Roorkee,Indian Spinal Injuries Centre,1,14,0,1,Other,I4210125424
IIT Roorkee,National Institute of Financial Management,1,12,0,5,Other,I4210122998
IIT Roorkee,Indian Institute of Natural Resins and Gums,1,121,0,25,Other,I1307855090
IIT Roorkee,Federation of Indian Chambers of Commerce and Industry,1,33,0,0,Other,I4405273378
IIT Roorkee,Glenmark Pharmaceuticals (India),1,20,0,1,Other,I4210131532
IIT Roorkee,Fortis Escorts Hospital,1,62,0,2,Other,I4210110697
IIT Roorkee,Subharti Medical College,1,49,0,4,Other,I4210140167
IIT Roorkee,Kerala Forest Research Institute,1,4,0,4,Other,I98944809
IIT Roorkee,Centre For Research & Education in Science & Technology,1,3,0,2,Other,I4405276109
IIT Roorkee,Shakti Sustainable Energy Foundation,1,16,0,0,Other,I4405271066
IIT Roorkee,Centre for Artificial Intelligence and Robotics,1,0,0,5,Other,I4210121405
IIT Roorkee,Kalasalingam Academy of Research and Education,0,0,288,206,Other,I98499257
IIT Roorkee,Annamalai University,0,0,240,417,University,I197081775
IIT Roorkee,Tamil Nadu Agricultural University,0,0,182,119,University,I134900695
IIT Roorkee,GMR Institute of Technology,0,0,178,49,Other,I4405272215
IIT Roorkee,REVA University,0,0,176,71,University,I83737708
IIT Roorkee,Mohan Babu University,0,0,139,12,University,I4405270480
IIT Roorkee,CMR University,0,0,136,30,University,I4210104573
IIT Roorkee,B.S. Abdur Rahman Crescent Institute of Science & Technology,0,0,133,97,Other,I94948490
IIT Roorkee,New Horizon College of Engineering,0,0,130,31,Other,I4405256925
IIT Roorkee,Government of Tamil Nadu,0,0,125,123,Other,I148776243
IIT Roorkee,Narasaraopeta Engineering College,0,0,120,7,Other,I4405268323
IIT Roorkee,Utkal University,0,0,117,108,University,I70699430
IIT Roorkee,Vels University,0,0,113,49,University,I138876546
IIT Roorkee,Manipur University,0,0,108,32,University,I16471300
IIT Roorkee,Management Development Institute,0,0,106,106,Other,I110930757
IIT Roorkee,University of Calicut,0,0,105,141,University,I114176345
IIT Roorkee,Shri Vile Parle Kelavani Mandal,0,0,103,60,Other,I4210132590
IIT Roorkee,Karnatak University,0,0,99,173,University,I110083240
IIT Roorkee,Veer Bahadur Singh Purvanchal University,0,0,98,40,University,I875728190
IIT Roorkee,National Institute of Technology Nagaland,0,0,96,30,NIT,I3131484930
IIT Roorkee,Central University of South Bihar,0,0,95,68,University,I343503978
IIT Roorkee,Jawaharlal Nehru Technological University Anantapur,0,0,90,88,University,I52035452
IIT Roorkee,IFTM University,0,0,89,27,University,I2801192375
IIT Roorkee,Noorul Islam University,0,0,87,33,University,I96797292
IIT Roorkee,Vinayaka Missions University,0,0,86,26,University,I175548057
IIT Roorkee,PSG College of Arts & Science,0,0,80,46,Other,I4405260672
IIT Roorkee,Rajiv Gandhi Technical University,0,0,71,79,University,I196622127
IIT Roorkee,National Institute of Technical Teachers’ Training and Research,0,0,70,20,Other,I4210094264
IIT Roorkee,St. Joseph's Institute of Technology,0,0,68,7,Other,I4210101093
IIT Roorkee,AMET University,0,0,68,23,University,I34628043
IIT Roorkee,Indian Institute of Foreign Trade,0,0,62,28,Other,I38919395
IIT Roorkee,Dr. B.C. Roy Engineering College,0,0,60,36,Other,I4405278150
IIT Roorkee,Institute of Medical Sciences and Sum Hospital,0,0,60,7,Other,I4210133319
IIT Roorkee,Bangalore University,0,0,59,141,University,I53465836
IIT Roorkee,Lingaya's Vidyapeeth,0,0,58,10,Other,I182663762
IIT Roorkee,National Engineering College,0,0,58,45,Other,I4405269433
IIT Roorkee,Prasad V. Potluri Siddhartha Institute of Technology,0,0,58,27,Other,I4405259151
IIT Roorkee,Kavayitri Bahinabai Chaudhari North Maharashtra University,0,0,57,74,University,I157117621
IIT Roorkee,Mody University of Science and Technology,0,0,56,42,University,I72563045
IIT Roorkee,"University of Science and Technology, Meghalaya",0,0,56,22,University,I4210133150
IIT Roorkee,Institute of Advanced Study in Science and Technology,0,0,55,133,Other,I4210148816
IIT Roorkee,Avinashilingam University,0,0,55,34,University,I161045824
IIT Roorkee,IMS Ghaziabad,0,0,55,14,Other,I4405274630
IIT Roorkee,Career Point University,0,0,54,12,University,I4210091899
IIT Roorkee,ICFAI Business School,0,0,53,37,Other,I4210102611
IIT Roorkee,Bishop Heber College,0,0,52,42,Other,I4405261969
IIT Roorkee,Thiruvalluvar University,0,0,52,57,University,I117381506
IIT Roorkee,Loyola College,0,0,52,72,Other,I4405274569
IIT Roorkee,Chaudhary Devi Lal University,0,0,52,48,University,I107539069
IIT Roorkee,CT University,0,0,51,6,University,I4405258160
IIT Roorkee,Institute of Chartered Financial Analysts of India,0,0,51,30,Other,I78663439
IIT Roorkee,Fakir Mohan University,0,0,51,27,University,I108526665
IIT Roorkee,Central Food Technological Research Institute,0,0,50,155,Other,I150037166
IIT Roorkee,"Rani Lakshmi Bai Central Agricultural University, Jhansi",0,0,49,11,University,I4405253351
IIT Roorkee,KCG College of Technology,0,0,49,12,Other,I4405266969
IIT Roorkee,Dwarkadas J. Sanghvi College of Engineering,0,0,49,4,Other,I212738717
IIT Roorkee,Uka Tarsadia University,0,0,49,17,University,I140352217
IIT Roorkee,KLE Academy of Higher Education and Research,0,0,49,41,Other,I4210125823
IIT Roorkee,Babu Banarasi Das University,0,0,47,21,University,I276256525
IIT Roorkee,Acharya Nagarjuna University,0,0,47,59,University,I177001074
IIT Roorkee,Central Institute of Agricultural Engineering,0,0,47,47,Other,I138367206
IIT Roorkee,Asutosh College,0,0,47,15,Other,I4405271698
IIT Roorkee,D.A.V. College Chandigarh,0,0,46,21,Other,I4405276032
IIT Roorkee,Velammal Educational Trust,0,0,45,44,Other,I4210105562
IIT Roorkee,Assam Don Bosco University,0,0,44,6,University,I10767319
IIT Roorkee,Sher-e-Kashmir University of Agricultural Sciences and Technology of Jammu,0,0,44,43,University,I235110982
IIT Roorkee,The Assam Royal Global University,0,0,44,14,University,I4405256338
IIT Roorkee,Centre for Materials for Electronics Technology,0,0,43,57,Other,I4210118327
IIT Roorkee,Kerala Agricultural University,0,0,41,18,University,I54021868
IIT Roorkee,Bidhan Chandra Krishi Viswavidyalaya,0,0,40,94,Other,I109963156
IIT Roorkee,GM University Davanagere Karnataka,0,0,40,8,University,I4405256143
IIT Roorkee,Dayananda Sagar Academy of Technology and Management,0,0,40,6,Other,I4405277151
IIT Roorkee,Dr. M.G.R. Educational and Research Institute,0,0,39,15,Other,I19926482
IIT Roorkee,Indian Institute of Management Jammu,0,0,39,10,Other,I4405255249
IIT Roorkee,Bodoland University,0,0,39,10,University,I2799638773
IIT Roorkee,Adichunchanagiri University,0,0,38,15,University,I4405285236
IIT Roorkee,Kalinga University,0,0,37,2,University,I2800614057
IIT Roorkee,Solapur University,0,0,36,52,University,I155907036
IIT Roorkee,Indian Agricultural Statistics Research Institute,0,0,36,60,Other,I1141210
IIT Roorkee,Cooch Behar Panchanan Barma University,0,0,36,14,University,I2611379103
IIT Roorkee,Diamond Harbour Women's University,0,0,35,25,University,I3130807960
IIT Roorkee,Sengunthar Engineering College (Autonomous),0,0,35,27,Other,I4405285548
IIT Roorkee,JSPM's Rajarshi Shahu College of Engineering,0,0,35,2,Other,I4405285498
IIT Roorkee,Anil Neerukonda Institute of Technology & Sciences,0,0,33,8,Other,I4405284298
IIT Roorkee,Meenakshi Academy of Higher Education and Research,0,0,33,7,Other,I290407205
IIT Roorkee,Indian Institute of Advanced Research,0,0,32,20,Other,I4210091027
IIT Roorkee,Sacred Heart College (Autonomous),0,0,32,8,Other,I4405259747
IIT Roorkee,JSS College of Pharmacy,0,0,32,27,Other,I4405270214
IIT Roorkee,Indira Gandhi Institute of Technology,0,0,32,27,Other,I20791572
IIT Roorkee,Shri Jagdishprasad Jhabarmal Tibrewala University,0,0,32,6,University,I341451707
IIT Roorkee,Ramakrishna Mission Vivekananda Educational and Research Institute,0,0,31,31,Other,I34034455
IIT Roorkee,Deen Dayal Upadhyaya College,0,0,31,20,Other,I4405276378
IIT Roorkee,Assam Agricultural University,0,0,31,21,University,I35839044
IIT Roorkee,National Institute of Pharmaceutical Education and Research,0,0,30,40,Other,I4210098333
IIT Roorkee,Sankalchand Patel University,0,0,29,16,University,I4387154200
IIT Roorkee,United University,0,0,29,2,University,I4405260193
IIT Roorkee,Kongunadu Arts and Science College,0,0,28,43,Other,I4405268639
IIT Roorkee,Central Plantation Crops Research Institute,0,0,28,22,Other,I4210142041
IIT Roorkee,Reliance Industries (India),0,0,28,59,Other,I4210136064
IIT Roorkee,Tumkur University,0,0,28,17,University,I53508799
IIT Roorkee,GNA University,0,0,28,1,University,I4210097606
IIT Roorkee,Rajkiya Engineering College Banda,0,0,27,4,Other,I4405260200
IIT Roorkee,St. Joseph's College,0,0,27,10,Other,I4405272038
IIT Roorkee,Central Institute of Fisheries Education,0,0,27,27,Other,I581031
IIT Roorkee,Central Inland Fisheries Research Institute,0,0,27,27,Other,I4210136827
IIT Roorkee,Indian Institute of Water Management,0,0,27,59,Other,I4210133751
IIT Roorkee,Dhanalakshmi Srinivasan Group of Institutions,0,0,27,7,Other,I4210146157
IIT Roorkee,Gurugram University,0,0,26,5,University,I4390039362
IIT Roorkee,Parala Maharaja Engineering College,0,0,26,21,Other,I4405275678
IIT Roorkee,Sri Pratap College,0,0,26,22,Other,I4405274834
IIT Roorkee,Indian Institute of Management Amritsar,0,0,26,8,Other,I4210123047
IIT Roorkee,"Shri Vaishnav Vidyapeeth Vishwavidyalaya, Indore",0,0,26,5,Other,I4405260892
IIT Roorkee,"National Institute of Food Technology, Entrepreneurship and Management - Thanjavur",0,0,26,35,Other,I116132077
IIT Roorkee,"ICFAI University, Tripura",0,0,25,12,University,I173462786
IIT Roorkee,Infosys (India),0,0,25,15,Other,I110675161
IIT Roorkee,ICAR Research Complex for NEH Region,0,0,24,44,Other,I4210111975
IIT Roorkee,S.P. Jain Institute of Management and Research,0,0,24,19,Other,I4405260915
IIT Roorkee,LJ University,0,0,24,3,University,I4405257251
IIT Roorkee,Malla Reddy Engineering College for Women,0,0,24,2,Other,I4405256248
IIT Roorkee,Ballari Institute of Technology & Management,0,0,24,6,Other,I4405264803
IIT Roorkee,IPS Academy,0,0,24,18,Other,I4210113021
IIT Roorkee,"National Institute of Technical Teachers' Training and Research, Kolkata",0,0,24,8,Other,I4405270689
IIT Roorkee,Rajagiri College of Social Sciences (Autonomous),0,0,23,10,Other,I4388891759
IIT Roorkee,"Sri Balaji University, Pune",0,0,23,4,University,I4405260961
IIT Roorkee,Sandip Institute of Technology & Research Centre,0,0,23,17,Other,I4405263547
IIT Roorkee,"St. Xavier's College (Autonomous), Kolkata",0,0,23,23,Other,I4405256019
IIT Roorkee,Karnataka State Open University,0,0,23,2,University,I342246540
IIT Roorkee,Vasireddy Venkatadri International Technological University,0,0,23,6,University,I4405285014
IIT Roorkee,"Army Institute of Technology, Pune",0,0,22,1,Other,I4405285474
IIT Roorkee,Lala Lajpat Rai University of Veterinary and Animal Sciences,0,0,22,19,University,I233492666
IIT Roorkee,Indian Institute of Management Shillong,0,0,22,16,Other,I2800084297
IIT Roorkee,Jerusalem College of Engineering,0,0,22,11,Other,I4405271358
IIT Roorkee,C. Abdul Hakeem College (Autonomous),0,0,22,8,Other,I4405272241
IIT Roorkee,Madras Christian College,0,0,22,19,Other,I4405277150
IIT Roorkee,Rathinam Technical Campus,0,0,22,3,Other,I4405261689
IIT Roorkee,Rajiv Gandhi Centre for Biotechnology,0,0,22,44,Other,I89324447
IIT Roorkee,"University of Agricultural Sciences, Bangalore",0,0,21,34,University,I199921877
IIT Roorkee,Saurashtra University,0,0,21,40,University,I197181853
IIT Roorkee,Velalar College of Engineering and Technology,0,0,21,21,Other,I4405256405
IIT Roorkee,Central Institute of Post-Harvest Engineering and Technology,0,0,21,29,Other,I4210104382
IIT Roorkee,"St Joseph's University, Bengaluru, India",0,0,21,18,University,I4403928339
IIT Roorkee,Indian Institute of Information Technology Ranchi,0,0,21,5,IIIT,I4405284359
IIT Roorkee,Netaji Subhash Engineering College,0,0,21,19,Other,I4405276829
IIT Roorkee,Rama Devi Women's University,0,0,21,10,University,I3132208328
IIT Roorkee,Kadi Sarva Vishwavidyalaya,0,0,21,16,Other,I333550923
IIT Roorkee,"Indian Institute of Information Technology, Sonepat",0,0,20,3,IIIT,I4405255737
IIT Roorkee,Maharaja Agrasen Himalayan Garhwal University,0,0,20,0,University,I4405258392
IIT Roorkee,Hindustan Aeronautics Limited (India),0,0,20,12,Other,I4210088939
IIT Roorkee,"P.E.S. College of Engineering, Mandya",0,0,20,22,Other,I4405283756
IIT Roorkee,Gulbarga University,0,0,20,70,University,I201958307
IIT Roorkee,"Maharaja's College, Ernakulam",0,0,20,8,Other,I4405277199
IIT Roorkee,"Government College of Engineering, Keonjhar",0,0,20,6,Other,I4388446400
IIT Roorkee,Navsari Agricultural University,0,0,20,20,University,I152185767
IIT Roorkee,Indian Institute of Forest Management,0,0,20,43,Other,I176010741
IIT Roorkee,Mudra Institute of Communications Ahmedabad,0,0,20,4,Other,I4210147161
IIT Roorkee,Advanced Center for Water Resources Development and Management,0,0,20,22,Other,I4210159060
IIT Roorkee,St. Peter's Institute of Higher Education and Research,0,0,20,8,Other,I3133098998
IIT Roorkee,Jawaharlal Nehru New College of Engineering,0,0,20,10,Other,I4405263325
IIT Roorkee,Central Arid Zone Research Institute,0,0,20,70,Other,I138570494
IIT Roorkee,ITM University,0,0,20,20,University,I191366470
IIT Roorkee,"National Institute of Technical Teachers Training and Research, Chennai",0,0,20,2,Other,I4405272818
IIT Roorkee,Sacred Heart College,0,0,20,10,Other,I4210115584
IIT Roorkee,Prin. L. N. Welingkar Institute of Management Development and Research,0,0,19,6,Other,I2802797706
IIT Roorkee,State Council of Science and Technology for Sikkim,0,0,19,12,Other,I4210162586
IIT Roorkee,Sri Chandrasekharendra Saraswathi Viswa Mahavidyalaya,0,0,19,14,Other,I180507071
IIT Roorkee,Dhanalakshmi Srinivasan University,0,0,19,5,University,I4405253460
IIT Roorkee,Sister Nivedita University,0,0,19,0,University,I4405259629
IIT Roorkee,RIMT University,0,0,19,12,University,I4405281987
IIT Roorkee,Bhairab Ganguly College,0,0,19,10,Other,I4405277705
IIT Roorkee,Mangalayatan University,0,0,18,10,University,I244923355
IIT Roorkee,A. Veeriya Vandayar Memorial Sri Pushpam College,0,0,18,22,Other,I4405260489
IIT Roorkee,KSCSTE-National Transportation Planning And Research Centre,0,0,18,3,Other,I4405263267
IIT Roorkee,Sugarcane Breeding Institute,0,0,18,8,Other,I4210142091
IIT Roorkee,Kaziranga University,0,0,18,7,University,I332121957
IIT Roorkee,East West Institute of Technology,0,0,18,13,Other,I4405264359
IIT Roorkee,Fortune Institute of International Business,0,0,18,9,Other,I4210105362
IIT Roorkee,"Kerala University of Digital Sciences, Innovation and Technology",0,0,17,9,University,I4405263365
IIT Roorkee,Tamil University,0,0,17,10,University,I125392429
IIT Roorkee,Newman College,0,0,17,8,Other,I4405254459
IIT Roorkee,Sant Baba Bhag Singh University,0,0,17,5,University,I4405259092
IIT Roorkee,Professor Jayashankar Telangana Agricultural University,0,0,17,6,University,I4210092736
IIT Roorkee,BLDE (Deemed to be University),0,0,17,7,University,I4210116054
IIT Roorkee,"School of Planning and Architecture, Vijayawada",0,0,17,19,Other,I4405255821
IIT Roorkee,Public Health Foundation of India,0,0,17,184,Other,I74653059
IIT Roorkee,Central Coastal Agricultural Research Institute,0,0,17,17,Other,I4210094289
IIT Roorkee,Maharishi University of Management and Technology,0,0,17,0,University,I4210133689
IIT Roorkee,"Shrikrishna Mahavidyalaya, Gunjoti",0,0,17,6,Other,I4405272631
IIT Roorkee,Central Potato Research Institute,0,0,17,5,Other,I4210100544
IIT Roorkee,National Institute of Ocean Technology,0,0,16,54,Other,I25592554
IIT Roorkee,Dr. Dayaram Patel Pharmacy College,0,0,16,0,Other,I4405255592
IIT Roorkee,Defence Research Laboratory,0,0,16,34,Other,I4210154459
IIT Roorkee,"Bharati Vidyapeeth College of Pharmacy, Kolhapur",0,0,16,8,Other,I4405265460
IIT Roorkee,Noida Institute of Engineering and Technology Pharmacy Institute,0,0,16,3,Other,I4405260680
IIT Roorkee,Abasaheb Garware College,0,0,16,16,Other,I183970581
IIT Roorkee,Gangadhar Meher University,0,0,16,4,University,I4405277957
IIT Roorkee,Silver Oak University,0,0,16,4,University,I4405274074
IIT Roorkee,Tamil Nadu Dr. J Jayalalitha Fisheries University,0,0,16,7,University,I304343950
IIT Roorkee,Guru Kashi University,0,0,16,7,University,I3129634530
IIT Roorkee,Entrepreneurship Development Institute of India,0,0,16,1,Other,I2801155476
IIT Roorkee,ICAR-Indian Institute of Farming Systems Research,0,0,16,26,Other,I4405271402
IIT Roorkee,Gayatri Vidya Parishad College of Engineering for Women,0,0,16,11,Other,I4405263749
IIT Roorkee,Sahyadri College of Engineering & Management,0,0,16,20,Other,I4405272456
IIT Roorkee,Institute of Bio-Resources and Sustainable Development,0,0,15,23,Other,I4210129117
IIT Roorkee,Sri Sai University,0,0,15,12,University,I338496084
IIT Roorkee,Gujarat Biotechnology Research Centre,0,0,15,21,Other,I4405268643
IIT Roorkee,Shyampur Siddheswari Mahavidyalaya,0,0,15,5,Other,I4405264775
IIT Roorkee,"Rani Channamma University, Belagavi",0,0,15,25,University,I4210133707
IIT Roorkee,Chaitanya,0,0,15,5,Other,I4405266258
IIT Roorkee,"Dr. D. Y. Patil Medical College, Hospital and Research Centre",0,0,15,13,Other,I4210089305
IIT Roorkee,K S Hegde Medical Academy,0,0,15,18,Other,I60324483
IIT Roorkee,Alagappa Government Arts College,0,0,15,20,Other,I4405278107
IIT Roorkee,Punjab State Council for Science & Technology,0,0,14,1,Other,I4210108378
IIT Roorkee,Presidency College,0,0,14,46,Other,I4405281587
IIT Roorkee,Indian Institute of Social Welfare and Business Management,0,0,14,17,Other,I166580119
IIT Roorkee,Sri Padmavati Mahila Visvavidyalayam,0,0,14,10,Other,I94415630
IIT Roorkee,"College of Engineering and Management, Kolaghat",0,0,14,17,Other,I4405256050
IIT Roorkee,Vikrama Simhapuri University,0,0,14,5,University,I219774598
IIT Roorkee,"American College, Madurai",0,0,14,7,Other,I2800849556
IIT Roorkee,Kasturba Medical College Hospital,0,0,14,9,Other,I4210094269
IIT Roorkee,Bhagwant University,0,0,14,6,University,I3132145264
IIT Roorkee,Chaudhary Sarwan Kumar Himachal Pradesh Krishi Vishvavidyalaya,0,0,14,13,Other,I377099284
IIT Roorkee,SAGE University Bhopal,0,0,14,4,University,I4405258932
IIT Roorkee,"Khwaja Moinuddin Chishti Language University, Lucknow, U.P.",0,0,14,9,University,I4405261701
IIT Roorkee,Department of Higher Education,0,0,14,12,Other,I4210112446
IIT Roorkee,Vidya Prathishthan,0,0,14,1,Other,I4210108681
IIT Roorkee,Department of Biotechnology,0,0,14,11,Other,I3141573830
IIT Roorkee,Pushpagiri Medical College,0,0,14,5,Other,I2802498779
IIT Roorkee,JSS Medical College and Hospital,0,0,14,11,Other,I86826812
IIT Roorkee,ATLAS SkillTech University,0,0,13,0,University,I4405253011
IIT Roorkee,CSIR-National Institute of Science Communication and Policy Research,0,0,13,5,CSIR,I4405279894
IIT Roorkee,Defence Laboratory Jodhpur,0,0,13,15,Other,I4210099439
IIT Roorkee,Dr. Babasaheb Ambedkar Technological University,0,0,13,37,University,I132157868
IIT Roorkee,Society for AgroEnvironmental Sustainability,0,0,13,0,Other,I4405258013
IIT Roorkee,Jain College of Engineering and Research,0,0,13,1,Other,I4405260778
IIT Roorkee,Birla Global University,0,0,13,1,University,I4405266038
IIT Roorkee,Raja Peary Mohan College,0,0,13,3,Other,I4405278364
IIT Roorkee,KSCSTE - Institute for Climate Change Studies,0,0,13,0,Other,I4405255016
IIT Roorkee,Banwarilal Bhalotia College,0,0,13,18,Other,I4405277887
IIT Roorkee,Ministry of Food Processing Industries,0,0,13,16,Other,I4210160388
IIT Roorkee,Budge Budge Institute of Technology,0,0,13,7,Other,I3131908327
IIT Roorkee,Gayatri Vidya Parishad College for Degree and PG Courses (Autonomous),0,0,13,2,Other,I4405265901
IIT Roorkee,The Neotia University,0,0,13,10,University,I4405266546
IIT Roorkee,Vaagdevi College of Engineering,0,0,13,6,Other,I4387152492
IIT Roorkee,Chandigarh University Uttar Pradesh,0,0,12,1,University,I4405271645
IIT Roorkee,Institute of Post Graduate Medical Education and Research,0,0,12,74,Other,I4210100047
IIT Roorkee,Deva Nagri College,0,0,12,4,Other,I4405262761
IIT Roorkee,Tata Memorial Hospital,0,0,12,40,Other,I2800098698
IIT Roorkee,Azim Premji University,0,0,12,28,University,I14716724
IIT Roorkee,Nagaon University,0,0,12,7,University,I4405278019
IIT Roorkee,Ramachandra College of Engineering (A),0,0,12,1,Other,I4405261846
IIT Roorkee,DKTE Society's Textile and Engineering Institute,0,0,12,1,Other,I4210103544
IIT Roorkee,Arunai Engineering College,0,0,12,11,Other,I4210093364
IIT Roorkee,Bharatiya Vidya Bhavan,0,0,12,13,Other,I2800445823
IIT Roorkee,Rajah Serfoji Government College (Autonomous),0,0,12,4,Other,I4405255148
IIT Roorkee,Institute of Public Enterprise,0,0,12,3,Other,I3131387778
IIT Roorkee,Sri Balaji Vidyapeeth University,0,0,12,4,University,I4210115345
IIT Roorkee,Assam Science and Technology University,0,0,12,0,University,I4405257221
IIT Roorkee,Marathwada Mitra Mandal's College of Engineering,0,0,12,1,Other,I4405261723
IIT Roorkee,Hemchand Yadav Vishwavidyalaya,0,0,12,4,Other,I4405277257
IIT Roorkee,Thakur College of Engineering and Technology,0,0,12,8,Other,I4405260939
IIT Roorkee,King George's Medical University,0,0,12,52,University,I280994
IIT Roorkee,Indian Institute of Sugarcane Research,0,0,11,12,Other,I38395295
IIT Roorkee,Gandhi Institute for Technological Advancement,0,0,11,8,Other,I4405274307
IIT Roorkee,Pandit Deendayal Upadhyaya Adarsha Mahavidyalaya,0,0,11,1,Other,I4405278300
IIT Roorkee,Kisan Post Graduate College,0,0,11,1,Other,I4405263092
IIT Roorkee,Central Sericultural Research and Training Institute,0,0,11,7,Other,I4210153341
IIT Roorkee,Gujarat Institute of Desert Ecology,0,0,11,9,Other,I4210159133
IIT Roorkee,Malla Reddy Vishwavidyapeeth,0,0,11,0,Other,I4405267936
IIT Roorkee,Nanda Nath Saikia College,0,0,11,2,Other,I4405263612
IIT Roorkee,Vijayanagara Sri Krishnadevaraya University,0,0,11,20,University,I4210124025
IIT Roorkee,Kammavari Sangham Institute of Technology,0,0,11,6,Other,I4405274789
IIT Roorkee,Institute for Development and Research in Banking Technology,0,0,11,18,Other,I150312865
IIT Roorkee,Mahatma Gandhi Ayurved College Hospital and Research Centre,0,0,11,0,Other,I4405253982
IIT Roorkee,National Institute of Nutrition,0,0,11,27,Other,I53421241
IIT Roorkee,Nistarini Women's College,0,0,11,1,Other,I4405283931
IIT Roorkee,Sanjay Ghodawat University,0,0,11,3,University,I4210097370
IIT Roorkee,Vivekananda Parvatiya Krishi Anusandhan Sansthan,0,0,11,14,Other,I4210139489
IIT Roorkee,Nehru Arts and Science College,0,0,10,2,Other,I4405272783
IIT Roorkee,Symbiosis University of Applied Sciences,0,0,10,1,University,I4405256131
IIT Roorkee,Shri Shankaracharya Professional University,0,0,10,0,University,I4405264754
IIT Roorkee,Chandragupt Institute of Management,0,0,10,10,Other,I2801293044
IIT Roorkee,Vikas College of Engineering and Technology,0,0,10,2,Other,I4405260459
IIT Roorkee,Central Sericultural Germplasm Resources Centre,0,0,10,7,Other,I4210089075
IIT Roorkee,Indian Institute of Pulses Research,0,0,10,14,Other,I2800609603
IIT Roorkee,National Centre for Biological Sciences,0,0,10,49,Other,I194223965
IIT Roorkee,Sambalpur University Institute of Information Technology,0,0,10,0,IIIT,I4210146312
IIT Roorkee,"Vivekanand Education Society's College of Arts, Science and Commerce (Autonomous)",0,0,10,4,Other,I4405262474
IIT Roorkee,Atmiya University,0,0,10,3,University,I4210105737
IIT Roorkee,Naval Physical & Oceanographic Laboratory,0,0,10,9,Other,I4210101705
IIT Roorkee,Jagran Lakecity University,0,0,10,1,University,I3130958653
IIT Roorkee,National Institute of Research in Tuberculosis,0,0,10,2,Other,I4210140595
IIT Roorkee,RajaRajeswari College of Engineering,0,0,10,8,Other,I4405256669
IIT Roorkee,Serampore College,0,0,10,4,Other,I94349332
IIT Roorkee,The Madura College,0,0,10,3,Other,I4405255910
IIT Roorkee,"Zeal College of Engineering and Research, Pune",0,0,10,1,Other,I4405270557
IIT Roorkee,"Loknete Vyankatrao Hiray Arts, Science and Commerce College",0,0,10,2,Other,I4405258260
IIT Roorkee,Guru Teg Bahadur Hospital,0,0,10,14,Other,I2802539864
IIT Roorkee,Dr. Shakuntala Misra National Rehabilitation University,0,0,10,1,University,I3131131421
IIT Roorkee,Sriram Chandra Bhanja Medical College Hospital,0,0,10,8,Other,I3133213366
IIT Roorkee,Calcutta Institute of Technology,0,0,10,9,Other,I4405275047
IIT Roorkee,Sanaka Educational Trust’s Group of Institutions,0,0,10,0,Other,I4405252868
IIT Roorkee,Oxford Educational Institutions,0,0,10,1,Other,I2801583272
IIT Roorkee,Jeppiaar Institute of Technology,0,0,10,7,Other,I4405277505
IIT Roorkee,Indian Institute of Information Technology Lucknow,0,0,10,2,IIIT,I4405256517
IIT Roorkee,Krishnagar Government College,0,0,10,17,Other,I4405271444
IIT Roorkee,"Karmaveer Bhaurao Patil University, Satara",0,0,10,1,University,I4405284596
IIT Roorkee,Institute for Resource Analysis and Policy,0,0,9,15,Other,I4210131359
IIT Roorkee,Buxi Jagabandhu Bidyadhar Autonomous College,0,0,9,2,Other,I4405280310
IIT Roorkee,Rishi Bankim Chandra College,0,0,9,22,Other,I4405262722
IIT Roorkee,Karnataka State Women's University,0,0,9,5,University,I3130621514
IIT Roorkee,Jorhat Engineering College,0,0,9,14,Other,I4405264314
IIT Roorkee,Indian Institute of Wheat and Barley Research,0,0,9,19,Other,I4210141360
IIT Roorkee,Maharana Pratap Polytechnic Gorakhpur,0,0,9,0,Other,I4405253918
IIT Roorkee,Nirmala College for Women,0,0,9,1,Other,I4405254926
IIT Roorkee,"Vidya Pratishthan's Arts, Science and Commerce College",0,0,9,1,Other,I4405266031
IIT Roorkee,Janardan Rai Nagar Rajasthan Vidyapeeth University,0,0,9,2,University,I4210089973
IIT Roorkee,M S Ramaiah Institute of Management,0,0,9,7,Other,I4405257743
IIT Roorkee,Acharya Institute of Technology,0,0,9,21,Other,I4405261980
IIT Roorkee,Vikramajit Singh Sanatan Dharma College,0,0,9,6,Other,I4405262937
IIT Roorkee,Anand Engineering College,0,0,9,4,Other,I4405282443
IIT Roorkee,PRIST University,0,0,9,14,University,I160682246
IIT Roorkee,"Agriculture University, Jodhpur",0,0,9,4,University,I4405256963
IIT Roorkee,Netaji Subhas Open University,0,0,9,5,University,I20238315
IIT Roorkee,"Sri Karan Narendra Agriculture University, Jobner",0,0,9,9,University,I4210128752
IIT Roorkee,Indraprastha Apollo Hospitals,0,0,9,24,Other,I1302839792
IIT Roorkee,Tea Research Association,0,0,9,7,Other,I4210144812
IIT Roorkee,Central Research Institute for Jute and Allied Fibres,0,0,9,9,Other,I4210106876
IIT Roorkee,Government Medical College,0,0,9,9,Other,I150956004
IIT Roorkee,Marathwada Agricultural University,0,0,9,7,University,I120386524
IIT Roorkee,Jagan Institute of Management Studies,0,0,9,4,Other,I4405284272
IIT Roorkee,Telangana University,0,0,8,7,University,I3133026063
IIT Roorkee,National Academy of Agricultural Research Management,0,0,8,17,Other,I174979866
IIT Roorkee,Chhattisgarh Council of Science and Technology,0,0,8,32,Other,I4210148999
IIT Roorkee,National Centre for Coastal Research,0,0,8,22,Other,I4210117185
IIT Roorkee,DR. B.R.A. Institute Rotary Cancer Hospital,0,0,8,8,Other,I4210161040
IIT Roorkee,"Government College of Engineering, Tirunelveli",0,0,8,10,Other,I4390039373
IIT Roorkee,Dr. Balasaheb Sawant Konkan Krishi Vidyapeeth,0,0,8,2,Other,I2799533726
IIT Roorkee,Sri Sairam College of Engineering,0,0,8,0,Other,I4405254487
IIT Roorkee,Acharya N. G. Ranga Agricultural University,0,0,8,13,University,I12419238
IIT Roorkee,University of Kota,0,0,8,23,University,I200561399
IIT Roorkee,Institute of Wood Science and Technology,0,0,8,15,Other,I4210153472
IIT Roorkee,Amity University Bengaluru,0,0,8,0,University,I4405261204
IIT Roorkee,ICAR-National Bureau Of Plant Genetic Resources,0,0,8,27,Other,I4210097415
IIT Roorkee,National Research Centre for Banana,0,0,8,5,Other,I4210095875
IIT Roorkee,WWF-India,0,0,8,37,Other,I1329578906
IIT Roorkee,All India Institute of Medical Sciences Bhubaneswar,0,0,8,18,AIIMS,I4210117092
IIT Roorkee,National Institute of Malaria Research,0,0,8,17,Other,I76782289
IIT Roorkee,Roland Institute of Pharmaceutical Sciences,0,0,8,5,Other,I4210099853
IIT Roorkee,Chittaranjan National Cancer Institute,0,0,8,12,Other,I2802271162
IIT Roorkee,Nalla Malla Reddy Engineering College,0,0,8,0,Other,I4405274505
IIT Roorkee,CT Group Of Institutions,0,0,8,7,Other,I4210094618
IIT Roorkee,Kerala University of Health Sciences,0,0,8,2,University,I348718759
IIT Roorkee,Bhattadev University,0,0,8,0,University,I4405264016
IIT Roorkee,Sri Manakula Vinayagar Educational Trust,0,0,8,2,Other,I4210116967
IIT Roorkee,Surendranath College,0,0,8,3,Other,I4405272745
IIT Roorkee,Trivenidevi Bhalotia College,0,0,8,6,Other,I4405261412
IIT Roorkee,Seacom Skills University,0,0,8,3,University,I4405265952
IIT Roorkee,"Government College of Engineering, Nagpur",0,0,8,0,Other,I4405253287
IIT Roorkee,Shiv Nadar Foundation,0,0,8,4,Other,I4210143284
IIT Roorkee,Shri Dharmasthala Manjunatheshwara University,0,0,8,6,University,I4387152955
IIT Roorkee,"All India Institute of Ayurveda, New Delhi",0,0,8,4,Other,I4405252805
IIT Roorkee,Central Tribal University of Andhra Pradesh,0,0,8,2,University,I4405259778
IIT Roorkee,Government of Sikkim,0,0,8,23,Other,I2801028658
IIT Roorkee,Government Medical College,0,0,8,14,Other,I248710770
IIT Roorkee,SCMS Group of Educational Institutions,0,0,8,6,Other,I4210116159
IIT Roorkee,SAGE University Indore,0,0,8,8,University,I4405261040
IIT Roorkee,Indian Institute of Vegetable Research,0,0,8,9,Other,I4210126648
IIT Roorkee,Mahatma Gandhi Kashi Vidyapith,0,0,8,6,Other,I2802997415
IIT Roorkee,DES Pune University,0,0,8,26,University,I4405260121
IIT Roorkee,Advanced Numerical Research and Analysis Group,0,0,7,5,Other,I4210115222
IIT Roorkee,Rabindra Bharati University,0,0,7,9,University,I83916355
IIT Roorkee,Centre for Studies in Social Sciences Calcutta,0,0,7,10,Other,I4210121529
IIT Roorkee,Poornaprajna Institute of Scientific Research,0,0,7,20,Other,I4210097624
IIT Roorkee,University B.D.T College of Engineering,0,0,7,22,University,I142253595
IIT Roorkee,Seacom Engineering College,0,0,7,1,Other,I4405272842
IIT Roorkee,Kerala Veterinary and Animal Sciences University,0,0,7,6,University,I335685885
IIT Roorkee,National Bureau of Agricultural Insect Resources,0,0,7,4,Other,I4210129780
IIT Roorkee,Ministry of Commerce and Industry,0,0,7,2,Other,I4405266119
IIT Roorkee,Birsa Agricultural University,0,0,7,8,University,I205478545
IIT Roorkee,Vivekanand Arts Sardar Dalipsingh Commerce and Science College,0,0,7,4,Other,I4405258230
IIT Roorkee,Suamandeep Vidyapeeth University,0,0,7,5,University,I4210119093
IIT Roorkee,Indian Institute of Millets Research,0,0,7,1,Other,I4210118419
IIT Roorkee,Rajasthan University of Veterinary and Animal Sciences,0,0,7,2,University,I4210128267
IIT Roorkee,SRM Medical College Hospital and Research Centre,0,0,7,6,Other,I4405266173
IIT Roorkee,PSG College of Pharmacy,0,0,7,2,Other,I4405275187
IIT Roorkee,ITC (India),0,0,7,5,Other,I4210142449
IIT Roorkee,Ruxmaniben Deepchand Gardi Medical College,0,0,7,10,Other,I3130004915
IIT Roorkee,"Digvijai Nath Post Graduate College, Gorakhpur U.P.",0,0,7,0,Other,I4405258157
IIT Roorkee,Tamil Nadu Dr. M.G.R. Medical University,0,0,7,2,University,I2800701874
IIT Roorkee,Arid Forest Research Institute,0,0,7,3,Other,I140470919
IIT Roorkee,NETES Institute of Pharmaceutical Science,0,0,7,0,Other,I4405263119
IIT Roorkee,Directorate of Medicinal and Aromatic Plants Research,0,0,7,1,Other,I4210147308
IIT Roorkee,Jawaharlal Nehru Medical College,0,0,7,11,Other,I4210104297
IIT Roorkee,Swami Vivekananda Yoga Anusandhana Samsthana,0,0,7,11,Other,I2800348719
IIT Roorkee,Vimal Jyothi Engineering College,0,0,7,3,Other,I4405262108
IIT Roorkee,Darjeeling Government College,0,0,7,15,Other,I4405271790
IIT Roorkee,Uttar Pradesh University of Medical Sciences,0,0,7,7,University,I4405279234
IIT Roorkee,Taki Government College,0,0,7,5,Other,I4405278067
IIT Roorkee,Chettinad Health City,0,0,7,10,Other,I2801758192
IIT Roorkee,French Institute of Pondicherry,0,0,7,24,Other,I86713406
IIT Roorkee,Poornaprajna Institute of Management,0,0,7,0,Other,I4405259281
IIT Roorkee,Abhilashi University,0,0,7,6,University,I4405260938
IIT Roorkee,Chaudhary Ranbir Singh University,0,0,7,8,University,I3129388638
IIT Roorkee,Palamuru University,0,0,7,5,University,I210116565
IIT Roorkee,"RVS College of Engineering & Technology, Jamshedpur",0,0,7,4,Other,I4405256256
IIT Roorkee,Krishna Institute of Medical Sciences Deemed University,0,0,7,0,University,I4210130471
IIT Roorkee,Haldia Government College,0,0,7,8,Other,I4405275834
IIT Roorkee,Midnapore City College,0,0,7,1,Other,I4405276176
IIT Roorkee,Tamil Nadu Veterinary and Animal Sciences University,0,0,7,10,University,I82452031
IIT Roorkee,Indian Grassland and Fodder Research Institute,0,0,7,26,Other,I1296611117
IIT Roorkee,St. Xavier's College,0,0,7,2,Other,I4405276825
IIT Roorkee,Sardar Patel Renewable Energy Research Institute,0,0,7,22,Other,I4210142682
IIT Roorkee,National Bureau of Fish Genetic Resources,0,0,7,6,Other,I4210090005
IIT Roorkee,SRM Dental College,0,0,7,8,Other,I4210101314
IIT Roorkee,Acharya Jagadish Chandra Bose College,0,0,7,1,Other,I4405277603
IIT Roorkee,Women's Christian College,0,0,7,4,Other,I4405265746
IIT Roorkee,Bhartiya Skill Development University,0,0,7,7,University,I3133421068
IIT Roorkee,Asian Institute of Public Health,0,0,7,7,Other,I4210115110
IIT Roorkee,Krishna Institute of Medical Sciences,0,0,7,3,Other,I4210091132
IIT Roorkee,Bombay College of Pharmacy,0,0,7,20,Other,I4210111665
IIT Roorkee,Raniganj Girls' College,0,0,7,15,Other,I4405279348
IIT Roorkee,Goalpara College,0,0,7,1,Other,I4405260027
IIT Roorkee,Borlaug Institute for South Asia,0,0,6,23,Other,I4210105543
IIT Roorkee,Suri Vidyasagar College,0,0,6,3,Other,I4405276729
IIT Roorkee,Rani Rashmoni Green University,0,0,6,4,University,I4405271215
IIT Roorkee,M.H. Saboo Siddik College Of Engineering,0,0,6,2,Other,I4405263063
IIT Roorkee,Sai University,0,0,6,0,University,I4405259325
IIT Roorkee,National Research Centre on Equines,0,0,6,13,Other,I17539415
IIT Roorkee,St.John's Medical College Hospital,0,0,6,24,Other,I4210145302
IIT Roorkee,St. Stephen's College,0,0,6,0,Other,I4405274875
IIT Roorkee,Vidyalankar Institute of Technology,0,0,6,6,Other,I4405277001
IIT Roorkee,Department of Scientific and Industrial Research,0,0,6,10,Other,I4210153020
IIT Roorkee,Zydus Lifesciences Limited (India),0,0,6,9,Other,I4210132663
IIT Roorkee,SRM University Sikkim,0,0,6,1,University,I4405260625
IIT Roorkee,Nalla Narasimha Reddy Education Society's Group of Institutions,0,0,6,2,Other,I4405257354
IIT Roorkee,Bengaluru City University,0,0,6,5,University,I4405260856
IIT Roorkee,Central Institute For Subtropical Horticulture,0,0,6,4,Other,I4210099926
IIT Roorkee,Urban Emissions Info,0,0,6,28,Other,I4210160135
IIT Roorkee,National Institute Of Veterinary Epidemiology And Disease Informatics,0,0,6,14,Other,I4210160780
IIT Roorkee,Aarupadai Veedu Medical College & Hospital,0,0,6,0,Other,I222471920
IIT Roorkee,Jagannath Barooah University,0,0,6,1,University,I4405262295
IIT Roorkee,Central Institute of Fisheries Technology,0,0,6,26,Other,I1304743227
IIT Roorkee,"All India Institute of Medical Sciences, Deoghar",0,0,6,0,AIIMS,I4396570500
IIT Roorkee,Proof & Experimental Establishment,0,0,6,6,Other,I4210140099
IIT Roorkee,Indian Institute of Information Technology Vadodara,0,0,6,8,IIIT,I4210100893
IIT Roorkee,Rishi Bankim Chandra College for Women,0,0,6,7,Other,I4405261869
IIT Roorkee,Central Tuber Crops Research Institute,0,0,6,6,Other,I1322336093
IIT Roorkee,National Institute of Animal Nutrition and Physiology,0,0,6,9,Other,I4210126702
IIT Roorkee,Shriram Institute for Industrial Research,0,0,6,16,Other,I4210115767
IIT Roorkee,Mother Theresa Institute Of Engineering And Technology,0,0,6,0,Other,I4405261114
IIT Roorkee,ICAR-Indian Institute of Maize Research,0,0,6,10,Other,I4210155935
IIT Roorkee,"School of Management Sciences, Varanasi",0,0,6,0,Other,I4405257256
IIT Roorkee,Seethalakshmi Ramaswami College,0,0,6,0,Other,I4405277279
IIT Roorkee,CSMSS Chh. Shahu College of Engineering,0,0,6,0,Other,I4405261485
IIT Roorkee,Kalpavriksh,0,0,6,1,Other,I4210148176
IIT Roorkee,Lady Doak College,0,0,6,12,Other,I4405265954
IIT Roorkee,"Institute of Pharmacy & Technology, Salipur",0,0,6,2,Other,I4405265529
IIT Roorkee,Maharaja Ganga Singh University,0,0,6,1,University,I220911346
IIT Roorkee,Jagdish Sheth School of Management,0,0,6,4,Other,I4405262366
IIT Roorkee,Ananda Chandra College,0,0,6,3,Other,I4405272131
IIT Roorkee,MVN University,0,0,6,2,University,I3132695963
IIT Roorkee,Atria University,0,0,6,5,University,I4405253771
IIT Roorkee,Kanchrapara College,0,0,6,10,Other,I4405275283
IIT Roorkee,St Xavier’s College,0,0,6,7,Other,I906608882
IIT Roorkee,B.E.S.T Innovation University,0,0,6,1,University,I4405254720
IIT Roorkee,Tamil Nadu Dr. Ambedkar Law University,0,0,6,1,University,I2800591429
IIT Roorkee,"Science College, Kokrajhar",0,0,6,0,Other,I4405266001
IIT Roorkee,Kutir Post Graduate College,0,0,6,17,Other,I4405264415
IIT Roorkee,Unilever (India),0,0,6,6,Other,I4210124316
IIT Roorkee,National Institute of Research on Jute and Allied Fibre Technology,0,0,6,10,Other,I4210122202
IIT Roorkee,Tilak Dhari Post Graduate College,0,0,6,2,Other,I4210087875
IIT Roorkee,Mahatma Gandhi Medical College and Research Institute,0,0,6,4,Other,I1302623664
IIT Roorkee,Jawaharlal Nehru Tropical Botanic Garden and Research Institute,0,0,6,4,Other,I2800926800
IIT Roorkee,Raipur Municipal Corporation,0,0,6,0,Other,I4210108023
IIT Roorkee,National Research Centre on Plant Biotechnology,0,0,6,25,Other,I4210091233
IIT Roorkee,Mahatma Gandhi Chitrakoot Gramodaya Vishwavidyalaya,0,0,6,5,Other,I2802348884
IIT Roorkee,Rashtriya Raksha University,0,0,6,2,University,I3132447494
IIT Roorkee,Father Muller Medical College Hospital,0,0,6,2,Other,I17647740
IIT Roorkee,Asian School of Business,0,0,5,0,Other,I4405275363
IIT Roorkee,Central Manufacturing Technology Institute,0,0,5,2,Other,I4210133459
IIT Roorkee,Pandu College,0,0,5,1,Other,I4405271476
IIT Roorkee,Indian Navy,0,0,5,5,Other,I2800120229
IIT Roorkee,"Kasturba Medical College, Mangalore",0,0,5,8,Other,I4387153400
IIT Roorkee,Central Council for Research in Siddha,0,0,5,6,Other,I4210161912
IIT Roorkee,Gas Turbine Research Establishment,0,0,5,7,Other,I19144141
IIT Roorkee,Nizam's Institute of Medical Sciences,0,0,5,16,Other,I139669409
IIT Roorkee,Centre For Development Studies,0,0,5,15,Other,I157886920
IIT Roorkee,Manipur International University,0,0,5,1,University,I4405256854
IIT Roorkee,Bagadhar Brahma Kishan College,0,0,5,0,Other,I4399657952
IIT Roorkee,Emami (India),0,0,5,2,Other,I4210096895
IIT Roorkee,"Annasaheb Magar Mahavidyalaya, Hadapsar, Pune",0,0,5,7,Other,I4405258223
IIT Roorkee,Gobardanga Hindu College,0,0,5,8,Other,I4405275311
IIT Roorkee,Sri Devaraj Urs Academy of Higher Education and Research,0,0,5,4,Other,I4210137392
IIT Roorkee,PSG Institute of Medical Sciences & Research,0,0,5,4,Other,I174404548
IIT Roorkee,Bangabasi Evening College,0,0,5,1,Other,I4405264965
IIT Roorkee,Bharti Hospital,0,0,5,3,Other,I4210153282
IIT Roorkee,Arya Vidyapeeth College,0,0,5,1,Other,I4405271691
IIT Roorkee,GLS University,0,0,5,0,University,I4210088600
IIT Roorkee,Central Council for Research in Unani Medicine,0,0,5,1,Other,I4210137253
IIT Roorkee,Kalinga Institute of Social Sciences,0,0,5,0,Other,I4405262510
IIT Roorkee,Centre of Plasma Physics - Institute for Plasma Research,0,0,5,4,Other,I4210118770
IIT Roorkee,"Bansal Institute of Engineering And Technology, Lucknow",0,0,5,1,Other,I4405259534
IIT Roorkee,Rajendra Memorial National Institute of Health Research,0,0,5,5,Other,I134315084
IIT Roorkee,Delhi Pollution Control Committee,0,0,5,2,Other,I4405272803
IIT Roorkee,IILM University Gurugram,0,0,5,0,University,I4405263562
IIT Roorkee,Manipal Hospital,0,0,5,6,Other,I4210165321
IIT Roorkee,C. U. Shah University,0,0,5,4,University,I1320404931
IIT Roorkee,Dr D Y Patil Dental College & Hospital,0,0,5,7,Other,I4210162544
IIT Roorkee,Dr. D. Y. Patil B-School,0,0,5,1,Other,I4405257030
IIT Roorkee,Nanaji Deshmukh Veterinary Science University,0,0,5,4,University,I4210156499
IIT Roorkee,Thermax (India),0,0,5,4,Other,I2801392924
IIT Roorkee,Centre for Policy Research,0,0,5,25,Other,I1301844980
IIT Roorkee,People’s University,0,0,5,3,University,I4210144829
IIT Roorkee,Ministry of Mines,0,0,5,0,Other,I4405256676
IIT Roorkee,"St. Paul's College, Kalamassery",0,0,5,1,Other,I4405261718
IIT Roorkee,University of Horticultural Sciences Bagalkote,0,0,5,4,University,I102458738
IIT Roorkee,St. Francis Institute of Technology,0,0,5,8,Other,I4405260832
IIT Roorkee,Institute of Engineering & Technology,0,0,5,0,Other,I4405277920
IIT Roorkee,Gujarat Vidyapith,0,0,5,12,Other,I347335806
IIT Roorkee,Pt. Jawahar Lal Nehru Memorial Medical College,0,0,5,2,Other,I2799791569
IIT Roorkee,Rain Forest Research Institute,0,0,5,7,Other,I1291714003
IIT Roorkee,Social Change and Development,0,0,5,10,Other,I4210144541
IIT Roorkee,Bharathiyar Institute of Engineering for Women,0,0,5,0,Other,I4405256908
IIT Roorkee,Raghunathpur College,0,0,5,5,Other,I4405272943
IIT Roorkee,"ICFAI University, Dehradun",0,0,5,6,University,I55124834
IIT Roorkee,Institute of Forest Genetics and Tree Breeding,0,0,5,1,Other,I4210133185
IIT Roorkee,Chhatrapati Shivaji Maharaj University,0,0,5,0,University,I4405275343
IIT Roorkee,Dnyaan Prasad Global University,0,0,5,0,University,I4405261768
IIT Roorkee,Hooghly Mohsin College,0,0,5,25,Other,I4405274499
IIT Roorkee,Techno India Group (India),0,0,5,6,Other,I4210132326
IIT Roorkee,United Nations Children's Fund India,0,0,5,36,Other,I4210159699
IIT Roorkee,Advanced Instrumentation Research Facility,0,0,5,7,Other,I4405281529
IIT Roorkee,HLL Lifecare (India),0,0,5,6,Other,I4210092007
IIT Roorkee,Madras Medical College,0,0,5,3,Other,I159337121
IIT Roorkee,Bangabasi College,0,0,5,1,Other,I4405271881
IIT Roorkee,Behala College,0,0,5,16,Other,I4405276439
IIT Roorkee,Inspiration Innovation Synergy University,0,0,5,8,University,I4210154633
IIT Roorkee,Sri Muthukumaran Institute of Technology,0,0,5,1,Other,I4405261353
IIT Roorkee,Center for Study of Science Technology and Policy,0,0,5,24,Other,I2802876690
IIT Roorkee,Rayat Shikshan Sanstha,0,0,5,2,Other,I2801997238
IIT Roorkee,National Institute of Cancer Prevention and Research,0,0,5,5,Other,I4210160993
IIT Roorkee,Federal Institute of Science and Technology,0,0,5,1,Other,I4405263975
IIT Roorkee,Kakatiya Medical College,0,0,5,2,Other,I4405262917
IIT Roorkee,Rajasthan University of Health Sciences,0,0,5,4,University,I2802772831
IIT Roorkee,Combat Vehicles Research and Development Establishment,0,0,5,6,Other,I4210162812
IIT Roorkee,Central Institute of Brackishwater Aquaculture,0,0,5,2,Other,I2800988382
IIT Roorkee,"Government College of Engineering, Erode",0,0,5,11,Other,I4405263326
IIT Roorkee,Alphonsa College,0,0,5,2,Other,I4405277305
IIT Roorkee,Sardarkrushinagar Dantiwada Agricultural University,0,0,5,4,University,I271267010
IIT Roorkee,"Indian Institute of Information Technology and Management, Kerala",0,0,5,18,IIIT,I68695296
IIT Roorkee,Don Bosco College of Engineering,0,0,5,0,Other,I4405271317
IIT Roorkee,Sandip Institute of Engineering and Management,0,0,5,0,Other,I4405271904
IIT Roorkee,Mahayogi Gorakhnath University Gorakhpur,0,0,5,0,University,I4405271232
IIT Roorkee,Meenakshi Ammal Dental College and Hospital,0,0,5,2,Other,I4210109571
IIT Roorkee,Guru Nanak Institute of Pharmaceutical Science and Technology,0,0,5,1,Other,I4405277074
IIT Roorkee,Coir Board of India,0,0,5,0,Other,I4210163736
IIT Roorkee,"D.A.V. P.G. College, Lucknow",0,0,5,3,Other,I4405258482
IIT Roorkee,LDRP Institute of Technology and Research,0,0,4,4,Other,I4405279395
IIT Roorkee,Lady Hardinge Medical College,0,0,4,11,Other,I114546181
IIT Roorkee,Government Medical College,0,0,4,4,Other,I180771373
IIT Roorkee,Vision Research Foundation,0,0,4,12,Other,I4405267514
IIT Roorkee,Sanjay Ghodawat Institute,0,0,4,0,Other,I4405285359
IIT Roorkee,College of Engineering & Management Kapurthala,0,0,4,0,Other,I4405278012
IIT Roorkee,King Edward Memorial Hospital and Seth G.S. Medical College,0,0,4,17,Other,I193353881
IIT Roorkee,National Innovation Foundation,0,0,4,0,Other,I4210144596
IIT Roorkee,Auro University,0,0,4,1,University,I3131412830
IIT Roorkee,Alipurduar University,0,0,4,2,University,I4405273222
IIT Roorkee,STMicroelectronics (India),0,0,4,5,Other,I4210094169
IIT Roorkee,Sankara Nethralaya,0,0,4,14,Other,I118298837
IIT Roorkee,MES Ponnani College,0,0,4,4,Other,I4405263485
IIT Roorkee,St. Mother Theresa Engineering College,0,0,4,1,Other,I4405259866
IIT Roorkee,Kanchi Mamunivar Centre for Post Graduate Studies,0,0,4,1,Other,I4210089590
IIT Roorkee,Rajeev Institute of Technology,0,0,4,0,Other,I4405264798
IIT Roorkee,Cipla (India),0,0,4,4,Other,I4210133301
IIT Roorkee,Indo Korea Science and Technology,0,0,4,3,Other,I4210152052
IIT Roorkee,Karpagam College of Pharmacy Coimbatore,0,0,4,2,Other,I4405258200
IIT Roorkee,Directorate of Groundnut Research,0,0,4,4,Other,I2801342896
IIT Roorkee,Sree Gokulam Medical College and Research Foundation,0,0,4,0,Other,I4210129408
IIT Roorkee,Advanced Systems Laboratory,0,0,4,6,Other,I4210101698
IIT Roorkee,Gurudas College,0,0,4,8,Other,I4405276635
IIT Roorkee,Uttarakhand Open University,0,0,4,4,University,I185596852
IIT Roorkee,Engineers India (India),0,0,4,7,Other,I46308248
IIT Roorkee,"Gurucharan University, Silchar",0,0,4,3,University,I4405274744
IIT Roorkee,"Dr. B. R. Ambedkar University, Srikakulam",0,0,4,0,University,I4405269582
IIT Roorkee,"Government Engineering College, Rajkot",0,0,4,12,Other,I4405270285
IIT Roorkee,Max Healthcare,0,0,4,3,Other,I307255591
IIT Roorkee,"Babasaheb Naik College of Engineering, Pusad",0,0,4,2,Other,I4405276991
IIT Roorkee,"Carmel College of Arts, Science and Commerce for Women",0,0,4,2,Other,I4405261201
IIT Roorkee,Sona College of Arts and Science,0,0,4,0,Other,I4405259958
IIT Roorkee,Indo-US Science and Technology Forum,0,0,4,0,Other,I4210145276
IIT Roorkee,University of Agricultural and Horticultural Sciences,0,0,4,8,University,I4210150675
IIT Roorkee,Spices Board India,0,0,4,0,Other,I4210134647
IIT Roorkee,Swami Vivekanand College of Pharmacy,0,0,4,2,Other,I4210115326
IIT Roorkee,Seth Anandram Jaipuria College,0,0,4,0,Other,I4405280749
IIT Roorkee,Tropical Forest Research Institute,0,0,4,2,Other,I1284847757
IIT Roorkee,ICAR - Central Island Agricultural Research Institute,0,0,4,3,Other,I4210151296
IIT Roorkee,Vijaygarh Jyotish Ray College,0,0,4,0,Other,I4405277963
IIT Roorkee,Jagannath University,0,0,4,1,University,I150263970
IIT Roorkee,Jangipur College,0,0,4,2,Other,I4405270277
IIT Roorkee,Mahatma Gandhi Mission Medical College and Hospital,0,0,4,1,Other,I4210113792
IIT Roorkee,Providence Women's College (Autonomous),0,0,4,1,Other,I4405260272
IIT Roorkee,Central University of Odisha,0,0,4,2,University,I4210129043
IIT Roorkee,"G.S. Science, Arts And Commerce College",0,0,4,4,Other,I4210144496
IIT Roorkee,ICAR - Agricultural Technology Application Research Institute,0,0,4,1,Other,I4405255076
IIT Roorkee,Indian Air Force,0,0,4,10,Other,I2801959050
IIT Roorkee,Audisankara (Deemed to be University),0,0,4,3,University,I4405268729
IIT Roorkee,Trident Academy of Technology,0,0,4,2,Other,I4405277697
IIT Roorkee,"Toshniwal Arts, Commerce, and Science College",0,0,4,3,Other,I4405263630
IIT Roorkee,RKDF University,0,0,4,3,University,I2801027606
IIT Roorkee,Rishihood University,0,0,4,1,University,I4405256055
IIT Roorkee,Administrative Staff College of India,0,0,4,21,Other,I187424834
IIT Roorkee,"All India Institute of Medical Sciences, Vijaypur, Jammu",0,0,4,0,AIIMS,I4405256279
IIT Roorkee,Defence Food Research Laboratory,0,0,4,30,Other,I2802608988
IIT Roorkee,National Research Centre on Camel,0,0,4,1,Other,I4210126554
IIT Roorkee,Maulana Azad Medical College,0,0,4,21,Other,I39190216
IIT Roorkee,Cancer Institute (WIA),0,0,4,5,Other,I2801345345
IIT Roorkee,"Sardar Patel University of Police, Security and Criminal Justice, Jodhpur",0,0,4,1,University,I4387156176
IIT Roorkee,"Jagannath International Management School, Kalkaji, New Delhi",0,0,4,0,Other,I4405255379
IIT Roorkee,Institute of Bioinformatics,0,0,4,11,Other,I4210148697
IIT Roorkee,Central Institute of Freshwater Aquaculture,0,0,4,6,Other,I197888225
IIT Roorkee,Bankura Sammilani Medical College,0,0,4,0,Other,I127174594
IIT Roorkee,Armament Research and Development Establishment,0,0,4,8,Other,I2801496733
IIT Roorkee,St. Xavier's College,0,0,4,0,Other,I4405254408
IIT Roorkee,Meenakshi Medical College Hospital and Research Institute,0,0,4,0,Other,I4210133582
IIT Roorkee,Mary Matha Arts and Science College,0,0,4,1,Other,I4405259808
IIT Roorkee,Mahatma Gandhi Mission Institute of Health Sciences,0,0,4,3,Other,I4210107677
IIT Roorkee,Shree Dhanvantary Pharmacy College,0,0,4,3,Other,I4405274818
IIT Roorkee,Guru Gobind Singh Medical College and Hospital,0,0,4,1,Other,I2800404181
IIT Roorkee,"Government Degree College, Kamalpur",0,0,4,0,Other,I4405280420
IIT Roorkee,Damodaram Sanjivayya National Law University,0,0,4,0,University,I2802767510
IIT Roorkee,"Maharana Pratap Horticultural University, Karnal",0,0,4,1,University,I4405261572
IIT Roorkee,College of Medicine & Sagore Dutta Hospital,0,0,4,5,Other,I265637623
IIT Roorkee,Nabarangpur College,0,0,4,0,Other,I4405256317
IIT Roorkee,Murshidabad University,0,0,4,0,University,I4405268342
IIT Roorkee,Science and Engineering Research Board,0,0,4,9,Other,I2799536621
IIT Roorkee,Krishna University,0,0,4,5,University,I221092938
IIT Roorkee,Institute of Forest Productivity,0,0,4,1,Other,I4210136636
IIT Roorkee,Institute of Pesticide Formulation Technology,0,0,4,14,Other,I4210132190
IIT Roorkee,Mannar Thirumalai Naicker College,0,0,4,0,Other,I4405265996
IIT Roorkee,Government College for Women Anantnag,0,0,4,3,Other,I2801651121
IIT Roorkee,Sree Balaji Dental College and Hospital,0,0,4,3,Other,I4210131094
IIT Roorkee,GlaxoSmithKline (India),0,0,4,0,Other,I4210099842
IIT Roorkee,National Institute of Rock Mechanics,0,0,4,14,Other,I4405253853
IIT Roorkee,Bastar University,0,0,4,0,University,I4210135828
IIT Roorkee,Swami Keshwanand Rajasthan Agricultural University,0,0,3,4,University,I2801834944
IIT Roorkee,Government Engineering College Wayanad,0,0,3,1,Other,I4405263743
IIT Roorkee,Institute of Livelihood Research and Training,0,0,3,1,Other,I4210128641
IIT Roorkee,Pragjyotish College,0,0,3,1,Other,I4405274032
IIT Roorkee,Indian Institute of Plantation Management,0,0,3,7,Other,I99383213
IIT Roorkee,Vector Control Research Centre,0,0,3,6,Other,I4210144797
IIT Roorkee,Institute of Technology Management,0,0,3,3,Other,I4210145362
IIT Roorkee,Fortis Hospital,0,0,3,3,Other,I4210143252
IIT Roorkee,International Institute of Biotechnology and Toxicology,0,0,3,1,Other,I4210138875
IIT Roorkee,National Institute of Health and Family Welfare,0,0,3,9,Other,I4210094607
IIT Roorkee,Maharashtra University of Health Sciences,0,0,3,2,University,I149766970
IIT Roorkee,Paras Hospitals,0,0,3,0,Other,I4210092216
IIT Roorkee,Fernandez Hospital,0,0,3,0,Other,I4210094209
IIT Roorkee,Kaushalya the Skill University,0,0,3,0,University,I4405259734
IIT Roorkee,"Govt.W.W. Patankar Girls’ PG College, Durg",0,0,3,1,Other,I4405263452
IIT Roorkee,Indian Institute of Soybean Research,0,0,3,5,Other,I4210166498
IIT Roorkee,Babu Shivnath Agrawal (PG) College,0,0,3,0,Other,I4405284233
IIT Roorkee,Sabarmati University,0,0,3,0,University,I3129738059
IIT Roorkee,Netaji Nagar College for Women,0,0,3,1,Other,I4405271299
IIT Roorkee,R. N. G. Patel Institute of Technology,0,0,3,3,Other,I4405254091
IIT Roorkee,Chandernagore College,0,0,3,7,Other,I4405276588
IIT Roorkee,Institute of Forest Biodiversity,0,0,3,0,Other,I4405263591
IIT Roorkee,Universal Engineering College,0,0,3,5,Other,I2833836602
IIT Roorkee,"City College, Kolkata",0,0,3,2,Other,I4405255523
IIT Roorkee,Asian Development Research Institute,0,0,3,3,Other,I2801208972
IIT Roorkee,Dravidian University,0,0,3,3,University,I288045149
IIT Roorkee,Hari Shankar Singhania Elastomer And Tyre Research Institute,0,0,3,5,Other,I4210099537
IIT Roorkee,ICAR - National Meat Research Institute,0,0,3,0,Other,I4210131297
IIT Roorkee,Microsoft Research (India),0,0,3,10,Other,I4210124949
IIT Roorkee,Dr. K.N.Modi University,0,0,3,3,University,I3133069541
IIT Roorkee,International School of Management Excellence,0,0,3,0,Other,I4405278847
IIT Roorkee,Reserve Bank of India,0,0,3,42,Other,I1287339526
IIT Roorkee,Satyawati College (Evening),0,0,3,4,Other,I4405284013
IIT Roorkee,Nalsar University of Law,0,0,3,1,University,I2802231754
IIT Roorkee,Engineering Staff College of India,0,0,3,1,Other,I4405261761
IIT Roorkee,Institute of Development Studies Kolkata,0,0,3,2,Other,I4405262774
IIT Roorkee,Bahona College,0,0,3,2,Other,I4405267063
IIT Roorkee,"ICAR-Directorate of Rapeseed-Mustard Research, Bharatpur",0,0,3,16,Other,I4210110189
IIT Roorkee,Kirloskar Group (India),0,0,3,1,Other,I4210157906
IIT Roorkee,"Post Graduate Government College, Sector 11, Chandigarh",0,0,3,11,Other,I4405278138
IIT Roorkee,University of Trans-Disciplinary Health Sciences and Technology,0,0,3,1,University,I3132239849
IIT Roorkee,National Institute of Occupational Health,0,0,3,5,Other,I4210105310
IIT Roorkee,Tata Motors (India),0,0,3,10,Other,I1301507905
IIT Roorkee,"Dr. Ambedkar Institute of Hotel Management, Catering, and Nutrition",0,0,3,0,Other,I4405263703
IIT Roorkee,Aurobindo Pharma (India),0,0,3,2,Other,I4210110833
IIT Roorkee,Bombay Natural History Society,0,0,3,0,Other,I82034984
IIT Roorkee,KMEA Engineering College,0,0,3,1,Other,I4405257739
IIT Roorkee,Trichy SRM Medical College Hospital and Research Centre,0,0,3,0,Other,I4210115651
IIT Roorkee,K.S.R. Institute of Dental Science and Research,0,0,3,0,Other,I4405273479
IIT Roorkee,National Center for Disease Control,0,0,3,11,Other,I103004294
IIT Roorkee,Sree Sevugan Annamalai College,0,0,3,2,Other,I4405267585
IIT Roorkee,Johnson & Johnson (India),0,0,3,2,Other,I4210163153
IIT Roorkee,National Institute for Research in Reproductive Health,0,0,3,33,Other,I143929237
IIT Roorkee,K.L.E. Society's S. Nijalingappa College,0,0,3,0,Other,I4405284022
IIT Roorkee,Jorhat Institute of Science and Technology,0,0,3,2,Other,I4405261314
IIT Roorkee,Central Institute for Research on Goats,0,0,3,4,Other,I4210108051
IIT Roorkee,Bhupendra Narayan Mandal University,0,0,3,2,University,I3132435657
IIT Roorkee,MES Mampad College (Autonomous),0,0,3,2,Other,I4405263133
IIT Roorkee,"All India Institute of Medical Sciences, Rajkot",0,0,3,1,AIIMS,I4405254203
IIT Roorkee,Ramakrishna Mission Vivekananda College,0,0,3,4,Other,I4405279679
IIT Roorkee,Apollo Hospitals,0,0,3,10,Other,I1327930874
IIT Roorkee,"Dharanidhar University, Keonjhar",0,0,3,0,University,I4405253117
IIT Roorkee,Marudhar Kesari Jain College for Women,0,0,3,0,Other,I4405258697
IIT Roorkee,Raja Balwant Singh College,0,0,3,9,Other,I4405276730
IIT Roorkee,Dhenkanal Autonomous College,0,0,3,1,Other,I4405281989
IIT Roorkee,Shri Neelkantheshwar Government Post-Graduate College,0,0,3,1,Other,I4405258359
IIT Roorkee,Uttarakhand Jal Sansthan,0,0,3,4,Other,I4210110416
IIT Roorkee,Sadiya College,0,0,3,0,Other,I4405253726
IIT Roorkee,TempleCity Institute of Technology & Engineering,0,0,3,0,Other,I4405280863
IIT Roorkee,Indian Institute of Spices Research,0,0,3,3,Other,I1296400463
IIT Roorkee,Maharaja Agrasen Institute of Management Studies,0,0,3,2,Other,I4405259335
IIT Roorkee,"Institute of Science, Nagpur",0,0,3,6,Other,I4405277029
IIT Roorkee,Chameli Devi Institute of Pharmacy,0,0,3,1,Other,I4210162688
IIT Roorkee,Bureau of Indian Standards,0,0,3,5,Other,I4405266059
IIT Roorkee,Goa Dental College and Hospital,0,0,3,2,Other,I2800979047
IIT Roorkee,Sarguja University,0,0,3,15,University,I3132343680
IIT Roorkee,National Brain Research Centre,0,0,3,41,Other,I85332549
IIT Roorkee,SMBT College of Pharmacy,0,0,3,2,Other,I4405274066
IIT Roorkee,Nalanda Open University,0,0,3,0,University,I4210129035
IIT Roorkee,P.G.D.A.V. College (Evening),0,0,3,1,Other,I4405260868
IIT Roorkee,Government Medical College,0,0,3,3,Other,I4210164371
IIT Roorkee,Columbia College,0,0,3,1,Other,I4405283503
IIT Roorkee,Tezpur College,0,0,3,0,Other,I4405259082
IIT Roorkee,Antara,0,0,3,4,Other,I4210119153
IIT Roorkee,Govt. College Mananthavady,0,0,3,0,Other,I4405254586
IIT Roorkee,Kedarnath Girdharilal Khatri Degree College,0,0,3,3,Other,I4405279864
IIT Roorkee,University College of Engineering and Technology,0,0,3,1,University,I4405278070
IIT Roorkee,India Health Action Trust,0,0,3,2,Other,I4210136932
IIT Roorkee,Assumption College,0,0,3,4,Other,I4405255754
IIT Roorkee,Gitarattan International Business School,0,0,3,0,Other,I4405277619
IIT Roorkee,ACS Medical College and Hospital,0,0,3,1,Other,I4210086035
IIT Roorkee,Thai Moogambigai Dental College and Hospital,0,0,3,0,Other,I4210141999
IIT Roorkee,National Research Centre for Integrated Pest Management,0,0,3,1,Other,I4210105200
IIT Roorkee,Centre for Development of Imaging Technology,0,0,3,0,Other,I4405277629
IIT Roorkee,Awadhesh Pratap Singh University,0,0,3,10,University,I59615845
IIT Roorkee,Directorate General of Mines Safety,0,0,3,0,Other,I4405253893
IIT Roorkee,Bhaktivedanta Hospital & Research Institute,0,0,3,0,Other,I4210102668
IIT Roorkee,Swarrnim Startup and Innovation University,0,0,3,3,University,I4405284513
IIT Roorkee,Fatima College (Autonomous),0,0,3,3,Other,I4405271500
IIT Roorkee,Datar Cancer Genetics (India),0,0,3,0,Other,I4210129775
IIT Roorkee,Asian Institute of Gastroenterology,0,0,3,5,Other,I4210137328
IIT Roorkee,Regional Medical Research Centre,0,0,3,2,Other,I4210093644
IIT Roorkee,National Institute of Urban Affairs,0,0,3,15,Other,I4210129587
IIT Roorkee,Bankim Sardar College,0,0,3,5,Other,I4405259705
IIT Roorkee,Salim Ali Center for Ornithology and Natural History,0,0,3,14,Other,I4210113893
IIT Roorkee,Lilavati Hospital & Research Centre,0,0,3,6,Other,I2800084889
IIT Roorkee,Era's Lucknow Medical College and Hospital,0,0,3,9,Other,I4210107565
IIT Roorkee,Bajkul Milani Mahavidyalaya,0,0,3,3,Other,I4405259813
IIT Roorkee,Central Tasar Research & Training Institute,0,0,3,1,Other,I4210162611
IIT Roorkee,National Institute of Biologicals,0,0,3,3,Other,I4405257039
IIT Roorkee,IFMR Graduate School of Business,0,0,3,10,Other,I3130082100
IIT Roorkee,Saifee Hospital,0,0,3,1,Other,I2802630937
IIT Roorkee,International Institute of Management Studies,0,0,3,0,Other,I4405266900
IIT Roorkee,Sumathi Reddy Institute of Technology for Women,0,0,3,1,Other,I4405256363
IIT Roorkee,Tamil Nadu Open University,0,0,3,6,University,I4210098610
IIT Roorkee,Moti Ram Babu Ram Government Post Graduate College,0,0,3,0,Other,I4405279458
IIT Roorkee,KIRND Institute of Research and Development Pvt Ltd,0,0,3,2,Other,I4405261651
IIT Roorkee,Camellia Institute of Technology,0,0,3,4,Other,I4405277783
IIT Roorkee,Ananda Mohan College,0,0,3,12,Other,I4405271948
IIT Roorkee,"Shri Shivaji Science and Arts College, Chikhli",0,0,3,1,Other,I4405259036
IIT Roorkee,Central Sheep and Wool Research Institute,0,0,3,8,Other,I103109029
IIT Roorkee,Karimganj College,0,0,3,4,Other,I4405277338
IIT Roorkee,Syngene International (India),0,0,3,14,Other,I4210149349
IIT Roorkee,Voluntary Health Association of Goa,0,0,3,0,Other,I4210124092
IIT Roorkee,Sri Devaraj Urs Medical College,0,0,3,4,Other,I135234465
IIT Roorkee,Institute for Human Development,0,0,3,14,Other,I4210086295
IIT Roorkee,Indian National Centre for Ocean Information Services,0,0,3,39,Other,I1333738725
IIT Roorkee,National Council of Applied Economic Research,0,0,3,13,Other,I4210127254
IIT Roorkee,Vardhaman Mahaveer Open University,0,0,3,1,University,I52496869
IIT Roorkee,Karnataka Veterinary Animal and Fisheries Sciences University,0,0,3,14,University,I244504473
IIT Roorkee,"Islamia College of Science and Commerce, Srinagar",0,0,3,15,Other,I4405255054
IIT Roorkee,Sido Kanhu Murmu University,0,0,2,6,University,I3132909238
IIT Roorkee,Tamil Nadu Teachers Education University,0,0,2,0,University,I4210094592
IIT Roorkee,Abdul Ahad Azad Memorial Degree College,0,0,2,0,Other,I4405262785
IIT Roorkee,Vimhans PrimaMed Super Speciality Hospital,0,0,2,0,Other,I3173610708
IIT Roorkee,Assam Medical College,0,0,2,2,Other,I83844774
IIT Roorkee,Mohammad Ali Jauhar University,0,0,2,1,University,I3129486212
IIT Roorkee,JSW Group (India),0,0,2,5,Other,I160856166
IIT Roorkee,Monark University,0,0,2,0,University,I4405263756
IIT Roorkee,Vijaya College,0,0,2,7,Other,I4387155977
IIT Roorkee,Gokhale Memorial Girls' College,0,0,2,3,Other,I4405274146
IIT Roorkee,National Defence Academy,0,0,2,2,Other,I11414854
IIT Roorkee,LEAD College of Management,0,0,2,0,Other,I4405254774
IIT Roorkee,Martin Luther Christian University,0,0,2,0,University,I3133174604
IIT Roorkee,Maa Manikeshwari University,0,0,2,0,University,I4405263422
IIT Roorkee,D A Pandu Memorial RV Dental College and Hospital,0,0,2,0,Other,I4210113629
IIT Roorkee,Parul University,0,0,2,0,University,I4210112983
IIT Roorkee,Union Bank of India,0,0,2,1,Other,I4405272549
IIT Roorkee,Biozeen (India),0,0,2,0,Other,I4210112589
IIT Roorkee,Population Council,0,0,2,15,Other,I1314022388
IIT Roorkee,Foundation for Innovation and Technology Transfer,0,0,2,0,Other,I4210119685
IIT Roorkee,Jawaharlal Nehru Medical College Hospital,0,0,2,5,Other,I154971649
IIT Roorkee,Guru Jambheshwar University Moradabad,0,0,2,0,University,I4405276444
IIT Roorkee,Kovai Medical Center and Hospital,0,0,2,3,Other,I4210111349
IIT Roorkee,Asian Healthcare Foundation,0,0,2,3,Other,I4405266924
IIT Roorkee,Aditya Birla (India),0,0,2,5,Other,I4210145126
IIT Roorkee,Indian Institute of Teacher Education,0,0,2,0,Other,I3129229761
IIT Roorkee,Government Medical College,0,0,2,4,Other,I129862065
IIT Roorkee,Pandit Sundarlal Sharma Open University,0,0,2,0,University,I4210164645
IIT Roorkee,World Health Organization - India,0,0,2,19,Other,I4210162279
IIT Roorkee,Sarojini Naidu Medical College,0,0,2,2,Other,I2799711398
IIT Roorkee,Sobhasaria Group of Institutions,0,0,2,1,Other,I4405282399
IIT Roorkee,"All India Institute of Medical Sciences, Bilaspur",0,0,2,0,AIIMS,I4405280387
IIT Roorkee,Malankara Orthodox Syrian Church Medical College Hospital,0,0,2,1,Other,I2802105490
IIT Roorkee,Government Vidarbha Institute of Science and Humanities,0,0,2,5,Other,I4210162990
IIT Roorkee,Government College of Pharmacy Rohru,0,0,2,3,Other,I4405255720
IIT Roorkee,Central Council for Research in Homoeopathy,0,0,2,1,Other,I4210155405
IIT Roorkee,Durgadevi Saraf Institute of Management Studies,0,0,2,3,Other,I4405260332
IIT Roorkee,Anthem Biosciences (India),0,0,2,1,Other,I4210138068
IIT Roorkee,Central Forensic Science Laboratory,0,0,2,5,Other,I2800034660
IIT Roorkee,Maharashtra Animal and Fishery Sciences University,0,0,2,1,University,I3130477807
IIT Roorkee,St. Francis de Sales College,0,0,2,0,Other,I4405277032
IIT Roorkee,B.V. Raju College,0,0,2,0,Other,I4405257069
IIT Roorkee,Aravind Eye Hospital,0,0,2,6,Other,I2800958399
IIT Roorkee,Sanskriti Samvardhan Mandal,0,0,2,1,Other,I4210093989
IIT Roorkee,Ananthapuri Hospitals and Research Institute,0,0,2,0,Other,I4210125288
IIT Roorkee,Surendranath Evening College,0,0,2,0,Other,I4405276959
IIT Roorkee,Honeywell (India),0,0,2,4,Other,I4210101534
IIT Roorkee,Rajiv Gandhi University of Health Sciences,0,0,2,3,University,I286135121
IIT Roorkee,GloNeuro,0,0,2,2,Other,I4405257106
IIT Roorkee,Tilak Maharashtra Vidyapeeth,0,0,2,0,Other,I4210110873
IIT Roorkee,Balaji College of Pharmacy,0,0,2,0,Other,I4405272806
IIT Roorkee,Government Institute of Forensic Science,0,0,2,1,Other,I4405281637
IIT Roorkee,Government Medical College,0,0,2,3,Other,I4210107852
IIT Roorkee,Shri Shikshayatan College,0,0,2,0,Other,I4405280461
IIT Roorkee,Gazole Mahavidyalaya,0,0,2,1,Other,I4405263166
IIT Roorkee,Uttar Pradesh Rajarshi Tandon Open University,0,0,2,2,University,I4210153737
IIT Roorkee,Kalyan Post Graduate College,0,0,2,1,Other,I4405281848
IIT Roorkee,University College for Women,0,0,2,2,University,I2802287669
IIT Roorkee,Fakir Chand College,0,0,2,6,Other,I4405276493
IIT Roorkee,Consilience Research Foundation,0,0,2,0,Other,I4405283546
IIT Roorkee,Kasturba Hospital,0,0,2,0,Other,I4210120124
IIT Roorkee,"P. R. Pote Patil College of Engineering & Management, Amravati",0,0,2,4,Other,I4405255841
IIT Roorkee,"Shri Yashwantrao Patil Science College, Solankur",0,0,2,0,Other,I4405261849
IIT Roorkee,Jehangir Hospital,0,0,2,1,Other,I2800733875
IIT Roorkee,M S Swaminathan Research Foundation,0,0,2,15,Other,I2799627270
IIT Roorkee,Industrial Credit and Investment Corporation of India,0,0,2,2,Other,I2800946588
IIT Roorkee,Dum Dum Motijheel College,0,0,2,4,Other,I4405276628
IIT Roorkee,Tamilnadu State Council for Science and Technology,0,0,2,9,Other,I4405271011
IIT Roorkee,Satavahana University,0,0,2,1,University,I3133249180
IIT Roorkee,SMS Medical College,0,0,2,11,Other,I164135366
IIT Roorkee,Central Soil and Materials Research Station,0,0,2,4,Other,I4210111264
IIT Roorkee,Athena Infonomics (India),0,0,2,0,Other,I4210114135
IIT Roorkee,Khallikote Unitary University,0,0,2,3,University,I4405277609
IIT Roorkee,Nivetha Institute of Earth and Environmental Sciences,0,0,2,1,Other,I4405284070
IIT Roorkee,Indira Gandhi Institute of Medical Sciences,0,0,2,3,Other,I238035932
IIT Roorkee,West Bengal National University of Juridical Sciences,0,0,2,1,University,I3129450392
IIT Roorkee,Lokmanya Tilak Municipal General Hospital and Lokmanya Tilak Municipal Medical College,0,0,2,6,Other,I2800471911
IIT Roorkee,"Institute of Chartered Financial Analysts of India University, Jaipur",0,0,2,0,University,I4210139590
IIT Roorkee,Kandra Radhakanta Kundu Mahavidyalaya,0,0,2,0,Other,I4405284245
IIT Roorkee,Dr. Subhash University,0,0,2,2,University,I4405256992
IIT Roorkee,Ministry of External Affairs,0,0,2,0,Other,I4210150435
IIT Roorkee,Institute of Molecular Medicine,0,0,2,4,Other,I4210146488
IIT Roorkee,Patrician College of Arts and Science,0,0,2,0,Other,I4405265900
IIT Roorkee,Apollo Hospitals,0,0,2,10,Other,I4210130696
IIT Roorkee,Department of Science and Technology and Biotechnology,0,0,2,2,Other,I4210133337
IIT Roorkee,Meher Hospitals,0,0,2,0,Other,I4210114715
IIT Roorkee,Loyola Institute of Technology and Science,0,0,2,1,Other,I4405260288
IIT Roorkee,Indian Centre for Space Physics,0,0,2,4,Other,I2800614519
IIT Roorkee,Anusandhan National Research Foundation,0,0,2,0,Other,I4405276818
IIT Roorkee,Prananath College (Autonomous),0,0,2,0,Other,I4405274855
IIT Roorkee,Medhavi Skills University,0,0,2,0,University,I4405265053
IIT Roorkee,West Bengal University of Health Sciences,0,0,2,6,University,I226431899
IIT Roorkee,Shri Govind Guru University,0,0,2,0,University,I4405263164
IIT Roorkee,Defence Bioengineering and Electromedical Laboratory,0,0,2,10,Other,I4210093312
IIT Roorkee,Shri BM Patil Medical College,0,0,2,2,Other,I123665430
IIT Roorkee,St. Joseph Dental College,0,0,2,0,Other,I4210112433
IIT Roorkee,Shri Bhagubhai Mafatlal Polytechnic and College of Engineering,0,0,2,0,Other,I4405272901
IIT Roorkee,Asian Business School,0,0,2,0,Other,I4405270899
IIT Roorkee,Sunrise University,0,0,2,0,University,I2800472358
IIT Roorkee,Veer Surendra Sai Medical College and Hospital,0,0,2,1,Other,I2803056085
IIT Roorkee,Singhania University,0,0,2,11,University,I76163968
IIT Roorkee,Regional Plant Resource Centre,0,0,2,1,Other,I4210128503
IIT Roorkee,BioAxis DNA Research Centre (India),0,0,2,0,Other,I4210138323
IIT Roorkee,Ministry of Skill Development and Entrepreneurship,0,0,2,0,Other,I4405280593
IIT Roorkee,Tamil Virtual Academy,0,0,2,4,Other,I4210121043
IIT Roorkee,Acharya Prafulla Chandra Roy Government College,0,0,2,2,Other,I4405273554
IIT Roorkee,"Harish Chandra Post Graduate College, Varanasi",0,0,2,1,Other,I4405281396
IIT Roorkee,Wockhardt (India),0,0,2,5,Other,I4210102159
IIT Roorkee,Forest Survey of India,0,0,2,6,Other,I15426020
IIT Roorkee,Society for Applied Studies,0,0,2,4,Other,I4210095463
IIT Roorkee,The Automotive Research Association of India,0,0,2,2,Other,I88213707
IIT Roorkee,"All India Institute of Medical Sciences, Patna",0,0,2,10,AIIMS,I4405266460
IIT Roorkee,Rajasthan Police Academy,0,0,2,0,Other,I4210140672
IIT Roorkee,DST Centre for Policy Research,0,0,2,7,Other,I4210093969
IIT Roorkee,Jagadamba Mahavidyalaya,0,0,2,0,Other,I4405263310
IIT Roorkee,Oil India (India),0,0,2,11,Other,I884363091
IIT Roorkee,Saiva Bhanu Kshatriya College,0,0,2,1,Other,I4405265251
IIT Roorkee,Ashok Leyland (India),0,0,2,4,Other,I59574800
IIT Roorkee,Piramal (India),0,0,2,11,Other,I899992584
IIT Roorkee,Elitte College of Engineering,0,0,2,4,Other,I4405272640
IIT Roorkee,Chameli Devi Group of Institutions,0,0,2,2,Other,I4210139833
IIT Roorkee,All India Institute of Medical Sciences Gorakhpur,0,0,2,3,AIIMS,I4405257162
IIT Roorkee,Central Institute for Research on Buffaloes,0,0,2,2,Other,I4210121957
IIT Roorkee,Sree Sankaracharya University of Sanskrit,0,0,2,1,University,I3131318560
IIT Roorkee,Kandi Raj College,0,0,2,8,Other,I4405277422
IIT Roorkee,Ahalia School of Engineering and Technology,0,0,2,0,Other,I4405258111
IIT Roorkee,SAM Global University,0,0,2,0,University,I4405254376
IIT Roorkee,"St. Thomas College, Kozhencherry",0,0,2,6,Other,I4405279506
IIT Roorkee,Defence Institute of Physiology and Allied Sciences,0,0,2,27,Other,I51313444
IIT Roorkee,Gondwana University,0,0,2,1,University,I3133345995
IIT Roorkee,Anthropological Survey of India,0,0,2,7,Other,I1335376613
IIT Roorkee,Indo-French Centre for the Promotion of Advanced Research,0,0,2,0,Other,I4210101699
IIT Roorkee,Mamta Health Institute for Mother and Child,0,0,2,4,Other,I4210141386
IIT Roorkee,Santipur College,0,0,2,2,Other,I4405276830
IIT Roorkee,M. P. Shah Medical College,0,0,2,1,Other,I50268529
IIT Roorkee,Sai Nath University,0,0,2,1,University,I2801209558
IIT Roorkee,Nandha College of Pharmacy,0,0,2,1,Other,I4405271420
IIT Roorkee,Maharashtra State Board of Technical Education,0,0,2,1,Other,I2799436172
IIT Roorkee,Suryodaya College of Engineering and Technology,0,0,2,0,Other,I4405265584
IIT Roorkee,Vinayaka Missions Medical College and Hospitals,0,0,2,2,Other,I4210138697
IIT Roorkee,"All India Institute of Medical Sciences, Mangalagiri",0,0,2,1,AIIMS,I4405257640
IIT Roorkee,Biotech Park,0,0,2,1,Other,I4210100303
IIT Roorkee,Bhopal Memorial Hospital & Research Centre,0,0,2,5,Other,I4210159332
IIT Roorkee,Jain Irrigation Systems (India),0,0,2,1,Other,I4210109228
IIT Roorkee,All India Jat Heroes' Memorial College,0,0,2,0,Other,I4405277703
IIT Roorkee,"All India Institute of Medical Sciences, Madurai",0,0,2,1,AIIMS,I4405258468
IIT Roorkee,JSS Ayurveda Medical College and Hospital,0,0,2,1,Other,I4405261771
IIT Roorkee,Jharkhand Rai University,0,0,2,0,University,I3133455736
IIT Roorkee,New Alipore College,0,0,2,1,Other,I4405272584
IIT Roorkee,Jubilant Life Sciences (India),0,0,2,7,Other,I4210162011
IIT Roorkee,Career Institute Of Medical & Dental Sciences and Hospital,0,0,2,1,Other,I4210152575
IIT Roorkee,Kaveri University,0,0,2,0,University,I4405283824
IIT Roorkee,National Research Centre on Seed Spices,0,0,2,4,Other,I4210113425
IIT Roorkee,Mahavir Medical Research Centre,0,0,2,1,Other,I4405258880
IIT Roorkee,St. Andrews Institute of Technology and Management,0,0,2,1,Other,I4405255584
IIT Roorkee,Topiwala National Medical College & BYL Nair Charitable Hospital,0,0,2,4,Other,I3024917321
IIT Roorkee,Narayana Nethralaya,0,0,2,9,Other,I4210117994
IIT Roorkee,National Institute for Research in Tribal Health,0,0,2,4,Other,I4210100515
IIT Roorkee,Agilent Technologies (India),0,0,2,5,Other,I4210108186
IIT Roorkee,Persistent Systems (India),0,0,2,0,Other,I2800727657
IIT Roorkee,Cooper Hospital,0,0,2,0,Other,I2802985673
IIT Roorkee,Hester,0,0,2,3,Other,I4210144873
IIT Roorkee,Government Medical College and Hospital,0,0,2,0,Other,I4210093352
IIT Roorkee,Kongu Arts and Science College,0,0,2,2,Other,I4405269461
IIT Roorkee,"St. Philomena's College, Mysuru",0,0,2,0,Other,I4405258839
IIT Roorkee,Salbari College,0,0,2,0,Other,I4405275630
IIT Roorkee,Biocon (India),0,0,2,9,Other,I4210143327
IIT Roorkee,Bhimabhoi College,0,0,2,0,Other,I4405278145
IIT Roorkee,Chandra Shekhar Azad University of Agriculture and Technology,0,0,2,4,University,I4210143625
IIT Roorkee,"School of Management Sciences, Lucknow",0,0,2,1,Other,I4405254213
IIT Roorkee,K. J. Somaiya Hospital & Research Centre,0,0,2,0,Other,I4210154490
IIT Roorkee,"Kanhai Lal Sahu College, Nawada",0,0,2,0,Other,I4405271187
IIT Roorkee,Tech Mahindra (India),0,0,2,1,Other,I4210130378
IIT Roorkee,Himgiri Zee University,0,0,2,8,University,I2800232979
IIT Roorkee,Gour Mahavidyalaya,0,0,2,1,Other,I4405255597
IIT Roorkee,Impact College of Engineering and Applied Sciences,0,0,2,2,Other,I4405263224
IIT Roorkee,Rishi Bankim Chandra Evening College,0,0,2,3,Other,I4405262889
IIT Roorkee,Ragas Dental College & Hospital,0,0,2,4,Other,I893914191
IIT Roorkee,Defence Institute of Bio-Energy Research,0,0,2,4,Other,I4210120816
IIT Roorkee,Ranaghat College,0,0,2,0,Other,I4405277907
IIT Roorkee,Jeppiaar University,0,0,2,1,University,I4405278269
IIT Roorkee,Swami Devi Dyal Hospital and Dental College,0,0,1,1,Other,I4210133684
IIT Roorkee,Dr. Mohan's Diabetes Specialities Centre,0,0,1,16,Other,I4210137848
IIT Roorkee,Udaipur Solar Observatory,0,0,1,3,Other,I2799756756
IIT Roorkee,Dakshin Foundation,0,0,1,0,Other,I4405258310
IIT Roorkee,Novartis (India),0,0,1,3,Other,I4210090302
IIT Roorkee,Gujarat Cancer & Research Institute,0,0,1,5,Other,I135230010
IIT Roorkee,National Law Institute University,0,0,1,0,University,I4210116216
IIT Roorkee,Santhigiri Scientific and Industrial Research Institute,0,0,1,0,Other,I4405283164
IIT Roorkee,Shamnur Shivashankarappa Institute of Medical Sciences & Research Centre,0,0,1,0,Other,I3129348228
IIT Roorkee,Centre for Social Sciences and Humanities,0,0,1,11,Other,I4210108414
IIT Roorkee,Employees' State Insurance Model Hospital,0,0,1,0,Other,I4210121909
IIT Roorkee,Vignana Jyothi Institute of Management,0,0,1,0,Other,I2801452159
IIT Roorkee,Software Training and Development Centre,0,0,1,0,Other,I4210094911
IIT Roorkee,Wildlife Trust of India,0,0,1,2,Other,I4405254779
IIT Roorkee,Department of Health & Family Welfare,0,0,1,0,Other,I4210087792
IIT Roorkee,Regional Medical Research Centre,0,0,1,6,Other,I4210109249
IIT Roorkee,Rabindranath Tagore International Institute of Cardiac Sciences,0,0,1,1,Other,I4210095468
IIT Roorkee,Gujarat National Law University,0,0,1,1,University,I266678185
IIT Roorkee,Madurai Medical College,0,0,1,3,Other,I15664174
IIT Roorkee,Trichur Heart Hospital,0,0,1,0,Other,I4210133383
IIT Roorkee,Fresenius Kabi (India),0,0,1,0,Other,I4210103818
IIT Roorkee,Central Institute of Psychiatry,0,0,1,2,Other,I84356168
IIT Roorkee,"Abeda Inamdar Senior College of Arts, Science and Commerce",0,0,1,3,Other,I4405261160
IIT Roorkee,Tirunelveli Medical College,0,0,1,3,Other,I118826373
IIT Roorkee,Employees State Insurance Post Graduate Institute of Medical Sciences and Research,0,0,1,0,Other,I4210091100
IIT Roorkee,ASBM University,0,0,1,0,University,I4405283085
IIT Roorkee,"National Law University, Delhi",0,0,1,0,University,I866667741
IIT Roorkee,Centre for Development of Telematics,0,0,1,2,Other,I43909382
IIT Roorkee,"Apex University, Jaipur",0,0,1,0,University,I4405274318
IIT Roorkee,Maharishi College of Natural Law,0,0,1,0,Other,I4405282141
IIT Roorkee,Society for Promoting Participative Ecosystem Management,0,0,1,0,Other,I4210100590
IIT Roorkee,Biogen (India),0,0,1,0,Other,I4210121832
IIT Roorkee,"Ministry of Micro, Small and Medium Enterprises",0,0,1,0,Other,I4210112479
IIT Roorkee,Mangalore Institute of Oncology,0,0,1,1,Other,I4210118226
IIT Roorkee,T J Institute of Technology,0,0,1,0,Other,I4405258761
IIT Roorkee,Prof. Rajendra Singh (Rajju Bhaiya) University,0,0,1,0,University,I4405283344
IIT Roorkee,Central Council for Research in Yoga & Naturopathy,0,0,1,1,Other,I4210123897
IIT Roorkee,Vikrant University,0,0,1,0,University,I4405275778
IIT Roorkee,"Sitabai Thite College of Pharmacy, Shirur",0,0,1,0,Other,I4405261843
IIT Roorkee,Sri Siddhartha Medical College,0,0,1,0,Other,I510634243
IIT Roorkee,"Shivharsh Kisan Post Graduate College, Basti",0,0,1,0,Other,I4405253305
IIT Roorkee,Usha Martin (India),0,0,1,2,Other,I4210150419
IIT Roorkee,Madhya Pradesh Council of Science and Technology,0,0,1,8,Other,I4210162153
IIT Roorkee,USV (India),0,0,1,1,Other,I4210119848
IIT Roorkee,Ministry of Social Justice and Empowerment,0,0,1,1,Other,I4210111704
IIT Roorkee,Indian Biological Sciences and Research Institute,0,0,1,0,Other,I4405280160
IIT Roorkee,OnionDev Technologies Pvt. Ltd. (India),0,0,1,0,Other,I4405266991
IIT Roorkee,National Centre for Disease Informatics and Research,0,0,1,6,Other,I4210151893
IIT Roorkee,Government Doon Medical College,0,0,1,1,Other,I4405275378
IIT Roorkee,Bangalore Medical College and Research Institute,0,0,1,4,Other,I876098953
IIT Roorkee,Institution of Electronics and Telecommunication Engineers,0,0,1,0,Other,I4210164316
IIT Roorkee,Directorate General of Training,0,0,1,0,Other,I4210129721
IIT Roorkee,Bharat Forge (India),0,0,1,3,Other,I4210089955
IIT Roorkee,Praxis Business School,0,0,1,1,Other,I4405254716
IIT Roorkee,National Diabetes Obesity and Cholesterol Foundation,0,0,1,5,Other,I4210130025
IIT Roorkee,Electronics and Radar Development Establishment,0,0,1,7,Other,I4210086621
IIT Roorkee,Yashoda Hospital,0,0,1,1,Other,I4210129842
IIT Roorkee,Fatima Mata National College,0,0,1,14,Other,I2802738084
IIT Roorkee,K J Somaiya Medical College,0,0,1,0,Other,I50783897
IIT Roorkee,Al-Ameen College of Pharmacy,0,0,1,6,Other,I70922119
IIT Roorkee,Doaba College,0,0,1,5,Other,I270449672
IIT Roorkee,Amala Institute of Medical Sciences,0,0,1,7,Other,I173894486
IIT Roorkee,Lakulish Yoga University,0,0,1,0,University,I4405256002
IIT Roorkee,Pramukhswami Medical College,0,0,1,1,Other,I4210120131
IIT Roorkee,Hewlett-Packard (India),0,0,1,39,Other,I4210117576
IIT Roorkee,Mahatma Gandhi Institute of Medical Sciences,0,0,1,10,Other,I90978372
IIT Roorkee,Karnataka State Council for Science and Technology,0,0,1,0,Other,I4405280444
IIT Roorkee,Kanchi Kamakoti CHILDS Trust Hospital,0,0,1,3,Other,I4210135524
IIT Roorkee,St. Joseph University,0,0,1,2,University,I4405285210
IIT Roorkee,National Forensic Sciences University Dharwad Campus,0,0,1,0,University,I4405263371
IIT Roorkee,Sunshine Hospitals,0,0,1,0,Other,I4210095867
IIT Roorkee,Medanta The Medicity,0,0,1,4,Other,I4210115207
IIT Roorkee,Medicover Hospitals,0,0,1,0,Other,I4405266117
IIT Roorkee,Lupin Pharmaceuticals (India),0,0,1,6,Other,I21675474
IIT Roorkee,Gokula Krishna College of Pharmacy,0,0,1,0,Other,I4210093897
IIT Roorkee,Bejoy Narayan Mahavidyalaya,0,0,1,8,Other,I4405283970
IIT Roorkee,North Lakhimpur University,0,0,1,1,University,I4405259400
IIT Roorkee,Government College Kodanchery,0,0,1,0,Other,I4210133477
IIT Roorkee,TVS Motor Company (India),0,0,1,5,Other,I1589757
IIT Roorkee,Delhi Integrated Multi-Modal Transit System,0,0,1,0,Other,I4210144328
IIT Roorkee,Yashwantrao Chavan Maharashtra Open University,0,0,1,0,University,I4210106255
IIT Roorkee,Stanley Medical College,0,0,1,1,Other,I25051037
IIT Roorkee,Sun Pharma (India),0,0,1,0,Other,I4210133592
IIT Roorkee,Project Directorate on Foot and Mouth Disease,0,0,1,1,Other,I4210119663
IIT Roorkee,B. Borooah College,0,0,1,1,Other,I4405258270
IIT Roorkee,St. Xavier’s College of Management & Technology,0,0,1,0,Other,I4405259685
IIT Roorkee,Vignan's Institute of Management and Technology for Women,0,0,1,0,Other,I4405283258
IIT Roorkee,Jamalpur Mahavidyalaya,0,0,1,0,Other,I4405266054
IIT Roorkee,Regional Institute of Medical Sciences,0,0,1,5,Other,I43666680
IIT Roorkee,Centre of Technology & Entrepreneurship Development,0,0,1,0,Other,I4210164103
IIT Roorkee,Narasinha Dutt College,0,0,1,1,Other,I4405271234
IIT Roorkee,Electrical Research and Development Association,0,0,1,3,Other,I4405255462
IIT Roorkee,Kakaraparti Bhavanarayana College,0,0,1,0,Other,I4405261508
IIT Roorkee,NIIT (India),0,0,1,7,Other,I134140186
IIT Roorkee,Christ Academy Institute for Advanced Studies,0,0,1,0,Other,I4405275767
IIT Roorkee,Radhey Hari Government Post Graduate College Kashipur,0,0,1,0,Other,I4405285193
IIT Roorkee,World Health Organization Regional Office for South-East Asia,0,0,1,12,Other,I4210112062
IIT Roorkee,SciGenom Research Foundation,0,0,1,0,Other,I4210139093
IIT Roorkee,Pfizer (India),0,0,1,1,Other,I4210163853
IIT Roorkee,Biodiversity Conservation Foundation,0,0,1,0,Other,I4405262410
IIT Roorkee,Rayalaseema University,0,0,1,4,University,I119068399
IIT Roorkee,KSCSTE-Srinivasa Ramanujan Institute for Basic Sciences,0,0,1,0,Other,I4405262857
IIT Roorkee,Dr. Balabhai Nanavati Hospital,0,0,1,3,Other,I2802044629
IIT Roorkee,Center for Interdisciplinary Studies,0,0,1,0,Other,I4210137189
IIT Roorkee,GSL Medical College & General Hospital,0,0,1,1,Other,I4210129665
IIT Roorkee,Sun Pharma Advanced Research (India),0,0,1,2,Other,I4210135484
IIT Roorkee,Institution of Engineers,0,0,1,1,Other,I2802895650
IIT Roorkee,Directorate of Weed Research,0,0,1,1,Other,I4210131234
IIT Roorkee,Maniben Nanavati Women's College,0,0,1,1,Other,I4405258576
IIT Roorkee,Cliantha (India),0,0,1,0,Other,I4210123727
IIT Roorkee,Jothydev's Diabetes and Research Center,0,0,1,1,Other,I4210137394
IIT Roorkee,Centre for DNA Fingerprinting and Diagnostics,0,0,1,24,Other,I78270026
IIT Roorkee,Christian Medical College,0,0,1,6,Other,I4210108783
IIT Roorkee,Tata Technologies (India),0,0,1,0,Other,I4210114539
IIT Roorkee,Tripura Medical College & Dr. B.R. Ambedkar Memorial Teaching Hospital,0,0,1,0,Other,I3132316807
IIT Roorkee,Kolkata Municipal Corporation,0,0,1,5,Other,I2801352814
IIT Roorkee,Sir H.N. Reliance Foundation Hospital and Research Centre,0,0,1,1,Other,I2799514748
IIT Roorkee,Qure.ai Technologies Private Limited (India),0,0,1,6,Other,I4405267437
IIT Roorkee,Apollo Institute of Medical Sciences & Research,0,0,1,2,Other,I4210118361
IIT Roorkee,Aeronautical Development Agency,0,0,1,7,Other,I138535024
IIT Roorkee,Hans Raj Mahila Maha Vidyalaya,0,0,1,1,Other,I3131378919
IIT Roorkee,Syneos Health (India),0,0,1,0,Other,I4210139218
IIT Roorkee,Dr. Y.S.R Horticultural University,0,0,1,3,University,I3131536999
IIT Roorkee,Abhedananda Mahavidyalaya,0,0,1,0,Other,I4405277156
IIT Roorkee,National Health Systems Resource Centre,0,0,1,7,Other,I4210138037
IIT Roorkee,Consortium for DEWATS Dissemination Society,0,0,1,4,Other,I4210112680
IIT Roorkee,Alzheimer's and Related Disorders Society of India,0,0,1,1,Other,I4210146099
IIT Roorkee,Indian Plywood Industries Research and Training Institute,0,0,1,1,Other,I4210151780
IIT Roorkee,Mazumdar Shaw Medical Foundation,0,0,1,1,Other,I4210088285
IIT Roorkee,United Institute of Medical Sciences,0,0,1,0,Other,I4405260678
IIT Roorkee,Narayana Health,0,0,1,5,Other,I288496929
IIT Roorkee,Dr. NTR University of Health Sciences,0,0,1,2,University,I507952983
IIT Roorkee,Gujarat Ayurved University,0,0,1,8,University,I2800605627
IIT Roorkee,Hi-Tech Medical College & Hospital,0,0,1,2,Other,I4210141550
IIT Roorkee,Ministry of Tourism,0,0,1,0,Other,I4405266724
IIT Roorkee,Sri Venkateshwaraa Medical College Hospital and Research Centre,0,0,1,0,Other,I4210119048
IIT Roorkee,BLK Super Speciality Hospital,0,0,1,3,Other,I4210122912
IIT Roorkee,"Krishi Vigyan Kendra, Karda",0,0,1,0,Other,I4210160580
IIT Roorkee,National Institute of One Health,0,0,1,1,Other,I4405270453
IIT Roorkee,Suven Life Sciences (India),0,0,1,1,Other,I4210097346
IIT Roorkee,Sovarani Memorial College,0,0,1,1,Other,I4405281182
IIT Roorkee,Shilpa (India),0,0,1,2,Other,I4210087246
IIT Roorkee,Canara Bank,0,0,1,1,Other,I4405283699
IIT Roorkee,State Unani Medical College,0,0,1,0,Other,I4405281482
IIT Roorkee,Mahatma Gandhi Antarrashtriya Hindi Vishwavidyalaya,0,0,1,0,Other,I2799626985
IIT Roorkee,Panacea Biotec (India),0,0,1,1,Other,I107947710
IIT Roorkee,Micro Labs (India),0,0,1,0,Other,I4210142779
IIT Roorkee,The Corbett Foundation,0,0,1,1,Other,I4405269126
IIT Roorkee,Centre for Marine Living Resources and Ecology,0,0,1,6,Other,I4405269523
IIT Roorkee,Karmaveer Bhausaheb Hiray Dental College and Hospital,0,0,1,0,Other,I4210105287
IIT Roorkee,HHV Solar Technologies (India),0,0,1,0,Other,I4210106290
IIT Roorkee,Ayurved Mahavidyalaya & Seth RV Ayurved Hospital,0,0,1,0,Other,I4405256402
IIT Roorkee,National University of Advanced Legal Studies,0,0,1,0,University,I3129318662
IIT Roorkee,"Government Degree College, Beerwah",0,0,1,0,Other,I4405272237
IIT Roorkee,Melaka Manipal Medical College,0,0,1,7,Other,I4210093039
IIT Roorkee,Dr. B.R. Ambedkar State Institute of Medical Sciences,0,0,1,1,Other,I4405268885
IIT Roorkee,National Tea Research Foundation,0,0,1,0,Other,I4405268689
IIT Roorkee,INHS Asvini,0,0,1,2,Other,I4210113533
IIT Roorkee,Mahatma Gandhi Memorial Medical College,0,0,1,1,Other,I2801183603
IIT Roorkee,Krishna Kanta Handiqui State Open University,0,0,1,0,University,I4210087854
IIT Roorkee,St Anthony's College,0,0,1,0,Other,I4405266043
IIT Roorkee,Jain Vishva Bharati University,0,0,1,0,University,I4210107301
IIT Roorkee,State Bank of India,0,0,1,2,Other,I4405270657
IIT Roorkee,"Jagannath International Management School, Vasant Kunj, New Delhi",0,0,1,0,Other,I4405254466
IIT Roorkee,Maharaja Jitendra Narayan Medical College & Hospital,0,0,1,0,Other,I4405259535
IIT Roorkee,Torrent Pharma (India),0,0,1,4,Other,I4210137505
IIT Roorkee,Sant Kavi Baba Baijnath Govt. PG College,0,0,1,0,Other,I4405261478
IIT Roorkee,Centre for Economic and Social Studies,0,0,1,5,Other,I75274968
IIT Roorkee,Institute of Human Behaviour and Allied Sciences,0,0,1,4,Other,I4210118052
IIT Roorkee,Sri Ramachandra Medical Centre,0,0,1,13,Other,I4210107332
IIT Roorkee,Directorate of Coldwater Fisheries Research,0,0,1,5,Other,I4210119432
IIT Roorkee,Urumu Dhanalakshmi College,0,0,1,5,Other,I4405274423
IIT Roorkee,KVK College of Pharmacy,0,0,1,1,Other,I4405260916
IIT Roorkee,Dr Baba Saheb Ambedkar Hospital,0,0,1,0,Other,I4405275110
IIT Roorkee,Kerala Biotechnology Commission,0,0,1,0,Other,I4405269592
IIT Roorkee,Nansen Environmental Research Centre India,0,0,1,2,Other,I4210132485
IIT Roorkee,Sarojini Naidu College for Women,0,0,1,2,Other,I4405277847
IIT Roorkee,"Shri Shivaji Education Society, Amravati's Science College, Nagpur",0,0,1,0,Other,I4405279824
IIT Roorkee,Don Bosco Institute of Technology,0,0,1,6,Other,I4405264256
IIT Roorkee,ICMR - National Institute of Immunohaemotology,0,0,1,1,Other,I4210108545
IIT Roorkee,Artemis Hospitals,0,0,1,5,Other,I4210165151
IIT Roorkee,Lata Medical Research Foundation,0,0,1,1,Other,I4210090168
IIT Roorkee,Bay Of Bengal Programme Inter-Governmental Organisation,0,0,1,0,Other,I4405266677
IIT Roorkee,Ispat General Hospital,0,0,1,1,Other,I4210106902
IIT Roorkee,Directorate of Environment and Climate Change,0,0,1,1,Other,I4405270332
IIT Roorkee,Vidyalankar School of Information Technology,0,0,1,0,IIIT,I4405276725
IIT Roorkee,World University of Design,0,0,1,0,University,I4405272945
IIT Roorkee,"Mrs. Kesharbai Sonajirao Kshirsagar Alias Kaku Arts, Science & Commerce College, Beed",0,0,1,0,Other,I4405275825
IIT Roorkee,Balaji Dental & Craniofacial Hospital,0,0,1,0,Other,I4210092268
IIT Roorkee,Fortis Hospital,0,0,1,0,Other,I4210152136
IIT Roorkee,Mahindra and Mahindra Limited (India),0,0,1,1,Other,I4210104682
IIT Roorkee,Excel Life Sciences (India),0,0,1,0,Other,I4210107402
IIT Roorkee,TCG Lifesciences (India),0,0,1,7,Other,I4210118991
IIT Roorkee,Dow Chemical (India),0,0,1,0,Other,I1280527723
IIT Roorkee,Watershed Support Services and Activities Network,0,0,1,1,Other,I4210149890
IIT Roorkee,"St. Philomena College, Puttur",0,0,1,0,Other,I4405259634
IIT Roorkee,Sinha Institute of Medical Science & Technology,0,0,1,0,Other,I4210162677
IIT Roorkee,S. G. Balekundri Institute of Technology Belagavi,0,0,1,0,Other,I4405257022
IIT Roorkee,Agri Biotech Foundation,0,0,1,1,Other,I4210091695
IIT Roorkee,Osmania Medical College,0,0,1,4,Other,I99557698
IIT Roorkee,Shri Guru Ram Rai Institute of Medical & Health Sciences,0,0,1,15,Other,I4405267002
IIT Roorkee,Debra Thana Sahid Kshudiram Smriti Mahavidyalaya,0,0,1,0,Other,I4405263240
IIT Roorkee,JSS Dental College and Hospital,0,0,1,2,Other,I70928359
IIT Roorkee,Medanta The Medicity,0,0,1,5,Other,I1291450037
IIT Roorkee,CSI Holdsworth Memorial Hospital,0,0,1,2,Other,I4210162192
IIT Roorkee,Garden City University,0,0,1,4,University,I4405259915
IIT Roorkee,Saroj Mohan Institute of Technology,0,0,1,6,Other,I4405282084
IIT Roorkee,Chhatrapati Shivaji Maharaj Institute of Technology,0,0,1,0,Other,I4405262657
IIT Roorkee,Jai Minesh Adivasi University,0,0,1,0,University,I4405276291
IIT Roorkee,Dronah Foundation,0,0,1,0,Other,I4210092362
IIT Roorkee,Loreto College,0,0,1,1,Other,I4405266022
IIT Roorkee,Jindal Naturecure Institute,0,0,1,0,Other,I4210141152
IIT Roorkee,Dr Vijay Kumar Foundation,0,0,1,1,Other,I4210163192
IIT Roorkee,Central Board of Secondary Education,0,0,1,0,Other,I2803094843
IIT Roorkee,St. Kabir Institute of Professional Studies,0,0,1,2,Other,I4405263109
IIT Roorkee,Rajendra Hospital,0,0,1,0,Other,I4210102127
IIT Roorkee,Centre for Internet and Society,0,0,1,0,Other,I2801717827
IIT Roorkee,National AIDS Control Organisation,0,0,1,2,Other,I4210165666
IIT Roorkee,Goverment Siddha Medical College,0,0,1,2,Other,I4210088592
IIT Roorkee,National Law University Meghalaya,0,0,1,0,University,I4405270315
IIT Roorkee,Government College Sirohi,0,0,1,3,Other,I4405261847
IIT Roorkee,Jawaharlal Nehru Cancer Hospital and Research Centre,0,0,1,1,Other,I4210104322
IIT Roorkee,Goa Medical College,0,0,1,4,Other,I238597064
IIT Roorkee,Shri A.M.M. Murugappa Chettiar Research Centre,0,0,1,3,Other,I4210152587
IIT Roorkee,“Tribhuvan” Sahkari University,0,0,1,0,University,I4405277300
IIT Roorkee,West Bengal State Council of Technical Education,0,0,1,4,Other,I3130133132
IIT Roorkee,Mankind Pharma (India),0,0,1,0,Other,I4210096665
IIT Roorkee,P. D. Hinduja Hospital and Medical Research Centre,0,0,1,10,Other,I2800474033
IIT Roorkee,"Shaheed Padamdhar Singh Government Post-Graduate College, Satna",0,0,1,1,Other,I4405283719
IIT Roorkee,Ahana Hospitals,0,0,1,0,Other,I4405283250
IIT Roorkee,Annai Vailankanni Arts and Science College,0,0,1,0,Other,I4405265989
IIT Roorkee,Indira Gandhi Medical College,0,0,1,3,Other,I2799277952
IIT Roorkee,Kerala Forest Department,0,0,1,0,Other,I4405281010
IIT Roorkee,Confederation of Indian Industry,0,0,1,9,Other,I2801105518
IIT Roorkee,Observer Research Foundation,0,0,1,6,Other,I2802103719
IIT Roorkee,Renewable Energy Corporation of India,0,0,1,0,Other,I4210146904
IIT Roorkee,Animal Husbandry and Veterinary Department,0,0,1,0,Other,I4210119745
IIT Roorkee,GVK (India),0,0,1,3,Other,I4210091129
IIT Roorkee,Lok Nayak Jai Prakash Narayan Hospital,0,0,1,1,Other,I4210096873
IIT Roorkee,Indian Institute of Public Administration,0,0,1,6,Other,I55546527
IIT Roorkee,Maharaja Yeshwantrao Hospital,0,0,1,0,Other,I2899701089
IIT Roorkee,Mahamana Pandit Madan Mohan Malaviya Cancer Centre,0,0,1,1,Other,I4405260747
IIT Roorkee,Victoria Hospital,0,0,1,0,Other,I4210137705
IIT Roorkee,Gauhati Medical College and Hospital,0,0,1,5,Other,I134260573
IIT Roorkee,Naipunnya Institute of Management and Information Technology,0,0,1,2,IIIT,I4405259079
IIT Roorkee,Shri Sathya Sai Medical College and Research Institute,0,0,1,3,Other,I4210112828
IIT Roorkee,Sri Guru Ram Das University of Health Sciences Sri Amritsar,0,0,1,1,University,I4405266329
IIT Roorkee,JRE Group of Institutions,0,0,1,0,Other,I4210086089
IIT Roorkee,NKP Salve Institute of Medical Sciences and Lata Mangeshkar Hospital,0,0,1,1,Other,I4210099933
IIT Roorkee,Shadan Hospital and Institute of Medical Sciences,0,0,1,0,Other,I209674108
IIT Roorkee,"Soban Singh Jeena Government Institute of Medical Sciences and Research, Almora",0,0,1,0,Other,I4405263053
IIT Roorkee,Remidio Innovative Solutions (India),0,0,1,0,Other,I4210126782
IIT Roorkee,"National Institute of Science, Technology and Development Studies",0,0,1,17,Other,I4210128462
IIT Roorkee,Mahindra United World College India,0,0,1,0,Other,I3132940215
IIT Roorkee,National Institute of Pathology,0,0,1,7,Other,I4210096777
IIT Roorkee,Bombay Hospital,0,0,1,2,Other,I4210135821
IIT Roorkee,Professional Assistance for Development Action,0,0,1,0,Other,I2802247371
IIT Roorkee,Fortis Healthcare,0,0,1,3,Other,I264201830
IIT Roorkee,Stephens College of Pharmacy,0,0,1,0,Other,I4405283484
IIT Roorkee,Government Medical College,0,0,1,9,Other,I168974072
IIT Roorkee,National Institute of Design,0,0,1,0,Other,I5816614
IIT Roorkee,MEASI Institute of Management,0,0,1,0,Other,I4405265375
IIT Roorkee,Malabar Institute of Medical Sciences,0,0,1,2,Other,I165915565
IIT Roorkee,ICARE Eye Hospital & Postgraduate Institute,0,0,1,0,Other,I4210127154
IIT Roorkee,Santosh University,0,0,1,1,University,I2800102685
IIT Roorkee,Rubber Board,0,0,1,4,Other,I4210095491
IIT Roorkee,Mahesh Bhattacharyya Homeopathic Medical College and Hospital,0,0,1,1,Other,I2802598772
IIT Roorkee,Vehicles Research Development Establishment,0,0,1,2,Other,I4210086389
IIT Roorkee,Swami Vivekanand Group of Institutes,0,0,1,0,Other,I4405268410
IIT Roorkee,Sri Indu Institute of Engineering and Technology,0,0,1,1,Other,I4405273320
IIT Roorkee,Madras Medical Mission,0,0,1,5,Other,I2802574061
IIT Roorkee,Sri Sai Super Speciality Hospital,0,0,1,0,Other,I4210150959
IIT Roorkee,Ayurvet Research Foundation,0,0,1,0,Other,I4210112002
IIT Roorkee,Maulana Mazharul Haque Arabic and Persian University,0,0,1,0,University,I4210140461
IIT Roorkee,Murshidabad Medical College and Hospital,0,0,1,0,Other,I4210136550
IIT Roorkee,Foundation for Research in Health Systems,0,0,1,2,Other,I4210112831
IIT Roorkee,Nehru Gram Bharti University,0,0,1,17,University,I4210150711
IIT Roorkee,Charuchandra College,0,0,1,1,Other,I4405274187
IIT Roorkee,Government Medical College,0,0,1,4,Other,I101786783
IIT Roorkee,Dr. Daulatrao Aher College of Engineering,0,0,1,0,Other,I4405260234
IIT Roorkee,Diabetes Foundation,0,0,1,5,Other,I4210131664
IIT Roorkee,Ministry of Information and Broadcasting,0,0,1,0,Other,I4405266389
IIT Roorkee,Debraj Roy College,0,0,1,2,Other,I4405276481
IIT Roorkee,National Institute of Public Finance and Policy,0,0,1,10,Other,I4899593
IIT Roorkee,Amrith Educational and Cultural Society,0,0,1,1,Other,I4210129295
IIT Roorkee,Tata Chemicals (India),0,0,1,3,Other,I2800685081
IIT Roorkee,Intas Pharmaceuticals (India),0,0,1,0,Other,I910881529
IIT Roorkee,"Mahatma Gandhi University, West Bengal",0,0,1,0,University,I4405268856
IIT Roorkee,Cadila Pharmaceuticals (India),0,0,1,1,Other,I4210108063
IIT Roorkee,Institute of Chartered Accountants of India,0,0,1,0,Other,I4210160863
IIT Roorkee,Indian Immunologicals (India),0,0,1,1,Other,I4210148208
IIT Roorkee,Fortis Flt. Lt. Rajan Dhall Hospital,0,0,1,1,Other,I4210125089
IIT Roorkee,"Index Medical College, Hospital & Research Centre",0,0,1,1,Other,I4210115159
IIT Roorkee,Caplin Point Laboratories (India),0,0,1,0,Other,I4210119521
IIT Roorkee,"ICAR-Agricultural Technology Application Research Institute, Zone-II, Jodhpur",0,0,1,0,Other,I4405267638
IIT Roorkee,Chest Research Foundation,0,0,1,3,Other,I4405282151
IIT Roorkee,Centre of Excellence in Microbiome,0,0,1,0,Other,I4405280704
IIT Roorkee,All India Institute of Hygiene and Public Health,0,0,1,4,Other,I137794331
IIT Roorkee,Vigyan Prasar,0,0,1,1,Other,I4210089994
IIT Roorkee,Grant Medical College and Sir Jamshedjee Jeejeebhoy Group of Hospitals,0,0,1,6,Other,I169117269
IIT Roorkee,Z.V.M.Unani Medical College & Hospital,0,0,1,0,Other,I4210087298
IIT Roorkee,Calcutta Institute of Pharmaceutical Technology & Allied Health Sciences,0,0,1,0,Other,I4405283056
IIT Roorkee,Scope e-Knowledge Center (India),0,0,1,0,Other,I4210136635
IIT Roorkee,Sanskriti Foundation,0,0,1,0,Other,I4210094591
IIT Roorkee,NonFerrous Materials Technology Development Centre,0,0,1,2,Other,I4210152210
IIT Roorkee,Stephens Group of Institutions,0,0,1,0,Other,I4405263589
IIT Roorkee,Mahindra Group (India),0,0,1,10,Other,I1336379959
IIT Roorkee,Department of Chemicals and Petrochemicals,0,0,1,0,Other,I4210104156
IIT Roorkee,Hilleman Laboratories (India),0,0,1,1,Other,I3176327385
IIT Roorkee,Chanakya National Law University,0,0,1,0,University,I2800362346
IIT Roorkee,Samrat Prithviraj Chauhan Degree College,0,0,1,0,Other,I4405282112
IIT Roorkee,"Center for Disease Dynamics, Economics and Policy",0,0,1,28,Other,I4210163355
IIT Roorkee,"St. Agnes College (Autonomous), Mangaluru",0,0,1,1,Other,I4405259874
IIT Roorkee,Mazumdar Shaw Medical Centre,0,0,1,1,Other,I4210102983
IIT Roorkee,Melmaruvathur Adhiparasakthi Institute of Medical Sciences and Research,0,0,1,0,Other,I4405282240
IIT Roorkee,SMT (India),0,0,1,0,Other,I4210109275
IIT Roorkee,"CR Rao Advanced Institute of Mathematics, Statistics and Computer Science",0,0,1,1,Other,I4210109466
IIT Roorkee,MNJ Institute Of Oncology and Regional Cancer Centre,0,0,1,0,Other,I4210089709
IIT Roorkee,Adhiyamaan College of Agriculture and Research,0,0,1,0,Other,I4405282771
IIT Roorkee,Uluberia College,0,0,1,1,Other,I4405270095
IIT Roorkee,Nalbari College,0,0,1,1,Other,I4405277624
IIT Roorkee,Orthopaedic Research Group,0,0,1,0,Other,I4210128379
IIT Roorkee,"Krishi Vigyan Kendra, Ghatkhed Amravati",0,0,1,0,Other,I4210105086
IIT Roorkee,Gandhi Medical College & Hospital,0,0,1,1,Other,I15853019
IIT Roorkee,Central University of Andhra Pradesh,0,0,1,0,University,I4405261357
IIT Roorkee,Tantia University,0,0,1,0,University,I4405271553
IIT Roorkee,National Institute of Medical Statistics,0,0,1,9,Other,I4210098320
IIT Roorkee,"Institute of Professional Excellence and Management, Ghaziabad",0,0,1,0,Other,I4405272474
IIT Roorkee,Sangath,0,0,1,5,Other,I4210097859
IIT Roorkee,IFIM Institutions,0,0,1,1,Other,I4405263315
IIT Roorkee,Dr. B. R. Ambedkar Open University,0,0,1,8,University,I4210091685
IIT Roorkee,Netaji Subhas University,0,0,1,0,University,I4405283299
IIT Roorkee,Arunachal Pradesh University,0,0,1,0,University,I4405256773
IIT Roorkee,Mylan (India),0,0,1,0,Other,I4210132119
IIT Roorkee,Sooriya Hospital,0,0,1,1,Other,I4210106285
IIT Roorkee,Sadhu Ramchand Murmu University of Jhargram,0,0,1,0,University,I4405283021
IIT Roorkee,Vivek University,0,0,1,0,University,I4405259076
IIT Roorkee,Darul Huda Islamic University,0,0,1,0,University,I4210151103
IIT Roorkee,DSMS Group of Institutions,0,0,1,0,Other,I4210118705
IIT Roorkee,"Don Bosco College, Itanagar",0,0,1,0,Other,I4405258856
IIT Roorkee,Bangalore Baptist Hospital,0,0,1,0,Other,I4210101251
IIT Roorkee,Monad University,0,0,1,0,University,I3132969668
IIT Roorkee,Sustainable Futures Collaborative,0,0,1,4,Other,I4405257875
IIT Roorkee,The Apollo University,0,0,1,0,University,I4405254339
IIT Roorkee,Spicer Adventist University,0,0,1,1,University,I4210151788
IIT Roorkee,Research Society for the Study of Diabetes in India,0,0,1,0,Other,I4405269273
IIT Roorkee,"Sree Narayana College, Punalur",0,0,1,2,Other,I4405254405
IIT Roorkee,Alkem (India),0,0,1,0,Other,I4210150536
IIT Roorkee,Vimta (India),0,0,1,0,Other,I4210103938
IIT Roorkee,Pailan College of Management and Technology,0,0,1,8,Other,I4405271662
IIT Roorkee,Sids Hospital and Research Center,0,0,1,0,Other,I4405261674
IIT Roorkee,Maharaja Chhatrasal Bundelkhand University,0,0,1,1,University,I4210151682
IIT Roorkee,Siddhartha Medical College,0,0,1,0,Other,I116891498
IIT Roorkee,Kaliyaganj College,0,0,1,0,Other,I4405253966
IIT Roorkee,National Post Graduate College,0,0,1,0,Other,I4405261220
IIT Roorkee,Aeronautical Development Establishment,0,0,1,4,Other,I4210093458
IIT Roorkee,St. Stephen’s Hospital,0,0,1,4,Other,I4210147366
IIT Roorkee,Bristol-Myers Squibb (India),0,0,1,3,Other,I4210139887
IIT Roorkee,Kokilaben Dhirubhai Ambani Hospital,0,0,1,3,Other,I4210131938
IIT Roorkee,Sawai Man Singh Hospital,0,0,1,1,Other,I2802525668
IIT Roorkee,Care India,0,0,1,2,Other,I4210100472
IIT Roorkee,Raja Rammohun Roy Mahavidyalaya,0,0,1,0,Other,I4405285329
IIT Roorkee,Don Bosco Institute of Technology,0,0,1,4,Other,I4405265651
IIT Roorkee,Netaji Subhas Chandra Bose Cancer Research Institute,0,0,1,0,Other,I4210104904
IIT Roorkee,"K. N. Bhise Arts, Commerce and Vinayakrao Patil Science College",0,0,1,0,Other,I4405253511
IIT Roorkee,"Himalayan Institute of Alternatives, Ladakh",0,0,1,1,Other,I4210154477
IIT Roorkee,Maulana Azad University Jodhpur,0,0,1,0,University,I4405255144
IIT Roorkee,"Indian Statistical Institute, Delhi Centre",0,0,1,23,Other,I4405279484
IIT Roorkee,Murugappa (India),0,0,1,0,Other,I4210138020
IIT Roorkee,Hindu Rao Hospital,0,0,1,1,Other,I4210091779
IIT Roorkee,Central Tobacco Research Institute,0,0,1,1,Other,I4210138307
IIT Roorkee,Dr. Rajendra Prasad Government Medical College,0,0,1,0,Other,I4210148181
IIT Roorkee,Tezpur Medical College & Hospital,0,0,1,1,Other,I4210097972
IIT Roorkee,Jaypee Group (India),0,0,1,2,Other,I2800623768
IIT Roorkee,Madras Diabetes Research Foundation,0,0,1,23,Other,I4210092311
IIT Roorkee,Pondicherry Institute of Medical Sciences,0,0,1,3,Other,I163150328
IIT Roorkee,Mahatma Gandhi Institute for Rural Industrialization,0,0,1,0,Other,I2800948379
IIT Roorkee,ESIC Hospital,0,0,1,0,Other,I4210141935
IIT Roorkee,Basanti Devi College,0,0,1,2,Other,I4405274977
IIT Roorkee,Jubilee Mission Medical College and Research Institute,0,0,1,2,Other,I2800507371
IIT Roorkee,Omeo Kumar Das Institute of Social Change and Development,0,0,1,2,Other,I4405258875
IIT Roorkee,Dev Sanskriti Vishwavidyalaya,0,0,1,1,Other,I2801450391
IIT Roorkee,Sikkim Alpine University,0,0,1,1,University,I4405264292
IIT Roorkee,National Institute of Unani Medicine,0,0,1,0,Other,I4405256369
IIT Roorkee,Himalayan Environmental Studies and Conservation Organization,0,0,1,1,Other,I4210111613
IIT Roorkee,JDSG College,0,0,1,0,Other,I4405262488
IIT Roorkee,Binod Bihari Mahto Koyalanchal University,0,0,1,0,University,I4405260549
IIT Roorkee,Malabar Dental College and Research Centre,0,0,1,1,Other,I4405262175
IIT Roorkee,Centre for Interdisciplinary Research and Education,0,0,1,1,Other,I4210089539
IIT Roorkee,Campbell Collaboration,0,0,1,2,Other,I4210128352
IIT Roorkee,Guntur Medical College,0,0,0,1,Other,I179150554
IIT Roorkee,Naval Science & Technological Laboratory,0,0,0,7,Other,I4210125896
IIT Roorkee,Medtronic (India),0,0,0,3,Other,I4210097734
IIT Roorkee,LRS Institute of Tuberculosis and Respiratory Diseases,0,0,0,1,Other,I4210094819
IIT Roorkee,Laser Science & Technology Centre,0,0,0,5,Other,I4210088856
IIT Roorkee,BGS Global Hospital,0,0,0,1,Other,I4210150676
IIT Roorkee,Voluntary Health Services Hospital,0,0,0,3,Other,I2802140467
IIT Roorkee,Saroj Gupta Cancer Centre & Research Institute,0,0,0,4,Other,I4210151504
IIT Roorkee,Cloudnine,0,0,0,1,Other,I4210155872
IIT Roorkee,NAMO Medical Education & Research Institute,0,0,0,1,Other,I4405266737
IIT Roorkee,Baxter (India),0,0,0,3,Other,I4210116718
IIT Roorkee,Govt. Dental College & Hospital,0,0,0,1,Other,I4210165136
IIT Roorkee,Centre for Sight,0,0,0,3,Other,I4210165620
IIT Roorkee,Assam Science Technology and Environment Council,0,0,0,1,Other,I4405270762
IIT Roorkee,Veeda Clinical Research (India),0,0,0,1,Other,I4210164969
IIT Roorkee,Burdwan Medical College & Hospital,0,0,0,7,Other,I166813715
IIT Roorkee,Malda Medical College and Hospital,0,0,0,2,Other,I299657222
IIT Roorkee,Novo Nordisk (India),0,0,0,1,Other,I4210160744
IIT Roorkee,Mata Gujri Memorial Medical College & Lions Seva Kendra Hospital,0,0,0,1,Other,I4405256071
IIT Roorkee,School of Tropical Medicine,0,0,0,19,Other,I4405267645
IIT Roorkee,"Samanta Chandra Sekhar Autonomous College, Puri",0,0,0,4,Other,I4405280434
IIT Roorkee,Jammu Hospital,0,0,0,1,Other,I4210118073
IIT Roorkee,Olive Lifesciences (India),0,0,0,1,Other,I4210145374
IIT Roorkee,Government Medical College Bhavnagar,0,0,0,1,Other,I4210086474
IIT Roorkee,Army Hospital Research and Referral,0,0,0,2,Other,I4210165779
IIT Roorkee,Community Eye Care Foundation,0,0,0,1,Other,I4210091560
IIT Roorkee,GenePath Dx (India),0,0,0,1,Other,I4210110109
IIT Roorkee,Fortis Hospital,0,0,0,2,Other,I4210153334
IIT Roorkee,Abbott (India),0,0,0,3,Other,I4210103925
IIT Roorkee,Government Medical College,0,0,0,3,Other,I133769559
IIT Roorkee,LG (India),0,0,0,4,Other,I4210092541
IIT Roorkee,South Eastern Railway,0,0,0,4,Other,I2803054517
IIT Roorkee,Indian Medical Association,0,0,0,1,Other,I4210150663
IIT Roorkee,Asian Academy of Film and Television,0,0,0,1,Other,I4210142877
IIT Roorkee,Centre for Multi-disciplinary Development Research,0,0,0,6,Other,I4210133794
IIT Roorkee,Nature Conservation Foundation,0,0,0,4,Other,I80883720
IIT Roorkee,Mathrusri Ramabai Ambedkar Dental College & Hospital,0,0,0,1,Other,I4210129991
IIT Roorkee,National Institute of Ecology,0,0,0,2,Other,I4210087709
IIT Roorkee,National Institute for Implementation Research on Non-Communicable Diseases,0,0,0,1,Other,I4210158034
IIT Roorkee,Government Medical College Jalaun,0,0,0,1,Other,I4405258115
IIT Roorkee,Silchar Medical College and Hospital,0,0,0,4,Other,I2802488231
IIT Roorkee,University B.T. & Evening College,0,0,0,1,University,I3129549910
IIT Roorkee,Dabur (India),0,0,0,2,Other,I4210093971
IIT Roorkee,Bengaluru North University,0,0,0,1,University,I4405262183
IIT Roorkee,Centre for Environment Education,0,0,0,2,Other,I4210163038
IIT Roorkee,"Krishi Vigyan Kendra, Latur",0,0,0,3,Other,I4210106304
IIT Roorkee,Rajendra Institute of Technology and Sciences,0,0,0,2,Other,I4405260719
IIT Roorkee,Gastroenterology Medical Center and Hospital,0,0,0,1,Other,I4210157337
IIT Roorkee,Central University of Tibetan Studies,0,0,0,1,University,I2802930190
IIT Roorkee,G Pulla Reddy Dental College & Hospital,0,0,0,1,Other,I4210134386
IIT Roorkee,Asha Hospital,0,0,0,2,Other,I4210147497
IIT Roorkee,Baby Memorial Hospital,0,0,0,1,Other,I4210147874
IIT Roorkee,Karnataka Institute of Medical Sciences,0,0,0,6,Other,I77799889
IIT Roorkee,Calcutta National Medical College and Hospital,0,0,0,16,Other,I111058918
IIT Roorkee,Bai Jerbai Wadia Hospital for Children,0,0,0,3,Other,I4210111325
IIT Roorkee,Diabetes Care and Research Foundation,0,0,0,1,Other,I4210096029
IIT Roorkee,Batra Hospital and Medical Research Centre,0,0,0,2,Other,I4210137951
IIT Roorkee,Sir Syed College,0,0,0,7,Other,I4405262160
IIT Roorkee,Agartala Government Medical College,0,0,0,2,Other,I4210167321
IIT Roorkee,Government Medical College,0,0,0,1,Other,I4210089425
IIT Roorkee,Raiganj Surendranath Mahavidyalaya,0,0,0,2,Other,I4405275817
IIT Roorkee,Institute of Development Studies,0,0,0,4,Other,I4210135264
IIT Roorkee,Centre for Research in Medical Entomology,0,0,0,2,Other,I4210110965
IIT Roorkee,Mathura Das Mathur Hospital,0,0,0,1,Other,I2799540789
IIT Roorkee,Electronics Corporation of India,0,0,0,4,Other,I1336731492
IIT Roorkee,Shri Vidyarthi Sudhar Sangh’s Nagpur College of Pharmacy,0,0,0,1,Other,I4405283123
IIT Roorkee,Association for Intelligent Transport Systems,0,0,0,1,Other,I4210112609
IIT Roorkee,AstraZeneca (India),0,0,0,4,Other,I4210127920
IIT Roorkee,Government College Kota,0,0,0,3,Other,I4405277463
IIT Roorkee,Foundation for Environment and Economic Development Services,0,0,0,1,Other,I4210097852
IIT Roorkee,Manuro Tech Research Pvt. Ltd (India),0,0,0,1,Other,I4405261650
IIT Roorkee,"Sankara Eye Hospital, Shimoga",0,0,0,1,Other,I4405263375
IIT Roorkee,NRR Hospital,0,0,0,1,Other,I4210145103
IIT Roorkee,Sri Shankara Cancer Hospital and Research Center,0,0,0,3,Other,I4387152526
IIT Roorkee,Rainbow Children's Hospital,0,0,0,1,Other,I4210150241
IIT Roorkee,Sasurie College of Arts and Science,0,0,0,1,Other,I4405261084
IIT Roorkee,International Clinical Epidemiology Network,0,0,0,1,Other,I4210085937
IIT Roorkee,Shri Maharaja Hari Singh Hospital,0,0,0,1,Other,I2802282215
IIT Roorkee,Alwar Pharmacy College,0,0,0,2,Other,I4210127668
IIT Roorkee,Rajarajeswari Dental College and Hospital,0,0,0,1,Other,I4210153382
IIT Roorkee,Maharashtra Institute of Dental Science and Research,0,0,0,1,Other,I4405257707
IIT Roorkee,Dr. Somervell Memorial CSI Medical College and Hospital,0,0,0,1,Other,I2801643552
IIT Roorkee,Integrated Test Range,0,0,0,3,Other,I4210125378
IIT Roorkee,All India Institute of Speech and Hearing,0,0,0,1,Other,I4405268439
IIT Roorkee,DBT/Wellcome Trust India Alliance,0,0,0,1,Other,I4210160166
IIT Roorkee,Emmanuel Hospital Association,0,0,0,1,Other,I4210091319
IIT Roorkee,B. V. Patel Pharmaceutical Education and Research Development Centre,0,0,0,13,Other,I4210147659
IIT Roorkee,HDFC Bank (India),0,0,0,1,Other,I4405278225
IIT Roorkee,Indian Institute of Oil Palm Research,0,0,0,2,Other,I4210135205
IIT Roorkee,KLE Society Hospital,0,0,0,1,Other,I4210135707
IIT Roorkee,S Nijalingappa Medical College and HSK Hospital & Research Centre,0,0,0,1,Other,I4210122420
IIT Roorkee,King Institute of Preventive Medicine and Research,0,0,0,6,Other,I323874257
IIT Roorkee,Dr. V. M. Government Medical College,0,0,0,3,Other,I49124879
IIT Roorkee,Biotechnology Industry Research Assistance Council,0,0,0,1,Other,I4210161818
IIT Roorkee,Apollo Hospitals,0,0,0,4,Other,I4210159024
IIT Roorkee,GCS Foundation,0,0,0,2,Other,I4210089564
IIT Roorkee,King Edward Memorial Hospital Research Centre,0,0,0,5,Other,I4210148958
IIT Roorkee,BAIF Development Research Foundation,0,0,0,3,Other,I2800340409
IIT Roorkee,Institute of Astronomy Space and Earth Science,0,0,0,2,Other,I4405261168
IIT Roorkee,National Institute of Science Communication and Information Resources,0,0,0,1,Other,I28700744
IIT Roorkee,Allergan (India),0,0,0,2,Other,I4210115611
IIT Roorkee,Akay Flavours and Aromatics Pvt. Ltd. (India),0,0,0,2,Other,I4405267992
IIT Roorkee,Rajiv Gandhi Science and Technology Commission,0,0,0,1,Other,I4405278778
IIT Roorkee,Mamata Medical College,0,0,0,1,Other,I37012753
IIT Roorkee,Haryana College of Technology and Management,0,0,0,1,Other,I4405277690
IIT Roorkee,"Shardabai Pawar Mahila Arts, Commerce and Science College",0,0,0,1,Other,I4405282557
IIT Roorkee,Indian Institute of Dalit Studies,0,0,0,3,Other,I4210161522
IIT Roorkee,Institute of Transplantation Sciences,0,0,0,1,Other,I4210111128
IIT Roorkee,Global Hospitals,0,0,0,2,Other,I4210114360
IIT Roorkee,Ayurvet (India),0,0,0,2,Other,I4210157303
IIT Roorkee,Indian National Academy of Engineering,0,0,0,2,Other,I271325593
IIT Roorkee,M.S. Ramaiah Medical College,0,0,0,1,Other,I4210134671
IIT Roorkee,Sanofi (India),0,0,0,1,Other,I4210138224
IIT Roorkee,Cancer Hospital and Research Institute,0,0,0,5,Other,I4210119054
IIT Roorkee,Shri Dharmasthala Manjunatheswara College of Ayurveda and Hospital,0,0,0,1,Other,I2890559060
IIT Roorkee,Kerala Institute of Medical Sciences,0,0,0,1,Other,I4210127957
IIT Roorkee,Sardar Patel Post Graduate Institute of Dental and Medical Sciences,0,0,0,1,Other,I4210127880
IIT Roorkee,ACPM Dental College and Hospital,0,0,0,1,Other,I4210119062
IIT Roorkee,Narayan Medical College and Hospital,0,0,0,5,Other,I4210141553
IIT Roorkee,Manav Bharti University,0,0,0,9,University,I103104989
IIT Roorkee,Ekjut,0,0,0,3,Other,I4210106683
IIT Roorkee,Dabur Research Foundation (India),0,0,0,9,Other,I151154110
IIT Roorkee,Smt. Kashibai Navale Medical College and General hospital,0,0,0,3,Other,I4210157510
IIT Roorkee,"Mihir Bhoj Postgraduate College, Dadri",0,0,0,4,Other,I4405258975
IIT Roorkee,Society for Nutrition Education and Health Action,0,0,0,1,Other,I4210101725
IIT Roorkee,Rayat Institute of Engineering & Information Technology,0,0,0,1,IIIT,I573716131
IIT Roorkee,UPASI Tea Research Foundation,0,0,0,1,Other,I4210160079
IIT Roorkee,T. D. Medical College,0,0,0,5,Other,I2802466914
IIT Roorkee,Aster Medcity,0,0,0,1,Other,I4210150119
IIT Roorkee,Madhya Pradesh Bhoj Open University,0,0,0,2,University,I152391192
IIT Roorkee,Indian Institute of Metals,0,0,0,1,Other,I1309988440
IIT Roorkee,Welspun (India),0,0,0,2,Other,I2800176906
IIT Roorkee,Hyderabad Rheumatology Center,0,0,0,1,Other,I4210115048
IIT Roorkee,Sri Sri Institute for Advanced Research,0,0,0,1,Other,I4405262849
IIT Roorkee,Vivekananda Institute of Medical Sciences,0,0,0,3,Other,I4210131107
IIT Roorkee,Oxford Dental College and Hospital,0,0,0,1,Other,I4210092865
IIT Roorkee,Wildlife Conservation Society India,0,0,0,5,Other,I4210154569
IIT Roorkee,St. Theresa’s Multi-Speciality Hospital,0,0,0,2,Other,I4210158938
IIT Roorkee,Darbhanga Medical College and Hospital,0,0,0,1,Other,I2800710275
IIT Roorkee,Defence Scientific Information & Documentation Centre,0,0,0,2,Other,I4210124208
IIT Roorkee,Bangabasi Morning College,0,0,0,5,Other,I4405257178
IIT Roorkee,Forum for Ethics Review Committees in India,0,0,0,2,Other,I4210101256
IIT Roorkee,Chellaram Hospital,0,0,0,1,Other,I4210089518
IIT Roorkee,East West College of Pharmacy,0,0,0,2,Other,I4405281066
IIT Roorkee,"D.S.N. College, Unnao",0,0,0,13,Other,I4405281781
IIT Roorkee,Rajiv Gandhi Foundation,0,0,0,1,Other,I2800824377
IIT Roorkee,GCS Medical College,0,0,0,3,Other,I4405260799
IIT Roorkee,Kannur Dental College,0,0,0,1,Other,I4405255938
IIT Roorkee,Society For Development Alternatives,0,0,0,2,Other,I4210138833
IIT Roorkee,"Arts, Commerce and Science College, Dharangaon",0,0,0,1,Other,I4405262777
IIT Roorkee,Seethapathy Clinic and Hospital,0,0,0,2,Other,I4210164285
IIT Roorkee,Piramal Clinical Research,0,0,0,1,Other,I4210152046
IIT Roorkee,Open Source Drug Discovery,0,0,0,33,Other,I2799982174
IIT Roorkee,Virus Unit,0,0,0,1,Other,I4210093260
IIT Roorkee,Brihanmumbai Municipal Corporation,0,0,0,1,Other,I2799318567
IIT Roorkee,IDBI Bank,0,0,0,1,Other,I4210154495
IIT Roorkee,Central India Institute of Medical Sciences,0,0,0,5,Other,I4210135505
IIT Roorkee,INCLEN Trust International,0,0,0,6,Other,I4210164175
IIT Roorkee,Tata Elxsi (India),0,0,0,2,Other,I1318430499
IIT Roorkee,Midnapore Medical College and Hospital,0,0,0,1,Other,I251397004
IIT Roorkee,Foundation for Revitalisation of Local Health Traditions,0,0,0,1,Other,I4210107901
IIT Roorkee,National Council for Cement and Building Materials,0,0,0,8,Other,I4210099776
IIT Roorkee,Association for Socially Applicable Research,0,0,0,3,Other,I4405263513
IIT Roorkee,Institute of Health Management Research Bangalore,0,0,0,2,Other,I4405256990
IIT Roorkee,Sri Aurobindo Institute of Technology,0,0,0,1,Other,I4210115061
IIT Roorkee,AMRI Hospitals,0,0,0,1,Other,I46827455
IIT Roorkee,Healthcare Technology Innovation Centre,0,0,0,3,Other,I4210102197
IIT Roorkee,M.V. Hospital for Diabetes and Diabetes Research Centre,0,0,0,3,Other,I4210160007
IIT Roorkee,National Centre for Compositional Characterisation of Materials,0,0,0,9,Other,I4210100447
IIT Roorkee,PRS Legislative Research,0,0,0,1,Other,I4210131064
IIT Roorkee,Institute for Systems Studies & Analyses,0,0,0,5,Other,I4210165624
IIT Roorkee,North Eastern Indira Gandhi Regional Institute of Health and Medical Sciences,0,0,0,7,Other,I231543472
IIT Roorkee,Bhagwan Mahaveer Jain Hospital,0,0,0,3,Other,I4210146892
IIT Roorkee,Sinhgad Dental College and Hospital,0,0,0,2,Other,I4210163301
IIT Roorkee,Kavikulaguru Kalidas Sanskrit University,0,0,0,1,University,I4210106301
IIT Roorkee,Shalby Hospitals,0,0,0,1,Other,I2801919287
IIT Roorkee,Inlaks & Budhrani Hospital,0,0,0,1,Other,I4210136549
IIT Roorkee,Indian Jute Industries Research Association,0,0,0,9,Other,I4210100175
IIT Roorkee,Kempegowda Institute of Medical Sciences,0,0,0,3,Other,I169134981
IIT Roorkee,Research Design And Standards Organization,0,0,0,1,Other,I2799538346
IIT Roorkee,Serum Institute of India (India),0,0,0,2,Other,I3131544347
IIT Roorkee,ESIC Hospital,0,0,0,3,Other,I4210159729
IIT Roorkee,Chaithanya Eye Hospital and Research Institute,0,0,0,1,Other,I4210128572
IIT Roorkee,Themis (India),0,0,0,1,Other,I4210164012
IIT Roorkee,Central Drugs Laboratory,0,0,0,1,Other,I4405282372
IIT Roorkee,Centre For Wildlife Studies,0,0,0,10,Other,I4210128182
IIT Roorkee,National Institute of Indian Medical Heritage,0,0,0,2,Other,I4210115412
IIT Roorkee,Krupajal Engineering College,0,0,0,1,Other,I4405276997
IIT Roorkee,Cellworks Research (India),0,0,0,1,Other,I4210097570
IIT Roorkee,ICARE Institute of Medical Sciences and Research & Dr. Bidhan Chandra Roy Hospital,0,0,0,2,Other,I4210155216
IIT Roorkee,Bhatia Hospital,0,0,0,1,Other,I4210159644
IIT Roorkee,B.J. Medical College,0,0,0,4,Other,I64157871
IIT Roorkee,Indira Gandhi Medical College and Research Institute,0,0,0,3,Other,I4210092534
IIT Roorkee,Hindu College of Pharmacy,0,0,0,2,Other,I4210151968
IIT Roorkee,Government Model Science College,0,0,0,5,Other,I4405273430
IIT Roorkee,Maharashtra National Law University Mumbai,0,0,0,1,University,I2801938406
IIT Roorkee,Nargis Dutt Memorial Cancer Hospital,0,0,0,1,Other,I4210140585
IIT Roorkee,Academy of Family Physicians of India,0,0,0,5,Other,I4210100600
IIT Roorkee,Rangaraya Medical College,0,0,0,4,Other,I30589939
IIT Roorkee,Directorate of Cashew Research,0,0,0,2,Other,I4210111898
IIT Roorkee,Indian Drugs and Pharmaceuticals Limited,0,0,0,1,Other,I4210106346
IIT Roorkee,Guru Nanak Eye Centre,0,0,0,1,Other,I4210093565
IIT Roorkee,Central Bank of India,0,0,0,2,Other,I4405266705
IIT Roorkee,Jain hospital,0,0,0,1,Other,I4405259822
IIT Roorkee,Dr. Reddy's Foundation,0,0,0,1,Other,I4210126655
IIT Roorkee,National Research Centre on Mithun,0,0,0,2,Other,I4210135502
IIT Roorkee,Centre For Human Genetics,0,0,0,1,Other,I4210098597
IIT Roorkee,Meenakshi Mission Hospital and Research Centre,0,0,0,2,Other,I4210113550
IIT Roorkee,Asia Pacific Institute of Information Technology SD India,0,0,0,1,IIIT,I4405279077
IIT Roorkee,National Research Development Corporation,0,0,0,9,Other,I4210156257
IIT Roorkee,Vittal Mallya Scientific Research Foundation,0,0,0,3,Other,I4210143280
IIT Roorkee,National Neurosciences Centre,0,0,0,2,Other,I4210094203
IIT Roorkee,Gian Sagar Medical College and Hospital,0,0,0,1,Other,I4210156080
IIT Roorkee,Centre for Science and Environment,0,0,0,5,Other,I75971999
IIT Roorkee,Sami Labs (India),0,0,0,4,Other,I4210102658
IIT Roorkee,Nehru Foundation for Development,0,0,0,1,Other,I2802837860
IIT Roorkee,Shri Siddhivinayak Ganapati Cancer Hospital,0,0,0,1,Other,I4210150465
IIT Roorkee,InsPIRE Network for Environment,0,0,0,5,Other,I4210143450
IIT Roorkee,Jawaharlal Nehru Architecture and Fine Arts University,0,0,0,7,University,I3130996612
IIT Roorkee,Breach Candy Hospital,0,0,0,1,Other,I2800671109
IIT Roorkee,Guru Nanak First Grade College Bidar,0,0,0,4,Other,I4405257600
IIT Roorkee,Maharashtra National Law University,0,0,0,1,University,I4405261059
IIT Roorkee,International Development Research Centre,0,0,0,5,Other,I4210118552
IIT Roorkee,Institute of Public Health Bengaluru,0,0,0,2,Other,I4210088493
IIT Roorkee,Dr. Vitthalrao Vikhe Patil Foundation’s Medical College,0,0,0,1,Other,I4210132103
IIT Roorkee,Asian Paints (India),0,0,0,1,Other,I2803049109
IIT Roorkee,Anugrah Narayan Magadh Medical College & Hospital,0,0,0,1,Other,I3125884123
IIT Roorkee,Asia Pacific Observatory on Health Systems and Policies,0,0,0,1,Other,I4210096505
IIT Roorkee,Ali Yavar Jung National Institute for the Hearing Handicapped,0,0,0,1,Other,I4210124687
IIT Roorkee,Healis Sekhsaria Institute For Public Health,0,0,0,6,Other,I4210117867
IIT Roorkee,Fetal Care Research Foundation,0,0,0,2,Other,I4210138510
IIT Roorkee,Indian Institute of Mass Communication,0,0,0,1,Other,I3132921910
IIT Roorkee,MNR Dental College and Hospital,0,0,0,4,Other,I4210142633
IIT Roorkee,Adesh University,0,0,0,1,University,I3131177233
IIT Roorkee,Institute of Genetics and Hospital for Genetic Diseases,0,0,0,2,Other,I4210105935
IIT Roorkee,GD Hospital & Diabetes Institute,0,0,0,1,Other,I4210094756
IIT Roorkee,Samarth,0,0,0,1,Other,I4405267446
IIT Roorkee,Haridwar University,0,0,0,1,University,I4405278646
IIT Roorkee,Smt. N.H.L. Municipal Medical College,0,0,0,4,Other,I4210165080
IIT Roorkee,National Institute of Plant Health Management,0,0,0,5,Other,I4210086241
IIT Roorkee,National Academy of Agricultural Sciences,0,0,0,1,Other,I1340740451
IIT Roorkee,Centre for Women's Development Studies,0,0,0,2,Other,I4210149184
IIT Roorkee,Kidwai Memorial Institute of Oncology,0,0,0,3,Other,I2802933311
IIT Roorkee,"Kerala Institute for Research, Training and Development Studies of Scheduled Castes and Tribes",0,0,0,1,Other,I4210110585
IIT Roorkee,Haffkine Institute,0,0,0,1,Other,I182985392
IIT Roorkee,The Sanskrit College and University,0,0,0,1,University,I3131826223
IIT Roorkee,B. J. Medical College & Sassoon Hospital,0,0,0,1,Other,I201202376
IIT Roorkee,Central Silk Technological Research Institute,0,0,0,2,Other,I4210102363
IIT Roorkee,Regional Research Institute of Unani Medicine,0,0,0,1,Other,I4210158697
IIT Roorkee,Therachem Research Medilab (India),0,0,0,2,Other,I4210120444
IIT Roorkee,"Christ Church College, Kanpur",0,0,0,2,Other,I4405274624
IIT Roorkee,Meiji (India),0,0,0,2,Other,I4210132281
IIT Roorkee,Jodhpur National University,0,0,0,2,University,I4724304
IIT Roorkee,Al-Ameen Medical College,0,0,0,2,Other,I157458207
IIT Roorkee,National University of Educational Planning and Administration,0,0,0,8,University,I1317634868
IIT Roorkee,Kasiak Research (India),0,0,0,1,Other,I4210099847
IIT Roorkee,Netaji Nagar Day College,0,0,0,5,Other,I4405261640
IIT Roorkee,Sri Sairam Ayurveda Medical College and Research Centre,0,0,0,1,Other,I4405262557
IIT Roorkee,Mamata General Hospital,0,0,0,1,Other,I4210096635
IIT Roorkee,Monilek Hospital and Research Center,0,0,0,1,Other,I4210130377
IIT Roorkee,Sri Konda Laxman Telangana State Horticultural University,0,0,0,1,University,I3132430671
IIT Roorkee,Fortis C-DOC Hospital,0,0,0,4,Other,I4210140079
IIT Roorkee,Southern Command Hospital,0,0,0,1,Other,I4210104445
IIT Roorkee,ACE Hospital,0,0,0,2,Other,I4210089047
IIT Roorkee,Program for Appropriate Technology in Health,0,0,0,7,Other,I4210099049
IIT Roorkee,General Motors (India),0,0,0,3,Other,I2801120862
IIT Roorkee,College of Medicine & JNM Hospital,0,0,0,3,Other,I4210130977
IIT Roorkee,M. S. Ramaiah Dental College and Hospital,0,0,0,1,Other,I4210149371
IIT Roorkee,Centre for Development Economics,0,0,0,5,Other,I4210152395
IIT Roorkee,Tata Medical Center,0,0,0,3,Other,I4210089010
IIT Roorkee,Diabetes Care & Hormone Clinic,0,0,0,1,Other,I4210131238
IIT Roorkee,Centre for the Study of Developing Societies,0,0,0,3,Other,I108294501
IIT Roorkee,Advanced Enzyme Technologies Limited (India),0,0,0,2,Other,I4405272632
IIT Roorkee,Health Action by People,0,0,0,1,Other,I4210154316
IIT Roorkee,Ahmedabad Civil Hospital,0,0,0,2,Other,I3016035982
IIT Roorkee,Central Research Institute,0,0,0,2,Other,I4210108585
IIT Roorkee,Narendra Modi Medical College,0,0,0,2,Other,I4405263272
IIT Roorkee,Aurigene Discovery Technologies (India),0,0,0,3,Other,I4210152788
IIT Roorkee,Directorate of Health Services,0,0,0,3,Other,I4405267868
IIT Roorkee,Laila Impex (India),0,0,0,4,Other,I4210165793
IIT Roorkee,Rabindranath Tagore Medical College,0,0,0,4,Other,I2803033815
IIT Roorkee,YR Gaitonde Centre for AIDS Research and Education,0,0,0,3,Other,I4210127818
IIT Roorkee,Maulana Azad Institute of Dental Sciences,0,0,0,3,Other,I4210095482
IIT Roorkee,Govind Ballabh Pant Hospital,0,0,0,4,Other,I4210156823
IIT Roorkee,Bapuji Dental College and Hospital,0,0,0,2,Other,I4210164514
IIT Roorkee,Government Medical College Thoothukudi,0,0,0,1,Other,I2799761305
IIT Roorkee,Institute of Cytology and Preventive Oncology,0,0,0,13,Other,I4210160116
IIT Roorkee,Sardar Patel Medical College,0,0,0,2,Other,I2800123788
IIT Roorkee,Institute of Reproductive Medicine,0,0,0,1,Other,I4210127825
IIT Roorkee,Santokba Durlabhji Memorial hospital,0,0,0,1,Other,I2802577520
IIT Roorkee,Command Hospital,0,0,0,1,Other,I4210161889
IIT Roorkee,Unit for Research and Development of Information Products,0,0,0,2,Other,I4210141333
IIT Roorkee,Centre for Budget and Governance Accountability,0,0,0,2,Other,I4210097647
IIT Roorkee,Dr. A. Ramachandran's Diabetes Hospitals,0,0,0,3,Other,I4210120928
IIT Roorkee,Stempeutics (India),0,0,0,4,Other,I4210137709
IIT Roorkee,National Academy of Sciences India,0,0,0,5,Other,I127462306
IIT Roorkee,Government Siddha Medical College & Hospital Palayamkottai,0,0,0,1,Other,I4405273999
IIT Roorkee,Public Health Research Institute Of India,0,0,0,1,Other,I4210148675
IIT Roorkee,Air India Limited (India),0,0,0,1,Other,I4405270675
IIT Roorkee,National Heart Institute,0,0,0,1,Other,I4210097122
IIT Roorkee,Rajarajeswari Medical College and Hospital,0,0,0,4,Other,I1323219464
IIT Roorkee,Navodaya Dental College and Hospital,0,0,0,1,Other,I4210086950
IIT Roorkee,Maharashtra Association of Anthropological Sciences,0,0,0,1,Other,I4210126160
IIT Roorkee,Nehru Memorial Museum & Library,0,0,0,3,Other,I4210163448
IIT Roorkee,Amneal (India),0,0,0,2,Other,I4210093984
IIT Roorkee,G. Pulla Reddy College of Pharmacy,0,0,0,3,Other,I4405263311
IIT Roorkee,Tamil Nadu Physical Education and Sports University,0,0,0,2,University,I2800444346
IIT Roorkee,Makhanlal Chaturvedi National University of Journalism and Communication,0,0,0,4,University,I3130984881
IIT Roorkee,Advanced Institute for Wildlife Conservation,0,0,0,1,Other,I4405253052
IIT Roorkee,Bangur Institute of Neurosciences,0,0,0,9,Other,I2800966917
IIT Roorkee,Balipara Foundation,0,0,0,1,Other,I4210102833
IIT Roorkee,Keystone Foundation,0,0,0,1,Other,I4210164723
IIT Roorkee,Directorate of Technical Education,0,0,0,1,Other,I4405266053
IIT Roorkee,National Power Training Institute,0,0,0,3,Other,I4210167178
IIT Roorkee,National Archives of India,0,0,0,1,Other,I4210140375
IIT Roorkee,Forensic Sciences Department,0,0,0,2,Other,I4210109861
IIT Roorkee,Ion Exchange (India),0,0,0,2,Other,I4210115349
IIT Roorkee,Vasantidevi Patil Institute of Pharmacy,0,0,0,1,Other,I4405259557
IIT Roorkee,Metro College of Health Sciences and Research,0,0,0,1,Other,I4405263434
IIT Roorkee,Sahara Hospital,0,0,0,3,Other,I2802142657
IIT Roorkee,National Agricultural Science Fund,0,0,0,3,Other,I4405269716
IIT Roorkee,Sri Gokulam Hospital,0,0,0,1,Other,I4210105018
IIT Roorkee,Ministry of Urban Development,0,0,0,1,Other,I4210139413
IIT Roorkee,Office of the Principal Scientific Adviser,0,0,0,1,Other,I4210091075
IIT Roorkee,KG College of Arts and Science,0,0,0,1,Other,I4405261072
IIT Roorkee,Himalayan Institute Hospital Trust,0,0,0,1,Other,I4210115474
IIT Roorkee,Sitaram Bhartia Institute of Science and Research,0,0,0,5,Other,I4210118890
IIT Roorkee,Coimbatore Medical College and Hospital,0,0,0,1,Other,I33851549
IIT Roorkee,Banki College,0,0,0,8,Other,I4210107397
IIT Roorkee,Sophisticated Analytical Instrument Facility,0,0,0,6,Other,I4405269473
IIT Roorkee,Centre for Chronic Disease Control,0,0,0,7,Other,I4210119988
IIT Roorkee,Government Mohan Kumaramangalam Medical College,0,0,0,1,Other,I4210154858
IIT Roorkee,KLE Ayur World,0,0,0,1,Other,I4210138071
IIT Roorkee,Madras Institute of Development Studies,0,0,0,9,Other,I224417259
IIT Roorkee,Velammal Medical College Hospital and Research Institute,0,0,0,3,Other,I4210104323
IIT Roorkee,Animal Resources Development Department,0,0,0,3,Other,I4210096202
IIT Roorkee,Kurnool Medical College,0,0,0,1,Other,I61631359
IIT Roorkee,National Sanskrit University,0,0,0,1,University,I2801445914
IIT Roorkee,Foundation for Medical Research,0,0,0,1,Other,I4210160584
IIT Roorkee,Defence Institute of Psychological Research,0,0,0,1,Other,I72008476
IIT Roorkee,Indira Gandhi Government Medical College & Hospital,0,0,0,4,Other,I4210099166
IIT Roorkee,Centre For Development Alternatives,0,0,0,3,Other,I4210131772
IIT Roorkee,Bharat Biotech (India),0,0,0,7,Other,I4210102382
IIT Roorkee,ESI - Post Graduate Institute of Medical Science and Research,0,0,0,1,Other,I4210142364
IIT Roorkee,Shri Khushal Das University,0,0,0,3,University,I4405266653
IIT Roorkee,Rajarshee Chhatrapati Shahu Maharaj Government Medical College and CPR Hospital Kolhapur,0,0,0,1,Other,I3023212067
IIT Roorkee,KPC Medical College and Hospital,0,0,0,6,Other,I243989293
IIT Roorkee,Natural Remedies (India),0,0,0,11,Other,I4210102349
IIT Roorkee,Micro Insurance Academy,0,0,0,4,Other,I4210098792
IIT Roorkee,Sri Ramakrishna Institute of Paramedical Sciences,0,0,0,3,Other,I4210099837
IIT Roorkee,Centre for Aromatic Plants,0,0,0,1,Other,I4210148696
IIT Roorkee,Apollo Hospitals,0,0,0,1,Other,I4210122887
IIT Roorkee,Fortis Escorts Heart Institute,0,0,0,4,Other,I4210102489
IIT Roorkee,Eastern Command Hospital,0,0,0,2,Other,I4210113612
IIT Roorkee,JSS Medical Research (India),0,0,0,2,Other,I4210115374
IIT Roorkee,Chilika Development Authority,0,0,0,16,Other,I4210130859
IIT Roorkee,Jaypee Hospital,0,0,0,1,Other,I4210159756
IIT Roorkee,Lepra Society,0,0,0,1,Other,I4210146720
IIT Roorkee,National JALMA Institute for Leprosy & Other Mycobacterial Diseases,0,0,0,2,Other,I4210132386
IIT Roorkee,Association of Indian Universities,0,0,0,2,University,I2800554417
IIT Roorkee,Nestlé (India),0,0,0,1,Other,I4210151773
IIT Roorkee,Indian Social Institute,0,0,0,2,Other,I4405263302
IIT Roorkee,Mondelēz International (India),0,0,0,1,Other,I4210141416
IIT Roorkee,"State Council of Science Technology & Environment, Meghalaya",0,0,0,1,Other,I4210120955
IIT Roorkee,NTPC Consultancy (India),0,0,0,2,Other,I4210096798
IIT Roorkee,Niloufer Hospital,0,0,0,1,Other,I2801125169
IIT Roorkee,Biological E (India),0,0,0,9,Other,I4210096236
IIT Roorkee,University of Technology and Management,0,0,0,1,University,I45533404
IIT Roorkee,Sri Dharmasthala Manjunatheshwara College of Ayurveda & Hospital Udupi,0,0,0,4,Other,I4405262647
IIT Roorkee,Healthcare Global Enterprises,0,0,0,1,Other,I4210136115
IIT Roorkee,SuVi Eye Institute and Lasik Laser Center,0,0,0,1,Other,I4210130495
IIT Roorkee,Care Institute of Medical Sciences,0,0,0,1,Other,I2801933607
IIT Roorkee,English and Foreign Languages University,0,0,0,1,University,I3131578490
IIT Roorkee,Malabar Cancer Centre,0,0,0,1,Other,I1316728056
IIT Roorkee,Directorate of Knowledge Management in Agriculture,0,0,0,1,Other,I4405265731
IIT Roorkee,Natco Pharma (India),0,0,0,2,Other,I4210149203
IIT Roorkee,Hidayatullah National Law University,0,0,0,7,University,I161765314
IIT Roorkee,Savoirs et Mondes Indiens,0,0,0,3,Other,I4387153201
IIT Roorkee,CARE Hospitals,0,0,0,7,Other,I2802469017
IIT Roorkee,Surya Hospitals,0,0,0,1,Other,I4210090617
IIT Roorkee,Orchid Pharma (India),0,0,0,1,Other,I4210132051
IIT Roorkee,Institute for Seri-Biotechnological Research,0,0,0,1,Other,I4210098363
IIT Roorkee,Alembic Pharmaceuticals (India),0,0,0,1,Other,I4210121895
IIT Roorkee,Centre for Personnel Talent Management,0,0,0,2,Other,I4210091356
IIT Roorkee,Columbia Asia,0,0,0,1,Other,I920155683
IIT Roorkee,Karnataka Health Promotion Trust,0,0,0,2,Other,I4210116282
IIT Roorkee,India Diabetes Research Foundation,0,0,0,3,Other,I4210096444
IIT Roorkee,Gajara Raja Medical College,0,0,0,4,Other,I2802001206
IIT Roorkee,Praj (India),0,0,0,5,Other,I4210093169
IIT Roorkee,Government Royapettah Hospital,0,0,0,2,Other,I2800345398
IIT Roorkee,National School of Leadership,0,0,0,1,Other,I3130603999
IIT Roorkee,Ministry of Human Resource Development,0,0,0,1,Other,I4210152752
IIT Roorkee,Icon (India),0,0,0,3,Other,I4210089292
IIT Roorkee,Indian Cancer Society,0,0,0,2,Other,I4210139019
IIT Roorkee,HCG Cancer Hospital,0,0,0,1,Other,I4210113515
IIT Roorkee,Indian Bank,0,0,0,1,Other,I4405271326
IIT Roorkee,PVS Memorial Hospital,0,0,0,2,Other,I4210111331
IIT Roorkee,Bhailalbhai and Bhikhabhai Institute of Technology,0,0,0,1,Other,I4210127750
IIT Roorkee,Institute of Animal Health and Veterinary Biologicals,0,0,0,2,Other,I4210155344
IIT Roorkee,Sri Aurobindo Institute of Medical Sciences,0,0,0,2,Other,I4210140180
IIT Roorkee,Indian National Trust for Art and Cultural Heritage,0,0,0,3,Other,I2802914827
IIT Roorkee,Population Foundation of India,0,0,0,1,Other,I4210141845
IIT Roorkee,Government Medical College,0,0,0,1,Other,I4210157651
IIT Roorkee,Darshan Dental College and Hospital,0,0,0,4,Other,I4210142127
IIT Roorkee,Institute of Mental Health and Hospital,0,0,0,1,Other,I4210158647
IIT Roorkee,Squad Medicine and Research (SMR),0,0,0,1,Other,I4405256514
IIT Roorkee,Chhattisgarh Kamdhenu Vishwavidyalaya,0,0,0,1,Other,I2800089517
IIT Roorkee,Government Rajaji Hospital,0,0,0,1,Other,I2801491149
IIT Roorkee,Voluntary Health Association Of India,0,0,0,1,Other,I4210093800
IIT Roorkee,General Hospital Ernakulam,0,0,0,1,Other,I2800816844
IIT Roorkee,Bangalore Diabetes Centre,0,0,0,1,Other,I4210127127
IIT Roorkee,Netaji Subhash Chandra Bose Medical College,0,0,0,2,Other,I235176910
IIT Roorkee,Ministry of Culture,0,0,0,1,Other,I1314849024
IIT Roorkee,Vedanta Resources (India),0,0,0,1,Other,I4210093935
IIT Roorkee,Maharashtra Forest Department,0,0,0,2,Other,I4210140994
IIT Roorkee,Apollo Gleneagles Hospitals,0,0,0,6,Other,I2801225794
IIT Roorkee,Madras Institute of Orthopaedics and Traumatology,0,0,0,2,Other,I1300678687
IIT Roorkee,National Institute for the Empowerment of Persons with Intellectual Disabilities,0,0,0,1,Other,I4405257076
IIT Roorkee,University College of Commerce & Business Management,0,0,0,2,University,I4210164005
IIT Roorkee,Eternal Hospital,0,0,0,3,Other,I4210116742
IIT Roorkee,Plant Lipids (India),0,0,0,3,Other,I4210116276
IIT Roorkee,Apollo Hospitals Educational and Research Foundation,0,0,0,2,Other,I4405273104
IIT Roorkee,Keshav Memorial Institute of Commerce and Sciences,0,0,0,1,Other,I4405259152
IIT Roorkee,Maharaja Manindra Chandra College,0,0,0,10,Other,I4405265876
IIT Roorkee,Deenanath Mangeshkar Hospital and Research Center,0,0,0,4,Other,I4210116893
IIT Roorkee,Materials Research Center,0,0,0,6,Other,I4210145824
IIT Roorkee,Indian Institute of Advanced Study,0,0,0,1,Other,I2830045
IIT Roorkee,Vivekananda Satavarshiki Mahavidyalaya,0,0,0,1,Other,I4405260577
IIT Roorkee,"National Institute of Homoeopathy , Kolkata",0,0,0,1,Other,I4405258703
IIT Roorkee,Sterling Hospitals,0,0,0,6,Other,I1332791849
IIT Roorkee,Indus Biotech (India),0,0,0,3,Other,I4210104831
IIT Roorkee,Minto Ophthalmic Hospital,0,0,0,2,Other,I2859090175
IIT Roorkee,National Research Centre for Grapes,0,0,0,5,Other,I4210091646
IIT Roorkee,West Bengal Electronics Industry Development Corporation Limited (India),0,0,0,4,Other,I4210145740
IIT Roorkee,Library of Tibetan Works and Archives,0,0,0,2,Other,I4210126443
IIT Roorkee,North Bengal Medical College and Hospital,0,0,0,2,Other,I40380974
IIT Roorkee,St. John's National Academy of Health Sciences,0,0,0,1,Other,I4210129261
IIT Roorkee,Seema Dental College and Hospital,0,0,0,1,Other,I4210156603
IIT Roorkee,Suraj Eye Institute,0,0,0,1,Other,I4210164344
IIT Roorkee,Inventia (India),0,0,0,1,Other,I4210142905
IIT Roorkee,M.N. College & Research Institute,0,0,0,1,Other,I4405277513
