institution,rank_by_in_flow,partner,citations_from_partner,citations_to_partner,impact_ratio_in_over_out
IIT Kharagpur,1,Indian Institute of Technology Roorkee,3105,3434,0.904
IIT Kharagpur,2,Vellore Institute of Technology University,3022,1691,1.787
IIT Kharagpur,3,Academy of Scientific and Innovative Research,2885,1970,1.464
IIT Kharagpur,4,Indian Institute of Technology Guwahati,2791,2360,1.183
IIT Kharagpur,5,Saveetha University,2613,560,4.666
IIT Kharagpur,6,Indian Institute of Technology Delhi,2552,4312,0.592
IIT Kharagpur,7,SRM Institute of Science and Technology,2347,891,2.634
IIT Kharagpur,8,Indian Institute of Technology Bombay,2266,4688,0.483
IIT Kharagpur,9,National Institute of Technology Rourkela,2253,1857,1.213
IIT Kharagpur,10,Banaras Hindu University,2012,2348,0.857
IIT Kharagpur,11,Jadavpur University,1973,3702,0.533
IIT Kharagpur,12,Indian Institute of Technology Madras,1938,3875,0.5
IIT Kharagpur,13,Indian Institute of Science Bangalore,1828,6787,0.269
IIT Kharagpur,14,"Birla Institute of Technology and Science, Pilani",1696,903,1.878
IIT Kharagpur,15,Indian Institute of Technology Dhanbad,1685,1788,0.942
IIT Kharagpur,16,University of Delhi,1662,2063,0.806
IIT Kharagpur,17,Indian Institute of Technology Kanpur,1606,3982,0.403
IIT Kharagpur,18,Council of Scientific and Industrial Research,1554,4168,0.373
IIT Kharagpur,19,Indian Institute of Technology BHU,1524,924,1.649
IIT Kharagpur,20,Lovely Professional University,1508,458,3.293
IIT Kharagpur,21,Amity University,1358,655,2.073
IIT Kharagpur,22,Manipal Academy of Higher Education,1348,547,2.464
IIT Kharagpur,23,Chandigarh University,1336,330,4.048
IIT Kharagpur,24,Indian Institute of Technology Indore,1173,721,1.627
IIT Kharagpur,25,KIIT University,1155,522,2.213
IIT Kharagpur,26,Indian Council of Agricultural Research,1136,973,1.168
IIT Kharagpur,27,University of Petroleum and Energy Studies,1089,410,2.656
IIT Kharagpur,28,Homi Bhabha National Institute,1078,708,1.523
IIT Kharagpur,29,Amrita Vishwa Vidyapeetham,1072,550,1.949
IIT Kharagpur,30,University of Calcutta,1025,1636,0.627
IIT Kharagpur,31,National Institute of Technology Warangal,995,532,1.87
IIT Kharagpur,32,National Institute of Technology Tiruchirappalli,981,817,1.201
IIT Kharagpur,33,"Birla Institute of Technology, Mesra",977,626,1.561
IIT Kharagpur,34,"Indian Institute of Engineering Science and Technology, Shibpur",972,1054,0.922
IIT Kharagpur,35,Indian Institute of Technology Patna,962,664,1.449
IIT Kharagpur,36,Graphic Era University,948,219,4.329
IIT Kharagpur,37,National Institute of Technology Calicut,946,324,2.92
IIT Kharagpur,38,Chitkara University,941,191,4.927
IIT Kharagpur,39,Indian Institute of Technology Hyderabad,940,739,1.272
IIT Kharagpur,40,"Anna University, Chennai",940,1372,0.685
IIT Kharagpur,41,National Institute of Technology Durgapur,934,764,1.223
IIT Kharagpur,42,National Institute of Technology Karnataka,883,599,1.474
IIT Kharagpur,43,Indian Institute of Technology Bhubaneswar,877,668,1.313
IIT Kharagpur,44,Birla Institute of Technology and Science - Hyderabad Campus,816,322,2.534
IIT Kharagpur,45,Bhabha Atomic Research Centre,816,1964,0.415
IIT Kharagpur,46,Ministry of Earth Sciences,815,895,0.911
IIT Kharagpur,47,Jamia Millia Islamia,807,860,0.938
IIT Kharagpur,48,National Institute Of Technology Silchar,806,445,1.811
IIT Kharagpur,49,Siksha O Anusandhan University,805,448,1.797
IIT Kharagpur,50,GLA University,794,189,4.201
IIT Kharagpur,51,Aligarh Muslim University,786,878,0.895
IIT Kharagpur,52,Jawaharlal Nehru University,777,1259,0.617
IIT Kharagpur,53,Indian Institute of Technology Jodhpur,752,374,2.011
IIT Kharagpur,54,Indian Agricultural Research Institute,746,949,0.786
IIT Kharagpur,55,Thapar Institute of Engineering & Technology,728,672,1.083
IIT Kharagpur,56,Jain University,704,257,2.739
IIT Kharagpur,57,Indian Institute of Science Education and Research Kolkata,668,902,0.741
IIT Kharagpur,58,Panjab University,655,868,0.755
IIT Kharagpur,59,Sharda University,647,230,2.813
IIT Kharagpur,60,Indian Institute of Technology Gandhinagar,640,814,0.786
IIT Kharagpur,61,Indian Institute of Technology Ropar,634,514,1.233
IIT Kharagpur,62,Savitribai Phule Pune University,629,822,0.765
IIT Kharagpur,63,Christ University,624,137,4.555
IIT Kharagpur,64,University of Burdwan,617,493,1.252
IIT Kharagpur,65,Symbiosis International University,612,369,1.659
IIT Kharagpur,66,National Institute of Pharmaceutical Education and Research,609,533,1.143
IIT Kharagpur,67,Delhi Technological University,606,387,1.566
IIT Kharagpur,68,Sardar Vallabhbhai National Institute of Technology Surat,604,416,1.452
IIT Kharagpur,69,Vidyasagar University,600,568,1.056
IIT Kharagpur,70,GITAM University,599,204,2.936
IIT Kharagpur,71,National Institute of Technology Raipur,596,306,1.948
IIT Kharagpur,72,Indian Statistical Institute,595,1470,0.405
IIT Kharagpur,73,University of Kashmir,592,502,1.179
IIT Kharagpur,74,National Institute of Technology Srinagar,584,143,4.084
IIT Kharagpur,75,National Institute of Technology Patna,583,234,2.491
IIT Kharagpur,76,Koneru Lakshmaiah Education Foundation,582,183,3.18
IIT Kharagpur,77,Tezpur University,576,632,0.911
IIT Kharagpur,78,Dr. B. R. Ambedkar National Institute of Technology Jalandhar,562,308,1.825
IIT Kharagpur,79,Indian Institute of Tropical Meteorology,553,1454,0.38
IIT Kharagpur,80,Indian Association for the Cultivation of Science,550,1559,0.353
IIT Kharagpur,81,Indian Institute of Technology Mandi,547,406,1.347
IIT Kharagpur,82,Pondicherry University,545,571,0.954
IIT Kharagpur,83,Malaviya National Institute of Technology Jaipur,539,508,1.061
IIT Kharagpur,84,Institute of Chemical Technology,535,904,0.592
IIT Kharagpur,85,Indian Space Research Organisation,532,1121,0.475
IIT Kharagpur,86,Motilal Nehru National Institute of Technology,527,404,1.304
IIT Kharagpur,87,Pandit Deendayal Energy University,517,304,1.701
IIT Kharagpur,88,Cochin University of Science and Technology,514,595,0.864
IIT Kharagpur,89,University of Hyderabad,485,1106,0.439
IIT Kharagpur,90,Sathyabama Institute of Science and Technology,485,252,1.925
IIT Kharagpur,91,"SRM University, Andhra Pradesh",481,165,2.915
IIT Kharagpur,92,University of Allahabad,471,361,1.305
IIT Kharagpur,93,National Geophysical Research Institute,465,1399,0.332
IIT Kharagpur,94,Shoolini University,464,349,1.33
IIT Kharagpur,95,Visva-Bharati University,463,337,1.374
IIT Kharagpur,96,Maulana Azad National Institute of Technology,453,318,1.425
IIT Kharagpur,97,Karpagam Academy of Higher Education,451,82,5.5
IIT Kharagpur,98,Presidency University,447,671,0.666
IIT Kharagpur,99,National Institute of Technology Agartala,442,274,1.613
IIT Kharagpur,100,Vel Tech Rangarajan Dr. Sagunthala R&D Institute of Science and Technology,434,121,3.587
IIT Kharagpur,101,Visvesvaraya National Institute of Technology,433,441,0.982
IIT Kharagpur,102,Sri Sivasubramaniya Nadar College of Engineering,430,286,1.503
IIT Kharagpur,103,"Indian Institute of Science Education and Research, Bhopal",429,489,0.877
IIT Kharagpur,104,National Institute of Technology Jamshedpur,429,185,2.319
IIT Kharagpur,105,SASTRA University,417,321,1.299
IIT Kharagpur,106,Bharathidasan University,404,404,1.0
IIT Kharagpur,107,Wadia Institute of Himalayan Geology,403,630,0.64
IIT Kharagpur,108,Assam University,393,244,1.611
IIT Kharagpur,109,Punjab Agricultural University,388,632,0.614
IIT Kharagpur,110,Central Salt and Marine Chemicals Research Institute,371,541,0.686
IIT Kharagpur,111,Mahatma Gandhi University,369,450,0.82
IIT Kharagpur,112,National Environmental Engineering Research Institute,366,480,0.762
IIT Kharagpur,113,Uttaranchal University,363,97,3.742
IIT Kharagpur,114,Indian Institute of Chemical Technology,361,865,0.417
IIT Kharagpur,115,Institute of Minerals and Materials Technology,361,478,0.755
IIT Kharagpur,116,Babasaheb Bhimrao Ambedkar University,359,212,1.693
IIT Kharagpur,117,"International Institute of Information Technology, Hyderabad",355,588,0.604
IIT Kharagpur,118,Visvesvaraya Technological University,354,149,2.376
IIT Kharagpur,119,National Institute of Food Technology Entrepreneurship and Management,346,255,1.357
IIT Kharagpur,120,Parul University,345,58,5.948
IIT Kharagpur,121,SRM University,344,197,1.746
IIT Kharagpur,122,National Institute of Hydrology,341,462,0.738
IIT Kharagpur,123,O. P. Jindal Global University,341,153,2.229
IIT Kharagpur,124,Netaji Subhas University of Technology,341,179,1.905
IIT Kharagpur,125,Galgotias University,337,76,4.434
IIT Kharagpur,126,Central University of Punjab,336,153,2.196
IIT Kharagpur,127,Indian Institute of Technology Bhilai,333,78,4.269
IIT Kharagpur,128,National Institute of Science Education and Research,329,317,1.038
IIT Kharagpur,129,Tamil Nadu Agricultural University,329,254,1.295
IIT Kharagpur,130,Veer Surendra Sai University of Technology,326,196,1.663
IIT Kharagpur,131,North Bengal University,325,204,1.593
IIT Kharagpur,132,Physical Research Laboratory,323,870,0.371
IIT Kharagpur,133,University of Kalyani,321,429,0.748
IIT Kharagpur,134,Alliance University,319,28,11.393
IIT Kharagpur,135,"Birla Institute of Technology and Science, Pilani - Goa Campus",314,187,1.679
IIT Kharagpur,136,Govind Ballabh Pant University of Agriculture and Technology,313,378,0.828
IIT Kharagpur,137,Guru Nanak Dev University,310,569,0.545
IIT Kharagpur,138,Bharathiar University,303,392,0.773
IIT Kharagpur,139,University of Madras,300,434,0.691
IIT Kharagpur,140,University of Kerala,300,254,1.181
IIT Kharagpur,141,Banasthali University,298,157,1.898
IIT Kharagpur,142,National Institute of Oceanography,297,1370,0.217
IIT Kharagpur,143,National Institute of Technology Kurukshetra,291,246,1.183
IIT Kharagpur,144,Karunya University,290,192,1.51
IIT Kharagpur,145,Kalasalingam Academy of Research and Education,289,162,1.784
IIT Kharagpur,146,"Maulana Abul Kalam Azad University of Technology, West Bengal",289,164,1.762
IIT Kharagpur,147,Central University of Rajasthan,286,155,1.845
IIT Kharagpur,148,Birbal Sahni Institute of Palaeosciences,284,279,1.018
IIT Kharagpur,149,"Vignan's Foundation for Science, Technology & Research",283,108,2.62
IIT Kharagpur,150,Indian Institute of Management Mumbai,283,437,0.648
IIT Kharagpur,151,Indian Council of Medical Research,282,272,1.037
IIT Kharagpur,152,Centurion University of Technology and Management,280,86,3.256
IIT Kharagpur,153,National Institute of Technology Meghalaya,278,134,2.075
IIT Kharagpur,154,Nirma University,275,135,2.037
IIT Kharagpur,155,Marwadi University,274,40,6.85
IIT Kharagpur,156,Dr. Hari Singh Gour University,274,228,1.202
IIT Kharagpur,157,National Chemical Laboratory,274,1059,0.259
IIT Kharagpur,158,Aliah University,269,86,3.128
IIT Kharagpur,159,Annamalai University,267,453,0.589
IIT Kharagpur,160,Central University of Haryana,264,132,2.0
IIT Kharagpur,161,Indian Institute of Science Education and Research Mohali,264,303,0.871
IIT Kharagpur,162,Government of India,263,474,0.555
IIT Kharagpur,163,University of Lucknow,262,305,0.859
IIT Kharagpur,164,Tata Institute of Fundamental Research,261,1209,0.216
IIT Kharagpur,165,Gauhati University,258,251,1.028
IIT Kharagpur,166,Indian Institute of Technology Jammu,258,92,2.804
IIT Kharagpur,167,Indian Institute of Management Ranchi,256,175,1.463
IIT Kharagpur,168,Tata Steel (India),256,656,0.39
IIT Kharagpur,169,SR University,256,34,7.529
IIT Kharagpur,170,Maharshi Dayanand University,256,184,1.391
IIT Kharagpur,171,Guru Gobind Singh Indraprastha University,254,185,1.373
IIT Kharagpur,172,Hindustan Institute of Technology and Science,254,102,2.49
IIT Kharagpur,173,Geological Survey of India,252,731,0.345
IIT Kharagpur,174,Indian Institute of Technology Tirupati,250,55,4.545
IIT Kharagpur,175,Central University of Jharkhand,249,190,1.311
IIT Kharagpur,176,CSIR National Physical Laboratory of India,249,745,0.334
IIT Kharagpur,177,National Centre for Earth Science Studies,248,162,1.531
IIT Kharagpur,178,National Institute for Interdisciplinary Science and Technology,247,598,0.413
IIT Kharagpur,179,Guru Ghasidas Vishwavidyalaya,245,94,2.606
IIT Kharagpur,180,"Maharishi Markandeshwar University, Mullana",244,120,2.033
IIT Kharagpur,181,Kurukshetra University,244,227,1.075
IIT Kharagpur,182,KLE Technological University,243,113,2.15
IIT Kharagpur,183,Central Mechanical Engineering Research Institute,242,351,0.689
IIT Kharagpur,184,Chaudhary Charan Singh Haryana Agricultural University,241,188,1.282
IIT Kharagpur,185,Central Agricultural University,239,149,1.604
IIT Kharagpur,186,University of Mumbai,239,331,0.722
IIT Kharagpur,187,Alagappa University,238,277,0.859
IIT Kharagpur,188,Indian Institute of Remote Sensing,237,508,0.467
IIT Kharagpur,189,Mizoram University,236,168,1.405
IIT Kharagpur,190,All India Institute of Medical Sciences,234,380,0.616
IIT Kharagpur,191,MIT World Peace University,227,45,5.044
IIT Kharagpur,192,Government of West Bengal,226,260,0.869
IIT Kharagpur,193,India Meteorological Department,226,812,0.278
IIT Kharagpur,194,Madan Mohan Malaviya University of Technology,224,47,4.766
IIT Kharagpur,195,University of Jammu,224,208,1.077
IIT Kharagpur,196,University of Engineering & Management,224,89,2.517
IIT Kharagpur,197,KPR Institute of Engineering and Technology,223,66,3.379
IIT Kharagpur,198,Shivaji University,221,277,0.798
IIT Kharagpur,199,Chettinad Academy of Research and Education,219,71,3.085
IIT Kharagpur,200,Sant Longowal Institute of Engineering and Technology,217,272,0.798
IIT Kharagpur,201,Integral University,215,107,2.009
IIT Kharagpur,202,Narsee Monjee Institute of Management Studies,215,124,1.734
IIT Kharagpur,203,Haldia Institute of Technology,212,114,1.86
IIT Kharagpur,204,Indian Institute of Science Education and Research Thiruvananthapuram,210,247,0.85
IIT Kharagpur,205,Central Electrochemical Research Institute,209,412,0.507
IIT Kharagpur,206,North Eastern Hill University,209,224,0.933
IIT Kharagpur,207,REVA University,209,60,3.483
IIT Kharagpur,208,Guru Jambheshwar University of Science and Technology,208,212,0.981
IIT Kharagpur,209,Madurai Kamaraj University,207,221,0.937
IIT Kharagpur,210,University of Gour Banga,207,191,1.084
IIT Kharagpur,211,North East Institute of Science and Technology,207,255,0.812
IIT Kharagpur,212,Sidho-Kanho-Birsha University,206,137,1.504
IIT Kharagpur,213,Maharaja Sayajirao University of Baroda,206,286,0.72
IIT Kharagpur,214,Jaypee Institute of Information Technology,206,98,2.102
IIT Kharagpur,215,Sher-e-Kashmir University of Agricultural Sciences and Technology of Kashmir,204,181,1.127
IIT Kharagpur,216,Brainware University,203,20,10.15
IIT Kharagpur,217,Central Glass and Ceramic Research Institute,201,503,0.4
IIT Kharagpur,218,B.S. Abdur Rahman Crescent Institute of Science & Technology,201,109,1.844
IIT Kharagpur,219,Central University of Gujarat,198,95,2.084
IIT Kharagpur,220,Defence Institute of Advanced Technology,197,273,0.722
IIT Kharagpur,221,Indian Institute of Technology Palakkad,197,66,2.985
IIT Kharagpur,222,Bidhan Chandra Krishi Viswavidyalaya,195,355,0.549
IIT Kharagpur,223,Punjabi University,195,162,1.204
IIT Kharagpur,224,Cotton University,193,94,2.053
IIT Kharagpur,225,Inter-University Accelerator Centre,192,187,1.027
IIT Kharagpur,226,National Metallurgical Laboratory,192,437,0.439
IIT Kharagpur,227,Periyar University,187,181,1.033
IIT Kharagpur,228,Space Applications Centre,186,430,0.433
IIT Kharagpur,229,Chaitanya Bharathi Institute of Technology,186,49,3.796
IIT Kharagpur,230,Ramaiah Institute of Technology,185,101,1.832
IIT Kharagpur,231,Odisha University of Agriculture and Technology,185,99,1.869
IIT Kharagpur,232,Indian Institute of Science Education and Research Pune,183,583,0.314
IIT Kharagpur,233,Harcourt Butler Technical University,183,81,2.259
IIT Kharagpur,234,Adamas University,183,75,2.44
IIT Kharagpur,235,Charotar University of Science and Technology,182,74,2.459
IIT Kharagpur,236,S.N. Bose National Centre for Basic Sciences,182,571,0.319
IIT Kharagpur,237,Indian National Centre for Ocean Information Services,180,495,0.364
IIT Kharagpur,238,Osmania University,179,240,0.746
IIT Kharagpur,239,Central Institute of Agricultural Engineering,179,254,0.705
IIT Kharagpur,240,Bennett University,179,69,2.594
IIT Kharagpur,241,Dibrugarh University,179,122,1.467
IIT Kharagpur,242,Saha Institute of Nuclear Physics,177,489,0.362
IIT Kharagpur,243,VIT Bhopal University,177,25,7.08
IIT Kharagpur,244,National Institute of Technology Delhi,176,88,2.0
IIT Kharagpur,245,Andhra University,176,410,0.429
IIT Kharagpur,246,National Remote Sensing Centre,174,481,0.362
IIT Kharagpur,247,Indira Gandhi Centre for Atomic Research,174,675,0.258
IIT Kharagpur,248,University of Rajasthan,173,261,0.663
IIT Kharagpur,249,Hemwati Nandan Bahuguna Garhwal University,173,197,0.878
IIT Kharagpur,250,Defence Research and Development Organisation,173,297,0.582
IIT Kharagpur,251,Kerala University of Fisheries and Ocean Studies,171,67,2.552
IIT Kharagpur,252,Central University of Tamil Nadu,171,88,1.943
IIT Kharagpur,253,Central Leather Research Institute,171,496,0.345
IIT Kharagpur,254,Indian Institute of Information Technology Design and Manufacturing Jabalpur,170,105,1.619
IIT Kharagpur,255,Chaudhary Charan Singh University,170,91,1.868
IIT Kharagpur,256,Jaypee University of Information Technology,170,127,1.339
IIT Kharagpur,257,JIS University,169,45,3.756
IIT Kharagpur,258,Shri Mata Vaishno Devi University,169,90,1.878
IIT Kharagpur,259,National Centre for Polar and Ocean Research,169,191,0.885
IIT Kharagpur,260,West Bengal University of Animal and Fishery Sciences,168,106,1.585
IIT Kharagpur,261,National Institute of Technology Andhra Pradesh,167,60,2.783
IIT Kharagpur,262,"National Institute of Food Technology, Entrepreneurship and Management - Thanjavur",166,231,0.719
IIT Kharagpur,263,Jamia Hamdard,166,164,1.012
IIT Kharagpur,264,Manonmaniam Sundaranar University,166,135,1.23
IIT Kharagpur,265,Central Institute of Mining and Fuel Research,165,271,0.609
IIT Kharagpur,266,Inter-University Centre for Astronomy and Astrophysics,165,342,0.482
IIT Kharagpur,267,Shiv Nadar University,164,229,0.716
IIT Kharagpur,268,Himachal Pradesh University,163,127,1.283
IIT Kharagpur,269,Indian Institute of Space Science and Technology,162,218,0.743
IIT Kharagpur,270,St. Joseph’s College of Engineering,160,85,1.882
IIT Kharagpur,271,Magadh University,160,26,6.154
IIT Kharagpur,272,Kumaun University,159,257,0.619
IIT Kharagpur,273,Utkal University,159,169,0.941
IIT Kharagpur,274,Rajiv Gandhi University,156,48,3.25
IIT Kharagpur,275,Kazi Nazrul University,156,43,3.628
IIT Kharagpur,276,Cooch Behar Panchanan Barma University,156,61,2.557
IIT Kharagpur,277,Dehradun Institute of Technology University,155,40,3.875
IIT Kharagpur,278,Central Ground Water Board,155,246,0.63
IIT Kharagpur,279,University of Calicut,154,82,1.878
IIT Kharagpur,280,Indian Institute of Petroleum,153,169,0.905
IIT Kharagpur,281,PES University,153,88,1.739
IIT Kharagpur,282,New Horizon College of Engineering,153,16,9.562
IIT Kharagpur,283,Aditya University,152,30,5.067
IIT Kharagpur,284,Indraprastha Institute of Information Technology Delhi,149,164,0.909
IIT Kharagpur,285,Indian Institute of Chemical Biology,149,406,0.367
IIT Kharagpur,286,Tripura University,149,80,1.863
IIT Kharagpur,287,Goa University,149,139,1.072
IIT Kharagpur,288,Central University of Jammu,148,71,2.085
IIT Kharagpur,289,Rama Devi Women's University,148,23,6.435
IIT Kharagpur,290,Deenbandhu Chhotu Ram University of Science and Technology,148,97,1.526
IIT Kharagpur,291,Deen Dayal Upadhyaya Gorakhpur University,146,77,1.896
IIT Kharagpur,292,Amity University Gurugram,146,69,2.116
IIT Kharagpur,293,Government of Tamil Nadu,144,112,1.286
IIT Kharagpur,294,International Institute of Information Technology,144,88,1.636
IIT Kharagpur,295,Mepco Schlenk Engineering College,143,59,2.424
IIT Kharagpur,296,Gurukul Kangri Vishwavidyalaya,143,72,1.986
IIT Kharagpur,297,University of Mysore,142,213,0.667
IIT Kharagpur,298,Punjab Engineering College,140,103,1.359
IIT Kharagpur,299,JSS Academy of Higher Education and Research,140,70,2.0
IIT Kharagpur,300,Energy and Resources Institute,139,342,0.406
IIT Kharagpur,301,Techno India University,139,65,2.138
IIT Kharagpur,302,Gautam Buddha University,138,105,1.314
IIT Kharagpur,303,Ravenshaw University,138,76,1.816
IIT Kharagpur,304,Amity University Mumbai,137,67,2.045
IIT Kharagpur,305,National Dairy Research Institute,137,177,0.774
IIT Kharagpur,306,Central Institute of Technology Kokrajhar,137,69,1.986
IIT Kharagpur,307,XIM University,137,58,2.362
IIT Kharagpur,308,Indian Institute of Management Visakhapatnam,136,11,12.364
IIT Kharagpur,309,Rajiv Gandhi Institute of Petroleum Technology,135,99,1.364
IIT Kharagpur,310,Tata Consultancy Services (India),135,197,0.685
IIT Kharagpur,311,Jaipuria Institute of Management,135,71,1.901
IIT Kharagpur,312,Fakir Mohan University,135,49,2.755
IIT Kharagpur,313,Central University of Himachal Pradesh,135,59,2.288
IIT Kharagpur,314,Sambalpur University,134,87,1.54
IIT Kharagpur,315,Indian Institute of Toxicology Research,134,249,0.538
IIT Kharagpur,316,Sri Sathya Sai Institute of Higher Learning,133,116,1.147
IIT Kharagpur,317,"J.C. Bose University of Science & Technology, YMCA",133,68,1.956
IIT Kharagpur,318,Dr. Rajendra Prasad Central Agriculture University,133,78,1.705
IIT Kharagpur,319,PSG College of Technology,132,165,0.8
IIT Kharagpur,320,Bharati Vidyapeeth (Deemed to be University),132,75,1.76
IIT Kharagpur,321,Jawaharlal Nehru Centre for Advanced Scientific Research,131,929,0.141
IIT Kharagpur,322,M S Ramaiah University of Applied Sciences,131,35,3.743
IIT Kharagpur,323,Nagaland University,131,54,2.426
IIT Kharagpur,324,Sri Venkateswara University,131,206,0.636
IIT Kharagpur,325,Indian Institute of Information Technology Allahabad,131,91,1.44
IIT Kharagpur,326,National Institute of Technology Manipur,130,47,2.766
IIT Kharagpur,327,Mohanlal Sukhadia University,130,160,0.812
IIT Kharagpur,328,Central Plantation Crops Research Institute,130,134,0.97
IIT Kharagpur,329,Bose Institute,129,260,0.496
IIT Kharagpur,330,National Centre for Radio Astrophysics,129,520,0.248
IIT Kharagpur,331,Nitte University,129,34,3.794
IIT Kharagpur,332,Vels University,129,50,2.58
IIT Kharagpur,333,Manav Rachna International Institute of Research and Studies,127,39,3.256
IIT Kharagpur,334,Islamic University of Science and Technology,127,77,1.649
IIT Kharagpur,335,Atal Bihari Vajpayee Indian Institute of Information Technology and Management,127,74,1.716
IIT Kharagpur,336,"Jawaharlal Nehru Technological University, Hyderabad",127,197,0.645
IIT Kharagpur,337,Institute of Advanced Study in Science and Technology,125,104,1.202
IIT Kharagpur,338,Vikram Sarabhai Space Centre,124,383,0.324
IIT Kharagpur,339,Mohan Babu University,124,9,13.778
IIT Kharagpur,340,Central Scientific Instruments Organisation,123,147,0.837
IIT Kharagpur,341,COEP Technological University,123,67,1.836
IIT Kharagpur,342,Dayananda Sagar College of Engineering,123,38,3.237
IIT Kharagpur,343,Dayananda Sagar University,122,23,5.304
IIT Kharagpur,344,Bharath University,121,63,1.921
IIT Kharagpur,345,Punjab Technical University,121,105,1.152
IIT Kharagpur,346,Indian Institute of Technology Dharwad,120,20,6.0
IIT Kharagpur,347,Kerala Agricultural University,120,89,1.348
IIT Kharagpur,348,Gujarat Technological University,120,40,3.0
IIT Kharagpur,349,Raiganj University,119,46,2.587
IIT Kharagpur,350,Indian Council of Forestry Research and Education,118,50,2.36
IIT Kharagpur,351,Institute of Himalayan Bioresource Technology,118,131,0.901
IIT Kharagpur,352,Shri Vile Parle Kelavani Mandal,117,37,3.162
IIT Kharagpur,353,Jawaharlal Nehru Technological University Anantapur,117,43,2.721
IIT Kharagpur,354,Central University of South Bihar,117,74,1.581
IIT Kharagpur,355,Ramakrishna Mission Vivekananda Educational and Research Institute,117,241,0.485
IIT Kharagpur,356,International Crops Research Institute for the Semi-Arid Tropics,116,348,0.333
IIT Kharagpur,357,Biju Patnaik University of Technology,116,47,2.468
IIT Kharagpur,358,Gyan Vihar University,116,44,2.636
IIT Kharagpur,359,North Eastern Regional Institute of Science and Technology,116,249,0.466
IIT Kharagpur,360,Sikkim University,114,98,1.163
IIT Kharagpur,361,Gujarat University,114,90,1.267
IIT Kharagpur,362,Defence Metallurgical Research Laboratory,114,491,0.232
IIT Kharagpur,363,GIET University,114,25,4.56
IIT Kharagpur,364,International Management Institute,113,83,1.361
IIT Kharagpur,365,Shree Guru Gobind Singh Tricentenary University,113,28,4.036
IIT Kharagpur,366,Doon University,112,66,1.697
IIT Kharagpur,367,G.B. Pant Institute of Himalayan Environment and Development,112,120,0.933
IIT Kharagpur,368,Rashtrasant Tukadoji Maharaj Nagpur University,112,146,0.767
IIT Kharagpur,369,ICAR-National Bureau of Soil Survey and Land Use Planning,112,122,0.918
IIT Kharagpur,370,Central University of Kerala,112,60,1.867
IIT Kharagpur,371,UGC DAE Consortium for Scientific Research,112,245,0.457
IIT Kharagpur,372,Nitte Meenakshi Institute of Technology,111,26,4.269
IIT Kharagpur,373,Advanced Materials and Processes Research Institute,111,154,0.721
IIT Kharagpur,374,Siddhartha Academy of Higher Education,110,23,4.783
IIT Kharagpur,375,Gandhigram Rural Institute,110,221,0.498
IIT Kharagpur,376,Indira Gandhi Delhi Technical University for Women,110,48,2.292
IIT Kharagpur,377,GMR Institute of Technology,110,42,2.619
IIT Kharagpur,378,Raja Ramanna Centre for Advanced Technology,110,312,0.353
IIT Kharagpur,379,Central Rice Research Institute,109,145,0.752
IIT Kharagpur,380,Woxsen School of Business,109,34,3.206
IIT Kharagpur,381,Yenepoya University,109,25,4.36
IIT Kharagpur,382,Sikkim Manipal University,108,78,1.385
IIT Kharagpur,383,"Institute of Physics, Bhubaneshwar",107,253,0.423
IIT Kharagpur,384,International Advanced Research Centre for Powder Metallurgy and New Materials,107,189,0.566
IIT Kharagpur,385,APJ Abdul Kalam Technological University,107,26,4.115
IIT Kharagpur,386,Bihar Agricultural University,105,57,1.842
IIT Kharagpur,387,Sardar Patel University,105,133,0.789
IIT Kharagpur,388,NIMS University,104,8,13.0
IIT Kharagpur,389,Indian Institute of Pulses Research,104,163,0.638
IIT Kharagpur,390,Maharana Pratap University of Agriculture and Technology,104,120,0.867
IIT Kharagpur,391,Berhampur University,103,96,1.073
IIT Kharagpur,392,Dr. A.P.J. Abdul Kalam Technical University,103,47,2.191
IIT Kharagpur,393,Ahmedabad University,103,54,1.907
IIT Kharagpur,394,ICAR Research Complex for NEH Region,102,138,0.739
IIT Kharagpur,395,"Indian Institute of Information Technology, Design and Manufacturing, Kancheepuram",102,56,1.821
IIT Kharagpur,396,KR Mangalam University,102,17,6.0
IIT Kharagpur,397,National Institute of Technology Arunachal Pradesh,101,34,2.971
IIT Kharagpur,398,Sanjay Gandhi Post Graduate Institute of Medical Sciences,101,98,1.031
IIT Kharagpur,399,The Assam Royal Global University,101,14,7.214
IIT Kharagpur,400,National Institute of Technology Goa,101,30,3.367
IIT Kharagpur,401,Indian Institute of Petroleum and Energy,101,31,3.258
IIT Kharagpur,402,Amity University Jaipur,100,76,1.316
IIT Kharagpur,403,Thiagarajar College of Engineering,100,82,1.22
IIT Kharagpur,404,Dr. B.C. Roy Engineering College,99,37,2.676
IIT Kharagpur,405,Government of Karnataka,99,66,1.5
IIT Kharagpur,406,Indira Gandhi National Open University,99,81,1.222
IIT Kharagpur,407,Indian Institute of Information Technology Guwahati,99,31,3.194
IIT Kharagpur,408,PSG INSTITUTE OF TECHNOLOGY AND APPLIED RESEARCH,98,26,3.769
IIT Kharagpur,409,National Botanical Research Institute,98,188,0.521
IIT Kharagpur,410,Siddaganga Institute of Technology,98,81,1.21
IIT Kharagpur,411,Indira Gandhi Institute of Technology,98,39,2.513
IIT Kharagpur,412,Indian Institute of Management Lucknow,98,180,0.544
IIT Kharagpur,413,Management Development Institute,97,140,0.693
IIT Kharagpur,414,Teerthanker Mahaveer University,97,24,4.042
IIT Kharagpur,415,Swami Vivekananda University,97,9,10.778
IIT Kharagpur,416,Mangalore University,97,113,0.858
IIT Kharagpur,417,Karnatak University,96,150,0.64
IIT Kharagpur,418,North Bengal Agricultural University,96,151,0.636
IIT Kharagpur,419,Dr. Yashwant Singh Parmar University of Horticulture and Forestry,96,51,1.882
IIT Kharagpur,420,Yogi Vemana University,93,67,1.388
IIT Kharagpur,421,Vinayaka Missions University,93,25,3.72
IIT Kharagpur,422,Government of Gujarat,93,119,0.782
IIT Kharagpur,423,Institute of Management Technology,93,77,1.208
IIT Kharagpur,424,TKM College of Engineering,93,44,2.114
IIT Kharagpur,425,Indira Gandhi National Tribal University,93,40,2.325
IIT Kharagpur,426,"University of Science and Technology, Meghalaya",93,39,2.385
IIT Kharagpur,427,"Jawaharlal Nehru Technological University, Kakinada",92,60,1.533
IIT Kharagpur,428,Centre of Biomedical Research,92,53,1.736
IIT Kharagpur,429,Indian Institute of Management Raipur,92,83,1.108
IIT Kharagpur,430,ICFAI Foundation for Higher Education,92,67,1.373
IIT Kharagpur,431,Sona College of Technology,91,26,3.5
IIT Kharagpur,432,"Kanhai Lal Sahu College, Nawada",90,0,
IIT Kharagpur,433,Central Food Technological Research Institute,90,561,0.16
IIT Kharagpur,434,Indian Institute of Soil and Water Conservation,89,110,0.809
IIT Kharagpur,435,Sri Sairam Engineering College,88,41,2.146
IIT Kharagpur,436,Mahaveer University,88,23,3.826
IIT Kharagpur,437,Indian Agricultural Statistics Research Institute,88,71,1.239
IIT Kharagpur,438,Flame University,88,32,2.75
IIT Kharagpur,439,Sam Higginbottom Institute of Agriculture,87,105,0.829
IIT Kharagpur,440,Bangalore University,87,155,0.561
IIT Kharagpur,441,National Centre for Medium Range Weather Forecasting,86,196,0.439
IIT Kharagpur,442,National Institute of Technology Sikkim,86,25,3.44
IIT Kharagpur,443,Central Arid Zone Research Institute,85,125,0.68
IIT Kharagpur,444,ICFAI Business School,84,75,1.12
IIT Kharagpur,445,PSG College of Arts & Science,84,35,2.4
IIT Kharagpur,446,TERI University,84,287,0.293
IIT Kharagpur,447,Nalanda University,84,28,3.0
IIT Kharagpur,448,International Maize and Wheat Improvement Center,83,247,0.336
IIT Kharagpur,449,"Islamic University of Science and Technology, Kashmir",83,56,1.482
IIT Kharagpur,450,Manipur University,83,47,1.766
IIT Kharagpur,451,"Ministry of Environment, Forests and Climate Change",81,69,1.174
IIT Kharagpur,452,G.L. Bajaj Institute of Technology and Management Greater Noida,79,30,2.633
IIT Kharagpur,453,Raman Research Institute,79,426,0.185
IIT Kharagpur,454,M.J.P. Rohilkhand University,79,25,3.16
IIT Kharagpur,455,Dr. Babasaheb Ambedkar Marathwada University,79,100,0.79
IIT Kharagpur,456,Institute of Medical Sciences and Sum Hospital,79,20,3.95
IIT Kharagpur,457,College of Engineering Trivandrum,78,37,2.108
IIT Kharagpur,458,LNM Institute of Information Technology,78,63,1.238
IIT Kharagpur,459,IITB-Monash Research Academy,78,178,0.438
IIT Kharagpur,460,"Centre for Incubation, Innovation, Research and Consultancy",77,22,3.5
IIT Kharagpur,461,Central Building Research Institute,77,120,0.642
IIT Kharagpur,462,"Rani Lakshmi Bai Central Agricultural University, Jhansi",77,11,7.0
IIT Kharagpur,463,"Kasturba Medical College, Manipal",77,88,0.875
IIT Kharagpur,464,West Bengal State University,77,90,0.856
IIT Kharagpur,465,Indian Institute of Management Kozhikode,77,82,0.939
IIT Kharagpur,466,Indian Institute of Technology Goa,77,12,6.417
IIT Kharagpur,467,Forest Research Institute,75,57,1.316
IIT Kharagpur,468,Yeshwantrao Chavan College of Engineering,75,27,2.778
IIT Kharagpur,469,"MIT Art, Design and Technology University",75,16,4.688
IIT Kharagpur,470,Post Graduate Institute of Medical Education and Research,74,281,0.263
IIT Kharagpur,471,Central Soil Salinity Research Institute,74,178,0.416
IIT Kharagpur,472,Ministry of Defence,74,100,0.74
IIT Kharagpur,473,Maharaja Ranjit Singh Punjab Technical University,74,56,1.321
IIT Kharagpur,474,Institute of Infrastructure Technology Research and Management,74,82,0.902
IIT Kharagpur,475,Diamond Harbour Women's University,73,34,2.147
IIT Kharagpur,476,Indian Institute of Water Management,73,116,0.629
IIT Kharagpur,477,JSS Science and Technology University,73,9,8.111
IIT Kharagpur,478,Vivekananda Global University,73,6,12.167
IIT Kharagpur,479,ICAR - Central Institute for Research on Cotton Technology,73,76,0.961
IIT Kharagpur,480,D.Y. Patil University,72,57,1.263
IIT Kharagpur,481,"ICFAI University, Tripura",72,29,2.483
IIT Kharagpur,482,Indian Institute of Management Jammu,72,22,3.273
IIT Kharagpur,483,Heritage Institute of Technology,71,58,1.224
IIT Kharagpur,484,CMR University,71,33,2.152
IIT Kharagpur,485,International Centre for Genetic Engineering and Biotechnology,71,115,0.617
IIT Kharagpur,486,Kannur University,71,19,3.737
IIT Kharagpur,487,JSPM University,70,4,17.5
IIT Kharagpur,488,Fore School of Management,70,35,2.0
IIT Kharagpur,489,Indian Institute of Geomagnetism,70,115,0.609
IIT Kharagpur,490,AMET University,70,18,3.889
IIT Kharagpur,491,Wildlife Institute of India,70,159,0.44
IIT Kharagpur,492,Chhatrapati Shahu Ji Maharaj University,70,46,1.522
IIT Kharagpur,493,Indian Institute of Soil Science,69,123,0.561
IIT Kharagpur,494,"Indian Institute of Science Education and Research, Tirupati",69,39,1.769
IIT Kharagpur,495,Central Drug Research Institute,69,195,0.354
IIT Kharagpur,496,"National Institute of Technical Teachers Training and Research, Chandigarh",69,59,1.169
IIT Kharagpur,497,Sister Nivedita University,68,7,9.714
IIT Kharagpur,498,"University of Agricultural Sciences, Bangalore",68,136,0.5
IIT Kharagpur,499,Harish-Chandra Research Institute,68,268,0.254
IIT Kharagpur,500,Central Research Institute for Dryland Agriculture,68,116,0.586
IIT Kharagpur,501,Bodoland University,68,11,6.182
IIT Kharagpur,502,Central University of Karnataka,68,33,2.061
IIT Kharagpur,503,Institute of Medical Sciences,67,188,0.356
IIT Kharagpur,504,Vishwakarma Institute of Technology,67,30,2.233
IIT Kharagpur,505,Midnapore College,67,104,0.644
IIT Kharagpur,506,Assam Agricultural University,67,80,0.838
IIT Kharagpur,507,Indian Institute of Information Technology Lucknow,67,16,4.188
IIT Kharagpur,508,Central Institute of Post-Harvest Engineering and Technology,67,149,0.45
IIT Kharagpur,509,Indian Veterinary Research Institute,67,121,0.554
IIT Kharagpur,510,Professor Jayashankar Telangana Agricultural University,67,42,1.595
IIT Kharagpur,511,Noida Institute of Engineering and Technology,67,15,4.467
IIT Kharagpur,512,National Institute of Technology Nagaland,66,51,1.294
IIT Kharagpur,513,ICAR-National Bureau Of Plant Genetic Resources,66,68,0.971
IIT Kharagpur,514,Amity University Madhya Pradesh,66,13,5.077
IIT Kharagpur,515,Institute for Plasma Research,66,65,1.015
IIT Kharagpur,516,Indian Institute of Management Shillong,66,29,2.276
IIT Kharagpur,517,Dayalbagh Educational Institute,66,88,0.75
IIT Kharagpur,518,Centre for Water Resources Development and Management,66,35,1.886
IIT Kharagpur,519,DAV University,65,50,1.3
IIT Kharagpur,520,Calcutta Institute of Technology,65,7,9.286
IIT Kharagpur,521,"St. Xavier's College (Autonomous), Kolkata",65,36,1.806
IIT Kharagpur,522,Government of Kerala,65,52,1.25
IIT Kharagpur,523,Raja Narendra Lal Khan Women's College,65,40,1.625
IIT Kharagpur,524,Indian Institute of Management Ahmedabad,65,192,0.339
IIT Kharagpur,525,The NorthCap University,64,74,0.865
IIT Kharagpur,526,Shri Ramswaroop Memorial University,64,26,2.462
IIT Kharagpur,527,Xavier School of Management,64,59,1.085
IIT Kharagpur,528,Ramakrishna Mission Vidyamandira,63,59,1.068
IIT Kharagpur,529,Veer Bahadur Singh Purvanchal University,63,45,1.4
IIT Kharagpur,530,Mahindra University,63,17,3.706
IIT Kharagpur,531,Central Coastal Agricultural Research Institute,63,37,1.703
IIT Kharagpur,532,Ganpat University,62,21,2.952
IIT Kharagpur,533,Coimbatore Institute of Technology,62,84,0.738
IIT Kharagpur,534,Asutosh College,62,33,1.879
IIT Kharagpur,535,Variable Energy Cyclotron Centre,62,172,0.36
IIT Kharagpur,536,Centre for Nano and Soft Matter Sciences,61,52,1.173
IIT Kharagpur,537,KLE Academy of Higher Education and Research,61,46,1.326
IIT Kharagpur,538,Chaudhary Devi Lal University,61,99,0.616
IIT Kharagpur,539,Maulana Azad National Urdu University,61,27,2.259
IIT Kharagpur,540,TCG Crest,61,20,3.05
IIT Kharagpur,541,Davangere University,60,24,2.5
IIT Kharagpur,542,Acharya Nagarjuna University,60,66,0.909
IIT Kharagpur,543,Institute of Seismological Research,60,121,0.496
IIT Kharagpur,544,Kakatiya University,60,44,1.364
IIT Kharagpur,545,Assam Down Town University,60,14,4.286
IIT Kharagpur,546,Noorul Islam University,59,22,2.682
IIT Kharagpur,547,Department of Science and Technology,59,97,0.608
IIT Kharagpur,548,"Government College of Engineering, Kalahandi",58,14,4.143
IIT Kharagpur,549,Krantiguru Shyamji Krishna Verma Kachchh University,58,32,1.812
IIT Kharagpur,550,National Institute of Advanced Studies,58,36,1.611
IIT Kharagpur,551,Thiruvalluvar University,58,78,0.744
IIT Kharagpur,552,Puducherry Technological University,58,50,1.16
IIT Kharagpur,553,Indira Gandhi Agricultural University,58,65,0.892
IIT Kharagpur,554,Ajay Kumar Garg Engineering College,58,11,5.273
IIT Kharagpur,555,Centre for Development of Advanced Computing,58,135,0.43
IIT Kharagpur,556,Loyola College,58,87,0.667
IIT Kharagpur,557,Shobhit University,57,11,5.182
IIT Kharagpur,558,National Forensic Sciences University,57,26,2.192
IIT Kharagpur,559,Kuvempu University,57,58,0.983
IIT Kharagpur,560,Solapur University,56,41,1.366
IIT Kharagpur,561,Noida International University,56,6,9.333
IIT Kharagpur,562,National Institute of Ocean Technology,56,111,0.505
IIT Kharagpur,563,Datta Meghe Institute of Higher Education and Research,56,31,1.806
IIT Kharagpur,564,National Institute of Abiotic Stress Management,56,38,1.474
IIT Kharagpur,565,Indian Institute of Astrophysics,55,106,0.519
IIT Kharagpur,566,Pandit Ravishankar Shukla University,55,78,0.705
IIT Kharagpur,567,Parala Maharaja Engineering College,55,7,7.857
IIT Kharagpur,568,"Jaypee University of Engineering and Technology, Guna",55,49,1.122
IIT Kharagpur,569,Rajasthan Technical University,55,27,2.037
IIT Kharagpur,570,Eternal University,55,36,1.528
IIT Kharagpur,571,International Institute for Population Sciences,55,106,0.519
IIT Kharagpur,572,Chaudhary Sarwan Kumar Himachal Pradesh Krishi Vishvavidyalaya,55,30,1.833
IIT Kharagpur,573,Lalit Narayan Mithila University,55,3,18.333
IIT Kharagpur,574,Ashoka Trust for Research in Ecology and the Environment,55,135,0.407
IIT Kharagpur,575,Poornima University,55,9,6.111
IIT Kharagpur,576,Ministry of Food Processing Industries,54,70,0.771
IIT Kharagpur,577,Dr. Ram Manohar Lohia Avadh University,54,29,1.862
IIT Kharagpur,578,Sardar Patel University Mandi,54,23,2.348
IIT Kharagpur,579,Indian Institute of Foreign Trade,54,44,1.227
IIT Kharagpur,580,Delhi Pharmaceutical Science and Research University,54,22,2.455
IIT Kharagpur,581,Central Road Research Institute,54,67,0.806
IIT Kharagpur,582,Rayat Bahra University,54,16,3.375
IIT Kharagpur,583,Swami Rama Himalayan University,54,25,2.16
IIT Kharagpur,584,Government of Uttar Pradesh,54,23,2.348
IIT Kharagpur,585,Uka Tarsadia University,54,15,3.6
IIT Kharagpur,586,Velammal Educational Trust,54,20,2.7
IIT Kharagpur,587,Kavayitri Bahinabai Chaudhari North Maharashtra University,53,126,0.421
IIT Kharagpur,588,National Council Of Educational Research And Training,53,7,7.571
IIT Kharagpur,589,Meenakshi Academy of Higher Education and Research,53,11,4.818
IIT Kharagpur,590,Indian Institute of Management Rohtak,53,60,0.883
IIT Kharagpur,591,IMS Ghaziabad,53,18,2.944
IIT Kharagpur,592,Indian Institute of Management Indore,53,90,0.589
IIT Kharagpur,593,Babasaheb Bhimrao Ambedkar Bihar University,53,5,10.6
IIT Kharagpur,594,Bundelkhand University,53,96,0.552
IIT Kharagpur,595,Rajagiri College of Social Sciences (Autonomous),53,5,10.6
IIT Kharagpur,596,Government of Maharashtra,53,39,1.359
IIT Kharagpur,597,Assam Don Bosco University,53,18,2.944
IIT Kharagpur,598,Indian Institute of Science Education and Research Berhampur,53,20,2.65
IIT Kharagpur,599,Gangadhar Meher University,52,10,5.2
IIT Kharagpur,600,Central Institute of Fisheries Education,52,67,0.776
IIT Kharagpur,601,"UGC-DAE Consortium for Scientific Research, Mumbai Centre",52,47,1.106
IIT Kharagpur,602,KCG College of Technology,52,13,4.0
IIT Kharagpur,603,Central Institute of Plastics Engineering and Technology,52,97,0.536
IIT Kharagpur,604,Maharaja Sriram Chandra Bhanja Deo University,52,18,2.889
IIT Kharagpur,605,BRIC-National Agri-Food and Biomanufacturing Institute,52,61,0.852
IIT Kharagpur,606,Central University of Kashmir,51,26,1.962
IIT Kharagpur,607,Dr. Homi Bhabha State University,51,11,4.636
IIT Kharagpur,608,Maharaj Vijayaram Gajapathi Raj College of Engineering,51,30,1.7
IIT Kharagpur,609,Shri Guru Ram Rai University,51,6,8.5
IIT Kharagpur,610,Gokhale Memorial Girls' College,51,13,3.923
IIT Kharagpur,611,Mahavir Cancer Institute and Research Centre,51,18,2.833
IIT Kharagpur,612,Tamil Nadu Dr. J Jayalalitha Fisheries University,51,15,3.4
IIT Kharagpur,613,Kalinga University,51,5,10.2
IIT Kharagpur,614,Jogesh Chandra Chaudhuri College,51,31,1.645
IIT Kharagpur,615,Sri Guru Granth Sahib World University,51,49,1.041
IIT Kharagpur,616,Veer Narmad South Gujarat University,51,33,1.545
IIT Kharagpur,617,Tata Institute of Social Sciences,51,80,0.637
IIT Kharagpur,618,Oil and Natural Gas Corporation (India),51,119,0.429
IIT Kharagpur,619,Institute of Chartered Financial Analysts of India,50,36,1.389
IIT Kharagpur,620,IIMT University,50,9,5.556
IIT Kharagpur,621,Aryabhatta Research Institute of Observational Sciences,50,116,0.431
IIT Kharagpur,622,Bishop Heber College,50,23,2.174
IIT Kharagpur,623,Sher-e-Kashmir University of Agricultural Sciences and Technology of Jammu,50,72,0.694
IIT Kharagpur,624,Sardar Swaran Singh National Institute of Bio-Energy,50,27,1.852
IIT Kharagpur,625,"Kerala State Council for Science, Technology and Environment",50,6,8.333
IIT Kharagpur,626,Manav Rachna University,49,15,3.267
IIT Kharagpur,627,Sardar Vallabhbhai Patel University of Agriculture & Technology,49,39,1.256
IIT Kharagpur,628,Dr. M.G.R. Educational and Research Institute,49,14,3.5
IIT Kharagpur,629,Chaitanya,49,5,9.8
IIT Kharagpur,630,Sengunthar Engineering College (Autonomous),49,11,4.455
IIT Kharagpur,631,Indrashil University,48,16,3.0
IIT Kharagpur,632,St. Joseph's Institute of Technology,48,9,5.333
IIT Kharagpur,633,Rajiv Gandhi Technical University,48,58,0.828
IIT Kharagpur,634,National Centre for Cell Science,48,89,0.539
IIT Kharagpur,635,Swami Ramanand Teerth Marathwada University,48,82,0.585
IIT Kharagpur,636,Central Inland Fisheries Research Institute,48,46,1.043
IIT Kharagpur,637,Sri Sri University,48,18,2.667
IIT Kharagpur,638,Dhirubhai Ambani University,48,41,1.171
IIT Kharagpur,639,Centre for Materials for Electronics Technology,48,64,0.75
IIT Kharagpur,640,National Atmospheric Research Laboratory,48,173,0.277
IIT Kharagpur,641,Indian Institute of Management Kashipur,47,63,0.746
IIT Kharagpur,642,Indo Soviet Friendship College of Pharmacy,47,30,1.567
IIT Kharagpur,643,Raisoni Group of Institutions,47,29,1.621
IIT Kharagpur,644,Yenepoya Research Centre,47,17,2.765
IIT Kharagpur,645,"Indira Gandhi University, Meerpur",47,11,4.273
IIT Kharagpur,646,National Institute of Science and Technology,47,46,1.022
IIT Kharagpur,647,Priyadarshini College of Engineering,47,28,1.679
IIT Kharagpur,648,Acharya Narendra Deva University of Agriculture and Technology,47,21,2.238
IIT Kharagpur,649,Jawaharlal Nehru Krishi Vishwa Vidyalaya,46,53,0.868
IIT Kharagpur,650,National Aerospace Laboratories,46,207,0.222
IIT Kharagpur,651,D.Y. Patil Education Society,46,16,2.875
IIT Kharagpur,652,Sree Chitra Thirunal Institute for Medical Sciences and Technology,46,119,0.387
IIT Kharagpur,653,Indian Institute of Integrative Medicine,46,100,0.46
IIT Kharagpur,654,Central Electronics Engineering Research Institute,46,40,1.15
IIT Kharagpur,655,Devi Ahilya Vishwavidyalaya,45,94,0.479
IIT Kharagpur,656,Prasad V. Potluri Siddhartha Institute of Technology,45,4,11.25
IIT Kharagpur,657,Indian Grassland and Fodder Research Institute,45,63,0.714
IIT Kharagpur,658,Agharkar Research Institute,45,40,1.125
IIT Kharagpur,659,Career Point University,45,14,3.214
IIT Kharagpur,660,Patna University,44,57,0.772
IIT Kharagpur,661,Sri Venkateswara College of Engineering Tirupati,44,10,4.4
IIT Kharagpur,662,Indian Institute of Management Calcutta,44,165,0.267
IIT Kharagpur,663,Government of Haryana,44,28,1.571
IIT Kharagpur,664,Rajiv Gandhi University of Knowledge Technologies,44,44,1.0
IIT Kharagpur,665,Kaziranga University,44,21,2.095
IIT Kharagpur,666,Vivekananda Parvatiya Krishi Anusandhan Sansthan,43,43,1.0
IIT Kharagpur,667,T A Pai Management Institute,43,34,1.265
IIT Kharagpur,668,Baba Ghulam Shah Badshah University,43,17,2.529
IIT Kharagpur,669,Adichunchanagiri University,43,4,10.75
IIT Kharagpur,670,Fourth Paradigm Institute,43,151,0.285
IIT Kharagpur,671,BML Munjal University,43,38,1.132
IIT Kharagpur,672,Institute of Mathematical Sciences,43,146,0.295
IIT Kharagpur,673,Government of Himachal Pradesh,42,27,1.556
IIT Kharagpur,674,North Eastern Space Applications Centre,42,73,0.575
IIT Kharagpur,675,Invertis University,42,12,3.5
IIT Kharagpur,676,Taki Government College,42,25,1.68
IIT Kharagpur,677,National Institute of Construction Management and Research,42,20,2.1
IIT Kharagpur,678,IFTM University,41,28,1.464
IIT Kharagpur,679,Akal University,41,11,3.727
IIT Kharagpur,680,Somaiya Vidyavihar University,41,13,3.154
IIT Kharagpur,681,National Engineering College,41,27,1.519
IIT Kharagpur,682,Scottish Church College,41,34,1.206
IIT Kharagpur,683,Ramakrishna Mission Vivekananda Centenary College,40,28,1.429
IIT Kharagpur,684,National Institute of Pharmaceutical Education and Research - Ahmedabad,40,31,1.29
IIT Kharagpur,685,Indian Institute of Wheat and Barley Research,40,41,0.976
IIT Kharagpur,686,Indian Institute of Information Technology Ranchi,40,10,4.0
IIT Kharagpur,687,Ministry of Science and Technology,40,24,1.667
IIT Kharagpur,688,Central Institute of Medicinal and Aromatic Plants,40,75,0.533
IIT Kharagpur,689,Indian Institute of Information Technology Una,40,8,5.0
IIT Kharagpur,690,Hari Shankar Singhania Elastomer And Tyre Research Institute,39,38,1.026
IIT Kharagpur,691,"Banda University of Agriculture and Technology, Banda",39,6,6.5
IIT Kharagpur,692,Bankura University,39,9,4.333
IIT Kharagpur,693,Indian Institute of Information Technology Kalyani,39,26,1.5
IIT Kharagpur,694,Institute of Rural Management Anand,39,31,1.258
IIT Kharagpur,695,JECRC University,39,14,2.786
IIT Kharagpur,696,Azim Premji University,39,56,0.696
IIT Kharagpur,697,Mody University of Science and Technology,39,32,1.219
IIT Kharagpur,698,National Centre for Coastal Research,39,52,0.75
IIT Kharagpur,699,"Dr. D.Y. Patil Vidyapeeth, Pune",38,20,1.9
IIT Kharagpur,700,Netaji Subhas Open University,38,9,4.222
IIT Kharagpur,701,National Institute of Technical Teachers’ Training and Research,38,23,1.652
IIT Kharagpur,702,Glocal University,38,34,1.118
IIT Kharagpur,703,ICAR-Indian Institute of Farming Systems Research,38,58,0.655
IIT Kharagpur,704,Mudra Institute of Communications Ahmedabad,38,37,1.027
IIT Kharagpur,705,Sri Krishnadevaraya University,38,83,0.458
IIT Kharagpur,706,Baba Mastnath University,38,3,12.667
IIT Kharagpur,707,Mahatma Phule Krishi Vidyapeeth,37,36,1.028
IIT Kharagpur,708,IPS Academy,37,9,4.111
IIT Kharagpur,709,Reliance Industries (India),37,68,0.544
IIT Kharagpur,710,P P Savani University,37,11,3.364
IIT Kharagpur,711,Avinashilingam University,37,28,1.321
IIT Kharagpur,712,Vivekananda Institute of Professional Studies,37,11,3.364
IIT Kharagpur,713,Gurugram University,37,1,37.0
IIT Kharagpur,714,Tilka Manjhi Bhagalpur University,37,37,1.0
IIT Kharagpur,715,National Academy of Agricultural Research Management,36,47,0.766
IIT Kharagpur,716,Vallurupalli Nageswara Rao Vignana Jyothi Institute of Engineering and Technology,36,4,9.0
IIT Kharagpur,717,Tamil Nadu Veterinary and Animal Sciences University,36,23,1.565
IIT Kharagpur,718,Larsen & Toubro (India),36,17,2.118
IIT Kharagpur,719,Indian Institute of Millets Research,36,34,1.059
IIT Kharagpur,720,Kashi Naresh Government Post Graduate College,36,5,7.2
IIT Kharagpur,721,Assam Science and Technology University,35,1,35.0
IIT Kharagpur,722,Marathwada Agricultural University,35,34,1.029
IIT Kharagpur,723,International Institute of Information Technology Bangalore,35,31,1.129
IIT Kharagpur,724,Vijayanagara Sri Krishnadevaraya University,35,6,5.833
IIT Kharagpur,725,DES Pune University,35,36,0.972
IIT Kharagpur,726,Central Institute of Fisheries Technology,35,56,0.625
IIT Kharagpur,727,"Kerala University of Digital Sciences, Innovation and Technology",35,3,11.667
IIT Kharagpur,728,Defence Materials and Stores Research and Development Establishment,35,82,0.427
IIT Kharagpur,729,Dayananda Sagar Academy of Technology and Management,35,7,5.0
IIT Kharagpur,730,Indian Institute of Horticultural Research,34,48,0.708
IIT Kharagpur,731,Zoological Survey of India,34,19,1.789
IIT Kharagpur,732,Lady Brabourne College,34,15,2.267
IIT Kharagpur,733,Ashoka University,34,36,0.944
IIT Kharagpur,734,"Bharati Vidyapeeth's College of Engineering, Delhi",34,15,2.267
IIT Kharagpur,735,Sir Padampat Singhania University,34,5,6.8
IIT Kharagpur,736,Madras Christian College,34,21,1.619
IIT Kharagpur,737,Microsoft Research (India),34,112,0.304
IIT Kharagpur,738,Banwarilal Bhalotia College,34,36,0.944
IIT Kharagpur,739,Government of Andhra Pradesh,34,20,1.7
IIT Kharagpur,740,Ramakrishna Mission Vidyalaya,34,24,1.417
IIT Kharagpur,741,Acharya N. G. Ranga Agricultural University,34,62,0.548
IIT Kharagpur,742,Dhanalakshmi Srinivasan Group of Institutions,33,10,3.3
IIT Kharagpur,743,Indian Institute of Management Tiruchirappalli,33,35,0.943
IIT Kharagpur,744,"Sri Karan Narendra Agriculture University, Jobner",33,12,2.75
IIT Kharagpur,745,T.K.M Institute of Technology,33,11,3.0
IIT Kharagpur,746,Government Medical College,33,88,0.375
IIT Kharagpur,747,Malla Reddy University,33,5,6.6
IIT Kharagpur,748,Borlaug Institute for South Asia,33,67,0.493
IIT Kharagpur,749,Dr. C. V. Raman University,33,8,4.125
IIT Kharagpur,750,National Institute of Nutrition,33,58,0.569
IIT Kharagpur,751,GD Goenka University,32,20,1.6
IIT Kharagpur,752,Periyar Maniammai Institute of Science & Technology,32,21,1.524
IIT Kharagpur,753,Central University of Odisha,32,20,1.6
IIT Kharagpur,754,"American College, Madurai",32,4,8.0
IIT Kharagpur,755,Sri Ramachandra Institute of Higher Education and Research,32,80,0.4
IIT Kharagpur,756,Jai Narain Vyas University,32,33,0.97
IIT Kharagpur,757,JSS College of Pharmacy,32,15,2.133
IIT Kharagpur,758,All India Institute of Medical Sciences Bhubaneswar,32,25,1.28
IIT Kharagpur,759,Institute of Genomics and Integrative Biology,31,110,0.282
IIT Kharagpur,760,Durgapur Government College,31,67,0.463
IIT Kharagpur,761,Shri Jagdishprasad Jhabarmal Tibrewala University,31,13,2.385
IIT Kharagpur,762,Sri Ramakrishna College of Arts and Science,31,15,2.067
IIT Kharagpur,763,Chennai Mathematical Institute,31,129,0.24
IIT Kharagpur,764,AISECT University,31,15,2.067
IIT Kharagpur,765,South Asian University,31,32,0.969
IIT Kharagpur,766,Government Engineering College Thrissur,31,28,1.107
IIT Kharagpur,767,Deen Dayal Upadhyaya College,31,17,1.824
IIT Kharagpur,768,Regional Centre for Biotechnology,31,26,1.192
IIT Kharagpur,769,Veer Chandra Singh Garhwali Uttarakhand University of Horticulture & Forestry,31,13,2.385
IIT Kharagpur,770,Aditya Institute of Technology and Management,31,15,2.067
IIT Kharagpur,771,Acharya Institute of Technology,31,4,7.75
IIT Kharagpur,772,Sri Pratap College,30,22,1.364
IIT Kharagpur,773,Sri Padmavati Mahila Visvavidyalayam,30,30,1.0
IIT Kharagpur,774,Anand Agricultural University,30,111,0.27
IIT Kharagpur,775,Central Marine Fisheries Research Institute,30,57,0.526
IIT Kharagpur,776,RCC Institute of Information Technology,30,22,1.364
IIT Kharagpur,777,Maharaja Surajmal Institute of Technology,30,17,1.765
IIT Kharagpur,778,Medi-Caps University,30,15,2.0
IIT Kharagpur,779,St. Xavier's College,30,34,0.882
IIT Kharagpur,780,Kongunadu Arts and Science College,30,30,1.0
IIT Kharagpur,781,Shri Govindram Seksaria Institute of Technology and Science,30,40,0.75
IIT Kharagpur,782,Vidyasagar College,30,19,1.579
IIT Kharagpur,783,Great Lakes Institute of Management,30,66,0.455
IIT Kharagpur,784,Institute for Social and Economic Change,30,58,0.517
IIT Kharagpur,785,Indian Maritime University,30,10,3.0
IIT Kharagpur,786,"Technology Information, Forecasting and Assessment Council",30,13,2.308
IIT Kharagpur,787,Sacred Heart College (Autonomous),30,14,2.143
IIT Kharagpur,788,Uttarakhand Technical University,30,19,1.579
IIT Kharagpur,789,"Agriculture University, Jodhpur",30,5,6.0
IIT Kharagpur,790,Department of Biotechnology,30,31,0.968
IIT Kharagpur,791,Indian Institute of Advanced Research,29,36,0.806
IIT Kharagpur,792,Soban Singh Jeena University,29,6,4.833
IIT Kharagpur,793,National Institute of Mental Health and Neurosciences,29,95,0.305
IIT Kharagpur,794,Sant Gadge Baba Amravati University,29,103,0.282
IIT Kharagpur,795,Nagaon University,29,15,1.933
IIT Kharagpur,796,Central Pollution Control Board,29,53,0.547
IIT Kharagpur,797,Uttarakhand Government,29,16,1.812
IIT Kharagpur,798,National Centre for Biological Sciences,29,105,0.276
IIT Kharagpur,799,The Madura College,28,15,1.867
IIT Kharagpur,800,Indus University,28,18,1.556
IIT Kharagpur,801,Presidency College,28,40,0.7
IIT Kharagpur,802,Trivenidevi Bhalotia College,28,17,1.647
IIT Kharagpur,803,Ramakrishna Mission Residential College,28,17,1.647
IIT Kharagpur,804,Institute for Development and Research in Banking Technology,28,24,1.167
IIT Kharagpur,805,Institute of Microbial Technology,28,155,0.181
IIT Kharagpur,806,Centre for Cellular and Molecular Biology,28,98,0.286
IIT Kharagpur,807,Bihar Engineering University,28,2,14.0
IIT Kharagpur,808,Chittaranjan National Cancer Institute,27,35,0.771
IIT Kharagpur,809,"Shiv Nadar University, Chennai",27,5,5.4
IIT Kharagpur,810,Naval Materials Research Laboratory,27,67,0.403
IIT Kharagpur,811,Jiwaji University,27,71,0.38
IIT Kharagpur,812,Institute of Nuclear Medicine & Allied Sciences,27,42,0.643
IIT Kharagpur,813,Meghnad Saha Institute of Technology,27,28,0.964
IIT Kharagpur,814,Netaji Subhash Engineering College,27,34,0.794
IIT Kharagpur,815,Navsari Agricultural University,27,24,1.125
IIT Kharagpur,816,Techno India Group (India),27,20,1.35
IIT Kharagpur,817,Central Water and Power Research Station,27,41,0.659
IIT Kharagpur,818,University of Ladakh,27,7,3.857
IIT Kharagpur,819,Ministry of Jal Shakti,27,7,3.857
IIT Kharagpur,820,NSS College of Engineering Palakkad,27,8,3.375
IIT Kharagpur,821,PRIST University,27,11,2.455
IIT Kharagpur,822,"National Institute of Technical Teachers' Training and Research, Kolkata",27,20,1.35
IIT Kharagpur,823,"Christian Medical College, Vellore",27,74,0.365
IIT Kharagpur,824,GNA University,27,3,9.0
IIT Kharagpur,825,Seacom Skills University,27,10,2.7
IIT Kharagpur,826,Sankalchand Patel University,26,13,2.0
IIT Kharagpur,827,Central Council for Research in Ayurvedic Science,26,8,3.25
IIT Kharagpur,828,Guru Nanak Institute of Technology,26,5,5.2
IIT Kharagpur,829,Nalla Narasimha Reddy Education Society's Group of Institutions,26,1,26.0
IIT Kharagpur,830,Department of Atomic Energy,26,62,0.419
IIT Kharagpur,831,Wipro (India),26,37,0.703
IIT Kharagpur,832,Tumkur University,26,18,1.444
IIT Kharagpur,833,Dr Panjabrao Deshmukh Krishi Vidyapeeth,26,32,0.812
IIT Kharagpur,834,Gati Shakti Vishwavidyalaya,26,0,
IIT Kharagpur,835,Chhattisgarh Swami Vivekanand Technical University,26,21,1.238
IIT Kharagpur,836,The Neotia University,26,5,5.2
IIT Kharagpur,837,Velalar College of Engineering and Technology,26,3,8.667
IIT Kharagpur,838,Jaipur National University,26,35,0.743
IIT Kharagpur,839,SAGE University Indore,26,5,5.2
IIT Kharagpur,840,Bangabasi Evening College,26,10,2.6
IIT Kharagpur,841,RKDF University,26,3,8.667
IIT Kharagpur,842,U. R. Rao Satellite Centre,25,15,1.667
IIT Kharagpur,843,All India Council for Technical Education,25,6,4.167
IIT Kharagpur,844,Samsung (India),25,55,0.455
IIT Kharagpur,845,Institute of Forest Productivity,25,4,6.25
IIT Kharagpur,846,St. Joseph's College,25,14,1.786
IIT Kharagpur,847,Swami Vivekanand Subharti University,25,6,4.167
IIT Kharagpur,848,Dr. Bhimrao Ambedkar University,25,61,0.41
IIT Kharagpur,849,Budge Budge Institute of Technology,25,7,3.571
IIT Kharagpur,850,Sri Balaji Vidyapeeth University,25,6,4.167
IIT Kharagpur,851,Cluster University of Jammu,25,8,3.125
IIT Kharagpur,852,"Khwaja Moinuddin Chishti Language University, Lucknow, U.P.",25,5,5.0
IIT Kharagpur,853,Bhubaneswar Borooah Cancer Institute,25,6,4.167
IIT Kharagpur,854,Dwarkadas J. Sanghvi College of Engineering,25,8,3.125
IIT Kharagpur,855,RajaRajeswari College of Engineering,25,8,3.125
IIT Kharagpur,856,Kamla Nehru Institute of Technology,25,20,1.25
IIT Kharagpur,857,National Centre for Sustainable Coastal Management,25,49,0.51
IIT Kharagpur,858,Central Research Institute for Jute and Allied Fibres,24,40,0.6
IIT Kharagpur,859,Anil Neerukonda Institute of Technology & Sciences,24,11,2.182
IIT Kharagpur,860,Central Potato Research Institute,24,50,0.48
IIT Kharagpur,861,Bengaluru City University,24,5,4.8
IIT Kharagpur,862,Atomic Minerals Directorate for Exploration and Research,24,58,0.414
IIT Kharagpur,863,Indian Institute of Information Technology Kottayam,24,9,2.667
IIT Kharagpur,864,NIIT University,24,13,1.846
IIT Kharagpur,865,National Institute of Plant Genome Research,24,42,0.571
IIT Kharagpur,866,Saurashtra University,24,45,0.533
IIT Kharagpur,867,CSIR-National Institute of Science Communication and Policy Research,24,5,4.8
IIT Kharagpur,868,Guru Nanak Institutions,24,7,3.429
IIT Kharagpur,869,Tata Medical Center,24,34,0.706
IIT Kharagpur,870,Government College of Engineering and Leather Technology,24,23,1.043
IIT Kharagpur,871,Alagappa Government Arts College,24,15,1.6
IIT Kharagpur,872,Birsa Agricultural University,24,29,0.828
IIT Kharagpur,873,SCMS Group of Educational Institutions,24,10,2.4
IIT Kharagpur,874,Indian Institute of Management Amritsar,24,18,1.333
IIT Kharagpur,875,University of Agricultural Sciences Raichur,24,42,0.571
IIT Kharagpur,876,King George's Medical University,24,66,0.364
IIT Kharagpur,877,Microsoft (India),24,46,0.522
IIT Kharagpur,878,PSG Institute of Advanced Studies,24,58,0.414
IIT Kharagpur,879,Ranchi University,23,31,0.742
IIT Kharagpur,880,National Institute of Disaster Management,23,20,1.15
IIT Kharagpur,881,"Army Institute of Technology, Pune",23,7,3.286
IIT Kharagpur,882,"Kasturba Medical College, Mangalore",23,17,1.353
IIT Kharagpur,883,Shyampur Siddheswari Mahavidyalaya,23,5,4.6
IIT Kharagpur,884,Sant Baba Bhag Singh University,23,2,11.5
IIT Kharagpur,885,D.A.V. College Chandigarh,23,18,1.278
IIT Kharagpur,886,Indian Institute of Sugarcane Research,23,30,0.767
IIT Kharagpur,887,"University of Agricultural Sciences, Dharwad",23,49,0.469
IIT Kharagpur,888,Punjab Remote Sensing Centre,23,27,0.852
IIT Kharagpur,889,Hemchandracharya North Gujarat University,23,11,2.091
IIT Kharagpur,890,Patanjali Research Foundation,23,18,1.278
IIT Kharagpur,891,Atria Institute of Technology,23,16,1.438
IIT Kharagpur,892,Central Institute for Cotton Research,23,22,1.045
IIT Kharagpur,893,Kasturba Medical College Hospital,23,14,1.643
IIT Kharagpur,894,Dr. Balasaheb Sawant Konkan Krishi Vidyapeeth,23,31,0.742
IIT Kharagpur,895,Kadi Sarva Vishwavidyalaya,23,18,1.278
IIT Kharagpur,896,University of Kota,23,17,1.353
IIT Kharagpur,897,East West Institute of Technology,23,6,3.833
IIT Kharagpur,898,Junagadh Agricultural University,22,31,0.71
IIT Kharagpur,899,Department of Space,22,40,0.55
IIT Kharagpur,900,"Sanskriti University, Mathura",22,5,4.4
IIT Kharagpur,901,Barkatullah University,22,39,0.564
IIT Kharagpur,902,West Bengal State Council of Technical Education,22,13,1.692
IIT Kharagpur,903,Jerusalem College of Engineering,22,1,22.0
IIT Kharagpur,904,Infosys (India),22,20,1.1
IIT Kharagpur,905,Guru Angad Dev Veterinary and Animal Sciences University,22,42,0.524
IIT Kharagpur,906,Defence Food Research Laboratory,22,102,0.216
IIT Kharagpur,907,Amity University Chhatisgarh,22,13,1.692
IIT Kharagpur,908,Rajendra Memorial National Institute of Health Research,22,52,0.423
IIT Kharagpur,909,IBM (India),22,67,0.328
IIT Kharagpur,910,ITM University,22,27,0.815
IIT Kharagpur,911,Chettinad Health City,22,17,1.294
IIT Kharagpur,912,"Government College of Engineering, Tirunelveli",22,2,11.0
IIT Kharagpur,913,Indian Institute of Rice Research,22,39,0.564
IIT Kharagpur,914,Fortune Institute of International Business,22,17,1.294
IIT Kharagpur,915,Bhairab Ganguly College,22,10,2.2
IIT Kharagpur,916,University of Trans-Disciplinary Health Sciences and Technology,22,14,1.571
IIT Kharagpur,917,Amrita Institute of Medical Sciences and Research Centre,22,66,0.333
IIT Kharagpur,918,Haldia Government College,22,21,1.048
IIT Kharagpur,919,Bharat Heavy Electricals (India),22,47,0.468
IIT Kharagpur,920,Chandigarh University Uttar Pradesh,22,0,
IIT Kharagpur,921,Indian Institute of Forest Management,21,37,0.568
IIT Kharagpur,922,Regional Medical Research Center,21,23,0.913
IIT Kharagpur,923,JSPM's Rajarshi Shahu College of Engineering,21,4,5.25
IIT Kharagpur,924,Robert Bosch (India),21,53,0.396
IIT Kharagpur,925,International Centre for Theoretical Sciences,21,187,0.112
IIT Kharagpur,926,COER University,21,12,1.75
IIT Kharagpur,927,Indian Institute of Vegetable Research,21,9,2.333
IIT Kharagpur,928,Rungta College,21,10,2.1
IIT Kharagpur,929,Chandragupt Institute of Management,21,24,0.875
IIT Kharagpur,930,Paavai Engineering College,21,9,2.333
IIT Kharagpur,931,Bajkul Milani Mahavidyalaya,21,5,4.2
IIT Kharagpur,932,"Medical College and Hospital, Kolkata",21,110,0.191
IIT Kharagpur,933,St. Peter's Institute of Higher Education and Research,21,13,1.615
IIT Kharagpur,934,LJ University,21,7,3.0
IIT Kharagpur,935,"P.E.S. College of Engineering, Mandya",21,10,2.1
IIT Kharagpur,936,Rain Forest Research Institute,21,10,2.1
IIT Kharagpur,937,Ministry of Agriculture & Farmers Welfare,20,15,1.333
IIT Kharagpur,938,Rajkiya Engineering College Banda,20,4,5.0
IIT Kharagpur,939,"International Management Institute, Bhubaneswar",20,9,2.222
IIT Kharagpur,940,Indian Oil Corporation (India),20,98,0.204
IIT Kharagpur,941,Shreemati Nathibai Damodar Thackersey Women's University,20,14,1.429
IIT Kharagpur,942,Vignana Bharathi Institute of Technology,20,5,4.0
IIT Kharagpur,943,Sugarcane Breeding Institute,20,13,1.538
IIT Kharagpur,944,All India Institute of Medical Sciences Jodhpur,20,21,0.952
IIT Kharagpur,945,Ambedkar University Delhi,20,26,0.769
IIT Kharagpur,946,Sandip University Sijoul Madhubani Bihar,20,1,20.0
IIT Kharagpur,947,Krishnagar Government College,20,12,1.667
IIT Kharagpur,948,Kamdhenu University,20,9,2.222
IIT Kharagpur,949,Jawaharlal Institute of Post Graduate Medical Education and Research,20,59,0.339
IIT Kharagpur,950,Sandip Institute of Technology & Research Centre,20,15,1.333
IIT Kharagpur,951,Dhanalakshmi Srinivasan University,20,4,5.0
IIT Kharagpur,952,ICAR-Indian Institute of Maize Research,20,24,0.833
IIT Kharagpur,953,Ministry of AYUSH,20,12,1.667
IIT Kharagpur,954,Malla Reddy Engineering College for Women,20,4,5.0
IIT Kharagpur,955,Rathinam Technical Campus,20,2,10.0
IIT Kharagpur,956,Karnataka Veterinary Animal and Fisheries Sciences University,20,24,0.833
IIT Kharagpur,957,Vaagdevi College of Engineering,20,10,2.0
IIT Kharagpur,958,G H Raisoni University,20,9,2.222
IIT Kharagpur,959,Vikram University,20,28,0.714
IIT Kharagpur,960,University of Agricultural and Horticultural Sciences,19,40,0.475
IIT Kharagpur,961,CT University,19,5,3.8
IIT Kharagpur,962,Sanjay Ghodawat University,19,6,3.167
IIT Kharagpur,963,Directorate of Groundnut Research,19,9,2.111
IIT Kharagpur,964,Adani University,19,3,6.333
IIT Kharagpur,965,Shri Venkateshwara University,19,9,2.111
IIT Kharagpur,966,"School of Planning and Architecture, Vijayawada",19,11,1.727
IIT Kharagpur,967,All India Institute of Medical Sciences Bhopal,19,15,1.267
IIT Kharagpur,968,Deccan College Post Graduate and Research Institute,19,35,0.543
IIT Kharagpur,969,Rajiv Gandhi Centre for Biotechnology,19,54,0.352
IIT Kharagpur,970,Ballari Institute of Technology & Management,19,3,6.333
IIT Kharagpur,971,Public Health Foundation of India,19,188,0.101
IIT Kharagpur,972,School of Planning and Architecture Delhi,19,30,0.633
IIT Kharagpur,973,Raniganj Girls' College,19,0,
IIT Kharagpur,974,"Shrikrishna Mahavidyalaya, Gunjoti",19,4,4.75
IIT Kharagpur,975,"Government College of Engineering, Keonjhar",19,4,4.75
IIT Kharagpur,976,Indian Institute of Information Technology Kota,19,3,6.333
IIT Kharagpur,977,Central Sericultural Research and Training Institute,19,10,1.9
IIT Kharagpur,978,Institute of Life Sciences,19,45,0.422
IIT Kharagpur,979,Sri Manakula Vinayagar Educational Trust,19,2,9.5
IIT Kharagpur,980,Ministry of Health and Family Welfare,19,25,0.76
IIT Kharagpur,981,Gayatri Vidya Parishad College of Engineering for Women,19,6,3.167
IIT Kharagpur,982,Fergusson College,18,64,0.281
IIT Kharagpur,983,West Bengal National University of Juridical Sciences,18,31,0.581
IIT Kharagpur,984,Institute of Public Enterprise,18,7,2.571
IIT Kharagpur,985,Dr. Y.S.R Horticultural University,18,7,2.571
IIT Kharagpur,986,Dr. Babasaheb Ambedkar Technological University,18,19,0.947
IIT Kharagpur,987,Nanda Nath Saikia College,18,7,2.571
IIT Kharagpur,988,Gaya College,18,1,18.0
IIT Kharagpur,989,Palamuru University,18,17,1.059
IIT Kharagpur,990,Chandra Shekhar Azad University of Agriculture and Technology,18,27,0.667
IIT Kharagpur,991,Kovai Medical Center and Hospital,18,4,4.5
IIT Kharagpur,992,Abasaheb Garware College,18,23,0.783
IIT Kharagpur,993,Dr. Dayaram Patel Pharmacy College,18,0,
IIT Kharagpur,994,Defence Research Laboratory,18,40,0.45
IIT Kharagpur,995,Indian Institute for Human Settlements,18,26,0.692
IIT Kharagpur,996,A. Veeriya Vandayar Memorial Sri Pushpam College,18,19,0.947
IIT Kharagpur,997,Pragjyotish College,18,2,9.0
IIT Kharagpur,998,"St Joseph's University, Bengaluru, India",18,11,1.636
IIT Kharagpur,999,Serampore College,18,36,0.5
IIT Kharagpur,1000,Tata Memorial Hospital,18,106,0.17
IIT Kharagpur,1001,"Indian Institute of Information Technology, Nagpur",18,10,1.8
IIT Kharagpur,1002,Mother Teresa Women's University,18,12,1.5
IIT Kharagpur,1003,RK University,18,10,1.8
IIT Kharagpur,1004,Federal Institute of Science and Technology,18,4,4.5
IIT Kharagpur,1005,St. Stephen's College,18,8,2.25
IIT Kharagpur,1006,Ministry of Home Affairs,18,9,2.0
IIT Kharagpur,1007,Sardarkrushinagar Dantiwada Agricultural University,18,18,1.0
IIT Kharagpur,1008,Central Institute For Subtropical Horticulture,18,12,1.5
IIT Kharagpur,1009,Translational Health Science and Technology Institute,18,30,0.6
IIT Kharagpur,1010,Institute of Bio-Resources and Sustainable Development,18,42,0.429
IIT Kharagpur,1011,Patliputra University,18,9,2.0
IIT Kharagpur,1012,National Institute of Immunology,18,69,0.261
IIT Kharagpur,1013,Central Tuber Crops Research Institute,17,27,0.63
IIT Kharagpur,1014,Vikrama Simhapuri University,17,2,8.5
IIT Kharagpur,1015,"Dr. D. Y. Patil Medical College, Hospital and Research Centre",17,13,1.308
IIT Kharagpur,1016,Tamil Nadu Dr. M.G.R. Medical University,17,4,4.25
IIT Kharagpur,1017,"Rani Channamma University, Belagavi",17,10,1.7
IIT Kharagpur,1018,Lady Doak College,17,6,2.833
IIT Kharagpur,1019,Lala Lajpat Rai University of Veterinary and Animal Sciences,17,25,0.68
IIT Kharagpur,1020,L V Prasad Eye Institute,17,31,0.548
IIT Kharagpur,1021,Institute of Economic Growth,17,96,0.177
IIT Kharagpur,1022,K J Somaiya Institute of Management,17,18,0.944
IIT Kharagpur,1023,St Xavier’s College,17,11,1.545
IIT Kharagpur,1024,Bhagwant University,17,13,1.308
IIT Kharagpur,1025,National Research Centre for Banana,17,7,2.429
IIT Kharagpur,1026,D Y Patil International University,17,2,8.5
IIT Kharagpur,1027,"Rajendra University, Balangir",17,0,
IIT Kharagpur,1028,JSS Medical College and Hospital,17,17,1.0
IIT Kharagpur,1029,Guru Nanak Institute of Pharmaceutical Science and Technology,17,1,17.0
IIT Kharagpur,1030,India Habitat Centre,17,82,0.207
IIT Kharagpur,1031,Jai Prakash University,17,6,2.833
IIT Kharagpur,1032,IILM Institute for Higher Education,17,5,3.4
IIT Kharagpur,1033,St. Thomas College (Autonomous),17,7,2.429
IIT Kharagpur,1034,Intel (India),17,37,0.459
IIT Kharagpur,1035,Ministry of Electronics and Information Technology,17,19,0.895
IIT Kharagpur,1036,"Indian Institute of Information Technology and Management, Kerala",17,16,1.062
IIT Kharagpur,1037,Poornima Institute of Engineering and Technology,17,6,2.833
IIT Kharagpur,1038,"Sri Balaji University, Pune",17,14,1.214
IIT Kharagpur,1039,RIMT University,17,5,3.4
IIT Kharagpur,1040,Dharmsinh Desai University,17,16,1.062
IIT Kharagpur,1041,National Institute of Animal Biotechnology,17,12,1.417
IIT Kharagpur,1042,National Institute of Fashion Technology,17,5,3.4
IIT Kharagpur,1043,Swarnandhra College of Engineering and Technology,16,2,8.0
IIT Kharagpur,1044,Marwadi Education Foundation,16,15,1.067
IIT Kharagpur,1045,"All India Institute of Medical Sciences, Deoghar",16,10,1.6
IIT Kharagpur,1046,University Grants Commission,16,18,0.889
IIT Kharagpur,1047,Pandit Deendayal Upadhyaya Adarsha Mahavidyalaya,16,3,5.333
IIT Kharagpur,1048,Center for Study of Science Technology and Policy,16,25,0.64
IIT Kharagpur,1049,Cluster University Srinagar,16,20,0.8
IIT Kharagpur,1050,Bharat Electronics (India),16,7,2.286
IIT Kharagpur,1051,Chandernagore College,16,14,1.143
IIT Kharagpur,1052,Nehru Arts and Science College,16,3,5.333
IIT Kharagpur,1053,"Institute of Science, Nagpur",16,0,
IIT Kharagpur,1054,Khallikote Unitary University,16,1,16.0
IIT Kharagpur,1055,Gulbarga University,16,61,0.262
IIT Kharagpur,1056,Naval Physical & Oceanographic Laboratory,16,99,0.162
IIT Kharagpur,1057,Defence Research and Development Laboratory,16,45,0.356
IIT Kharagpur,1058,Gopal Narayan Singh University,16,0,
IIT Kharagpur,1059,ICAR-Indian Institute of Agricultural Biotechnology,16,6,2.667
IIT Kharagpur,1060,Centre for Marine Living Resources and Ecology,16,50,0.32
IIT Kharagpur,1061,Desh Bhagat University,16,2,8.0
IIT Kharagpur,1062,Women's Christian College,16,11,1.455
IIT Kharagpur,1063,Mangalayatan University,16,2,8.0
IIT Kharagpur,1064,Sacred Heart College,16,12,1.333
IIT Kharagpur,1065,Babu Banarasi Das University,16,19,0.842
IIT Kharagpur,1066,Jogamaya Devi College,16,8,2.0
IIT Kharagpur,1067,University of Horticultural Sciences Bagalkote,16,8,2.0
IIT Kharagpur,1068,Rajah Serfoji Government College (Autonomous),16,1,16.0
IIT Kharagpur,1069,"Regional Institute of Education, Bhubaneswar",16,2,8.0
IIT Kharagpur,1070,"All India Institute of Medical Sciences, Kalyani",16,0,
IIT Kharagpur,1071,Cancer Institute (WIA),15,5,3.0
IIT Kharagpur,1072,"Indian Statistical Institute, Bangalore Centre",15,22,0.682
IIT Kharagpur,1073,Arya Vidyapeeth College,15,11,1.364
IIT Kharagpur,1074,Birla Global University,15,5,3.0
IIT Kharagpur,1075,Directorate of Weed Research,15,27,0.556
IIT Kharagpur,1076,"All India Institute of Medical Sciences, Patna",15,21,0.714
IIT Kharagpur,1077,Atria University,15,0,
IIT Kharagpur,1078,Central Institute of Brackishwater Aquaculture,15,36,0.417
IIT Kharagpur,1079,Baba Farid University of Health Sciences,15,4,3.75
IIT Kharagpur,1080,SRM University Sikkim,15,0,
IIT Kharagpur,1081,Jagdish Sheth School of Management,15,4,3.75
IIT Kharagpur,1082,Gandhi Institute for Technological Advancement,15,3,5.0
IIT Kharagpur,1083,Rama University,15,14,1.071
IIT Kharagpur,1084,Mahatma Gandhi Medical College and Research Institute,15,9,1.667
IIT Kharagpur,1085,Netaji Nagar College for Women,15,43,0.349
IIT Kharagpur,1086,Sanaka Educational Trust’s Group of Institutions,15,8,1.875
IIT Kharagpur,1087,Sai Nath University,15,3,5.0
IIT Kharagpur,1088,Calcutta Institute of Pharmaceutical Technology & Allied Health Sciences,15,2,7.5
IIT Kharagpur,1089,Vardhman Mahavir Medical College & Safdarjung Hospital,15,24,0.625
IIT Kharagpur,1090,ISRO Propulsion Complex,15,31,0.484
IIT Kharagpur,1091,"Maharaja's College, Ernakulam",15,7,2.143
IIT Kharagpur,1092,Apeejay Stya University,15,2,7.5
IIT Kharagpur,1093,Rani Durgavati University,15,35,0.429
IIT Kharagpur,1094,Fatima Mata National College,15,8,1.875
IIT Kharagpur,1095,"Centre for Fire, Explosive and Environment Safety",15,28,0.536
IIT Kharagpur,1096,"Shri Vaishnav Vidyapeeth Vishwavidyalaya, Indore",15,7,2.143
IIT Kharagpur,1097,Jeppiaar Institute of Technology,15,6,2.5
IIT Kharagpur,1098,Mahaveer Academy of Technology and Science University,14,9,1.556
IIT Kharagpur,1099,Sahyadri College of Engineering & Management,14,10,1.4
IIT Kharagpur,1100,Indian Institute of Social Welfare and Business Management,14,55,0.255
IIT Kharagpur,1101,Advanced Center for Water Resources Development and Management,14,12,1.167
IIT Kharagpur,1102,Indian Institute of Management Bangalore,14,113,0.124
IIT Kharagpur,1103,Coal India (India),14,22,0.636
IIT Kharagpur,1104,Narasaraopeta Engineering College,14,8,1.75
IIT Kharagpur,1105,Jagannath University,14,2,7.0
IIT Kharagpur,1106,JK Lakshmipat University,14,9,1.556
IIT Kharagpur,1107,Bharatiya Vidya Bhavan,14,10,1.4
IIT Kharagpur,1108,National Research Centre for Grapes,14,15,0.933
IIT Kharagpur,1109,Government Institute of Forensic Science,14,2,7.0
IIT Kharagpur,1110,Adikavi Nannaya University,14,4,3.5
IIT Kharagpur,1111,"Gurucharan University, Silchar",14,9,1.556
IIT Kharagpur,1112,Indian Institute of Information Technology Vadodara,14,9,1.556
IIT Kharagpur,1113,Jhargram Raj College,14,10,1.4
IIT Kharagpur,1114,Meerut College,14,1,14.0
IIT Kharagpur,1115,Defence Laboratory Jodhpur,14,25,0.56
IIT Kharagpur,1116,Center for Excellence in Basic Sciences,14,38,0.368
IIT Kharagpur,1117,Central Institute of Temperate Horticulture,14,3,4.667
IIT Kharagpur,1118,Solid State Physics Laboratory,14,33,0.424
IIT Kharagpur,1119,Lingaya's Vidyapeeth,14,10,1.4
IIT Kharagpur,1120,ABB (India),14,14,1.0
IIT Kharagpur,1121,IBM Research - India,14,64,0.219
IIT Kharagpur,1122,Rungta College of Engineering and Technology,14,13,1.077
IIT Kharagpur,1123,Texas Instruments (India),14,10,1.4
IIT Kharagpur,1124,Karnataka State Open University,14,2,7.0
IIT Kharagpur,1125,Rabindra Bharati University,14,9,1.556
IIT Kharagpur,1126,Atmiya University,14,2,7.0
IIT Kharagpur,1127,Bankim Sardar College,13,11,1.182
IIT Kharagpur,1128,"IIMT College of Engineering, Greater Noida",13,0,
IIT Kharagpur,1129,ICAR - Agricultural Technology Application Research Institute,13,4,3.25
IIT Kharagpur,1130,Research Centre Imarat,13,27,0.481
IIT Kharagpur,1131,"Indian Institute of Information Technology, Pune",13,3,4.333
IIT Kharagpur,1132,Guru Kashi University,13,6,2.167
IIT Kharagpur,1133,Surendranath College,13,12,1.083
IIT Kharagpur,1134,Inspiration Innovation Synergy University,13,8,1.625
IIT Kharagpur,1135,"Engineering College, Ajmer",13,9,1.444
IIT Kharagpur,1136,IMS Unison University,13,6,2.167
IIT Kharagpur,1137,United University,13,1,13.0
IIT Kharagpur,1138,Indian Institute of Oilseeds Research,13,2,6.5
IIT Kharagpur,1139,Danish Hydraulic Institute (India),13,10,1.3
IIT Kharagpur,1140,Materials Research Center,13,10,1.3
IIT Kharagpur,1141,Gnanamani College of Technology,13,2,6.5
IIT Kharagpur,1142,Delhi Development Authority,13,4,3.25
IIT Kharagpur,1143,French Institute of Pondicherry,13,64,0.203
IIT Kharagpur,1144,RV University,13,4,3.25
IIT Kharagpur,1145,Greater Noida Institute of Technology (MBA Institute),13,4,3.25
IIT Kharagpur,1146,Indian Institute of Information Technology Bhopal,13,3,4.333
IIT Kharagpur,1147,Kanchi Mamunivar Centre for Post Graduate Studies,13,4,3.25
IIT Kharagpur,1148,Nagarjuna College of Engineering and Technology,13,4,3.25
IIT Kharagpur,1149,Shell (India),13,3,4.333
IIT Kharagpur,1150,Indian School of Business,13,62,0.21
IIT Kharagpur,1151,Indian Council of Social Science Research,13,6,2.167
IIT Kharagpur,1152,Vinoba Bhave University,13,24,0.542
IIT Kharagpur,1153,Indira Gandhi Institute of Development Research,13,129,0.101
IIT Kharagpur,1154,Department of Higher Education,13,6,2.167
IIT Kharagpur,1155,TIFR Centre for Interdisciplinary Sciences,13,82,0.159
IIT Kharagpur,1156,Kerala State Disaster Management Authority,13,7,1.857
IIT Kharagpur,1157,Noida Institute of Engineering and Technology Pharmacy Institute,13,1,13.0
IIT Kharagpur,1158,"University of Engineering & Management, Jaipur",13,3,4.333
IIT Kharagpur,1159,All India Shri Shivaji Memorial Society College of Engineering,13,11,1.182
IIT Kharagpur,1160,"Bharati Vidyapeeth College of Pharmacy, Kolhapur",13,7,1.857
IIT Kharagpur,1161,Aryabhatta Knowledge University,12,4,3.0
IIT Kharagpur,1162,Institute for Stem Cell Biology and Regenerative Medicine,12,22,0.545
IIT Kharagpur,1163,Maulana Azad College,12,9,1.333
IIT Kharagpur,1164,Dolphin (PG) Institute of Bio Medical and Natural Science,12,13,0.923
IIT Kharagpur,1165,Maulana Azad Medical College,12,38,0.316
IIT Kharagpur,1166,SRM Medical College Hospital and Research Centre,12,9,1.333
IIT Kharagpur,1167,Hindustan Aeronautics Limited (India),12,15,0.8
IIT Kharagpur,1168,Trident Academy of Technology,12,3,4.0
IIT Kharagpur,1169,Defence Institute of High Altitude Research,12,6,2.0
IIT Kharagpur,1170,Meenakshi Ammal Dental College and Hospital,12,8,1.5
IIT Kharagpur,1171,Sher-i-Kashmir Institute of Medical Sciences,12,31,0.387
IIT Kharagpur,1172,Central Tasar Research & Training Institute,12,4,3.0
IIT Kharagpur,1173,Durgadevi Saraf Institute of Management Studies,12,36,0.333
IIT Kharagpur,1174,Gayatri Vidya Parishad College for Degree and PG Courses (Autonomous),12,1,12.0
IIT Kharagpur,1175,Bhavnagar University,12,21,0.571
IIT Kharagpur,1176,Gour Mahavidyalaya,12,6,2.0
IIT Kharagpur,1177,"Karmaveer Bhaurao Patil University, Satara",12,0,
IIT Kharagpur,1178,Department of Science and Technology and Biotechnology,12,7,1.714
IIT Kharagpur,1179,Shri Madhwa Vadiraja Institute of Technology and Management,12,6,2.0
IIT Kharagpur,1180,IEC University,12,3,4.0
IIT Kharagpur,1181,Shroff S.R. Rotary Institute of Chemical Technology,12,9,1.333
IIT Kharagpur,1182,Amicable Knowledge Solution University,12,11,1.091
IIT Kharagpur,1183,Bidhannagar College,12,7,1.714
IIT Kharagpur,1184,Arunai Engineering College,12,18,0.667
IIT Kharagpur,1185,Vivekananda Satavarshiki Mahavidyalaya,12,8,1.5
IIT Kharagpur,1186,S.P. Jain Institute of Management and Research,12,15,0.8
IIT Kharagpur,1187,Shri Vishwakarma Skill University,12,4,3.0
IIT Kharagpur,1188,Indian Institute of Packaging,11,12,0.917
IIT Kharagpur,1189,Gokhale Institute of Politics and Economics,11,15,0.733
IIT Kharagpur,1190,Institute of Wood Science and Technology,11,7,1.571
IIT Kharagpur,1191,Sarojini Naidu College for Women,11,2,5.5
IIT Kharagpur,1192,Indian Institute of Plantation Management,11,14,0.786
IIT Kharagpur,1193,Indian Institute of Spices Research,11,8,1.375
IIT Kharagpur,1194,All India Institute of Medical Sciences Raipur,11,16,0.688
IIT Kharagpur,1195,Mewar University,11,15,0.733
IIT Kharagpur,1196,National Institute of Occupational Health,11,32,0.344
IIT Kharagpur,1197,Indraprastha College for Women,11,6,1.833
IIT Kharagpur,1198,INCLEN Trust International,11,14,0.786
IIT Kharagpur,1199,Pushpagiri Medical College,11,9,1.222
IIT Kharagpur,1200,Vijaya College,11,3,3.667
IIT Kharagpur,1201,Nature Conservation Foundation,11,10,1.1
IIT Kharagpur,1202,Newman College,11,4,2.75
IIT Kharagpur,1203,KSCSTE - Institute for Climate Change Studies,11,3,3.667
IIT Kharagpur,1204,Institute of Post Graduate Medical Education and Research,11,94,0.117
IIT Kharagpur,1205,Meenakshi Medical College Hospital and Research Institute,11,3,3.667
IIT Kharagpur,1206,WWF-India,11,38,0.289
IIT Kharagpur,1207,National Bureau of Agriculturally Important Microorganisms,11,28,0.393
IIT Kharagpur,1208,Bangabasi Morning College,11,25,0.44
IIT Kharagpur,1209,Central Sheep and Wool Research Institute,11,12,0.917
IIT Kharagpur,1210,Vijaygarh Jyotish Ray College,11,12,0.917
IIT Kharagpur,1211,Indian Institute of Oil Palm Research,11,3,3.667
IIT Kharagpur,1212,"Indian Statistical Institute, Delhi Centre",11,67,0.164
IIT Kharagpur,1213,Gurudas College,11,11,1.0
IIT Kharagpur,1214,Sir Syed College,11,1,11.0
IIT Kharagpur,1215,Malla Reddy Vishwavidyapeeth,11,3,3.667
IIT Kharagpur,1216,"Dharanidhar University, Keonjhar",11,4,2.75
IIT Kharagpur,1217,Regional Medical Research Centre,11,29,0.379
IIT Kharagpur,1218,Vidya Prathishthan,11,3,3.667
IIT Kharagpur,1219,"Remote Sensing Applications Centre, Uttar Pradesh",11,1,11.0
IIT Kharagpur,1220,GM University Davanagere Karnataka,11,5,2.2
IIT Kharagpur,1221,Arid Forest Research Institute,11,7,1.571
IIT Kharagpur,1222,Indo Korea Science and Technology,11,7,1.571
IIT Kharagpur,1223,Hooghly Mohsin College,11,14,0.786
IIT Kharagpur,1224,TCG Lifesciences (India),11,9,1.222
IIT Kharagpur,1225,Vasireddy Venkatadri International Technological University,11,4,2.75
IIT Kharagpur,1226,Bethune College,11,13,0.846
IIT Kharagpur,1227,Suamandeep Vidyapeeth University,11,7,1.571
IIT Kharagpur,1228,Behala College,11,33,0.333
IIT Kharagpur,1229,National Institute of Biologicals,11,2,5.5
IIT Kharagpur,1230,Tea Research Association,11,26,0.423
IIT Kharagpur,1231,Society for Applied Microwave Electronics Engineering & Research,11,10,1.1
IIT Kharagpur,1232,Central Muga Eri Research and Training Institute,11,8,1.375
IIT Kharagpur,1233,Veer Kunwar Singh University,11,3,3.667
IIT Kharagpur,1234,Safdarjang Hospital,11,32,0.344
IIT Kharagpur,1235,High Energy Materials Research Laboratory,10,29,0.345
IIT Kharagpur,1236,"Advanced Centre for Treatment, Research and Education in Cancer",10,56,0.179
IIT Kharagpur,1237,George Institute for Global Health,10,14,0.714
IIT Kharagpur,1238,Era's Lucknow Medical College and Hospital,10,3,3.333
IIT Kharagpur,1239,Government of Sikkim,10,7,1.429
IIT Kharagpur,1240,Baddi University of Emerging Sciences and Technologies,10,4,2.5
IIT Kharagpur,1241,Centre for Advanced Bioenergy Research,10,36,0.278
IIT Kharagpur,1242,LDRP Institute of Technology and Research,10,6,1.667
IIT Kharagpur,1243,R. G. Kar Medical College and Hospital,10,24,0.417
IIT Kharagpur,1244,Rashtriya Raksha University,10,3,3.333
IIT Kharagpur,1245,Poornaprajna Institute of Management,10,1,10.0
IIT Kharagpur,1246,Hemchand Yadav Vishwavidyalaya,10,2,5.0
IIT Kharagpur,1247,"Post Graduate Government College, Sector 11, Chandigarh",10,9,1.111
IIT Kharagpur,1248,"ICFAI University, Dehradun",10,5,2.0
IIT Kharagpur,1249,Keshava Deva Malaviya Institute of Petroleum Exploration,10,14,0.714
IIT Kharagpur,1250,All India Institute of Medical Sciences Rishikesh,10,18,0.556
IIT Kharagpur,1251,Botanical Survey of India,10,13,0.769
IIT Kharagpur,1252,"College of Engineering and Management, Kolaghat",10,8,1.25
IIT Kharagpur,1253,Rayalaseema University,10,11,0.909
IIT Kharagpur,1254,Indian Institute of Soybean Research,10,11,0.909
IIT Kharagpur,1255,Murshidabad University,10,3,3.333
IIT Kharagpur,1256,Rajkiya Engineering College Azamgarh,10,2,5.0
IIT Kharagpur,1257,Archaeological Survey of India,10,4,2.5
IIT Kharagpur,1258,Madras Medical College,10,6,1.667
IIT Kharagpur,1259,Thermax (India),10,4,2.5
IIT Kharagpur,1260,Maharshi Dayanand Saraswati University,10,20,0.5
IIT Kharagpur,1261,Krishna University,10,13,0.769
IIT Kharagpur,1262,Chaudhary Ranbir Singh University,10,7,1.429
IIT Kharagpur,1263,Dr D Y Patil Dental College & Hospital,10,4,2.5
IIT Kharagpur,1264,Kolhan University,10,5,2.0
IIT Kharagpur,1265,Shri Govind Guru University,10,0,
IIT Kharagpur,1266,National Institution for Transforming India Aayog,10,9,1.111
IIT Kharagpur,1267,Midnapore City College,10,5,2.0
IIT Kharagpur,1268,Bankura Sammilani Medical College,10,12,0.833
IIT Kharagpur,1269,Abhilashi University,10,3,3.333
IIT Kharagpur,1270,Nalsar University of Law,10,10,1.0
IIT Kharagpur,1271,M S Swaminathan Research Foundation,10,14,0.714
IIT Kharagpur,1272,MNR Medical College and Hospital,10,1,10.0
IIT Kharagpur,1273,Indian Institute of Public Health Gandhinagar,10,25,0.4
IIT Kharagpur,1274,"Institute of Pharmacy & Technology, Salipur",10,8,1.25
IIT Kharagpur,1275,CSMSS Chh. Shahu College of Engineering,10,1,10.0
IIT Kharagpur,1276,D. Y. Patil Agriculture and Technical University,10,1,10.0
IIT Kharagpur,1277,National Institute of Solar Energy,10,16,0.625
IIT Kharagpur,1278,Kerala Forest Research Institute,10,6,1.667
IIT Kharagpur,1279,"Vidya Pratishthan's Arts, Science and Commerce College",10,10,1.0
IIT Kharagpur,1280,Janardan Rai Nagar Rajasthan Vidyapeeth University,10,2,5.0
IIT Kharagpur,1281,Anand Engineering College,10,14,0.714
IIT Kharagpur,1282,Ramachandra College of Engineering (A),10,1,10.0
IIT Kharagpur,1283,Rayat Shikshan Sanstha,10,1,10.0
IIT Kharagpur,1284,St. Vincent Pallotti College of Engineering & Technology,10,4,2.5
IIT Kharagpur,1285,Reserve Bank of India,10,54,0.185
IIT Kharagpur,1286,Uttarakhand State Council for Science and Technology,10,5,2.0
IIT Kharagpur,1287,Jabalpur Engineering College,10,13,0.769
IIT Kharagpur,1288,Sardar Patel Renewable Energy Research Institute,9,10,0.9
IIT Kharagpur,1289,Kanchrapara College,9,24,0.375
IIT Kharagpur,1290,National Institute of Research in Tuberculosis,9,11,0.818
IIT Kharagpur,1291,Prin. L. N. Welingkar Institute of Management Development and Research,9,17,0.529
IIT Kharagpur,1292,Sankara Nethralaya,9,19,0.474
IIT Kharagpur,1293,Rajkiya Engineering College Kannauj,9,0,
IIT Kharagpur,1294,"Islamia College of Science and Commerce, Srinagar",9,3,3.0
IIT Kharagpur,1295,Central Tobacco Research Institute,9,7,1.286
IIT Kharagpur,1296,Auro University,9,1,9.0
IIT Kharagpur,1297,Bhartiya Skill Development University,9,8,1.125
IIT Kharagpur,1298,School of Tropical Medicine,9,42,0.214
IIT Kharagpur,1299,Rani Rashmoni Green University,9,4,2.25
IIT Kharagpur,1300,Sunrise University,9,4,2.25
IIT Kharagpur,1301,National Research Centre on Camel,9,6,1.5
IIT Kharagpur,1302,Ramakrishna Mission Vivekananda College,9,4,2.25
IIT Kharagpur,1303,CEPT University,9,77,0.117
IIT Kharagpur,1304,Government Engineering College Wayanad,9,7,1.286
IIT Kharagpur,1305,Kalyan Post Graduate College,9,0,
IIT Kharagpur,1306,Kanya Maha Vidyalaya,9,5,1.8
IIT Kharagpur,1307,Centre for Artificial Intelligence and Robotics,9,5,1.8
IIT Kharagpur,1308,"CHRIST (Deemed to be) University, Delhi NCR",9,8,1.125
IIT Kharagpur,1309,National Bureau of Fish Genetic Resources,9,21,0.429
IIT Kharagpur,1310,Sri Guru Gobind Singh College,9,5,1.8
IIT Kharagpur,1311,Sri Devaraj Urs Academy of Higher Education and Research,9,5,1.8
IIT Kharagpur,1312,National Institute for Research in Reproductive Health,9,17,0.529
IIT Kharagpur,1313,Dr. Shakuntala Misra National Rehabilitation University,9,0,
IIT Kharagpur,1314,Goalpara College,9,2,4.5
IIT Kharagpur,1315,Fakir Chand College,9,2,4.5
IIT Kharagpur,1316,Sai University,9,2,4.5
IIT Kharagpur,1317,Dr. Reddy's Laboratories (India),9,14,0.643
IIT Kharagpur,1318,Salim Ali Center for Ornithology and Natural History,9,40,0.225
IIT Kharagpur,1319,Indian Navy,9,13,0.692
IIT Kharagpur,1320,Entrepreneurship Development Institute of India,9,5,1.8
IIT Kharagpur,1321,Sri Sathya Sai University for Human Excellence,9,1,9.0
IIT Kharagpur,1322,ICMR-National Institute of Virology,9,40,0.225
IIT Kharagpur,1323,Dr. D. Y. Patil B-School,9,0,
IIT Kharagpur,1324,Silver Oak University,9,1,9.0
IIT Kharagpur,1325,Mahatma Gandhi Chitrakoot Gramodaya Vishwavidyalaya,9,8,1.125
IIT Kharagpur,1326,Centre For Development Studies,9,81,0.111
IIT Kharagpur,1327,Don Bosco Institute of Technology,9,2,4.5
IIT Kharagpur,1328,Assam Science Technology and Environment Council,9,0,
IIT Kharagpur,1329,St.John's Medical College Hospital,9,24,0.375
IIT Kharagpur,1330,National Institute of Malaria Research,9,37,0.243
IIT Kharagpur,1331,Seethalakshmi Ramaswami College,9,1,9.0
IIT Kharagpur,1332,"Krishi Vigyan Kendra, Narayangaon",9,0,
IIT Kharagpur,1333,BLDE (Deemed to be University),9,10,0.9
IIT Kharagpur,1334,Netaji Nagar Day College,8,12,0.667
IIT Kharagpur,1335,M.H. Saboo Siddik College Of Engineering,8,8,1.0
IIT Kharagpur,1336,Central Manufacturing Technology Institute,8,11,0.727
IIT Kharagpur,1337,Raghunathpur College,8,11,0.727
IIT Kharagpur,1338,MES Mampad College (Autonomous),8,5,1.6
IIT Kharagpur,1339,Tropical Forest Research Institute,8,1,8.0
IIT Kharagpur,1340,"National Institute of Technical Teachers Training and Research, Chennai",8,4,2.0
IIT Kharagpur,1341,Centre for Development of Telematics,8,1,8.0
IIT Kharagpur,1342,Madras Diabetes Research Foundation,8,37,0.216
IIT Kharagpur,1343,Pt. Jawahar Lal Nehru Memorial Medical College,8,3,2.667
IIT Kharagpur,1344,Structural Engineering Research Centre,8,38,0.211
IIT Kharagpur,1345,Ragas Dental College & Hospital,8,5,1.6
IIT Kharagpur,1346,Deva Nagri College,8,4,2.0
IIT Kharagpur,1347,Madhav University,8,3,2.667
IIT Kharagpur,1348,Jagan Institute of Management Studies,8,4,2.0
IIT Kharagpur,1349,National Defence Academy,8,7,1.143
IIT Kharagpur,1350,Institute of Forest Genetics and Tree Breeding,8,1,8.0
IIT Kharagpur,1351,Fatima College (Autonomous),8,4,2.0
IIT Kharagpur,1352,Directorate of Medicinal and Aromatic Plants Research,8,9,0.889
IIT Kharagpur,1353,Sri Chandrasekharendra Saraswathi Viswa Mahavidyalaya,8,26,0.308
IIT Kharagpur,1354,Mandsaur University,8,4,2.0
IIT Kharagpur,1355,Sovarani Memorial College,8,3,2.667
IIT Kharagpur,1356,C. Abdul Hakeem College (Autonomous),8,15,0.533
IIT Kharagpur,1357,Gujarat Biotechnology Research Centre,8,12,0.667
IIT Kharagpur,1358,All India Institute of Medical Sciences Bibinagar,8,4,2.0
IIT Kharagpur,1359,Directorate of Onion and Garlic Research,8,1,8.0
IIT Kharagpur,1360,"Marwari College, Darbhanga",8,0,
IIT Kharagpur,1361,Gauhati Medical College and Hospital,8,14,0.571
IIT Kharagpur,1362,M.S. Ramaiah Medical College,8,11,0.727
IIT Kharagpur,1363,Bastar University,8,1,8.0
IIT Kharagpur,1364,Thakur College of Engineering and Technology,8,3,2.667
IIT Kharagpur,1365,DKTE Society's Textile and Engineering Institute,8,4,2.0
IIT Kharagpur,1366,Gas Turbine Research Establishment,8,18,0.444
IIT Kharagpur,1367,Sona College of Arts and Science,8,2,4.0
IIT Kharagpur,1368,National Institute of Cholera and Enteric Diseases,8,58,0.138
IIT Kharagpur,1369,IFIM Institutions,8,0,
IIT Kharagpur,1370,Jaihind College of Engineering,8,0,
IIT Kharagpur,1371,Armament Research and Development Establishment,8,10,0.8
IIT Kharagpur,1372,Armed Forces Medical College,8,27,0.296
IIT Kharagpur,1373,Chanakya University,8,0,
IIT Kharagpur,1374,Department of Public,8,4,2.0
IIT Kharagpur,1375,Regional Institute of Medical Sciences,8,9,0.889
IIT Kharagpur,1376,Centre for DNA Fingerprinting and Diagnostics,8,31,0.258
IIT Kharagpur,1377,Shri Shankaracharya Professional University,8,2,4.0
IIT Kharagpur,1378,Hindustan Petroleum Corporation Limited (India),8,5,1.6
IIT Kharagpur,1379,Central Power Research Institute,8,29,0.276
IIT Kharagpur,1380,"D.B.S. (P.G.) College, Dehradun",8,3,2.667
IIT Kharagpur,1381,Darjeeling Government College,8,13,0.615
IIT Kharagpur,1382,SAGE University Bhopal,8,1,8.0
IIT Kharagpur,1383,Roland Institute of Pharmaceutical Sciences,8,4,2.0
IIT Kharagpur,1384,Swami Vivekanand College of Pharmacy,8,4,2.0
IIT Kharagpur,1385,"All India Institute of Medical Sciences, Bilaspur",8,3,2.667
IIT Kharagpur,1386,Gujarat Vidyapith,8,17,0.471
IIT Kharagpur,1387,Sarguja University,8,10,0.8
IIT Kharagpur,1388,Sriram Chandra Bhanja Medical College Hospital,8,17,0.471
IIT Kharagpur,1389,Swami Keshwanand Rajasthan Agricultural University,8,14,0.571
IIT Kharagpur,1390,Indian Institute of Information Technology Surat,8,3,2.667
IIT Kharagpur,1391,National Institute Of Veterinary Epidemiology And Disease Informatics,8,8,1.0
IIT Kharagpur,1392,Acharya Prafulla Chandra Roy Government College,8,2,4.0
IIT Kharagpur,1393,Kerala Veterinary and Animal Sciences University,8,8,1.0
IIT Kharagpur,1394,IILM University Gurugram,8,0,
IIT Kharagpur,1395,JSW Group (India),8,10,0.8
IIT Kharagpur,1396,National Research Centre on Seed Spices,8,7,1.143
IIT Kharagpur,1397,Kamaraj College,8,3,2.667
IIT Kharagpur,1398,Vignana Jyothi Institute of Management,8,1,8.0
IIT Kharagpur,1399,Starex University,8,1,8.0
IIT Kharagpur,1400,All India Institute of Medical Sciences Gorakhpur,8,7,1.143
IIT Kharagpur,1401,HCL Technologies (India),8,2,4.0
IIT Kharagpur,1402,Sri Dev Suman Uttarakhand University,8,1,8.0
IIT Kharagpur,1403,National Institute of Epidemiology,8,23,0.348
IIT Kharagpur,1404,Sree Balaji Dental College and Hospital,7,5,1.4
IIT Kharagpur,1405,Gujarat Institute of Development Research,7,26,0.269
IIT Kharagpur,1406,The Apollo University,7,3,2.333
IIT Kharagpur,1407,Society for AgroEnvironmental Sustainability,7,1,7.0
IIT Kharagpur,1408,Centre for Policy Research,7,17,0.412
IIT Kharagpur,1409,Jaypee University Anoopshahr,7,3,2.333
IIT Kharagpur,1410,National Research Centre for Integrated Pest Management,7,8,0.875
IIT Kharagpur,1411,Cognizant (India),7,8,0.875
IIT Kharagpur,1412,Jagran Lakecity University,7,3,2.333
IIT Kharagpur,1413,Directorate of Cashew Research,7,6,1.167
IIT Kharagpur,1414,National Institute of Public Finance and Policy,7,17,0.412
IIT Kharagpur,1415,"Science College, Kokrajhar",7,1,7.0
IIT Kharagpur,1416,"Government Engineering College, Banka",7,2,3.5
IIT Kharagpur,1417,Jawaharlal Nehru Medical College,7,16,0.438
IIT Kharagpur,1418,Dum Dum Motijheel College,7,8,0.875
IIT Kharagpur,1419,Dr. Reddy's Foundation,7,1,7.0
IIT Kharagpur,1420,Bhagat Phool Singh Mahila Vishwavidyalaya,7,4,1.75
IIT Kharagpur,1421,Social Change and Development,7,6,1.167
IIT Kharagpur,1422,Mahatma Gandhi Kashi Vidyapith,7,7,1.0
IIT Kharagpur,1423,Apollo Hospitals,7,46,0.152
IIT Kharagpur,1424,Sri Sai University,7,4,1.75
IIT Kharagpur,1425,Vidyalankar Institute of Technology,7,1,7.0
IIT Kharagpur,1426,Himalayan University,7,1,7.0
IIT Kharagpur,1427,Sri Venkateswara Veterinary University,7,3,2.333
IIT Kharagpur,1428,Dinabandhu Andrews College,7,8,0.875
IIT Kharagpur,1429,C. U. Shah University,7,3,2.333
IIT Kharagpur,1430,Sir Ganga Ram Hospital,7,19,0.368
IIT Kharagpur,1431,Rishi Bankim Chandra College,7,5,1.4
IIT Kharagpur,1432,Jorhat Engineering College,7,2,3.5
IIT Kharagpur,1433,Central Citrus Research Institute,7,7,1.0
IIT Kharagpur,1434,Vision Research Foundation,7,8,0.875
IIT Kharagpur,1435,Manipur International University,7,2,3.5
IIT Kharagpur,1436,Oxford Educational Institutions,7,0,
IIT Kharagpur,1437,Nansen Environmental Research Centre India,7,20,0.35
IIT Kharagpur,1438,Jawaharlal Nehru New College of Engineering,7,5,1.4
IIT Kharagpur,1439,Amity University Bengaluru,7,1,7.0
IIT Kharagpur,1440,Antara,7,11,0.636
IIT Kharagpur,1441,DST Centre for Policy Research,7,4,1.75
IIT Kharagpur,1442,Bhattadev University,7,0,
IIT Kharagpur,1443,Rubber Board,7,14,0.5
IIT Kharagpur,1444,Uttar Pradesh University of Medical Sciences,7,6,1.167
IIT Kharagpur,1445,Pailan College of Management and Technology,7,22,0.318
IIT Kharagpur,1446,ICAR - Central Island Agricultural Research Institute,7,12,0.583
IIT Kharagpur,1447,Central Institute for Research on Buffaloes,7,5,1.4
IIT Kharagpur,1448,St. Anthony's College,7,4,1.75
IIT Kharagpur,1449,Vivekanand Arts Sardar Dalipsingh Commerce and Science College,7,1,7.0
IIT Kharagpur,1450,"All India Institute of Ayurveda, New Delhi",7,3,2.333
IIT Kharagpur,1451,Usha Martin (India),7,2,3.5
IIT Kharagpur,1452,CT Group Of Institutions,7,8,0.875
IIT Kharagpur,1453,Indian Institute of Management Udaipur,7,37,0.189
IIT Kharagpur,1454,Institute of Engineering & Technology,7,4,1.75
IIT Kharagpur,1455,MSN Laboratories (India),7,0,
IIT Kharagpur,1456,"City College, Kolkata",7,5,1.4
IIT Kharagpur,1457,Suri Vidyasagar College,7,8,0.875
IIT Kharagpur,1458,Forest Survey of India,7,7,1.0
IIT Kharagpur,1459,Nil Ratan Sircar Medical College and Hospital,7,8,0.875
IIT Kharagpur,1460,Sambalpur University Institute of Information Technology,7,5,1.4
IIT Kharagpur,1461,Indian Council for Research on International Economic Relations,7,26,0.269
IIT Kharagpur,1462,Bhabha Atomic Research Center Hospital,7,21,0.333
IIT Kharagpur,1463,"Maharana Pratap Horticultural University, Karnal",7,0,
IIT Kharagpur,1464,Sri Muthukumaran Institute of Technology,6,0,
IIT Kharagpur,1465,International Institute of Management Studies,6,0,
IIT Kharagpur,1466,Government College of Engineering & Ceramic Technology,6,10,0.6
IIT Kharagpur,1467,Jain College of Engineering and Research,6,2,3.0
IIT Kharagpur,1468,Singhania University,6,9,0.667
IIT Kharagpur,1469,Moti Ram Babu Ram Government Post Graduate College,6,0,
IIT Kharagpur,1470,Assam Medical College,6,2,3.0
IIT Kharagpur,1471,Institute of Bioinformatics,6,13,0.462
IIT Kharagpur,1472,Hooghly Engineering & Technology College,6,3,2.0
IIT Kharagpur,1473,PSG Institute of Medical Sciences & Research,6,10,0.6
IIT Kharagpur,1474,Tamil Nadu Open University,6,3,2.0
IIT Kharagpur,1475,MVN University,6,0,
IIT Kharagpur,1476,Arya Vaidya Sala,6,3,2.0
IIT Kharagpur,1477,National Institute for Research in Tribal Health,6,6,1.0
IIT Kharagpur,1478,MES Ponnani College,6,3,2.0
IIT Kharagpur,1479,Maharishi University of Management and Technology,6,1,6.0
IIT Kharagpur,1480,Sree Sankaracharya University of Sanskrit,6,0,
IIT Kharagpur,1481,S. G. Balekundri Institute of Technology Belagavi,6,1,6.0
IIT Kharagpur,1482,Manipal Centre for Natural Sciences,6,13,0.462
IIT Kharagpur,1483,KMEA Engineering College,6,4,1.5
IIT Kharagpur,1484,Acharya Jagadish Chandra Bose College,6,2,3.0
IIT Kharagpur,1485,National Informatics Centre,6,13,0.462
IIT Kharagpur,1486,Poornaprajna Institute of Scientific Research,6,28,0.214
IIT Kharagpur,1487,Kalpavriksh,6,7,0.857
IIT Kharagpur,1488,Vimal Jyothi Engineering College,6,4,1.5
IIT Kharagpur,1489,Mother Theresa Institute Of Engineering And Technology,6,0,
IIT Kharagpur,1490,Marathwada Mitra Mandal's College of Engineering,6,2,3.0
IIT Kharagpur,1491,Pandit Bhagwat Dayal Sharma Post Graduate Institute of Medical Sciences,6,16,0.375
IIT Kharagpur,1492,Sri Sairam College of Engineering,6,4,1.5
IIT Kharagpur,1493,Tamilnadu State Council for Science and Technology,6,4,1.5
IIT Kharagpur,1494,Hewlett-Packard (India),6,12,0.5
IIT Kharagpur,1495,Fortis Hospital,6,37,0.162
IIT Kharagpur,1496,Central Pulp & Paper Research Institute,6,10,0.6
IIT Kharagpur,1497,Combat Vehicles Research and Development Establishment,6,24,0.25
IIT Kharagpur,1498,Maharashtra Animal and Fishery Sciences University,6,2,3.0
IIT Kharagpur,1499,Agartala Government Medical College,6,6,1.0
IIT Kharagpur,1500,Berger Paints (India),6,0,
IIT Kharagpur,1501,Maharaja Jitendra Narayan Medical College & Hospital,6,1,6.0
IIT Kharagpur,1502,Survey of India,6,20,0.3
IIT Kharagpur,1503,Jorhat Institute of Science and Technology,6,5,1.2
IIT Kharagpur,1504,Kisan Post Graduate College,6,0,
IIT Kharagpur,1505,KSCSTE-Srinivasa Ramanujan Institute for Basic Sciences,6,0,
IIT Kharagpur,1506,Instruments Research & Development Establishment,6,1,6.0
IIT Kharagpur,1507,Narasinha Dutt College,6,3,2.0
IIT Kharagpur,1508,Karnataka State Women's University,6,5,1.2
IIT Kharagpur,1509,Alipurduar University,6,0,
IIT Kharagpur,1510,University College of Medical Sciences,6,26,0.231
IIT Kharagpur,1511,"Institute of Chartered Financial Analysts of India University, Jaipur",6,1,6.0
IIT Kharagpur,1512,Madhya Pradesh Council of Science and Technology,6,11,0.545
IIT Kharagpur,1513,Shriram Institute for Industrial Research,6,13,0.462
IIT Kharagpur,1514,"Indian Institute of Information Technology, Sonepat",6,2,3.0
IIT Kharagpur,1515,Loyola Institute of Technology and Science,6,0,
IIT Kharagpur,1516,"P. R. Pote Patil College of Engineering & Management, Amravati",6,1,6.0
IIT Kharagpur,1517,Munger University,6,3,2.0
IIT Kharagpur,1518,Administrative Staff College of India,6,47,0.128
IIT Kharagpur,1519,Airbus (India),6,1,6.0
IIT Kharagpur,1520,Budge Budge College,6,0,
IIT Kharagpur,1521,Government Vidarbha Institute of Science and Humanities,6,4,1.5
IIT Kharagpur,1522,Acharya Brojendra Nath Seal College,6,17,0.353
IIT Kharagpur,1523,KSCSTE-National Transportation Planning And Research Centre,6,5,1.2
IIT Kharagpur,1524,Kerala University of Health Sciences,6,6,1.0
IIT Kharagpur,1525,St. Francis Institute of Technology,6,3,2.0
IIT Kharagpur,1526,Maharaja Bir Bikram University,6,5,1.2
IIT Kharagpur,1527,DR. B.R.A. Institute Rotary Cancer Hospital,6,10,0.6
IIT Kharagpur,1528,"Annasaheb Magar Mahavidyalaya, Hadapsar, Pune",6,4,1.5
IIT Kharagpur,1529,Chilika Development Authority,6,33,0.182
IIT Kharagpur,1530,"RVS College of Engineering & Technology, Jamshedpur",6,4,1.5
IIT Kharagpur,1531,Defence Research and Development Establishment,6,53,0.113
IIT Kharagpur,1532,Centre of Plasma Physics - Institute for Plasma Research,6,4,1.5
IIT Kharagpur,1533,IMGENEX India (India),6,1,6.0
IIT Kharagpur,1534,Pandit Sundarlal Sharma Open University,6,0,
IIT Kharagpur,1535,Dr. Mohan's Diabetes Specialities Centre,6,21,0.286
IIT Kharagpur,1536,"CR Rao Advanced Institute of Mathematics, Statistics and Computer Science",6,4,1.5
IIT Kharagpur,1537,Symbiosis University of Applied Sciences,6,0,
IIT Kharagpur,1538,Nirmala College for Women,6,5,1.2
IIT Kharagpur,1539,Biocon (India),5,12,0.417
IIT Kharagpur,1540,Jubilee Mission Medical College and Research Institute,5,5,1.0
IIT Kharagpur,1541,Srishti Institute of Art Design and Technology,5,1,5.0
IIT Kharagpur,1542,People’s University,5,5,1.0
IIT Kharagpur,1543,Estuarine and Coastal Studies Foundation,5,0,
IIT Kharagpur,1544,Centre for Military Airworthiness and Certification,5,17,0.294
IIT Kharagpur,1545,Qure.ai Technologies Private Limited (India),5,5,1.0
IIT Kharagpur,1546,Tata Motors (India),5,11,0.455
IIT Kharagpur,1547,Odisha Biodiversity Board,5,3,1.667
IIT Kharagpur,1548,Science and Engineering Research Board,5,5,1.0
IIT Kharagpur,1549,Ministry of Education,5,2,2.5
IIT Kharagpur,1550,Vidyasagar Metropolitan College,5,6,0.833
IIT Kharagpur,1551,Pandu College,5,0,
IIT Kharagpur,1552,Tamil University,5,9,0.556
IIT Kharagpur,1553,Rajendra Institute of Medical Sciences,5,8,0.625
IIT Kharagpur,1554,"ICAR-Directorate of Rapeseed-Mustard Research, Bharatpur",5,11,0.455
IIT Kharagpur,1555,Mary Matha Arts and Science College,5,3,1.667
IIT Kharagpur,1556,Ananda Mohan College,5,6,0.833
IIT Kharagpur,1557,B.E.S.T Innovation University,5,1,5.0
IIT Kharagpur,1558,Raja Peary Mohan College,5,2,2.5
IIT Kharagpur,1559,Centre for Chronic Disease Control,5,17,0.294
IIT Kharagpur,1560,Swarrnim Startup and Innovation University,5,2,2.5
IIT Kharagpur,1561,Uttar Pradesh Rajarshi Tandon Open University,5,0,
IIT Kharagpur,1562,Cadence Design Systems (India),5,1,5.0
IIT Kharagpur,1563,Urumu Dhanalakshmi College,5,2,2.5
IIT Kharagpur,1564,IIHMR University,5,17,0.294
IIT Kharagpur,1565,Ananda Chandra College,5,5,1.0
IIT Kharagpur,1566,Jagannath Barooah University,5,2,2.5
IIT Kharagpur,1567,SRM Dental College,5,7,0.714
IIT Kharagpur,1568,Shibli National College,5,2,2.5
IIT Kharagpur,1569,Ruby Hall Clinic,5,2,2.5
IIT Kharagpur,1570,IFMR Graduate School of Business,5,27,0.185
IIT Kharagpur,1571,Vikramajit Singh Sanatan Dharma College,5,10,0.5
IIT Kharagpur,1572,Terminal Ballistics Research Laboratory,5,11,0.455
IIT Kharagpur,1573,Rathinam College of Arts & Science,5,2,2.5
IIT Kharagpur,1574,National Brain Research Centre,5,138,0.036
IIT Kharagpur,1575,Central Soil and Materials Research Station,5,6,0.833
IIT Kharagpur,1576,Unilever (India),5,19,0.263
IIT Kharagpur,1577,Central Tribal University of Andhra Pradesh,5,2,2.5
IIT Kharagpur,1578,"Apex University, Jaipur",5,0,
IIT Kharagpur,1579,Maharaja Ganga Singh University,5,0,
IIT Kharagpur,1580,Gazole Mahavidyalaya,5,0,
IIT Kharagpur,1581,National Institute of Research on Jute and Allied Fibre Technology,5,42,0.119
IIT Kharagpur,1582,SMS Medical College,5,18,0.278
IIT Kharagpur,1583,Audisankara (Deemed to be University),5,4,1.25
IIT Kharagpur,1584,K S Hegde Medical Academy,5,13,0.385
IIT Kharagpur,1585,Syngene International (India),5,8,0.625
IIT Kharagpur,1586,Asian Institute of Public Health,5,11,0.455
IIT Kharagpur,1587,Christian Medical College,5,14,0.357
IIT Kharagpur,1588,Wockhardt (India),5,0,
IIT Kharagpur,1589,Pub Kamrup College,5,0,
IIT Kharagpur,1590,General Hospital Ernakulam,5,0,
IIT Kharagpur,1591,Vikas College of Engineering and Technology,5,3,1.667
IIT Kharagpur,1592,Sree Gokulam Medical College and Research Foundation,5,2,2.5
IIT Kharagpur,1593,Institute of Development Studies Kolkata,5,28,0.179
IIT Kharagpur,1594,Dayanand Medical College & Hospital,5,11,0.455
IIT Kharagpur,1595,National Institute of Pathology,5,9,0.556
IIT Kharagpur,1596,Jayoti Vidyapeeth Women's University,5,1,5.0
IIT Kharagpur,1597,Atal Bihari Vajpayee Institute of Medical Sciences and Dr. Ram Manohar Lohia Hospital,5,11,0.455
IIT Kharagpur,1598,Indira Gandhi Medical College,5,10,0.5
IIT Kharagpur,1599,Garden City University,5,1,5.0
IIT Kharagpur,1600,Sister Nibedita Government General Degree College for Girls,5,5,1.0
IIT Kharagpur,1601,Bharat Petroleum (India),5,9,0.556
IIT Kharagpur,1602,Sir H.N. Reliance Foundation Hospital and Research Centre,5,0,
IIT Kharagpur,1603,Saroj Mohan Institute of Technology,5,24,0.208
IIT Kharagpur,1604,National Research Centre on Plant Biotechnology,5,29,0.172
IIT Kharagpur,1605,Kandi Raj College,5,6,0.833
IIT Kharagpur,1606,ATLAS SkillTech University,5,3,1.667
IIT Kharagpur,1607,Ministry of Commerce and Industry,5,7,0.714
IIT Kharagpur,1608,"Government Engineering College, Rajkot",5,3,1.667
IIT Kharagpur,1609,Meiji (India),5,0,
IIT Kharagpur,1610,Bombay College of Pharmacy,5,11,0.455
IIT Kharagpur,1611,Amala Institute of Medical Sciences,5,12,0.417
IIT Kharagpur,1612,All India Institute of Medical Sciences Guwahati,5,0,
IIT Kharagpur,1613,Nagpur Institute of Technology,5,1,5.0
IIT Kharagpur,1614,Bansal Institute Of Research Technology & Science,5,3,1.667
IIT Kharagpur,1615,Ganesh Shankar Vidyarthi Memorial Medical College,5,12,0.417
IIT Kharagpur,1616,HLL Lifecare (India),5,10,0.5
IIT Kharagpur,1617,Ruxmaniben Deepchand Gardi Medical College,5,10,0.5
IIT Kharagpur,1618,Rishihood University,5,0,
IIT Kharagpur,1619,Netaji Subhas University,5,0,
IIT Kharagpur,1620,Malla Reddy Institute Of Medical Sciences,5,0,
IIT Kharagpur,1621,National Council of Applied Economic Research,5,37,0.135
IIT Kharagpur,1622,Mahayogi Gorakhnath University Gorakhpur,5,0,
IIT Kharagpur,1623,UPASI Tea Research Foundation,5,18,0.278
IIT Kharagpur,1624,Max Healthcare,5,5,1.0
IIT Kharagpur,1625,Biodiversity Conservation Foundation,5,0,
IIT Kharagpur,1626,Bhupendra Narayan Mandal University,5,5,1.0
IIT Kharagpur,1627,ITC (India),4,20,0.2
IIT Kharagpur,1628,"Dr. B. R. Ambedkar University, Srikakulam",4,0,
IIT Kharagpur,1629,Care India,4,10,0.4
IIT Kharagpur,1630,Rajasthan Police Academy,4,0,
IIT Kharagpur,1631,Jagannath University Jaipur,4,2,2.0
IIT Kharagpur,1632,Professional Assistance for Development Action,4,4,1.0
IIT Kharagpur,1633,National Institute of Biomedical Genomics,4,12,0.333
IIT Kharagpur,1634,Government College for Women Anantnag,4,3,1.333
IIT Kharagpur,1635,"All India Institute of Medical Sciences, Vijaypur, Jammu",4,0,
IIT Kharagpur,1636,Central Institute for Women in Agriculture,4,1,4.0
IIT Kharagpur,1637,Trichy SRM Medical College Hospital and Research Centre,4,2,2.0
IIT Kharagpur,1638,Doaba College,4,3,1.333
IIT Kharagpur,1639,Medhavi Skills University,4,0,
IIT Kharagpur,1640,Arni University,4,1,4.0
IIT Kharagpur,1641,Maharashtra National Law University,4,0,
IIT Kharagpur,1642,Hans Raj Mahila Maha Vidyalaya,4,0,
IIT Kharagpur,1643,Indian Register of Shipping,4,4,1.0
IIT Kharagpur,1644,National Institute of Medical Statistics,4,9,0.444
IIT Kharagpur,1645,King Edward Memorial Hospital and Seth G.S. Medical College,4,33,0.121
IIT Kharagpur,1646,Bureau of Indian Standards,4,3,1.333
IIT Kharagpur,1647,Hi-Tech Medical College & Hospital,4,0,
IIT Kharagpur,1648,Bengaluru North University,4,2,2.0
IIT Kharagpur,1649,Salbari College,4,0,
IIT Kharagpur,1650,Regional Plant Resource Centre,4,7,0.571
IIT Kharagpur,1651,Rajasthan University of Veterinary and Animal Sciences,4,1,4.0
IIT Kharagpur,1652,Urban Emissions Info,4,31,0.129
IIT Kharagpur,1653,Cellworks Research (India),4,0,
IIT Kharagpur,1654,Alphonsa College,4,1,4.0
IIT Kharagpur,1655,Janta Vedic College,4,0,
IIT Kharagpur,1656,Ashok Leyland (India),4,8,0.5
IIT Kharagpur,1657,Institute of Environmental Studies & Wetland Management,4,23,0.174
IIT Kharagpur,1658,Institute of Liver and Biliary Sciences,4,9,0.444
IIT Kharagpur,1659,Dr. Panjabrao Deshmukh Memorial Medical College,4,0,
IIT Kharagpur,1660,Swami Vivekananda Yoga Anusandhana Samsthana,4,19,0.211
IIT Kharagpur,1661,Bahona College,4,4,1.0
IIT Kharagpur,1662,Aeronautical Development Agency,4,17,0.235
IIT Kharagpur,1663,Binod Bihari Mahto Koyalanchal University,4,0,
IIT Kharagpur,1664,MNR Dental College and Hospital,4,3,1.333
IIT Kharagpur,1665,Central Council for Research in Unani Medicine,4,3,1.333
IIT Kharagpur,1666,Centre for Studies in Social Sciences Calcutta,4,21,0.19
IIT Kharagpur,1667,Integrated Test Range,4,21,0.19
IIT Kharagpur,1668,Kongu Arts and Science College,4,1,4.0
IIT Kharagpur,1669,Telangana University,4,2,2.0
IIT Kharagpur,1670,University B.D.T College of Engineering,4,14,0.286
IIT Kharagpur,1671,Sadiya College,4,0,
IIT Kharagpur,1672,Rajiv Gandhi National Aviation University,4,0,
IIT Kharagpur,1673,Uttar Pradesh Pandit Deen Dayal Upadhyaya Pashu Chikitsa Vigyan Vishwavidyalaya Evam Go-Anusandhan Sansthan,4,20,0.2
IIT Kharagpur,1674,Indian Centre for Space Physics,4,2,2.0
IIT Kharagpur,1675,“Tribhuvan” Sahkari University,4,0,
IIT Kharagpur,1676,Power Grid Corporation (India),4,2,2.0
IIT Kharagpur,1677,Karimganj College,4,13,0.308
IIT Kharagpur,1678,Mahatma Gandhi Mission Institute of Health Sciences,4,4,1.0
IIT Kharagpur,1679,Lady Hardinge Medical College,4,21,0.19
IIT Kharagpur,1680,Gandhi Medical College,4,6,0.667
IIT Kharagpur,1681,Jharkhand Rai University,4,0,
IIT Kharagpur,1682,Kishkinda University,4,0,
IIT Kharagpur,1683,Mariammal Educational Trust,4,1,4.0
IIT Kharagpur,1684,Department of Scientific and Industrial Research,4,17,0.235
IIT Kharagpur,1685,Central University of Andhra Pradesh,4,0,
IIT Kharagpur,1686,Army Hospital Research and Referral,4,5,0.8
IIT Kharagpur,1687,Chhattisgarh Kamdhenu Vishwavidyalaya,4,4,1.0
IIT Kharagpur,1688,Indraprastha Apollo Hospitals,4,23,0.174
IIT Kharagpur,1689,Campbell Collaboration,4,0,
IIT Kharagpur,1690,Oil India (India),4,10,0.4
IIT Kharagpur,1691,Motilal Nehru Medical College,4,7,0.571
IIT Kharagpur,1692,National Institute of Cancer Prevention and Research,4,12,0.333
IIT Kharagpur,1693,"Jagannath International Management School, Kalkaji, New Delhi",4,0,
IIT Kharagpur,1694,"Vivekanand Education Society's College of Arts, Science and Commerce (Autonomous)",4,0,
IIT Kharagpur,1695,Metro College of Health Sciences and Research,4,0,
IIT Kharagpur,1696,Tezpur Medical College & Hospital,4,1,4.0
IIT Kharagpur,1697,King Institute of Preventive Medicine and Research,4,8,0.5
IIT Kharagpur,1698,Vector Control Research Centre,4,7,0.571
IIT Kharagpur,1699,Bharathiyar Institute of Engineering for Women,4,0,
IIT Kharagpur,1700,Institute of Pesticide Formulation Technology,4,4,1.0
IIT Kharagpur,1701,Institute for Resource Analysis and Policy,4,12,0.333
IIT Kharagpur,1702,"Zeal College of Engineering and Research, Pune",4,2,2.0
IIT Kharagpur,1703,"Toshniwal Arts, Commerce, and Science College",4,1,4.0
IIT Kharagpur,1704,Adesh Medical College & Hospital,4,0,
IIT Kharagpur,1705,Dalmia Institute of Scientific & Industrial Research,4,0,
IIT Kharagpur,1706,Nistarini Women's College,4,9,0.444
IIT Kharagpur,1707,Indian Institute of Teacher Education,4,1,4.0
IIT Kharagpur,1708,Dev Sanskriti Vishwavidyalaya,4,0,
IIT Kharagpur,1709,Bikaner Technical University,4,0,
IIT Kharagpur,1710,GLS University,4,1,4.0
IIT Kharagpur,1711,Gujarat National Law University,4,6,0.667
IIT Kharagpur,1712,Institute of Bioinformatics and Applied Biotechnology,4,16,0.25
IIT Kharagpur,1713,General Electric (India),4,45,0.089
IIT Kharagpur,1714,Dr. B. R. Ambedkar Open University,4,0,
IIT Kharagpur,1715,Shri Shikshayatan College,4,0,
IIT Kharagpur,1716,Bangabasi College,4,17,0.235
IIT Kharagpur,1717,Directorate of Coldwater Fisheries Research,4,5,0.8
IIT Kharagpur,1718,Observer Research Foundation,4,11,0.364
IIT Kharagpur,1719,Chameli Devi Institute of Pharmacy,4,1,4.0
IIT Kharagpur,1720,Sandip Foundation,4,0,
IIT Kharagpur,1721,Asian School of Business,4,0,
IIT Kharagpur,1722,Indian Railways,4,14,0.286
IIT Kharagpur,1723,Asian Development Research Institute,4,9,0.444
IIT Kharagpur,1724,Surya Sen Mahavidyalaya,4,1,4.0
IIT Kharagpur,1725,Institute of Astronomy Space and Earth Science,4,0,
IIT Kharagpur,1726,Mahatma Gandhi Institute of Medical Sciences,4,11,0.364
IIT Kharagpur,1727,Nehru Gram Bharti University,4,3,1.333
IIT Kharagpur,1728,Monark University,4,0,
IIT Kharagpur,1729,Defence Institute of Physiology and Allied Sciences,4,16,0.25
IIT Kharagpur,1730,Sri Venkateswara Institute of Medical Sciences,4,4,1.0
IIT Kharagpur,1731,"School of Management Sciences, Varanasi",4,1,4.0
IIT Kharagpur,1732,Centre For Wildlife Studies,4,20,0.2
IIT Kharagpur,1733,KVG Dental College & Hospital,4,1,4.0
IIT Kharagpur,1734,"Council on Energy, Environment and Water",4,12,0.333
IIT Kharagpur,1735,Krupajal Engineering College,4,2,2.0
IIT Kharagpur,1736,Hiralal Mazumdar Memorial College for Women,4,3,1.333
IIT Kharagpur,1737,"Government Engineering College, Bhavnagar",4,2,2.0
IIT Kharagpur,1738,Career Institute Of Medical & Dental Sciences and Hospital,4,1,4.0
IIT Kharagpur,1739,New Alipore College,4,2,2.0
IIT Kharagpur,1740,"St. John's College, Agra",3,10,0.3
IIT Kharagpur,1741,Nivetha Institute of Earth and Environmental Sciences,3,0,
IIT Kharagpur,1742,Sustainable Futures Collaborative,3,2,1.5
IIT Kharagpur,1743,National Bureau of Animal Genetic Resources,3,1,3.0
IIT Kharagpur,1744,Ministry of New and Renewable Energy,3,8,0.375
IIT Kharagpur,1745,ICAR - National Meat Research Institute,3,6,0.5
IIT Kharagpur,1746,Mannar Thirumalai Naicker College,3,0,
IIT Kharagpur,1747,"Jagannath International Management School, Vasant Kunj, New Delhi",3,1,3.0
IIT Kharagpur,1748,Deccan College of Medical Sciences,3,1,3.0
IIT Kharagpur,1749,Syamaprasad College,3,0,
IIT Kharagpur,1750,Defence Bioengineering and Electromedical Laboratory,3,12,0.25
IIT Kharagpur,1751,Anusandhan National Research Foundation,3,1,3.0
IIT Kharagpur,1752,NIILM University,3,1,3.0
IIT Kharagpur,1753,Novartis (India),3,4,0.75
IIT Kharagpur,1754,"Indian Institute of Information Technology Senapati, Manipur",3,1,3.0
IIT Kharagpur,1755,Government Model Science College,3,2,1.5
IIT Kharagpur,1756,Centre for Ecology Development and Research,3,5,0.6
IIT Kharagpur,1757,Gondwana University,3,4,0.75
IIT Kharagpur,1758,"All India Institute of Medical Sciences, Mangalagiri",3,0,
IIT Kharagpur,1759,Indian Army,3,11,0.273
IIT Kharagpur,1760,Sri Indu Institute of Engineering and Technology,3,1,3.0
IIT Kharagpur,1761,Kedarnath Girdharilal Khatri Degree College,3,0,
IIT Kharagpur,1762,University College for Women,3,0,
IIT Kharagpur,1763,National Health Systems Resource Centre,3,9,0.333
IIT Kharagpur,1764,Dr. R. Ahmed Dental College and Hospital,3,10,0.3
IIT Kharagpur,1765,Jeppiaar University,3,1,3.0
IIT Kharagpur,1766,"Jawaharlal Nehru Technological University-Gurajada, Vizianagaram",3,0,
IIT Kharagpur,1767,Pacif Institute of Cosmology and Selfology,3,0,
IIT Kharagpur,1768,Central Sericultural Germplasm Resources Centre,3,0,
IIT Kharagpur,1769,St. Andrews Institute of Technology and Management,3,2,1.5
IIT Kharagpur,1770,National Institute of Science Communication and Information Resources,3,7,0.429
IIT Kharagpur,1771,Netaji Subhas Chandra Bose Cancer Research Institute,3,0,
IIT Kharagpur,1772,College of Medicine & JNM Hospital,3,5,0.6
IIT Kharagpur,1773,Nalla Malla Reddy Engineering College,3,2,1.5
IIT Kharagpur,1774,Krishna Kanta Handiqui State Open University,3,0,
IIT Kharagpur,1775,Advanced Systems Laboratory,3,35,0.086
IIT Kharagpur,1776,Advanced Numerical Research and Analysis Group,3,4,0.75
IIT Kharagpur,1777,Maharaja Manindra Chandra College,3,16,0.188
IIT Kharagpur,1778,University College of Engineering and Technology,3,3,1.0
IIT Kharagpur,1779,The Automotive Research Association of India,3,7,0.429
IIT Kharagpur,1780,Confederation of Indian Industry,3,8,0.375
IIT Kharagpur,1781,Chameli Devi Group of Institutions,3,0,
IIT Kharagpur,1782,ICARE Institute of Medical Sciences and Research & Dr. Bidhan Chandra Roy Hospital,3,3,1.0
IIT Kharagpur,1783,Pandit Bhagwat Dayal Sharma University of Health Sciences,3,7,0.429
IIT Kharagpur,1784,Hislop College,3,2,1.5
IIT Kharagpur,1785,Guru Teg Bahadur Hospital,3,19,0.158
IIT Kharagpur,1786,"All India Institute of Medical Sciences, Madurai",3,0,
IIT Kharagpur,1787,Maharashtra Forest Department,3,6,0.5
IIT Kharagpur,1788,Dr. K.N.Modi University,3,0,
IIT Kharagpur,1789,Scientific Analysis Group,3,7,0.429
IIT Kharagpur,1790,Oracle (India),3,3,1.0
IIT Kharagpur,1791,Babu Banarasi Das Northern India Institute of Technology,3,0,
IIT Kharagpur,1792,Max Super Speciality Hospital,3,9,0.333
IIT Kharagpur,1793,Indira Gandhi Technological and Medical Sciences University,3,0,
IIT Kharagpur,1794,Sido Kanhu Murmu University,3,0,
IIT Kharagpur,1795,Johnson & Johnson (India),3,6,0.5
IIT Kharagpur,1796,Healthcare Technology Innovation Centre,3,3,1.0
IIT Kharagpur,1797,Kakaraparti Bhavanarayana College,3,0,
IIT Kharagpur,1798,Central Institute of Freshwater Aquaculture,3,31,0.097
IIT Kharagpur,1799,Kunthavai Naacchiyaar Government Arts College for Women (Autonomous),3,5,0.6
IIT Kharagpur,1800,"Government College of Engineering, Erode",3,6,0.5
IIT Kharagpur,1801,Kempegowda Institute of Medical Sciences,3,5,0.6
IIT Kharagpur,1802,Suven Life Sciences (India),3,0,
IIT Kharagpur,1803,Rishi Bankim Chandra College for Women,3,3,1.0
IIT Kharagpur,1804,Chhattisgarh Council of Science and Technology,3,9,0.333
IIT Kharagpur,1805,University of Technology and Management,3,0,
IIT Kharagpur,1806,Sree Sevugan Annamalai College,3,3,1.0
IIT Kharagpur,1807,Baba Raghav Das Medical College,3,5,0.6
IIT Kharagpur,1808,NETES Institute of Pharmaceutical Science,3,1,3.0
IIT Kharagpur,1809,World Health Organization - India,3,26,0.115
IIT Kharagpur,1810,Aravind Eye Hospital,3,29,0.103
IIT Kharagpur,1811,Emami (India),3,4,0.75
IIT Kharagpur,1812,Government of Mizoram,3,3,1.0
IIT Kharagpur,1813,Pallium India,3,0,
IIT Kharagpur,1814,K.S.R. Institute of Dental Science and Research,3,1,3.0
IIT Kharagpur,1815,Assumption College,3,1,3.0
IIT Kharagpur,1816,"Shivharsh Kisan Post Graduate College, Basti",3,0,
IIT Kharagpur,1817,Bhagwan Mahaveer Cancer Hospital and Research Centre,3,1,3.0
IIT Kharagpur,1818,"G.S. Science, Arts And Commerce College",3,6,0.5
IIT Kharagpur,1819,North Eastern Indira Gandhi Regional Institute of Health and Medical Sciences,3,5,0.6
IIT Kharagpur,1820,State Council of Science and Technology for Sikkim,3,9,0.333
IIT Kharagpur,1821,Uttarakhand Open University,3,3,1.0
IIT Kharagpur,1822,"Multanimal Modi College, Modinagar",3,1,3.0
IIT Kharagpur,1823,Shri Sathya Sai Medical College and Research Institute,3,3,1.0
IIT Kharagpur,1824,Bineswar Brahma Engineering College,3,3,1.0
IIT Kharagpur,1825,Maulana Azad Institute of Dental Sciences,3,2,1.5
IIT Kharagpur,1826,Gujarat Institute of Desert Ecology,3,8,0.375
IIT Kharagpur,1827,Sri Konda Laxman Telangana State Horticultural University,3,1,3.0
IIT Kharagpur,1828,Raiganj Surendranath Mahavidyalaya,3,11,0.273
IIT Kharagpur,1829,Ispat General Hospital,3,7,0.429
IIT Kharagpur,1830,Ministry of Mines,3,6,0.5
IIT Kharagpur,1831,Piramal (India),3,11,0.273
IIT Kharagpur,1832,Maharashtra State Board of Technical Education,3,1,3.0
IIT Kharagpur,1833,Rajiv Gandhi Cancer Institute and Research Centre,3,6,0.5
IIT Kharagpur,1834,Dakshin Foundation,3,3,1.0
IIT Kharagpur,1835,Central Council for Research in Homoeopathy,3,3,1.0
IIT Kharagpur,1836,Maulana Azad University Jodhpur,3,0,
IIT Kharagpur,1837,Biswa Bangla Biswabidyalay,3,0,
IIT Kharagpur,1838,National Institute of Ayurveda,3,0,
IIT Kharagpur,1839,Savoirs et Mondes Indiens,3,3,1.0
IIT Kharagpur,1840,Dr. Subhash University,3,0,
IIT Kharagpur,1841,Bangalore Medical College and Research Institute,3,8,0.375
IIT Kharagpur,1842,National Institute of Design,3,6,0.5
IIT Kharagpur,1843,Government Medical College and Hospital,3,24,0.125
IIT Kharagpur,1844,"Sree Narayana College, Punalur",3,2,1.5
IIT Kharagpur,1845,Tehatta Sadananda Mahavidyalaya,3,2,1.5
IIT Kharagpur,1846,"Loknete Vyankatrao Hiray Arts, Science and Commerce College",3,8,0.375
IIT Kharagpur,1847,TVS Motor Company (India),3,6,0.5
IIT Kharagpur,1848,Department of Chemicals and Petrochemicals,3,0,
IIT Kharagpur,1849,Tech Mahindra (India),3,15,0.2
IIT Kharagpur,1850,Burdwan Medical College & Hospital,3,5,0.6
IIT Kharagpur,1851,St. John's National Academy of Health Sciences,3,5,0.6
IIT Kharagpur,1852,SMBT College of Pharmacy,3,0,
IIT Kharagpur,1853,Aditya Birla (India),3,14,0.214
IIT Kharagpur,1854,Kammavari Sangham Institute of Technology,3,5,0.6
IIT Kharagpur,1855,Rangaraya Medical College,3,1,3.0
IIT Kharagpur,1856,Maharashtra University of Health Sciences,3,4,0.75
IIT Kharagpur,1857,Kendrapara Autonomous College,3,0,
IIT Kharagpur,1858,"Mahatma Gandhi Arts, Science & Late Nasaruddhinbhai Panjwani Commerce College",3,3,1.0
IIT Kharagpur,1859,National Centre for Compositional Characterisation of Materials,3,19,0.158
IIT Kharagpur,1860,Eastern Command Hospital,3,1,3.0
IIT Kharagpur,1861,Shri Dharmasthala Manjunatheshwara University,3,10,0.3
IIT Kharagpur,1862,Shri A.M.M. Murugappa Chettiar Research Centre,3,12,0.25
IIT Kharagpur,1863,BLK Super Speciality Hospital,3,9,0.333
IIT Kharagpur,1864,Mahindra and Mahindra Limited (India),3,3,1.0
IIT Kharagpur,1865,Thai Moogambigai Dental College and Hospital,3,1,3.0
IIT Kharagpur,1866,Rajiv Gandhi University of Health Sciences,3,5,0.6
IIT Kharagpur,1867,Rajasthan University of Health Sciences,3,3,1.0
IIT Kharagpur,1868,P. D. Hinduja Hospital and Medical Research Centre,3,12,0.25
IIT Kharagpur,1869,Asian Paints (India),3,3,1.0
IIT Kharagpur,1870,Sri Ramakrishna Institute of Paramedical Sciences,3,2,1.5
IIT Kharagpur,1871,PSG College of Pharmacy,3,4,0.75
IIT Kharagpur,1872,National Bureau of Agricultural Insect Resources,3,5,0.6
IIT Kharagpur,1873,Indian Institute of Natural Resins and Gums,3,13,0.231
IIT Kharagpur,1874,Camellia Institute of Technology,3,1,3.0
IIT Kharagpur,1875,Maharaja Krishna Chandra Gajapati Medical College and Hospital,3,1,3.0
IIT Kharagpur,1876,Kalinga Institute of Social Sciences,3,2,1.5
IIT Kharagpur,1877,JSS Dental College and Hospital,3,4,0.75
IIT Kharagpur,1878,Persistent Systems (India),3,6,0.5
IIT Kharagpur,1879,"All India Institute of Medical Sciences, Nagpur",3,11,0.273
IIT Kharagpur,1880,National Institute of Urban Affairs,3,15,0.2
IIT Kharagpur,1881,Kaliyaganj College,3,0,
IIT Kharagpur,1882,Virus Unit,2,5,0.4
IIT Kharagpur,1883,Cipla (India),2,3,0.667
IIT Kharagpur,1884,TIFR Centre for Applicable Mathematics,2,6,0.333
IIT Kharagpur,1885,Spices Board India,2,2,1.0
IIT Kharagpur,1886,Mahamana Pandit Madan Mohan Malaviya Cancer Centre,2,0,
IIT Kharagpur,1887,Asian Law College,2,0,
IIT Kharagpur,1888,Pfizer (India),2,2,1.0
IIT Kharagpur,1889,Anjuman Islam Janjira Degree College of Science,2,0,
IIT Kharagpur,1890,BGS Global Hospital,2,0,
IIT Kharagpur,1891,Institute of Reproductive Medicine,2,52,0.038
IIT Kharagpur,1892,West Bengal University of Health Sciences,2,4,0.5
IIT Kharagpur,1893,Institute of Health Management Research Bangalore,2,1,2.0
IIT Kharagpur,1894,Manipal Hospital,2,3,0.667
IIT Kharagpur,1895,National Law School of India University,2,5,0.4
IIT Kharagpur,1896,National Research Development Corporation,2,3,0.667
IIT Kharagpur,1897,Electronics and Radar Development Establishment,2,4,0.5
IIT Kharagpur,1898,Raja Rammohun Roy Mahavidyalaya,2,1,2.0
IIT Kharagpur,1899,Directorate of Poultry Research,2,11,0.182
IIT Kharagpur,1900,Tata Institute for Genetics and Society,2,0,
IIT Kharagpur,1901,IQVIA (India),2,2,1.0
IIT Kharagpur,1902,Department of Telecommunications,2,1,2.0
IIT Kharagpur,1903,Adani Group (India),2,6,0.333
IIT Kharagpur,1904,Kabi Samrat Upendra Bhanja College,2,1,2.0
IIT Kharagpur,1905,"Bansal Institute of Engineering And Technology, Lucknow",2,0,
IIT Kharagpur,1906,Veer Surendra Sai Medical College and Hospital,2,0,
IIT Kharagpur,1907,Stanley Medical College,2,2,1.0
IIT Kharagpur,1908,Shri Guru Ram Rai Institute of Medical & Health Sciences,2,1,2.0
IIT Kharagpur,1909,Velammal Medical College Hospital and Research Institute,2,0,
IIT Kharagpur,1910,Mamata Medical College,2,4,0.5
IIT Kharagpur,1911,"Babasaheb Naik College of Engineering, Pusad",2,7,0.286
IIT Kharagpur,1912,Indus Biotech (India),2,0,
IIT Kharagpur,1913,St. Kabir Institute of Professional Studies,2,1,2.0
IIT Kharagpur,1914,Hester,2,2,1.0
IIT Kharagpur,1915,Shalby Hospitals,2,2,1.0
IIT Kharagpur,1916,Ministry of Railways,2,1,2.0
IIT Kharagpur,1917,Kaloji Narayana Rao University of Health Sciences,2,0,
IIT Kharagpur,1918,Centre for Policy Studies,2,0,
IIT Kharagpur,1919,Kannur Medical College,2,3,0.667
IIT Kharagpur,1920,Grant Medical College and Sir Jamshedjee Jeejeebhoy Group of Hospitals,2,2,1.0
IIT Kharagpur,1921,KPC Medical College and Hospital,2,15,0.133
IIT Kharagpur,1922,Malankara Orthodox Syrian Church Medical College Hospital,2,0,
IIT Kharagpur,1923,Dharma Samaj College,2,4,0.5
IIT Kharagpur,1924,MEASI Institute of Management,2,1,2.0
IIT Kharagpur,1925,"Harish Chandra Post Graduate College, Varanasi",2,0,
IIT Kharagpur,1926,Midnapore Medical College and Hospital,2,35,0.057
IIT Kharagpur,1927,Yashoda Hospital,2,1,2.0
IIT Kharagpur,1928,Integrative Centre for Research & Innovation in Biology,2,0,
IIT Kharagpur,1929,Bharat Forge (India),2,8,0.25
IIT Kharagpur,1930,Kandra Radhakanta Kundu Mahavidyalaya,2,0,
IIT Kharagpur,1931,Vinayaka Missions Medical College and Hospitals,2,3,0.667
IIT Kharagpur,1932,Surendranath Evening College,2,5,0.4
IIT Kharagpur,1933,Sun Pharma (India),2,0,
IIT Kharagpur,1934,Wildlife Trust of India,2,1,2.0
IIT Kharagpur,1935,Tiruvalla Medical Mission,2,0,
IIT Kharagpur,1936,Gokhale Education Society,2,1,2.0
IIT Kharagpur,1937,North Lakhimpur University,2,0,
IIT Kharagpur,1938,Apollo Hospitals Educational and Research Foundation,2,3,0.667
IIT Kharagpur,1939,National Power Training Institute,2,5,0.4
IIT Kharagpur,1940,Debraj Roy College,2,2,1.0
IIT Kharagpur,1941,Institute for Seri-Biotechnological Research,2,3,0.667
IIT Kharagpur,1942,St. Joseph Dental College,2,1,2.0
IIT Kharagpur,1943,Institute of Chartered Accountants of India,2,0,
IIT Kharagpur,1944,G. Pulla Reddy College of Pharmacy,2,1,2.0
IIT Kharagpur,1945,"St. Agnes College (Autonomous), Mangaluru",2,1,2.0
IIT Kharagpur,1946,Biological E (India),2,1,2.0
IIT Kharagpur,1947,Uttarakhand Forest Department,2,0,
IIT Kharagpur,1948,Ministry of Skill Development and Entrepreneurship,2,0,
IIT Kharagpur,1949,Jubilant Life Sciences (India),2,2,1.0
IIT Kharagpur,1950,Shree Dhanvantary Pharmacy College,2,4,0.5
IIT Kharagpur,1951,"Christ Church College, Kanpur",2,2,1.0
IIT Kharagpur,1952,Vidyalankar School of Information Technology,2,0,
IIT Kharagpur,1953,NIIT (India),2,9,0.222
IIT Kharagpur,1954,Adani Institute of Infrastructure Engineering,2,8,0.25
IIT Kharagpur,1955,Inventia (India),2,1,2.0
IIT Kharagpur,1956,T. D. Medical College,2,1,2.0
IIT Kharagpur,1957,"Azim Premji University, Bhopal",2,1,2.0
IIT Kharagpur,1958,Government Mohan Kumaramangalam Medical College,2,2,1.0
IIT Kharagpur,1959,Central Institute for Research on Goats,2,5,0.4
IIT Kharagpur,1960,National AIDS Research Institute,2,4,0.5
IIT Kharagpur,1961,Bagadhar Brahma Kishan College,2,0,
IIT Kharagpur,1962,R. N. G. Patel Institute of Technology,2,0,
IIT Kharagpur,1963,Himgiri Zee University,2,2,1.0
IIT Kharagpur,1964,Bharti Hospital,2,3,0.667
IIT Kharagpur,1965,KIRND Institute of Research and Development Pvt Ltd,2,1,2.0
IIT Kharagpur,1966,Mahindra Group (India),2,7,0.286
IIT Kharagpur,1967,Maharaja Agrasen Institute of Management Studies,2,5,0.4
IIT Kharagpur,1968,Sitamarhi Institute of Technology,2,0,
IIT Kharagpur,1969,Rajendra Hospital,2,1,2.0
IIT Kharagpur,1970,Kirloskar Group (India),2,0,
IIT Kharagpur,1971,Sri Sri Institute for Advanced Research,2,0,
IIT Kharagpur,1972,"Mahatma Gandhi College, Darbhanga",2,0,
IIT Kharagpur,1973,Maharashtra Hybrid Seeds (India),2,1,2.0
IIT Kharagpur,1974,Dr. Daulatrao Aher College of Engineering,2,0,
IIT Kharagpur,1975,Punjab State Council for Science & Technology,2,0,
IIT Kharagpur,1976,Christ Academy Institute for Advanced Studies,2,0,
IIT Kharagpur,1977,Centre for Personnel Talent Management,2,1,2.0
IIT Kharagpur,1978,Vardhaman Mahaveer Open University,2,0,
IIT Kharagpur,1979,Centre for Economic and Social Studies,2,18,0.111
IIT Kharagpur,1980,Gobardanga Hindu College,2,5,0.4
IIT Kharagpur,1981,GloNeuro,2,2,1.0
IIT Kharagpur,1982,Kanchi Kamakoti CHILDS Trust Hospital,2,2,1.0
IIT Kharagpur,1983,Seth Anandram Jaipuria College,2,9,0.222
IIT Kharagpur,1984,Bombay Hospital,2,3,0.667
IIT Kharagpur,1985,Indian Air Force,2,5,0.4
IIT Kharagpur,1986,Dumkal Institute of Engineering & Technology,2,0,
IIT Kharagpur,1987,National Center for Disease Control,2,22,0.091
IIT Kharagpur,1988,Institute of Neurosciences Kolkata,2,2,1.0
IIT Kharagpur,1989,Central Council for Research in Siddha,2,0,
IIT Kharagpur,1990,Indira Gandhi Institute of Medical Sciences,2,5,0.4
IIT Kharagpur,1991,Delhi Metropolitan Education,2,0,
IIT Kharagpur,1992,Centre for Interdisciplinary Research and Education,2,5,0.4
IIT Kharagpur,1993,M S Ramaiah Institute of Management,2,20,0.1
IIT Kharagpur,1994,Delhi Pollution Control Committee,2,6,0.333
IIT Kharagpur,1995,"Institute of Mathematics and Applications, Bhubaneswar",2,3,0.667
IIT Kharagpur,1996,Sanskriti Samvardhan Mandal,2,0,
IIT Kharagpur,1997,Narayana Health,2,7,0.286
IIT Kharagpur,1998,Sumathi Reddy Institute of Technology for Women,2,0,
IIT Kharagpur,1999,Agilent Technologies (India),2,4,0.5
IIT Kharagpur,2000,Wildlife Conservation Society India,2,15,0.133
IIT Kharagpur,2001,Murugappa (India),2,0,
IIT Kharagpur,2002,"Government College of Engineering, Nagpur",2,0,
IIT Kharagpur,2003,Silchar Medical College and Hospital,2,5,0.4
IIT Kharagpur,2004,Asian Business School,2,0,
IIT Kharagpur,2005,Krishna Institute of Medical Sciences,2,7,0.286
IIT Kharagpur,2006,Shiv Nadar Foundation,2,0,
IIT Kharagpur,2007,Ayurvet (India),2,1,2.0
IIT Kharagpur,2008,Hemwati Nandan Bahuguna Uttarakhand Medical Education University,2,1,2.0
IIT Kharagpur,2009,Guru Gobind Singh Medical College and Hospital,2,1,2.0
IIT Kharagpur,2010,Santipur College,2,2,1.0
IIT Kharagpur,2011,Panineeya Institute of Dental Sciences & Research Centre,2,0,
IIT Kharagpur,2012,National Museum New Delhi,2,0,
IIT Kharagpur,2013,Sikkim Alpine University,2,1,2.0
IIT Kharagpur,2014,"St. Philomena College, Puttur",2,0,
IIT Kharagpur,2015,"Rajasthan Aryan Arts, Shri Mithulalji Kacholiya Commerce & Shri Satyanarayanji Ramkrishanji Rathi Science Mahavidyalaya",2,1,2.0
IIT Kharagpur,2016,Sawai Man Singh Hospital,2,2,1.0
IIT Kharagpur,2017,Shri Bhagubhai Mafatlal Polytechnic and College of Engineering,2,0,
IIT Kharagpur,2018,Brahmananda Keshab Chandra College,2,2,1.0
IIT Kharagpur,2019,Banki College,2,1,2.0
IIT Kharagpur,2020,Seacom Engineering College,2,10,0.2
IIT Kharagpur,2021,NM Sadguru Water and Development Foundation,2,0,
IIT Kharagpur,2022,Rajagiri Hospital,2,0,
IIT Kharagpur,2023,Ipca Laboratories (India),2,0,
IIT Kharagpur,2024,Kokilaben Dhirubhai Ambani Hospital,2,1,2.0
IIT Kharagpur,2025,Maharaja Chhatrasal Bundelkhand University,2,0,
IIT Kharagpur,2026,Debra Thana Sahid Kshudiram Smriti Mahavidyalaya,2,2,1.0
IIT Kharagpur,2027,Jain hospital,2,2,1.0
IIT Kharagpur,2028,"Guru Nanak Dev University College, Verka",2,0,
IIT Kharagpur,2029,Jangipur College,2,1,2.0
IIT Kharagpur,2030,Central Institute of Psychiatry,2,2,1.0
IIT Kharagpur,2031,Haldia Institute of Health Sciences,2,0,
IIT Kharagpur,2032,Jhargram Government Medical College and Hospital,2,0,
IIT Kharagpur,2033,Health Action by People,2,2,1.0
IIT Kharagpur,2034,Avantha Centre for Industrial Research & Development,2,3,0.667
IIT Kharagpur,2035,Vivek University,2,0,
IIT Kharagpur,2036,Centre for Aromatic Plants,2,1,2.0
IIT Kharagpur,2037,Charuchandra College,2,2,1.0
IIT Kharagpur,2038,"Govt.W.W. Patankar Girls’ PG College, Durg",2,0,
IIT Kharagpur,2039,Lakshmibai National Institute of Physical Education,2,1,2.0
IIT Kharagpur,2040,Uttarakhand Ayurved University,2,1,2.0
IIT Kharagpur,2041,Naval Science & Technological Laboratory,2,15,0.133
IIT Kharagpur,2042,Mohammad Ali Jauhar University,2,0,
IIT Kharagpur,2043,Vimta (India),2,0,
IIT Kharagpur,2044,Udaipur Solar Observatory,2,2,1.0
IIT Kharagpur,2045,SVS Medical College,2,1,2.0
IIT Kharagpur,2046,Quazar Technologies (India),2,0,
IIT Kharagpur,2047,Annai Vailankanni Arts and Science College,2,0,
IIT Kharagpur,2048,Dr. Lal PathLabs Pvt Ltd (India),2,2,1.0
IIT Kharagpur,2049,Society For Development Alternatives,2,1,2.0
IIT Kharagpur,2050,Engineering Staff College of India,2,0,
IIT Kharagpur,2051,National Institute of Animal Nutrition and Physiology,2,10,0.2
IIT Kharagpur,2052,"Sitabai Thite College of Pharmacy, Shirur",2,1,2.0
IIT Kharagpur,2053,Marico (India),2,0,
IIT Kharagpur,2054,Awadhesh Pratap Singh University,2,18,0.111
IIT Kharagpur,2055,B.J. Medical College,2,4,0.5
IIT Kharagpur,2056,Fishery Survey of India,2,0,
IIT Kharagpur,2057,Fortis Healthcare,2,14,0.143
IIT Kharagpur,2058,Dr. Rajendra Prasad Government Medical College,2,3,0.667
IIT Kharagpur,2059,Apollo Adlux Hospital,2,0,
IIT Kharagpur,2060,National Fisheries Development Board,2,0,
IIT Kharagpur,2061,Medanta The Medicity,2,17,0.118
IIT Kharagpur,2062,Don Bosco College of Engineering,2,1,2.0
IIT Kharagpur,2063,National Institute of Rock Mechanics,2,11,0.182
IIT Kharagpur,2064,Chhatrapati Shivaji Maharaj University,2,0,
IIT Kharagpur,2065,Prof. Rajendra Singh (Rajju Bhaiya) University,2,0,
IIT Kharagpur,2066,K.L.E. Society's S. Nijalingappa College,2,1,2.0
IIT Kharagpur,2067,Lilavati Hospital & Research Centre,2,12,0.167
IIT Kharagpur,2068,Maa Manikeshwari University,2,1,2.0
IIT Kharagpur,2069,State Bank of India,2,2,1.0
IIT Kharagpur,2070,Eastern Institute For Integrated Learning In Management - Kolkata,2,0,
IIT Kharagpur,2071,National Institute of High Security Animal Diseases,2,1,2.0
IIT Kharagpur,2072,B. J. Medical College & Sassoon Hospital,2,5,0.4
IIT Kharagpur,2073,Central Board of Secondary Education,2,0,
IIT Kharagpur,2074,Translational Research Platform for Veterinary Biologicals (India),2,0,
IIT Kharagpur,2075,National JALMA Institute for Leprosy & Other Mycobacterial Diseases,2,8,0.25
IIT Kharagpur,2076,Squad Medicine and Research (SMR),2,0,
IIT Kharagpur,2077,Goa Medical College,2,6,0.333
IIT Kharagpur,2078,Smt. Kashibai Navale Medical College and General hospital,2,3,0.667
IIT Kharagpur,2079,Central University of Tibetan Studies,2,1,2.0
IIT Kharagpur,2080,Jagadamba Mahavidyalaya,2,3,0.667
IIT Kharagpur,2081,Kalpana Chawla Government Medical College and Hospital,2,0,
IIT Kharagpur,2082,QNu Labs (India),2,0,
IIT Kharagpur,2083,Tata Chemicals (India),2,4,0.5
IIT Kharagpur,2084,"Regional Cancer Center, Thiruvananthapuram",2,25,0.08
IIT Kharagpur,2085,Centre For Human Genetics,2,1,2.0
IIT Kharagpur,2086,Praj (India),2,1,2.0
IIT Kharagpur,2087,Dhanvantari Ayurveda College Hospital and Research Centre,2,0,
IIT Kharagpur,2088,Central Forensic Science Laboratory,2,1,2.0
IIT Kharagpur,2089,Advanced Instrumentation Research Facility,2,4,0.5
IIT Kharagpur,2090,Shri BM Patil Medical College,2,2,1.0
IIT Kharagpur,2091,Aarupadai Veedu Medical College & Hospital,2,1,2.0
IIT Kharagpur,2092,Saroj Gupta Cancer Centre & Research Institute,2,14,0.143
IIT Kharagpur,2093,Hindu College of Pharmacy,2,4,0.5
IIT Kharagpur,2094,Vignan's Institute of Management and Technology for Women,2,0,
IIT Kharagpur,2095,Bundelkhand Medical College,2,0,
IIT Kharagpur,2096,B.V. Raju College,2,0,
IIT Kharagpur,2097,Gitarattan International Business School,2,0,
IIT Kharagpur,2098,National Institute of Health and Family Welfare,2,13,0.154
IIT Kharagpur,2099,Karnataka Institute of Medical Sciences,2,3,0.667
IIT Kharagpur,2100,Tilak Dhari Post Graduate College,2,2,1.0
IIT Kharagpur,2101,New Delhi Tuberculosis Center,1,0,
IIT Kharagpur,2102,National Maritime Foundation,1,1,1.0
IIT Kharagpur,2103,Rabindranath Tagore International Institute of Cardiac Sciences,1,2,0.5
IIT Kharagpur,2104,Center for Studies in Ethnobiology Biodiversity & Sustainability,1,1,1.0
IIT Kharagpur,2105,Directorate of Technical Education,1,1,1.0
IIT Kharagpur,2106,Abhedananda Mahavidyalaya,1,1,1.0
IIT Kharagpur,2107,Uttarakhand Jal Sansthan,1,0,
IIT Kharagpur,2108,Society for Applied Studies,1,4,0.25
IIT Kharagpur,2109,IDBI Bank,1,0,
IIT Kharagpur,2110,Lokmanya Tilak Municipal General Hospital and Lokmanya Tilak Municipal Medical College,1,8,0.125
IIT Kharagpur,2111,Chhattisgarh Dental College & Research Institute,1,0,
IIT Kharagpur,2112,Banas Medical College and Research Institute,1,0,
IIT Kharagpur,2113,Kaveri University,1,0,
IIT Kharagpur,2114,AJK College of Arts and Science,1,0,
IIT Kharagpur,2115,B. Borooah College,1,2,0.5
IIT Kharagpur,2116,CanKids KidsCan,1,0,
IIT Kharagpur,2117,Baba Saheb Ambedkar Education University,1,0,
IIT Kharagpur,2118,Vehicles Research Development Establishment,1,1,1.0
IIT Kharagpur,2119,Aurigene Discovery Technologies (India),1,0,
IIT Kharagpur,2120,Sarat Centenary College,1,0,
IIT Kharagpur,2121,Central Silk Technological Research Institute,1,3,0.333
IIT Kharagpur,2122,Gian Sagar Medical College and Hospital,1,3,0.333
IIT Kharagpur,2123,Ministry of Corporate Affairs,1,0,
IIT Kharagpur,2124,Uttar Pradesh Council of sugarcane research,1,0,
IIT Kharagpur,2125,Babu Shivnath Agrawal (PG) College,1,2,0.5
IIT Kharagpur,2126,Chirayu Medical College & Hospital,1,0,
IIT Kharagpur,2127,St. Francis de Sales College,1,5,0.2
IIT Kharagpur,2128,Haridwar University,1,0,
IIT Kharagpur,2129,Kanyashree University,1,0,
IIT Kharagpur,2130,Christian Institute of Health Sciences and Research Hospital,1,1,1.0
IIT Kharagpur,2131,Ali Yavar Jung National Institute for the Hearing Handicapped,1,0,
IIT Kharagpur,2132,Impact College of Engineering and Applied Sciences,1,0,
IIT Kharagpur,2133,Lakulish Yoga University,1,0,
IIT Kharagpur,2134,Government College Kota,1,2,0.5
IIT Kharagpur,2135,Electronics Corporation of India,1,6,0.167
IIT Kharagpur,2136,Dr M L Dhawale Memorial Homoeopathic Institute,1,0,
IIT Kharagpur,2137,"Government College, Tonk",1,1,1.0
IIT Kharagpur,2138,St. Mother Theresa Engineering College,1,4,0.25
IIT Kharagpur,2139,Sanjivani Super Speciality Hospitals,1,7,0.143
IIT Kharagpur,2140,Apollo Proton Cancer Centre,1,1,1.0
IIT Kharagpur,2141,Father Muller Medical College Hospital,1,5,0.2
IIT Kharagpur,2142,MaxBrain Technologies (India),1,0,
IIT Kharagpur,2143,Central Sanskrit University,1,0,
IIT Kharagpur,2144,Sun Pharma Advanced Research (India),1,1,1.0
IIT Kharagpur,2145,The Center for Artificial Intelligence and Environmental Sustainability (CAIES) Foundation,1,1,1.0
IIT Kharagpur,2146,Torrent Pharma (India),1,1,1.0
IIT Kharagpur,2147,BGR Energy Systems (India),1,0,
IIT Kharagpur,2148,Homi Bhabha Centre for Science Education,1,1,1.0
IIT Kharagpur,2149,Kamineni Hospitals,1,0,
IIT Kharagpur,2150,Jehangir Hospital,1,5,0.2
IIT Kharagpur,2151,Prananath College (Autonomous),1,1,1.0
IIT Kharagpur,2152,Jaypee Hospital,1,0,
IIT Kharagpur,2153,Teerthanker Mahaveer Medical College & Research Centre,1,2,0.5
IIT Kharagpur,2154,Manuro Tech Research Pvt. Ltd (India),1,0,
IIT Kharagpur,2155,Defence Institute of Bio-Energy Research,1,2,0.5
IIT Kharagpur,2156,Indian Biological Sciences and Research Institute,1,0,
IIT Kharagpur,2157,Manav Bharti University,1,10,0.1
IIT Kharagpur,2158,ICAR-National Research Centre on Pig,1,1,1.0
IIT Kharagpur,2159,STMicroelectronics (India),1,2,0.5
IIT Kharagpur,2160,Indian Institute of Business Management Patna,1,1,1.0
IIT Kharagpur,2161,Mazumdar Shaw Medical Foundation,1,4,0.25
IIT Kharagpur,2162,India Health Action Trust,1,2,0.5
IIT Kharagpur,2163,Mahatma Gandhi Mission Medical College and Hospital,1,2,0.5
IIT Kharagpur,2164,Prashanti Cancer Care Mission,1,2,0.5
IIT Kharagpur,2165,Schizophrenia Research Foundation,1,5,0.2
IIT Kharagpur,2166,Caritas Hospital,1,0,
IIT Kharagpur,2167,Rishi Bankim Chandra Evening College,1,1,1.0
IIT Kharagpur,2168,Humsafar Trust,1,1,1.0
IIT Kharagpur,2169,Podar Ayurved Medical College,1,0,
IIT Kharagpur,2170,"St. Philomena's College, Mysuru",1,0,
IIT Kharagpur,2171,"Ministry of Micro, Small and Medium Enterprises",1,0,
IIT Kharagpur,2172,Rainbow Children's Hospital,1,0,
IIT Kharagpur,2173,Kidwai Memorial Institute of Oncology,1,8,0.125
IIT Kharagpur,2174,Indian Institute of Public Administration,1,7,0.143
IIT Kharagpur,2175,Mazumdar Shaw Medical Centre,1,11,0.091
IIT Kharagpur,2176,Heartfulness Institute,1,0,
IIT Kharagpur,2177,Mahavir Medical Research Centre,1,1,1.0
IIT Kharagpur,2178,Shanmuganathan Engineering College,1,1,1.0
IIT Kharagpur,2179,Praxis Business School,1,2,0.5
IIT Kharagpur,2180,Agri Biotech Foundation,1,1,1.0
IIT Kharagpur,2181,Indian National Science Academy,1,11,0.091
IIT Kharagpur,2182,Balaji College of Pharmacy,1,2,0.5
IIT Kharagpur,2183,Melaka Manipal Medical College,1,4,0.25
IIT Kharagpur,2184,Institute of Public Health Bengaluru,1,2,0.5
IIT Kharagpur,2185,S Nijalingappa Medical College and HSK Hospital & Research Centre,1,4,0.25
IIT Kharagpur,2186,"Krishi Vigyan Kendra, Karda",1,1,1.0
IIT Kharagpur,2187,Centre for Development Economics,1,7,0.143
IIT Kharagpur,2188,Institute of Technology Management,1,0,
IIT Kharagpur,2189,Wildlife Information Liaison Development,1,4,0.25
IIT Kharagpur,2190,National University of Study and Research in Law,1,2,0.5
IIT Kharagpur,2191,Tripura State Pollution Control Board,1,0,
IIT Kharagpur,2192,Indian Institute of Dalit Studies,1,6,0.167
IIT Kharagpur,2193,Alzheimer's and Related Disorders Society of India,1,2,0.5
IIT Kharagpur,2194,"Arts, Commerce and Science College, Palus",1,1,1.0
IIT Kharagpur,2195,Omeo Kumar Das Institute of Social Change and Development,1,1,1.0
IIT Kharagpur,2196,Basanti Devi College,1,8,0.125
IIT Kharagpur,2197,"Samanta Chandra Sekhar Autonomous College, Puri",1,3,0.333
IIT Kharagpur,2198,National Research Centre on Yak,1,4,0.25
IIT Kharagpur,2199,Aeronautical Development Establishment,1,3,0.333
IIT Kharagpur,2200,Plant Lipids (India),1,1,1.0
IIT Kharagpur,2201,Al-Ameen Medical College,1,1,1.0
IIT Kharagpur,2202,Indas Mahavidyalaya,1,2,0.5
IIT Kharagpur,2203,Global Hospitals,1,3,0.333
IIT Kharagpur,2204,International School of Management Excellence,1,0,
IIT Kharagpur,2205,India International University of Legal Education and Research,1,0,
IIT Kharagpur,2206,Monad University,1,0,
IIT Kharagpur,2207,INHS Asvini,1,3,0.333
IIT Kharagpur,2208,Directorate General of Commercial Intelligence and Statistics,1,1,1.0
IIT Kharagpur,2209,ICMR - National Institute of Immunohaemotology,1,10,0.1
IIT Kharagpur,2210,B. V. Patel Pharmaceutical Education and Research Development Centre,1,5,0.2
IIT Kharagpur,2211,Bai Jerbai Wadia Hospital for Children,1,3,0.333
IIT Kharagpur,2212,Govt. Tibbi College & Hospital,1,0,
IIT Kharagpur,2213,Ballari Medical College and Research Centre,1,0,
IIT Kharagpur,2214,Sant Kavi Baba Baijnath Govt. PG College,1,0,
IIT Kharagpur,2215,Central Avian Research Institute,1,4,0.25
IIT Kharagpur,2216,C. K. Pithawalla Institute of Pharmaceutical Science and Research,1,0,
IIT Kharagpur,2217,ASBM University,1,0,
IIT Kharagpur,2218,MNJ Institute Of Oncology and Regional Cancer Centre,1,2,0.5
IIT Kharagpur,2219,Intas Pharmaceuticals (India),1,1,1.0
IIT Kharagpur,2220,Mamta Health Institute for Mother and Child,1,3,0.333
IIT Kharagpur,2221,Kameshwar Singh Darbhanga Sanskrit University,1,0,
IIT Kharagpur,2222,Meher Hospitals,1,0,
IIT Kharagpur,2223,Providence Women's College (Autonomous),1,1,1.0
IIT Kharagpur,2224,Engineers India (India),1,6,0.167
IIT Kharagpur,2225,Central Institute of Indian Languages,1,1,1.0
IIT Kharagpur,2226,Krishna Institute of Medical Sciences Deemed University,1,5,0.2
IIT Kharagpur,2227,LRS Institute of Tuberculosis and Respiratory Diseases,1,4,0.25
IIT Kharagpur,2228,Krupanidhi Degree College,1,0,
IIT Kharagpur,2229,Tamil Nadu Teachers Education University,1,0,
IIT Kharagpur,2230,G. Kuppuswamy Naidu Memorial Hospital,1,0,
IIT Kharagpur,2231,Uluberia College,1,7,0.143
IIT Kharagpur,2232,Iora Ecological Solutions,1,2,0.5
IIT Kharagpur,2233,Micro Labs (India),1,0,
IIT Kharagpur,2234,Gujarat Ayurved University,1,4,0.25
IIT Kharagpur,2235,Sangath,1,12,0.083
IIT Kharagpur,2236,Subharti Medical College,1,3,0.333
IIT Kharagpur,2237,Kutir Post Graduate College,1,0,
IIT Kharagpur,2238,Jaypee Group (India),1,3,0.333
IIT Kharagpur,2239,Brihanmumbai Municipal Corporation,1,1,1.0
IIT Kharagpur,2240,Loyola College of Social Sciences,1,0,
IIT Kharagpur,2241,Surajmal University,1,0,
IIT Kharagpur,2242,Santokba Durlabhji Memorial hospital,1,0,
IIT Kharagpur,2243,National Agricultural Science Fund,1,3,0.333
IIT Kharagpur,2244,KLE Society Hospital,1,1,1.0
IIT Kharagpur,2245,Apollo Institute of Medical Sciences & Research,1,3,0.333
IIT Kharagpur,2246,Annakkili Amma Research Institute,1,1,1.0
IIT Kharagpur,2247,The Bhandarkar Oriental Research Institute,1,0,
IIT Kharagpur,2248,Government General Hospital,1,1,1.0
IIT Kharagpur,2249,St. Joseph University,1,0,
IIT Kharagpur,2250,Fresenius Kabi (India),1,0,
IIT Kharagpur,2251,Mamata General Hospital,1,0,
IIT Kharagpur,2252,Adesh University,1,3,0.333
IIT Kharagpur,2253,Employees' State Insurance Model Hospital,1,2,0.5
IIT Kharagpur,2254,Arunachal Pradesh State Council for Science & Technology,1,0,
IIT Kharagpur,2255,"Shardabai Pawar Mahila Arts, Commerce and Science College",1,0,
IIT Kharagpur,2256,Krantisinh Nana Patil College of Veterinary Science,1,2,0.5
IIT Kharagpur,2257,Rashtrasant Janardhan Swami College of Pharmacy,1,0,
IIT Kharagpur,2258,Bank of Baroda,1,3,0.333
IIT Kharagpur,2259,Harichand Guruchand University,1,0,
IIT Kharagpur,2260,Sri Venkateshwaraa Medical College Hospital and Research Centre,1,1,1.0
IIT Kharagpur,2261,Bharti Airtel Limited,1,0,
IIT Kharagpur,2262,Golap Borbora State Institute of Panchayat and Rural Development,1,0,
IIT Kharagpur,2263,Government Dental College and Hospital,1,2,0.5
IIT Kharagpur,2264,CSI Holdsworth Memorial Hospital,1,1,1.0
IIT Kharagpur,2265,Sri Jayadeva Institute of Cardiovascular Sciences and Research,1,0,
IIT Kharagpur,2266,Comptroller and Auditor General of India,1,0,
IIT Kharagpur,2267,Icon (India),1,0,
IIT Kharagpur,2268,Sparsh Himalaya University,1,0,
IIT Kharagpur,2269,Atomic Energy Regulatory Board,1,4,0.25
IIT Kharagpur,2270,Sir Sayajirao General Hospital Medical College,1,3,0.333
IIT Kharagpur,2271,Rama Hospital & Research Centre,1,0,
IIT Kharagpur,2272,Madras Medical Mission,1,4,0.25
IIT Kharagpur,2273,Rajkiya Engineering College Mainpuri,1,0,
IIT Kharagpur,2274,Govind Ballabh Pant Social Science Institute,1,2,0.5
IIT Kharagpur,2275,Pondicherry Institute of Medical Sciences,1,8,0.125
IIT Kharagpur,2276,Maharashtra Institute of Medical Science and Research,1,1,1.0
IIT Kharagpur,2277,Sri Sai Super Speciality Hospital,1,0,
IIT Kharagpur,2278,Jawaharlal Nehru Tropical Botanic Garden and Research Institute,1,9,0.111
IIT Kharagpur,2279,"Sardar Patel University of Police, Security and Criminal Justice, Jodhpur",1,0,
IIT Kharagpur,2280,Centre for Professional and Advanced Studies,1,0,
IIT Kharagpur,2281,P.V. Narsimha Rao Telangana Veterinary University,1,6,0.167
IIT Kharagpur,2282,Topiwala National Medical College & BYL Nair Charitable Hospital,1,14,0.071
IIT Kharagpur,2283,Martin Luther Christian University,1,0,
IIT Kharagpur,2284,Al-Ameen College of Pharmacy,1,7,0.143
IIT Kharagpur,2285,National Law University Odisha,1,2,0.5
IIT Kharagpur,2286,K. J. Somaiya Hospital & Research Centre,1,0,
IIT Kharagpur,2287,"D.A.V. P.G. College, Lucknow",1,2,0.5
IIT Kharagpur,2288,"Saint Claret College, Ziro",1,0,
IIT Kharagpur,2289,Billroth Hospitals,1,1,1.0
IIT Kharagpur,2290,Ayush & Health Sciences University Chhattisgarh,1,0,
IIT Kharagpur,2291,Christ College of Engineering and Technology,1,1,1.0
IIT Kharagpur,2292,Centre for Environment Education,1,0,
IIT Kharagpur,2293,Maharashtra National Law University Mumbai,1,0,
IIT Kharagpur,2294,National Council for Cement and Building Materials,1,5,0.2
IIT Kharagpur,2295,USV (India),1,0,
IIT Kharagpur,2296,Ethophilia Research Foundation,1,0,
IIT Kharagpur,2297,GAIL (India),1,10,0.1
IIT Kharagpur,2298,Government College Sirohi,1,33,0.03
IIT Kharagpur,2299,BioAxis DNA Research Centre (India),1,0,
IIT Kharagpur,2300,Basirhat College,1,4,0.25
IIT Kharagpur,2301,T J Institute of Technology,1,0,
IIT Kharagpur,2302,Schieffelin Institute of Health Research and Leprosy Centre,1,0,
IIT Kharagpur,2303,"National Law University, Delhi",1,1,1.0
IIT Kharagpur,2304,Whirlpool (India),1,0,
IIT Kharagpur,2305,Biozeen (India),1,0,
IIT Kharagpur,2306,Institute of Advanced Studies in Education,1,0,
IIT Kharagpur,2307,SAM Global University,1,0,
IIT Kharagpur,2308,"Sagar Institute of Research, Technology & Science – Pharmacy",1,1,1.0
IIT Kharagpur,2309,TempleCity Institute of Technology & Engineering,1,0,
IIT Kharagpur,2310,Bihar University of Health Sciences,1,0,
IIT Kharagpur,2311,Kolkata Municipal Corporation,1,8,0.125
IIT Kharagpur,2312,Satyawati College (Evening),1,7,0.143
IIT Kharagpur,2313,Shri Neelkantheshwar Government Post-Graduate College,1,0,
IIT Kharagpur,2314,King George Hospital,1,0,
IIT Kharagpur,2315,Institute of Management Development and Research,1,0,
IIT Kharagpur,2316,Animal Resources Development Department,1,1,1.0
IIT Kharagpur,2317,Asia Pacific Institute of Management,1,5,0.2
IIT Kharagpur,2318,Madurai Medical College,1,3,0.333
IIT Kharagpur,2319,Society for Promoting Participative Ecosystem Management,1,2,0.5
IIT Kharagpur,2320,Dabur Research Foundation (India),1,5,0.2
IIT Kharagpur,2321,Kerala Institute of Medical Sciences,1,3,0.333
IIT Kharagpur,2322,Sophisticated Analytical Instrument Facility,1,1,1.0
IIT Kharagpur,2323,"Bapurao Deshmukh College of Engineering, Sevagram",1,1,1.0
IIT Kharagpur,2324,Mynvax (India),1,1,1.0
IIT Kharagpur,2325,Santosh University,1,1,1.0
IIT Kharagpur,2326,Melmaruvathur Adhiparasakthi Institute of Medical Sciences and Research,1,1,1.0
IIT Kharagpur,2327,Department of Agriculture & Co-operation,1,1,1.0
IIT Kharagpur,2328,Ansal University,1,7,0.143
IIT Kharagpur,2329,Centre For Research & Education in Science & Technology,1,1,1.0
IIT Kharagpur,2330,Balagarh Bijoy Krishna Mahavidyalaya,1,0,
IIT Kharagpur,2331,DSMS Group of Institutions,1,1,1.0
IIT Kharagpur,2332,Universal Engineering College,1,1,1.0
IIT Kharagpur,2333,Rajiv Gandhi National University of Law,1,0,
IIT Kharagpur,2334,Annai Vailankanni College of Engineering,1,1,1.0
IIT Kharagpur,2335,MaxCure Hospitals,1,0,
IIT Kharagpur,2336,Patrician College of Arts and Science,1,0,
IIT Kharagpur,2337,M S Ramaiah Memorial Hospital,1,2,0.5
IIT Kharagpur,2338,CPCL Polytechnic College,1,12,0.083
IIT Kharagpur,2339,Ganga Hospital,1,1,1.0
IIT Kharagpur,2340,Rourkela Institute of Technology,1,0,
IIT Kharagpur,2341,Consortium for DEWATS Dissemination Society,1,2,0.5
IIT Kharagpur,2342,Shri Dharmasthala Manjunatheswara College of Ayurveda and Hospital,1,1,1.0
IIT Kharagpur,2343,Southern Command Hospital,1,2,0.5
IIT Kharagpur,2344,KVK College of Pharmacy,1,0,
IIT Kharagpur,2345,Chellaram Hospital,1,2,0.5
IIT Kharagpur,2346,Sabarmati University,1,0,
IIT Kharagpur,2347,Dhenkanal Autonomous College,1,3,0.333
IIT Kharagpur,2348,Plant and Environmental Research Institute (PERI),1,0,
IIT Kharagpur,2349,Kerala Forest Department,1,0,
IIT Kharagpur,2350,Public Health Research Institute Of India,1,1,1.0
IIT Kharagpur,2351,Mata Gujri University,1,0,
IIT Kharagpur,2352,University B.T. & Evening College,1,1,1.0
IIT Kharagpur,2353,Marudhar Kesari Jain College for Women,1,0,
IIT Kharagpur,2354,Krishnadevaraya College of Dental Sciences and Hospital,1,2,0.5
IIT Kharagpur,2355,Infectious Disease and Beliaghata General Hospital,1,1,1.0
IIT Kharagpur,2356,Government Medical College Bhavnagar,1,1,1.0
IIT Kharagpur,2357,Sitaram Bhartia Institute of Science and Research,1,1,1.0
IIT Kharagpur,2358,Institute of Forest Biodiversity,1,0,
IIT Kharagpur,2359,Nalbari College,1,4,0.25
IIT Kharagpur,2360,Deenanath Mangeshkar Hospital and Research Center,1,1,1.0
IIT Kharagpur,2361,"Institute of Professional Excellence and Management, Ghaziabad",1,0,
IIT Kharagpur,2362,"Shaheed Padamdhar Singh Government Post-Graduate College, Satna",1,1,1.0
IIT Kharagpur,2363,Sri Devaraj Urs Medical College,1,3,0.333
IIT Kharagpur,2364,National Institute of Unani Medicine,1,2,0.5
IIT Kharagpur,2365,K J Somaiya Medical College,1,2,0.5
IIT Kharagpur,2366,Shamnur Shivashankarappa Institute of Medical Sciences & Research Centre,1,1,1.0
IIT Kharagpur,2367,Thackeray Wildlife Foundation,1,0,
IIT Kharagpur,2368,Indian Spinal Injuries Centre,1,2,0.5
IIT Kharagpur,2369,Memari College,1,2,0.5
IIT Kharagpur,2370,Vasantidevi Patil Institute of Pharmacy,1,0,
IIT Kharagpur,2371,Kendriya Vidyalaya Sangathan,1,0,
IIT Kharagpur,2372,Centre of Technology & Entrepreneurship Development,1,0,
IIT Kharagpur,2373,Dr. Ram Manohar Lohia Institute of Medical Sciences,1,2,0.5
IIT Kharagpur,2374,Open Source Drug Discovery,1,22,0.045
IIT Kharagpur,2375,Bijoy Krishna Girls' College,1,1,1.0
IIT Kharagpur,2376,English and Foreign Languages University,1,2,0.5
IIT Kharagpur,2377,Zydus Lifesciences Limited (India),1,1,1.0
IIT Kharagpur,2378,Guntur Medical College,1,0,
IIT Kharagpur,2379,Vikrant University,1,0,
IIT Kharagpur,2380,Indira Gandhi Government Medical College & Hospital,1,11,0.091
IIT Kharagpur,2381,Laurus labs (India),1,0,
IIT Kharagpur,2382,Dnyanprassarak Mandal's College and Research Centre,1,1,1.0
IIT Kharagpur,2383,KMCT Group of Educational Institutions,1,0,
IIT Kharagpur,2384,ESIC Hospital,1,2,0.5
IIT Kharagpur,2385,Mangalore Institute of Oncology,1,3,0.333
IIT Kharagpur,2386,Bejoy Narayan Mahavidyalaya,1,8,0.125
IIT Kharagpur,2387,Centre for Tropical Biodiversity Conservation,1,0,
IIT Kharagpur,2388,Child In Need Institute,1,0,
IIT Kharagpur,2389,Association for Intelligent Transport Systems,1,2,0.5
IIT Kharagpur,2390,Dr. NTR University of Health Sciences,1,4,0.25
IIT Kharagpur,2391,Government Kamla Raja Girls Post Graduate Autonomous College,1,2,0.5
IIT Kharagpur,2392,Madras Institute of Development Studies,1,17,0.059
IIT Kharagpur,2393,Nootan Ayurvedic College & Research Centre,1,0,
IIT Kharagpur,2394,All India Institute of Speech and Hearing,1,4,0.25
IIT Kharagpur,2395,North Bengal Medical College and Hospital,1,16,0.062
IIT Kharagpur,2396,Jamalpur Mahavidyalaya,1,0,
IIT Kharagpur,2397,Ahmedabad Civil Hospital,1,0,
IIT Kharagpur,2398,Research & Development Establishment (Engrs.),1,16,0.062
IIT Kharagpur,2399,SMT (India),1,0,
IIT Kharagpur,2400,Society for Education Welfare and Action Rural,1,6,0.167
IIT Kharagpur,2401,National Academy of Agricultural Sciences,1,9,0.111
IIT Kharagpur,2402,Directorate of Environment and Climate Change,1,1,1.0
IIT Kharagpur,2403,Bristol-Myers Squibb (India),1,3,0.333
IIT Kharagpur,2404,Muljibhai Patel Urological Hospital,1,0,
IIT Kharagpur,2405,Mahatma Gandhi Ayurved College Hospital and Research Centre,1,0,
IIT Kharagpur,2406,Federation of Indian Chambers of Commerce and Industry,1,0,
IIT Kharagpur,2407,Science College (Autonomous),1,0,
IIT Kharagpur,2408,Strand Life Sciences (India),1,3,0.333
IIT Kharagpur,2409,Lata Medical Research Foundation,1,7,0.143
IIT Kharagpur,2410,Maharaj Lakshmishwar Singh Memorial College,1,0,
IIT Kharagpur,2411,"St. Paul's College, Kalamassery",1,1,1.0
IIT Kharagpur,2412,Vimhans PrimaMed Super Speciality Hospital,1,0,
IIT Kharagpur,2413,"Carmel College of Arts, Science and Commerce for Women",1,7,0.143
IIT Kharagpur,2414,Institute of Child Health,1,5,0.2
IIT Kharagpur,2415,Jain Vishva Bharati University,1,1,1.0
IIT Kharagpur,2416,"ICAR-Agricultural Technology Application Research Institute, Zone-II, Jodhpur",1,0,
IIT Kharagpur,2417,Uttarakhand Seva Nidhi Paryavaran Shiksha Sansthan,1,0,
IIT Kharagpur,2418,Govt. Zirtiri Residential Science College,1,5,0.2
IIT Kharagpur,2419,Narayana Dental College and Hospital,1,0,
IIT Kharagpur,2420,Institute of Nephro Urology,1,0,
IIT Kharagpur,2421,Shadan Hospital and Institute of Medical Sciences,1,1,1.0
IIT Kharagpur,2422,Mylan (India),1,2,0.5
IIT Kharagpur,2423,Nandha College of Pharmacy,1,0,
IIT Kharagpur,2424,"Government Degree College, Kamalpur",1,0,
IIT Kharagpur,2425,Chest Research Foundation,1,10,0.1
IIT Kharagpur,2426,Patna Medical College and Hospital,1,0,
IIT Kharagpur,2427,Bhopal Memorial Hospital & Research Centre,1,32,0.031
IIT Kharagpur,2428,Sharma Centre for Heritage Education India,1,1,1.0
IIT Kharagpur,2429,William Carey University,1,0,
IIT Kharagpur,2430,Kaushalya the Skill University,1,0,
IIT Kharagpur,2431,"Mahatma Gandhi Government Arts College, Mahe, Puducherry",1,0,
IIT Kharagpur,2432,Rajarshee Chhatrapati Shahu Maharaj Government Medical College and CPR Hospital Kolhapur,1,4,0.25
IIT Kharagpur,2433,Institute of Genetics and Hospital for Genetic Diseases,1,1,1.0
IIT Kharagpur,2434,Maharishi College of Natural Law,1,0,
IIT Kharagpur,2435,Mahatma Gandhi Institute for Rural Industrialization,1,1,1.0
IIT Kharagpur,2436,Dravidian University,1,2,0.5
IIT Kharagpur,2437,Population Council,1,16,0.062
IIT Kharagpur,2438,OnionDev Technologies Pvt. Ltd. (India),1,2,0.5
IIT Kharagpur,2439,"Center for Disease Dynamics, Economics and Policy",1,13,0.077
IIT Kharagpur,2440,LG (India),1,3,0.333
IIT Kharagpur,2441,Loreto College,1,0,
IIT Kharagpur,2442,Government College of Pharmacy Rohru,1,2,0.5
IIT Kharagpur,2443,Command Hospital,1,1,1.0
IIT Kharagpur,2444,Ministry of Labour and Employment,1,0,
IIT Kharagpur,2445,Mahatma Gandhi Memorial Medical College,1,3,0.333
IIT Kharagpur,2446,Jaslok Hospital,1,5,0.2
IIT Kharagpur,2447,Regional Research Institute of Unani Medicine,1,0,
IIT Kharagpur,2448,Mysore Medical College,1,3,0.333
IIT Kharagpur,2449,St. Andrew's College,1,2,0.5
IIT Kharagpur,2450,Orthopaedic Research Group,1,0,
IIT Kharagpur,2451,Osmania Medical College,1,4,0.25
IIT Kharagpur,2452,M. P. Shah Medical College,1,6,0.167
IIT Kharagpur,2453,Rajarajeswari Dental College and Hospital,1,0,
IIT Kharagpur,2454,Odisha University of Health Sciences,1,0,
IIT Kharagpur,2455,Amrith Educational and Cultural Society,1,2,0.5
IIT Kharagpur,2456,Mata Gujri Memorial Medical College & Lions Seva Kendra Hospital,1,1,1.0
IIT Kharagpur,2457,Government Medical College Thoothukudi,1,0,
IIT Kharagpur,2458,Yashwantrao Chavan Maharashtra Open University,1,0,
IIT Kharagpur,2459,HCG Cancer Centre,1,1,1.0
IIT Kharagpur,2460,National Sanskrit University,1,4,0.25
IIT Kharagpur,2461,National Institute for Implementation Research on Non-Communicable Diseases,1,5,0.2
IIT Kharagpur,2462,Saraswathi Institute of Medical Sciences,1,0,
IIT Kharagpur,2463,Ministry of Social Justice and Empowerment,1,0,
IIT Kharagpur,2464,Rathinam Group of Institutions,1,0,
IIT Kharagpur,2465,Central India Institute of Medical Sciences,1,1,1.0
IIT Kharagpur,2466,Command Hospital Air Force,1,2,0.5
IIT Kharagpur,2467,Sri Siddhartha Medical College,1,3,0.333
IIT Kharagpur,2468,Amrutvahini Polytechnic Sangamner,1,0,
IIT Kharagpur,2469,Bayer (India),1,1,1.0
IIT Kharagpur,2470,Breach Candy Hospital,1,5,0.2
IIT Kharagpur,2471,Sri Sathya Sai Institute of Higher Medical Sciences,1,2,0.5
IIT Kharagpur,2472,Abdul Ahad Azad Memorial Degree College,1,1,1.0
IIT Kharagpur,2473,Kasturba Hospital,1,2,0.5
IIT Kharagpur,2474,National Innovation Foundation,1,7,0.143
IIT Kharagpur,2475,Dr. Vitthalrao Vikhe Patil Foundation’s Medical College,1,0,
IIT Kharagpur,2476,Raja Balwant Singh College,1,7,0.143
IIT Kharagpur,2477,International Development Research Centre,1,8,0.125
IIT Kharagpur,2478,Central Institute for Research on Cattle,1,1,1.0
IIT Kharagpur,2479,Sundaram Medical Foundation,0,2,0.0
IIT Kharagpur,2480,Gujarat Cancer & Research Institute,0,6,0.0
IIT Kharagpur,2481,GVK Emergency Management and Research Institute,0,1,0.0
IIT Kharagpur,2482,Narayana Nethralaya,0,2,0.0
IIT Kharagpur,2483,Defence Terrain Research Laboratory,0,7,0.0
IIT Kharagpur,2484,Laila Impex (India),0,1,0.0
IIT Kharagpur,2485,Bhatia Hospital,0,1,0.0
IIT Kharagpur,2486,Sarojini Naidu Medical College,0,3,0.0
IIT Kharagpur,2487,G Pulla Reddy Dental College & Hospital,0,1,0.0
IIT Kharagpur,2488,Pravara Institute of Medical Sciences,0,6,0.0
IIT Kharagpur,2489,Office of the Registrar General & Census Commissioner,0,1,0.0
IIT Kharagpur,2490,Gian Sagar Dental College and Hospital,0,1,0.0
IIT Kharagpur,2491,Forensic Sciences Department,0,1,0.0
IIT Kharagpur,2492,Department of Pharmaceuticals,0,1,0.0
IIT Kharagpur,2493,"Government Training College, Hooghly",0,1,0.0
IIT Kharagpur,2494,Madhya Pradesh Medical Science University,0,1,0.0
IIT Kharagpur,2495,Centre for Research in Medical Entomology,0,1,0.0
IIT Kharagpur,2496,PRS Legislative Research,0,2,0.0
IIT Kharagpur,2497,CU Shah Medical College and Hospital,0,1,0.0
IIT Kharagpur,2498,Sahara Hospital,0,2,0.0
IIT Kharagpur,2499,AstraZeneca (India),0,7,0.0
IIT Kharagpur,2500,Institute of Molecular Medicine,0,4,0.0
IIT Kharagpur,2501,Welspun (India),0,5,0.0
IIT Kharagpur,2502,Nizam's Institute of Medical Sciences,0,13,0.0
IIT Kharagpur,2503,Government Medical College Jalaun,0,1,0.0
IIT Kharagpur,2504,National Academy of Sciences India,0,3,0.0
IIT Kharagpur,2505,Samatvam Endocrinology Diabetes Centre,0,1,0.0
IIT Kharagpur,2506,Foundation for Neglected Disease Research,0,1,0.0
IIT Kharagpur,2507,Foundation for Revitalisation of Local Health Traditions,0,2,0.0
IIT Kharagpur,2508,Genomix Biotech (India),0,1,0.0
IIT Kharagpur,2509,Sinhgad Dental College and Hospital,0,1,0.0
IIT Kharagpur,2510,Ismail National Mahila P.G. College,0,1,0.0
IIT Kharagpur,2511,Gandhi Medical College & Hospital,0,3,0.0
IIT Kharagpur,2512,Dr. Shroff’s Charity Eye Hospital,0,1,0.0
IIT Kharagpur,2513,All India Jat Heroes' Memorial College,0,1,0.0
IIT Kharagpur,2514,Asia Pacific Observatory on Health Systems and Policies,0,1,0.0
IIT Kharagpur,2515,Society for Nutrition Education and Health Action,0,3,0.0
IIT Kharagpur,2516,Shanti Business School,0,4,0.0
IIT Kharagpur,2517,Getwell Hospital and Research Institute,0,4,0.0
IIT Kharagpur,2518,Serum Institute of India (India),0,5,0.0
IIT Kharagpur,2519,Virchow BioTech (India),0,1,0.0
IIT Kharagpur,2520,Rabindranath Tagore Medical College,0,3,0.0
IIT Kharagpur,2521,South Eastern Railway,0,3,0.0
IIT Kharagpur,2522,Proof & Experimental Establishment,0,3,0.0
IIT Kharagpur,2523,Microwave Tube Research & Development Centre,0,2,0.0
IIT Kharagpur,2524,Dangoria Charitable Trust,0,1,0.0
IIT Kharagpur,2525,Renewable Energy Corporation of India,0,2,0.0
IIT Kharagpur,2526,"Shri Lal Bahadur Shastri Degree College, Gonda",0,38,0.0
IIT Kharagpur,2527,Sri Ramachandra Medical Centre,0,7,0.0
IIT Kharagpur,2528,Evalueserve (India),0,1,0.0
IIT Kharagpur,2529,National Law Institute University,0,1,0.0
IIT Kharagpur,2530,"Arts, Commerce and Science College, Dharangaon",0,1,0.0
IIT Kharagpur,2531,KM Shah Dental College and Hospital,0,4,0.0
IIT Kharagpur,2532,Indian Institute of Metals,0,2,0.0
IIT Kharagpur,2533,Alembic Pharmaceuticals (India),0,1,0.0
IIT Kharagpur,2534,Center for Interdisciplinary Studies,0,1,0.0
IIT Kharagpur,2535,National Research Centre on Mithun,0,2,0.0
IIT Kharagpur,2536,Buxi Jagabandhu Bidyadhar Autonomous College,0,3,0.0
IIT Kharagpur,2537,Govind Ballabh Pant Hospital,0,5,0.0
IIT Kharagpur,2538,P.G.D.A.V. College (Evening),0,3,0.0
IIT Kharagpur,2539,Central Bank of India,0,2,0.0
IIT Kharagpur,2540,Dronah Foundation,0,1,0.0
IIT Kharagpur,2541,Apollo Gleneagles Hospitals,0,6,0.0
IIT Kharagpur,2542,Haffkine Institute,0,3,0.0
IIT Kharagpur,2543,Nutrition Foundation of India,0,1,0.0
IIT Kharagpur,2544,P. R. Thakur Govt. College,0,2,0.0
IIT Kharagpur,2545,Bangalore Baptist Hospital,0,2,0.0
IIT Kharagpur,2546,"School of Management Sciences, Lucknow",0,1,0.0
IIT Kharagpur,2547,Research Design And Standards Organization,0,13,0.0
IIT Kharagpur,2548,"Shri Yashwantrao Patil Science College, Solankur",0,2,0.0
IIT Kharagpur,2549,Navodaya Dental College and Hospital,0,6,0.0
IIT Kharagpur,2550,Calcutta National Medical College and Hospital,0,32,0.0
IIT Kharagpur,2551,"Shri Shivaji Science and Arts College, Chikhli",0,3,0.0
IIT Kharagpur,2552,Valagro (India),0,1,0.0
IIT Kharagpur,2553,Tamil Nadu Physical Education and Sports University,0,1,0.0
IIT Kharagpur,2554,Population Foundation of India,0,1,0.0
IIT Kharagpur,2555,Ministry of Statistics and Programme Implementation,0,2,0.0
IIT Kharagpur,2556,Vivekananda Institute of Medical Sciences,0,9,0.0
IIT Kharagpur,2557,Tata Technologies (India),0,4,0.0
IIT Kharagpur,2558,Natural Remedies (India),0,4,0.0
IIT Kharagpur,2559,National AIDS Control Organisation,0,2,0.0
IIT Kharagpur,2560,S.L. Raheja Hospital,0,4,0.0
IIT Kharagpur,2561,Multi Vaccines Development Program,0,1,0.0
IIT Kharagpur,2562,Institute of Animal Health and Veterinary Biologicals,0,2,0.0
IIT Kharagpur,2563,Charnock Hospital,0,2,0.0
IIT Kharagpur,2564,Sambodhi Research and Communications,0,2,0.0
IIT Kharagpur,2565,Ajmal College of Arts and Science,0,1,0.0
IIT Kharagpur,2566,Ministry of Human Resource Development,0,1,0.0
IIT Kharagpur,2567,Fernandez Hospital,0,3,0.0
IIT Kharagpur,2568,Tripura Medical College & Dr. B.R. Ambedkar Memorial Teaching Hospital,0,1,0.0
IIT Kharagpur,2569,Vigyan Prasar,0,2,0.0
IIT Kharagpur,2570,Society for Research and Initiatives for Sustainable Technologies and Institutions,0,1,0.0
IIT Kharagpur,2571,MGM New Bombay Hospital,0,1,0.0
IIT Kharagpur,2572,Foundation for Research in Community Health,0,2,0.0
IIT Kharagpur,2573,International Institute of Biotechnology and Toxicology,0,1,0.0
IIT Kharagpur,2574,Mitra Biotech (India),0,1,0.0
IIT Kharagpur,2575,Mar Gregorios College of Arts and Science,0,1,0.0
IIT Kharagpur,2576,National Allergy Asthma Bronchitis Institute,0,5,0.0
IIT Kharagpur,2577,Institute of Livelihood Research and Training,0,3,0.0
IIT Kharagpur,2578,Wockhardt Hospitals,0,1,0.0
IIT Kharagpur,2579,IT for Change,0,2,0.0
IIT Kharagpur,2580,Ministry of External Affairs,0,2,0.0
IIT Kharagpur,2581,Frontier Lifeline Hospital,0,1,0.0
IIT Kharagpur,2582,Vittal Mallya Scientific Research Foundation,0,3,0.0
IIT Kharagpur,2583,National Tea Research Foundation,0,5,0.0
IIT Kharagpur,2584,National Post Graduate College,0,1,0.0
IIT Kharagpur,2585,Mahatma Gandhi Mission's Dental College and Hospital,0,1,0.0
IIT Kharagpur,2586,National Institute of Public Cooperation and Child Development,0,2,0.0
IIT Kharagpur,2587,"Index Medical College, Hospital & Research Centre",0,1,0.0
IIT Kharagpur,2588,Central Drugs Laboratory,0,1,0.0
IIT Kharagpur,2589,Centre for Environmental Management and Participatory Development,0,2,0.0
IIT Kharagpur,2590,Glenmark Pharmaceuticals (India),0,2,0.0
IIT Kharagpur,2591,Society for Participatory Research in Asia,0,1,0.0
IIT Kharagpur,2592,Centre for the Study of Developing Societies,0,8,0.0
IIT Kharagpur,2593,Columbia Asia,0,1,0.0
IIT Kharagpur,2594,National University of Educational Planning and Administration,0,7,0.0
IIT Kharagpur,2595,Malabar Institute of Medical Sciences,0,2,0.0
IIT Kharagpur,2596,Maharashtra Association of Anthropological Sciences,0,6,0.0
IIT Kharagpur,2597,Bharat Biotech (India),0,4,0.0
IIT Kharagpur,2598,Shree Krishna Hospital,0,2,0.0
IIT Kharagpur,2599,"Krishi Vigyan Kendra, Latur",0,2,0.0
IIT Kharagpur,2600,Indira Gandhi Medical College and Research Institute,0,4,0.0
IIT Kharagpur,2601,Mata Chanan Devi Hospital,0,1,0.0
IIT Kharagpur,2602,Shri Maharaja Hari Singh Hospital,0,2,0.0
IIT Kharagpur,2603,Cadila Pharmaceuticals (India),0,1,0.0
IIT Kharagpur,2604,International Centers for Excellence in Research,0,4,0.0
IIT Kharagpur,2605,CIDP Biotech (India),0,2,0.0
IIT Kharagpur,2606,Ministry of Information and Broadcasting,0,1,0.0
IIT Kharagpur,2607,Department of Science & Technology,0,2,0.0
IIT Kharagpur,2608,Employees State Insurance Post Graduate Institute of Medical Sciences and Research,0,1,0.0
IIT Kharagpur,2609,Indian Academy of Pediatrics,0,6,0.0
IIT Kharagpur,2610,Bapuji Dental College and Hospital,0,1,0.0
IIT Kharagpur,2611,Roche (India),0,1,0.0
IIT Kharagpur,2612,Academy of Family Physicians of India,0,3,0.0
IIT Kharagpur,2613,Voluntary Health Services Hospital,0,4,0.0
IIT Kharagpur,2614,Balaji Utthan Sansthan,0,3,0.0
IIT Kharagpur,2615,D A Pandu Memorial RV Dental College and Hospital,0,3,0.0
IIT Kharagpur,2616,Indian Jute Industries Research Association,0,10,0.0
IIT Kharagpur,2617,Akay Flavours and Aromatics Pvt. Ltd. (India),0,1,0.0
IIT Kharagpur,2618,Hidayatullah National Law University,0,1,0.0
IIT Kharagpur,2619,Honeywell (India),0,6,0.0
IIT Kharagpur,2620,Asian Healthcare Foundation,0,6,0.0
IIT Kharagpur,2621,Enzen (India),0,2,0.0
IIT Kharagpur,2622,Sardar Patel Medical College,0,2,0.0
IIT Kharagpur,2623,National University of Advanced Legal Studies,0,1,0.0
IIT Kharagpur,2624,Ministry of Culture,0,1,0.0
IIT Kharagpur,2625,Victoria Hospital,0,2,0.0
IIT Kharagpur,2626,Birla Institute of Scientific Research,0,3,0.0
IIT Kharagpur,2627,Indian National Academy of Engineering,0,2,0.0
IIT Kharagpur,2628,Fetal Care Research Foundation,0,1,0.0
IIT Kharagpur,2629,Maharani Laxmi Bai Medical College,0,2,0.0
IIT Kharagpur,2630,India Diabetes Research Foundation,0,2,0.0
IIT Kharagpur,2631,Calcutta Technical School,0,2,0.0
IIT Kharagpur,2632,Kannada University,0,1,0.0
IIT Kharagpur,2633,Centre for Operations Research and Training,0,2,0.0
IIT Kharagpur,2634,Jodhpur National University,0,4,0.0
IIT Kharagpur,2635,Acharya Shri Chander College of Medical Sciences and Hospital,0,2,0.0
IIT Kharagpur,2636,Nightingale Hospital,0,1,0.0
IIT Kharagpur,2637,Little Flower Hospital & Research Centre,0,1,0.0
IIT Kharagpur,2638,Sri Venkateswara Medical College and Ruia Hospital,0,1,0.0
IIT Kharagpur,2639,Operation Eyesight Universal Institute for Eye Cancer,0,1,0.0
IIT Kharagpur,2640,"Abeda Inamdar Senior College of Arts, Science and Commerce",0,8,0.0
IIT Kharagpur,2641,Rajasthan Dental College and Hospital,0,1,0.0
IIT Kharagpur,2642,Defence Electronics Research Laboratory,0,2,0.0
IIT Kharagpur,2643,State Forest Research Institute,0,1,0.0
IIT Kharagpur,2644,Pramukhswami Medical College,0,6,0.0
IIT Kharagpur,2645,General Motors (India),0,12,0.0
IIT Kharagpur,2646,Ajay Kumar Garg Institute of Management,0,5,0.0
IIT Kharagpur,2647,Biotechnology Industry Research Assistance Council,0,1,0.0
IIT Kharagpur,2648,Rayat Institute of Engineering & Information Technology,0,1,0.0
IIT Kharagpur,2649,Kasiak Research (India),0,1,0.0
IIT Kharagpur,2650,YR Gaitonde Centre for AIDS Research and Education,0,3,0.0
IIT Kharagpur,2651,Sri Guru Ram Das University of Health Sciences Sri Amritsar,0,3,0.0
IIT Kharagpur,2652,Government College Kodanchery,0,3,0.0
IIT Kharagpur,2653,Tirunelveli Medical College,0,2,0.0
IIT Kharagpur,2654,Shri Vidyarthi Sudhar Sangh’s Nagpur College of Pharmacy,0,1,0.0
IIT Kharagpur,2655,Directorate General of Mines Safety,0,1,0.0
IIT Kharagpur,2656,Institute of Human Behaviour and Allied Sciences,0,2,0.0
IIT Kharagpur,2657,Choithram Hospital and Research Centre,0,4,0.0
IIT Kharagpur,2658,Fortis C-DOC Hospital,0,3,0.0
IIT Kharagpur,2659,Christian Medical Association of India,0,2,0.0
IIT Kharagpur,2660,Drugs for Neglected Diseases Initiative India,0,4,0.0
IIT Kharagpur,2661,"St. Thomas College, Kozhencherry",0,3,0.0
IIT Kharagpur,2662,Baxter (India),0,1,0.0
IIT Kharagpur,2663,"Government Institute of Forensic Science, Nagpur",0,2,0.0
IIT Kharagpur,2664,International Clinical Epidemiology Network,0,3,0.0
IIT Kharagpur,2665,Nanaji Deshmukh Veterinary Science University,0,1,0.0
IIT Kharagpur,2666,Pacific Dental College and Hospital,0,4,0.0
IIT Kharagpur,2667,Directorate of Health Services,0,4,0.0
IIT Kharagpur,2668,Narayan Medical College and Hospital,0,4,0.0
IIT Kharagpur,2669,Bal Umang Drishya Sanstha,0,1,0.0
IIT Kharagpur,2670,GD Hospital & Diabetes Institute,0,4,0.0
IIT Kharagpur,2671,Diabetes Care & Hormone Clinic,0,1,0.0
IIT Kharagpur,2672,Dr. B.R. Ambedkar State Institute of Medical Sciences,0,1,0.0
IIT Kharagpur,2673,Defence Institute of Psychological Research,0,5,0.0
IIT Kharagpur,2674,Ministry of Urban Development,0,1,0.0
IIT Kharagpur,2675,Indian Academy of Sciences,0,2,0.0
IIT Kharagpur,2676,Indian Cancer Society,0,5,0.0
IIT Kharagpur,2677,Mahatma Gandhi Dental College & Hospital,0,1,0.0
IIT Kharagpur,2678,Artemis Hospitals,0,1,0.0
IIT Kharagpur,2679,Manovikas Kendra Rehabilitation and Research Institute,0,1,0.0
IIT Kharagpur,2680,Centre for Sexuality and Health Research and Policy,0,1,0.0
IIT Kharagpur,2681,Mathrusri Ramabai Ambedkar Dental College & Hospital,0,1,0.0
IIT Kharagpur,2682,Chacha Nehru Bal Chikitsalaya,0,2,0.0
IIT Kharagpur,2683,Bombay Veterinary College,0,1,0.0
IIT Kharagpur,2684,Peermade Development Society,0,1,0.0
IIT Kharagpur,2685,Indian Plywood Industries Research and Training Institute,0,1,0.0
IIT Kharagpur,2686,Sri Aurobindo Institute of Medical Sciences,0,2,0.0
IIT Kharagpur,2687,ESI - Post Graduate Institute of Medical Science and Research,0,5,0.0
IIT Kharagpur,2688,Industrial Credit and Investment Corporation of India,0,7,0.0
IIT Kharagpur,2689,Biotech Park,0,2,0.0
IIT Kharagpur,2690,Joseph Eye Hospital,0,8,0.0
IIT Kharagpur,2691,Eternal Hospital,0,2,0.0
IIT Kharagpur,2692,Raghunath Girls' Post Graduate College,0,1,0.0
IIT Kharagpur,2693,Asha Hospital,0,1,0.0
IIT Kharagpur,2694,Sahodaran,0,1,0.0
IIT Kharagpur,2695,Bethesda Hospital,0,1,0.0
IIT Kharagpur,2696,National Institute of Indian Medical Heritage,0,1,0.0
IIT Kharagpur,2697,Institute of Social Studies Trust,0,2,0.0
IIT Kharagpur,2698,Hilleman Laboratories (India),0,2,0.0
IIT Kharagpur,2699,Jawaharlal Nehru Cancer Hospital and Research Centre,0,3,0.0
IIT Kharagpur,2700,Sterling Hospitals,0,1,0.0
IIT Kharagpur,2701,Watershed Support Services and Activities Network,0,2,0.0
IIT Kharagpur,2702,GVK (India),0,3,0.0
IIT Kharagpur,2703,Indira Gandhi Institute of Child Health,0,2,0.0
IIT Kharagpur,2704,Gajara Raja Medical College,0,6,0.0
IIT Kharagpur,2705,National Diabetes Obesity and Cholesterol Foundation,0,7,0.0
IIT Kharagpur,2706,Emmanuel Hospital Association,0,1,0.0
IIT Kharagpur,2707,BAIF Development Research Foundation,0,5,0.0
IIT Kharagpur,2708,Haryana College of Technology and Management,0,3,0.0
IIT Kharagpur,2709,Medtronic (India),0,3,0.0
IIT Kharagpur,2710,Anthem Biosciences (India),0,2,0.0
IIT Kharagpur,2711,OmniActive Health Technologies (India),0,1,0.0
IIT Kharagpur,2712,Electrical Research and Development Association,0,3,0.0
IIT Kharagpur,2713,Snow & Avalanche Study Estt,0,35,0.0
IIT Kharagpur,2714,National Tuberculosis Institute,0,2,0.0
IIT Kharagpur,2715,Aditya Jyot Eye Hospital,0,1,0.0
IIT Kharagpur,2716,DBT/Wellcome Trust India Alliance,0,2,0.0
IIT Kharagpur,2717,Institute for Systems Studies & Analyses,0,1,0.0
IIT Kharagpur,2718,King Edward Memorial Hospital Research Centre,0,3,0.0
IIT Kharagpur,2719,Dr. Syamala Reddy Dental College Hospital & Research Center,0,3,0.0
IIT Kharagpur,2720,GSL Medical College & General Hospital,0,2,0.0
IIT Kharagpur,2721,Dr. Somervell Memorial CSI Medical College and Hospital,0,1,0.0
IIT Kharagpur,2722,Dr. S.R. Chandrasekhar Institute of Speech and Hearing,0,1,0.0
IIT Kharagpur,2723,"Government Medical College, Amritsar",0,4,0.0
IIT Kharagpur,2724,Cancer Hospital and Research Institute,0,2,0.0
IIT Kharagpur,2725,Directorate of Knowledge Management in Agriculture,0,1,0.0
IIT Kharagpur,2726,Seethapathy Clinic and Hospital,0,2,0.0
IIT Kharagpur,2727,"Sankara Eye Hospital, Coimbatore",0,1,0.0
IIT Kharagpur,2728,Procter & Gamble (India),0,3,0.0
IIT Kharagpur,2729,AMRI Hospitals,0,6,0.0
IIT Kharagpur,2730,Swami Devi Dyal Hospital and Dental College,0,2,0.0
IIT Kharagpur,2731,Covance (India),0,3,0.0
IIT Kharagpur,2732,Rajiv Gandhi Foundation,0,1,0.0
IIT Kharagpur,2733,United Nations Children's Fund India,0,42,0.0
IIT Kharagpur,2734,Elitte College of Engineering,0,2,0.0
IIT Kharagpur,2735,Karnataka Health Promotion Trust,0,5,0.0
IIT Kharagpur,2736,Indian National Trust for Art and Cultural Heritage,0,1,0.0
IIT Kharagpur,2737,"Shri Shivaji Education Society, Amravati's Science College, Nagpur",0,1,0.0
IIT Kharagpur,2738,Fazl Ali College,0,1,0.0
IIT Kharagpur,2739,VNIR Biotechnologies (India),0,1,0.0
IIT Kharagpur,2740,Novo Nordisk (India),0,1,0.0
IIT Kharagpur,2741,"All India Institute of Medical Sciences, Rajkot",0,4,0.0
IIT Kharagpur,2742,Defence Avionics Research Establishment,0,2,0.0
IIT Kharagpur,2743,Dr Vijay Kumar Foundation,0,9,0.0
IIT Kharagpur,2744,Netaji Subhash Chandra Bose Medical College,0,3,0.0
IIT Kharagpur,2745,Arignar Anna Memorial Cancer Hospital & Research Institute,0,1,0.0
IIT Kharagpur,2746,Saifee Hospital,0,2,0.0
IIT Kharagpur,2747,Meditation De-Addiction Health AIDS Nutrition Trust,0,4,0.0
IIT Kharagpur,2748,Tamil Nadu Horticulture University,0,1,0.0
IIT Kharagpur,2749,St. Francis Institute of Management and Research,0,3,0.0
IIT Kharagpur,2750,Bihar National College,0,2,0.0
IIT Kharagpur,2751,Tamil Nadu Dr. Ambedkar Law University,0,1,0.0
IIT Kharagpur,2752,Centre for Women's Development Studies,0,4,0.0
IIT Kharagpur,2753,Ambika Prasad Research Foundation,0,1,0.0
IIT Kharagpur,2754,Guru Nanak Institute of Management Studies,0,1,0.0
IIT Kharagpur,2755,Calcutta Research Group,0,1,0.0
IIT Kharagpur,2756,Ekjut,0,1,0.0
IIT Kharagpur,2757,The Corbett Foundation,0,4,0.0
IIT Kharagpur,2758,Terna Dental College and Hospital,0,1,0.0
IIT Kharagpur,2759,Indian Medical Association,0,2,0.0
IIT Kharagpur,2760,Cardiological Society of India,0,1,0.0
IIT Kharagpur,2761,Alwar Pharmacy College,0,1,0.0
IIT Kharagpur,2762,Foundation for Research in Health Systems,0,2,0.0
IIT Kharagpur,2763,Star Hospitals,0,1,0.0
IIT Kharagpur,2764,Dr. B.L. Kapur Memorial Hospital,0,2,0.0
IIT Kharagpur,2765,Vivekananda Institute of Biotechnology,0,1,0.0
IIT Kharagpur,2766,Indian Institute of Advanced Study,0,1,0.0
IIT Kharagpur,2767,Population Services International,0,1,0.0
IIT Kharagpur,2768,National Institute of Ecology,0,1,0.0
IIT Kharagpur,2769,NTPC Consultancy (India),0,1,0.0
IIT Kharagpur,2770,GlaxoSmithKline (India),0,5,0.0
IIT Kharagpur,2771,Subbaiah Medical College,0,1,0.0
IIT Kharagpur,2772,J. S. Ayurveda Mahavidyalaya and P.D. Patel Ayurveda Hospital,0,1,0.0
IIT Kharagpur,2773,Diabetes Foundation,0,7,0.0
IIT Kharagpur,2774,Institute for Human Development,0,18,0.0
IIT Kharagpur,2775,M. S. Ramaiah Dental College and Hospital,0,3,0.0
IIT Kharagpur,2776,Nehru Memorial Museum & Library,0,4,0.0
IIT Kharagpur,2777,Maharashtra Institute of Dental Science and Research,0,1,0.0
IIT Kharagpur,2778,Lupin Pharmaceuticals (India),0,5,0.0
IIT Kharagpur,2779,D.A.V Centenary Dental College,0,1,0.0
IIT Kharagpur,2780,West Bengal Electronics Industry Development Corporation Limited (India),0,1,0.0
IIT Kharagpur,2781,Institute of Development Studies,0,2,0.0
IIT Kharagpur,2782,ACPM Dental College and Hospital,0,2,0.0
IIT Kharagpur,2783,Centre for Budget and Governance Accountability,0,4,0.0
IIT Kharagpur,2784,Tamil Nadu Government Dental College and Hospital,0,2,0.0
IIT Kharagpur,2785,Peerless Hospital & B.K.Roy Research Centre,0,5,0.0
IIT Kharagpur,2786,Desun Hospital & Heart Institute,0,1,0.0
IIT Kharagpur,2787,Saras Environment Consultant,0,1,0.0
IIT Kharagpur,2788,Mandya Institute of Medical Sciences,0,1,0.0
IIT Kharagpur,2789,Tata Trusts,0,6,0.0
IIT Kharagpur,2790,All India Institute of Hygiene and Public Health,0,28,0.0
IIT Kharagpur,2791,National Research Centre on Equines,0,3,0.0
IIT Kharagpur,2792,Science Health Allied Research Education,0,2,0.0
IIT Kharagpur,2793,Dabur (India),0,2,0.0
IIT Kharagpur,2794,Satavahana University,0,2,0.0
IIT Kharagpur,2795,Lourdes Hospital,0,1,0.0
IIT Kharagpur,2796,Lala Lajpat Rai Memorial Medical College,0,7,0.0
IIT Kharagpur,2797,CARE Hospitals,0,3,0.0
IIT Kharagpur,2798,Lok Swasthya SEWA Cooperative,0,2,0.0
IIT Kharagpur,2799,Tata Main Hospital,0,1,0.0
IIT Kharagpur,2800,Nestlé (India),0,3,0.0
IIT Kharagpur,2801,Indian Social Institute,0,1,0.0
IIT Kharagpur,2802,Mangla Hospital and Research Center,0,2,0.0
IIT Kharagpur,2803,Jawaharlal Nehru Architecture and Fine Arts University,0,1,0.0
IIT Kharagpur,2804,Gobinda Prasad Mahavidyalaya,0,1,0.0
IIT Kharagpur,2805,Medwin Hospital,0,1,0.0
IIT Kharagpur,2806,B M Birla Science Centre,0,1,0.0
IIT Kharagpur,2807,HDFC Bank (India),0,1,0.0
IIT Kharagpur,2808,LifeForce Homoeopathy (India),0,1,0.0
IIT Kharagpur,2809,"Sickle Cell Institute Chhattisgarh, Raipur",0,1,0.0
IIT Kharagpur,2810,Bombay Natural History Society,0,2,0.0
IIT Kharagpur,2811,Pushpawati Singhania Research Institute,0,1,0.0
IIT Kharagpur,2812,"National Institute of Homoeopathy , Kolkata",0,3,0.0
IIT Kharagpur,2813,ACS Medical College and Hospital,0,1,0.0
IIT Kharagpur,2814,Canara Bank,0,1,0.0
IIT Kharagpur,2815,Smt. N.H.L. Municipal Medical College,0,5,0.0
IIT Kharagpur,2816,Government Dental College & Research Institute,0,2,0.0
IIT Kharagpur,2817,Mittal hospital,0,1,0.0
IIT Kharagpur,2818,Bolpur College,0,1,0.0
IIT Kharagpur,2819,Indian Immunologicals (India),0,1,0.0
IIT Kharagpur,2820,Fortis Escorts Hospital,0,3,0.0
IIT Kharagpur,2821,Healis Sekhsaria Institute For Public Health,0,13,0.0
IIT Kharagpur,2822,Mahatma Gandhi Antarrashtriya Hindi Vishwavidyalaya,0,2,0.0
IIT Kharagpur,2823,YMT Ayurvedic Medical College & Hospital. P.G.Institute,0,1,0.0
IIT Kharagpur,2824,Hindi University,0,2,0.0
IIT Kharagpur,2825,Jain Irrigation Systems (India),0,4,0.0
IIT Kharagpur,2826,Pratham,0,1,0.0
IIT Kharagpur,2827,Dr Baba Saheb Ambedkar Hospital,0,1,0.0
IIT Kharagpur,2828,Kannur Dental College,0,1,0.0
IIT Kharagpur,2829,Sobhasaria Group of Institutions,0,2,0.0
IIT Kharagpur,2830,St. Stephen’s Hospital,0,5,0.0
IIT Kharagpur,2831,Themis (India),0,2,0.0
IIT Kharagpur,2832,Hindu Post Graduate College,0,4,0.0
IIT Kharagpur,2833,Elite School of Optometry,0,1,0.0
IIT Kharagpur,2834,Nazareth Hospital,0,1,0.0
IIT Kharagpur,2835,Vokkaligara Sangha Dental College & Hospital,0,1,0.0
IIT Kharagpur,2836,Zoo Outreach Organisation,0,5,0.0
IIT Kharagpur,2837,Tejas Networks (India),0,3,0.0
IIT Kharagpur,2838,Institute of Cytology and Preventive Oncology,0,4,0.0
IIT Kharagpur,2839,Laser Science & Technology Centre,0,1,0.0
IIT Kharagpur,2840,Collaborative Clean Air Policy Centre,0,5,0.0
IIT Kharagpur,2841,Kalawati Saran Children's Hospital,0,6,0.0
IIT Kharagpur,2842,Oxford Dental College and Hospital,0,5,0.0
IIT Kharagpur,2843,Prince Aly Khan Hospital,0,1,0.0
IIT Kharagpur,2844,Global Development Network,0,4,0.0
IIT Kharagpur,2845,"Institute of Pharmacy, Maregaon",0,1,0.0
IIT Kharagpur,2846,Department of Health & Family Welfare,0,2,0.0
IIT Kharagpur,2847,Water Sanitation and Hygiene Institute,0,1,0.0
IIT Kharagpur,2848,College of Medicine & Sagore Dutta Hospital,0,9,0.0
IIT Kharagpur,2849,Bengal School of Technology and Management,0,1,0.0
IIT Kharagpur,2850,Seema Dental College and Hospital,0,1,0.0
IIT Kharagpur,2851,Vijaya Medical and Educational Trust,0,3,0.0
IIT Kharagpur,2852,Research and Action in Natural Wealth Administration,0,2,0.0
IIT Kharagpur,2853,InsPIRE Network for Environment,0,4,0.0
IIT Kharagpur,2854,Ranaghat College,0,1,0.0
IIT Kharagpur,2855,National Centre for Disease Informatics and Research,0,2,0.0
IIT Kharagpur,2856,Indraprastha Institute of Management and Technology,0,1,0.0
IIT Kharagpur,2857,Voluntary Health Association Of India,0,1,0.0
IIT Kharagpur,2858,Mediciti Institute of Medical Sciences,0,2,0.0
IIT Kharagpur,2859,Panacea Biotec (India),0,2,0.0
IIT Kharagpur,2860,Anthropological Survey of India,0,4,0.0
IIT Kharagpur,2861,"Sankara Eye Hospital, Bangalore",0,1,0.0
IIT Kharagpur,2862,Hindu Rao Hospital,0,5,0.0
IIT Kharagpur,2863,Lady Amritbai Daga and Smt. Ratnidevi Purohit College for Women,0,1,0.0
IIT Kharagpur,2864,Guru Nanak First Grade College Bidar,0,1,0.0
IIT Kharagpur,2865,Society of Pharmaceutical Sciences and Research,0,1,0.0
IIT Kharagpur,2866,Dr. A. Ramachandran's Diabetes Hospitals,0,2,0.0
IIT Kharagpur,2867,Jharkhand Space Applications Center,0,2,0.0
IIT Kharagpur,2868,Union Bank of India,0,2,0.0
IIT Kharagpur,2869,Fortis Memorial Research Institute,0,1,0.0
IIT Kharagpur,2870,Sardar Patel Post Graduate Institute of Dental and Medical Sciences,0,3,0.0
IIT Kharagpur,2871,"National Institute of Science, Technology and Development Studies",0,10,0.0
IIT Kharagpur,2872,Samarth,0,3,0.0
IIT Kharagpur,2873,Asian Institute of Gastroenterology,0,5,0.0
IIT Kharagpur,2874,Sanofi (India),0,2,0.0
IIT Kharagpur,2875,National Institute of Financial Management,0,6,0.0
IIT Kharagpur,2876,M.V. Hospital for Diabetes and Diabetes Research Centre,0,2,0.0
IIT Kharagpur,2877,MSD (India),0,2,0.0
IIT Kharagpur,2878,Foundation for Medical Research,0,2,0.0
IIT Kharagpur,2879,Pain Relief and Palliative Care Society,0,1,0.0
IIT Kharagpur,2880,Dr. V. M. Government Medical College,0,1,0.0
IIT Kharagpur,2881,Indian Society of Critical Care Medicine,0,1,0.0
IIT Kharagpur,2882,National Heart Institute,0,1,0.0
IIT Kharagpur,2883,Cachar College,0,2,0.0
IIT Kharagpur,2884,CUTS International,0,3,0.0
IIT Kharagpur,2885,Department of Ocean Development,0,2,0.0
IIT Kharagpur,2886,Govt. Dental College & Hospital,0,4,0.0
IIT Kharagpur,2887,Janssen (India),0,1,0.0
IIT Kharagpur,2888,"MGM Medical College, Nerul",0,1,0.0
IIT Kharagpur,2889,Indian Council of Historical Research,0,1,0.0
IIT Kharagpur,2890,Malabar Dental College and Research Centre,0,1,0.0
IIT Kharagpur,2891,Micro Insurance Academy,0,9,0.0
IIT Kharagpur,2892,Bhagwan Mahaveer Jain Hospital,0,2,0.0
IIT Kharagpur,2893,Centre for Social Sciences and Humanities,0,13,0.0
IIT Kharagpur,2894,JRE Group of Institutions,0,2,0.0
IIT Kharagpur,2895,National Centre for Aerospace Innovation and Research,0,5,0.0
IIT Kharagpur,2896,Office of the Principal Scientific Adviser,0,1,0.0
IIT Kharagpur,2897,UDAAN for the Disabled,0,1,0.0
IIT Kharagpur,2898,Orchid Pharma (India),0,9,0.0
IIT Kharagpur,2899,Deen Dayal Upadhyay Hospital,0,2,0.0
IIT Kharagpur,2900,Madras Institute of Orthopaedics and Traumatology,0,3,0.0
IIT Kharagpur,2901,Bangur Institute of Neurosciences,0,5,0.0
IIT Kharagpur,2902,Lok Nayak Jai Prakash Narayan Hospital,0,3,0.0
IIT Kharagpur,2903,National Institute of Plant Health Management,0,2,0.0
IIT Kharagpur,2904,Shyam Shah Medical College,0,1,0.0
IIT Kharagpur,2905,Sant Parmanand Hospital,0,1,0.0
IIT Kharagpur,2906,Therachem Research Medilab (India),0,1,0.0
IIT Kharagpur,2907,World Health Organization Regional Office for South-East Asia,0,18,0.0
IIT Kharagpur,2908,Program for Appropriate Technology in Health,0,6,0.0
IIT Kharagpur,2909,Centre for Multi-disciplinary Development Research,0,1,0.0
IIT Kharagpur,2910,AquAgri Processing Private Limited (India),0,1,0.0
IIT Kharagpur,2911,Antrix Corporation (India),0,1,0.0
IIT Kharagpur,2912,Healthcare Global Enterprises,0,1,0.0
IIT Kharagpur,2913,Sri Aurobindo Institute of Technology,0,5,0.0
IIT Kharagpur,2914,Centre for Science and Environment,0,7,0.0
IIT Kharagpur,2915,JK Agri Genetics (India),0,2,0.0
IIT Kharagpur,2916,Coir Board of India,0,1,0.0
IIT Kharagpur,2917,Darshan Dental College and Hospital,0,2,0.0
IIT Kharagpur,2918,Paras Hospitals,0,1,0.0
IIT Kharagpur,2919,Kims Bibi Hospital,0,1,0.0
IIT Kharagpur,2920,Saraswati Dental College and Hospital,0,1,0.0
IIT Kharagpur,2921,Sri Manakula Vinayagar Medical College and Hospital,0,3,0.0
IIT Kharagpur,2922,NexusCRO (India),0,1,0.0
IIT Kharagpur,2923,NonFerrous Materials Technology Development Centre,0,5,0.0
IIT Kharagpur,2924,Healing Fields Foundation,0,1,0.0
IIT Kharagpur,2925,Dr. Balabhai Nanavati Hospital,0,3,0.0
IIT Kharagpur,2926,Jawaharlal Nehru Medical College Hospital,0,14,0.0
IIT Kharagpur,2927,National Dairy Development Board,0,1,0.0
IIT Kharagpur,2928,Maaruti College of Dental sciences & Research Center,0,2,0.0
IIT Kharagpur,2929,Sandip Institute of Engineering and Management,0,2,0.0
IIT Kharagpur,2930,Caplin Point Laboratories (India),0,1,0.0
IIT Kharagpur,2931,Kakatiya Medical College,0,5,0.0
IIT Kharagpur,2932,Kamineni Institute of Dental Sciences,0,4,0.0
IIT Kharagpur,2933,Advanced Enzyme Technologies Limited (India),0,2,0.0
IIT Roorkee,1,Vellore Institute of Technology University,2565,1547,1.658
IIT Roorkee,2,University of Petroleum and Energy Studies,2533,683,3.709
IIT Roorkee,3,Academy of Scientific and Innovative Research,2211,2107,1.049
IIT Roorkee,4,Indian Institute of Technology Delhi,2156,5291,0.407
IIT Roorkee,5,Saveetha University,2128,571,3.727
IIT Roorkee,6,Indian Institute of Technology Kharagpur,1915,5530,0.346
IIT Roorkee,7,SRM Institute of Science and Technology,1854,910,2.037
IIT Roorkee,8,University of Delhi,1792,2206,0.812
IIT Roorkee,9,Indian Institute of Technology Bombay,1775,4860,0.365
IIT Roorkee,10,Amity University,1717,722,2.378
IIT Roorkee,11,Lovely Professional University,1716,560,3.064
IIT Roorkee,12,Graphic Era University,1659,394,4.211
IIT Roorkee,13,Banaras Hindu University,1638,2236,0.733
IIT Roorkee,14,Chandigarh University,1554,358,4.341
IIT Roorkee,15,Indian Institute of Technology Guwahati,1407,2004,0.702
IIT Roorkee,16,Indian Institute of Technology Madras,1403,2975,0.472
IIT Roorkee,17,Indian Institute of Technology BHU,1385,1306,1.06
IIT Roorkee,18,Indian Institute of Technology Kanpur,1269,3925,0.323
IIT Roorkee,19,Indian Institute of Technology Dhanbad,1232,1523,0.809
IIT Roorkee,20,Dr. B. R. Ambedkar National Institute of Technology Jalandhar,1220,497,2.455
IIT Roorkee,21,Manipal Academy of Higher Education,1203,591,2.036
IIT Roorkee,22,National Institute of Technology Rourkela,1148,1355,0.847
IIT Roorkee,23,Aligarh Muslim University,1142,1347,0.848
IIT Roorkee,24,Thapar Institute of Engineering & Technology,1109,1066,1.04
IIT Roorkee,25,Council of Scientific and Industrial Research,1105,3281,0.337
IIT Roorkee,26,Malaviya National Institute of Technology Jaipur,1074,883,1.216
IIT Roorkee,27,Chitkara University,1058,216,4.898
IIT Roorkee,28,"Birla Institute of Technology and Science, Pilani",1048,913,1.148
IIT Roorkee,29,Indian Institute of Science Bangalore,1009,3855,0.262
IIT Roorkee,30,Jadavpur University,938,1635,0.574
IIT Roorkee,31,National Institute of Technology Warangal,895,625,1.432
IIT Roorkee,32,Sardar Vallabhbhai National Institute of Technology Surat,894,646,1.384
IIT Roorkee,33,Indian Institute of Technology Indore,884,890,0.993
IIT Roorkee,34,GLA University,880,226,3.894
IIT Roorkee,35,Maulana Azad National Institute of Technology,876,586,1.495
IIT Roorkee,36,National Institute of Technology Patna,873,429,2.035
IIT Roorkee,37,Jamia Millia Islamia,851,1029,0.827
IIT Roorkee,38,"Anna University, Chennai",847,1487,0.57
IIT Roorkee,39,Amrita Vishwa Vidyapeetham,838,473,1.772
IIT Roorkee,40,Panjab University,837,1187,0.705
IIT Roorkee,41,Delhi Technological University,812,655,1.24
IIT Roorkee,42,Indian Institute of Technology Jodhpur,811,433,1.873
IIT Roorkee,43,Indian Institute of Technology Mandi,809,453,1.786
IIT Roorkee,44,Motilal Nehru National Institute of Technology,807,814,0.991
IIT Roorkee,45,National Institute Of Technology Silchar,782,595,1.314
IIT Roorkee,46,Koneru Lakshmaiah Education Foundation,744,207,3.594
IIT Roorkee,47,National Institute of Technology Karnataka,705,615,1.146
IIT Roorkee,48,National Institute of Technology Raipur,698,434,1.608
IIT Roorkee,49,National Institute of Technology Tiruchirappalli,687,1027,0.669
IIT Roorkee,50,Homi Bhabha National Institute,687,648,1.06
IIT Roorkee,51,Symbiosis International University,662,221,2.995
IIT Roorkee,52,KIIT University,659,327,2.015
IIT Roorkee,53,Jawaharlal Nehru University,649,1511,0.43
IIT Roorkee,54,Indian Institute of Technology Ropar,640,492,1.301
IIT Roorkee,55,Siksha O Anusandhan University,632,393,1.608
IIT Roorkee,56,National Institute of Technology Kurukshetra,625,607,1.03
IIT Roorkee,57,National Institute of Technology Jamshedpur,609,140,4.35
IIT Roorkee,58,Jain University,599,220,2.723
IIT Roorkee,59,National Institute of Hydrology,598,1544,0.387
IIT Roorkee,60,National Institute of Technology Srinagar,594,204,2.912
IIT Roorkee,61,Bhabha Atomic Research Centre,594,1811,0.328
IIT Roorkee,62,Indian Institute of Technology Bhubaneswar,591,856,0.69
IIT Roorkee,63,Netaji Subhas University of Technology,576,417,1.381
IIT Roorkee,64,University of Kashmir,558,682,0.818
IIT Roorkee,65,National Institute of Technology Calicut,557,469,1.188
IIT Roorkee,66,Pandit Deendayal Energy University,555,381,1.457
IIT Roorkee,67,Indian Institute of Technology Hyderabad,535,750,0.713
IIT Roorkee,68,Punjab Engineering College,534,258,2.07
IIT Roorkee,69,Indian Institute of Technology Patna,534,555,0.962
IIT Roorkee,70,Visvesvaraya National Institute of Technology,531,551,0.964
IIT Roorkee,71,University of Calcutta,522,1018,0.513
IIT Roorkee,72,Govind Ballabh Pant University of Agriculture and Technology,517,373,1.386
IIT Roorkee,73,University of Allahabad,508,566,0.898
IIT Roorkee,74,Uttaranchal University,506,96,5.271
IIT Roorkee,75,Central Building Research Institute,500,401,1.247
IIT Roorkee,76,Galgotias University,491,111,4.423
IIT Roorkee,77,Shoolini University,488,415,1.176
IIT Roorkee,78,Savitribai Phule Pune University,475,740,0.642
IIT Roorkee,79,Sharda University,475,173,2.746
IIT Roorkee,80,Sathyabama Institute of Science and Technology,468,258,1.814
IIT Roorkee,81,Vel Tech Rangarajan Dr. Sagunthala R&D Institute of Science and Technology,466,165,2.824
IIT Roorkee,82,Indian Institute of Information Technology Design and Manufacturing Jabalpur,448,547,0.819
IIT Roorkee,83,"Indian Institute of Engineering Science and Technology, Shibpur",448,639,0.701
IIT Roorkee,84,Guru Nanak Dev University,444,619,0.717
IIT Roorkee,85,Visvesvaraya Technological University,438,247,1.773
IIT Roorkee,86,Christ University,435,114,3.816
IIT Roorkee,87,Karpagam Academy of Higher Education,435,114,3.816
IIT Roorkee,88,"Birla Institute of Technology, Mesra",433,390,1.11
IIT Roorkee,89,Indian Space Research Organisation,424,1142,0.371
IIT Roorkee,90,GITAM University,415,183,2.268
IIT Roorkee,91,National Institute of Technology Agartala,408,230,1.774
IIT Roorkee,92,Wadia Institute of Himalayan Geology,406,1100,0.369
IIT Roorkee,93,National Institute of Technology Durgapur,401,461,0.87
IIT Roorkee,94,SR University,401,43,9.326
IIT Roorkee,95,SASTRA University,396,359,1.103
IIT Roorkee,96,Ministry of Earth Sciences,396,769,0.515
IIT Roorkee,97,Indian Institute of Technology Gandhinagar,394,738,0.534
IIT Roorkee,98,Jaypee Institute of Information Technology,394,152,2.592
IIT Roorkee,99,Indian Council of Agricultural Research,390,421,0.926
IIT Roorkee,100,Madan Mohan Malaviya University of Technology,375,150,2.5
IIT Roorkee,101,Hemwati Nandan Bahuguna Garhwal University,373,550,0.678
IIT Roorkee,102,"Maharishi Markandeshwar University, Mullana",371,152,2.441
IIT Roorkee,103,Indian Institute of Technology Jammu,366,154,2.377
IIT Roorkee,104,Sri Sivasubramaniya Nadar College of Engineering,357,254,1.406
IIT Roorkee,105,Parul University,354,66,5.364
IIT Roorkee,106,Karunya University,354,214,1.654
IIT Roorkee,107,National Institute of Pharmaceutical Education and Research,354,621,0.57
IIT Roorkee,108,University of Jammu,351,596,0.589
IIT Roorkee,109,Banasthali University,350,151,2.318
IIT Roorkee,110,Central University of Rajasthan,337,243,1.387
IIT Roorkee,111,Tezpur University,334,366,0.913
IIT Roorkee,112,"SRM University, Andhra Pradesh",332,123,2.699
IIT Roorkee,113,Indian Institute of Remote Sensing,328,757,0.433
IIT Roorkee,114,Kurukshetra University,319,348,0.917
IIT Roorkee,115,CSIR National Physical Laboratory of India,318,739,0.43
IIT Roorkee,116,University of Hyderabad,316,726,0.435
IIT Roorkee,117,Institute of Chemical Technology,316,557,0.567
IIT Roorkee,118,Pondicherry University,307,418,0.734
IIT Roorkee,119,O. P. Jindal Global University,306,80,3.825
IIT Roorkee,120,Central University of Punjab,303,176,1.722
IIT Roorkee,121,Indian Agricultural Research Institute,299,456,0.656
IIT Roorkee,122,Birla Institute of Technology and Science - Hyderabad Campus,297,345,0.861
IIT Roorkee,123,Dehradun Institute of Technology University,297,200,1.485
IIT Roorkee,124,Cochin University of Science and Technology,293,356,0.823
IIT Roorkee,125,Guru Gobind Singh Indraprastha University,291,208,1.399
IIT Roorkee,126,Bharathidasan University,291,409,0.711
IIT Roorkee,127,Kalasalingam Academy of Research and Education,288,209,1.378
IIT Roorkee,128,Bennett University,282,44,6.409
IIT Roorkee,129,Veer Surendra Sai University of Technology,281,183,1.536
IIT Roorkee,130,Marwadi University,280,42,6.667
IIT Roorkee,131,Indian Institute of Petroleum,279,487,0.573
IIT Roorkee,132,Maharshi Dayanand University,279,220,1.268
IIT Roorkee,133,National Environmental Engineering Research Institute,275,528,0.521
IIT Roorkee,134,"Indian Institute of Science Education and Research, Bhopal",269,266,1.011
IIT Roorkee,135,Central University of Haryana,265,110,2.409
IIT Roorkee,136,Central University of Jammu,264,101,2.614
IIT Roorkee,137,Punjab Agricultural University,263,342,0.769
IIT Roorkee,138,Presidency University,262,276,0.949
IIT Roorkee,139,Harcourt Butler Technical University,262,80,3.275
IIT Roorkee,140,Aditya Institute of Technology and Management,262,20,13.1
IIT Roorkee,141,University of Madras,260,359,0.724
IIT Roorkee,142,Mahatma Gandhi University,256,486,0.527
IIT Roorkee,143,Alliance University,256,57,4.491
IIT Roorkee,144,Punjabi University,248,213,1.164
IIT Roorkee,145,National Institute of Technology Delhi,246,118,2.085
IIT Roorkee,146,Indian Institute of Chemical Technology,243,800,0.304
IIT Roorkee,147,Guru Jambheshwar University of Science and Technology,243,307,0.792
IIT Roorkee,148,SRM University,243,259,0.938
IIT Roorkee,149,Punjab Technical University,243,222,1.095
IIT Roorkee,150,Bharathiar University,242,434,0.558
IIT Roorkee,151,Gujarat Technological University,241,55,4.382
IIT Roorkee,152,Nirma University,240,144,1.667
IIT Roorkee,153,Annamalai University,240,418,0.574
IIT Roorkee,154,University of Lucknow,236,357,0.661
IIT Roorkee,155,Defence Research and Development Organisation,235,316,0.744
IIT Roorkee,156,Shivaji University,232,437,0.531
IIT Roorkee,157,Amity University Gurugram,232,107,2.168
IIT Roorkee,158,Inter-University Accelerator Centre,230,530,0.434
IIT Roorkee,159,Babasaheb Bhimrao Ambedkar University,228,297,0.768
IIT Roorkee,160,Shri Mata Vaishno Devi University,226,157,1.439
IIT Roorkee,161,Gurukul Kangri Vishwavidyalaya,226,202,1.119
IIT Roorkee,162,National Institute of Technology Meghalaya,225,101,2.228
IIT Roorkee,163,Gauhati University,225,211,1.066
IIT Roorkee,164,Hindustan Institute of Technology and Science,221,103,2.146
IIT Roorkee,165,Gati Shakti Vishwavidyalaya,218,3,72.667
IIT Roorkee,166,University of Kerala,216,250,0.864
IIT Roorkee,167,National Institute of Science Education and Research,215,317,0.678
IIT Roorkee,168,Shri Govindram Seksaria Institute of Technology and Science,215,63,3.413
IIT Roorkee,169,Visva-Bharati University,213,289,0.737
IIT Roorkee,170,University of Burdwan,212,375,0.565
IIT Roorkee,171,KPR Institute of Engineering and Technology,212,107,1.981
IIT Roorkee,172,Physical Research Laboratory,206,844,0.244
IIT Roorkee,173,Guru Ghasidas Vishwavidyalaya,203,153,1.327
IIT Roorkee,174,Tata Institute of Fundamental Research,201,987,0.204
IIT Roorkee,175,Deenbandhu Chhotu Ram University of Science and Technology,201,123,1.634
IIT Roorkee,176,North Eastern Hill University,198,310,0.639
IIT Roorkee,177,Central University of Jharkhand,197,257,0.767
IIT Roorkee,178,National Geophysical Research Institute,196,1000,0.196
IIT Roorkee,179,Aditya University,196,35,5.6
IIT Roorkee,180,University of Mumbai,196,309,0.634
IIT Roorkee,181,Vidyasagar University,194,247,0.785
IIT Roorkee,182,Government of India,192,433,0.443
IIT Roorkee,183,KLE Technological University,192,132,1.455
IIT Roorkee,184,Gautam Buddha University,191,88,2.17
IIT Roorkee,185,Indian Institute of Technology Tirupati,190,92,2.065
IIT Roorkee,186,Integral University,190,89,2.135
IIT Roorkee,187,Manav Rachna International Institute of Research and Studies,189,40,4.725
IIT Roorkee,188,Indian Institute of Tropical Meteorology,187,863,0.217
IIT Roorkee,189,Sant Longowal Institute of Engineering and Technology,186,202,0.921
IIT Roorkee,190,Jamia Hamdard,185,330,0.561
IIT Roorkee,191,Indian Institute of Science Education and Research Mohali,185,241,0.768
IIT Roorkee,192,National Institute for Interdisciplinary Science and Technology,183,512,0.357
IIT Roorkee,193,Tamil Nadu Agricultural University,182,119,1.529
IIT Roorkee,194,Narsee Monjee Institute of Management Studies,181,92,1.967
IIT Roorkee,195,St. Joseph’s College of Engineering,181,96,1.885
IIT Roorkee,196,Madurai Kamaraj University,180,245,0.735
IIT Roorkee,197,National Chemical Laboratory,180,958,0.188
IIT Roorkee,198,Indian Institute of Technology Dharwad,178,30,5.933
IIT Roorkee,199,GMR Institute of Technology,178,49,3.633
IIT Roorkee,200,REVA University,176,72,2.444
IIT Roorkee,201,"J.C. Bose University of Science & Technology, YMCA",175,94,1.862
IIT Roorkee,202,Geological Survey of India,175,510,0.343
IIT Roorkee,203,Centurion University of Technology and Management,175,62,2.823
IIT Roorkee,204,Sher-e-Kashmir University of Agricultural Sciences and Technology of Kashmir,174,77,2.26
IIT Roorkee,205,University of Kalyani,174,299,0.582
IIT Roorkee,206,North East Institute of Science and Technology,173,192,0.901
IIT Roorkee,207,Dayananda Sagar College of Engineering,173,52,3.327
IIT Roorkee,208,"Vignan's Foundation for Science, Technology & Research",172,95,1.811
IIT Roorkee,209,Maharaja Sayajirao University of Baroda,172,267,0.644
IIT Roorkee,210,Andhra University,171,335,0.51
IIT Roorkee,211,Indian Association for the Cultivation of Science,170,665,0.256
IIT Roorkee,212,Chaudhary Charan Singh University,170,120,1.417
IIT Roorkee,213,Rajasthan Technical University,170,65,2.615
IIT Roorkee,214,Indian Institute of Science Education and Research Kolkata,169,458,0.369
IIT Roorkee,215,Jaipuria Institute of Management,169,44,3.841
IIT Roorkee,216,Nitte Meenakshi Institute of Technology,166,22,7.545
IIT Roorkee,217,"Jawaharlal Nehru Technological University, Hyderabad",166,270,0.615
IIT Roorkee,218,MIT World Peace University,165,41,4.024
IIT Roorkee,219,G.L. Bajaj Institute of Technology and Management Greater Noida,165,52,3.173
IIT Roorkee,220,Alagappa University,165,252,0.655
IIT Roorkee,221,Central University of Tamil Nadu,163,108,1.509
IIT Roorkee,222,Dr. Hari Singh Gour University,162,194,0.835
IIT Roorkee,223,National Institute of Technology Andhra Pradesh,160,46,3.478
IIT Roorkee,224,Institute of Minerals and Materials Technology,158,367,0.431
IIT Roorkee,225,Islamic University of Science and Technology,157,42,3.738
IIT Roorkee,226,M.J.P. Rohilkhand University,156,119,1.311
IIT Roorkee,227,Himachal Pradesh University,156,153,1.02
IIT Roorkee,228,Osmania University,155,269,0.576
IIT Roorkee,229,Dibrugarh University,155,92,1.685
IIT Roorkee,230,Central Salt and Marine Chemicals Research Institute,154,518,0.297
IIT Roorkee,231,University of Mysore,154,158,0.975
IIT Roorkee,232,University of Rajasthan,153,205,0.746
IIT Roorkee,233,India Meteorological Department,153,704,0.217
IIT Roorkee,234,Central University of Himachal Pradesh,153,101,1.515
IIT Roorkee,235,"Birla Institute of Technology and Science, Pilani - Goa Campus",152,138,1.101
IIT Roorkee,236,Shiv Nadar University,152,184,0.826
IIT Roorkee,237,Mizoram University,150,115,1.304
IIT Roorkee,238,Atal Bihari Vajpayee Indian Institute of Information Technology and Management,150,166,0.904
IIT Roorkee,239,All India Institute of Medical Sciences,150,338,0.444
IIT Roorkee,240,JSS Academy of Higher Education and Research,149,69,2.159
IIT Roorkee,241,University of Engineering & Management,149,57,2.614
IIT Roorkee,242,VIT Bhopal University,149,29,5.138
IIT Roorkee,243,Chaudhary Charan Singh Haryana Agricultural University,148,135,1.096
IIT Roorkee,244,Chettinad Academy of Research and Education,147,40,3.675
IIT Roorkee,245,Chaitanya Bharathi Institute of Technology,147,37,3.973
IIT Roorkee,246,Doon University,146,146,1.0
IIT Roorkee,247,Indian Statistical Institute,146,665,0.22
IIT Roorkee,248,Assam University,144,99,1.455
IIT Roorkee,249,Rajiv Gandhi Institute of Petroleum Technology,143,68,2.103
IIT Roorkee,250,Periyar University,143,188,0.761
IIT Roorkee,251,Birbal Sahni Institute of Palaeosciences,143,364,0.393
IIT Roorkee,252,Mahaveer University,142,30,4.733
IIT Roorkee,253,Indian Institute of Technology Bhilai,142,55,2.582
IIT Roorkee,254,Teerthanker Mahaveer University,142,32,4.438
IIT Roorkee,255,North Bengal University,141,86,1.64
IIT Roorkee,256,Indira Gandhi Delhi Technical University for Women,140,120,1.167
IIT Roorkee,257,Ramaiah Institute of Technology,139,141,0.986
IIT Roorkee,258,COEP Technological University,139,92,1.511
IIT Roorkee,259,Space Applications Centre,139,433,0.321
IIT Roorkee,260,Mohan Babu University,139,12,11.583
IIT Roorkee,261,Kumaun University,137,427,0.321
IIT Roorkee,262,CMR University,136,31,4.387
IIT Roorkee,263,"National Institute of Technical Teachers Training and Research, Chandigarh",136,122,1.115
IIT Roorkee,264,Siddhartha Academy of Higher Education,135,55,2.455
IIT Roorkee,265,Central Scientific Instruments Organisation,135,181,0.746
IIT Roorkee,266,Saha Institute of Nuclear Physics,134,770,0.174
IIT Roorkee,267,Aliah University,133,60,2.217
IIT Roorkee,268,Maharaja Ranjit Singh Punjab Technical University,133,67,1.985
IIT Roorkee,269,B.S. Abdur Rahman Crescent Institute of Science & Technology,133,97,1.371
IIT Roorkee,270,The NorthCap University,132,93,1.419
IIT Roorkee,271,Central Agricultural University,132,62,2.129
IIT Roorkee,272,Dr. A.P.J. Abdul Kalam Technical University,132,44,3.0
IIT Roorkee,273,Bharati Vidyapeeth (Deemed to be University),132,113,1.168
IIT Roorkee,274,KR Mangalam University,132,21,6.286
IIT Roorkee,275,Indian Institute of Toxicology Research,130,372,0.349
IIT Roorkee,276,New Horizon College of Engineering,130,31,4.194
IIT Roorkee,277,North Eastern Regional Institute of Science and Technology,130,175,0.743
IIT Roorkee,278,Jaypee University of Information Technology,128,154,0.831
IIT Roorkee,279,Maulana Azad National Urdu University,127,21,6.048
IIT Roorkee,280,Defence Institute of Advanced Technology,126,118,1.068
IIT Roorkee,281,Sam Higginbottom Institute of Agriculture,125,136,0.919
IIT Roorkee,282,Government of Tamil Nadu,125,123,1.016
IIT Roorkee,283,Energy and Resources Institute,124,359,0.345
IIT Roorkee,284,Central Mechanical Engineering Research Institute,124,208,0.596
IIT Roorkee,285,Mepco Schlenk Engineering College,123,100,1.23
IIT Roorkee,286,Central University of Gujarat,122,138,0.884
IIT Roorkee,287,Manonmaniam Sundaranar University,122,144,0.847
IIT Roorkee,288,National Remote Sensing Centre,121,375,0.323
IIT Roorkee,289,Swami Vivekanand Subharti University,121,10,12.1
IIT Roorkee,290,Siddaganga Institute of Technology,121,69,1.754
IIT Roorkee,291,Indian Institute of Management Mumbai,121,190,0.637
IIT Roorkee,292,Indira Gandhi National Tribal University,121,38,3.184
IIT Roorkee,293,Narasaraopeta Engineering College,120,7,17.143
IIT Roorkee,294,Gandhigram Rural Institute,120,195,0.615
IIT Roorkee,295,Bundelkhand University,119,124,0.96
IIT Roorkee,296,Sikkim University,118,75,1.573
IIT Roorkee,297,PSG College of Technology,118,206,0.573
IIT Roorkee,298,APJ Abdul Kalam Technological University,118,32,3.688
IIT Roorkee,299,Utkal University,117,110,1.064
IIT Roorkee,300,G.B. Pant Institute of Himalayan Environment and Development,117,198,0.591
IIT Roorkee,301,Mohanlal Sukhadia University,117,116,1.009
IIT Roorkee,302,Deen Dayal Upadhyaya Gorakhpur University,114,109,1.046
IIT Roorkee,303,Indian Institute of Information Technology Allahabad,114,128,0.891
IIT Roorkee,304,Gyan Vihar University,113,60,1.883
IIT Roorkee,305,Vels University,113,50,2.26
IIT Roorkee,306,Odisha University of Agriculture and Technology,112,78,1.436
IIT Roorkee,307,Government of West Bengal,112,101,1.109
IIT Roorkee,308,Nitte University,112,42,2.667
IIT Roorkee,309,"Indian Institute of Science Education and Research, Tirupati",112,127,0.882
IIT Roorkee,310,Nagaland University,112,45,2.489
IIT Roorkee,311,National Centre for Earth Science Studies,111,109,1.018
IIT Roorkee,312,Institute of Infrastructure Technology Research and Management,111,70,1.586
IIT Roorkee,313,National Council Of Educational Research And Training,110,22,5.0
IIT Roorkee,314,University of Gour Banga,110,193,0.57
IIT Roorkee,315,PES University,110,87,1.264
IIT Roorkee,316,Charotar University of Science and Technology,109,93,1.172
IIT Roorkee,317,Institute of Himalayan Bioresource Technology,109,112,0.973
IIT Roorkee,318,Sri Venkateswara University,109,222,0.491
IIT Roorkee,319,Shree Guru Gobind Singh Tricentenary University,109,25,4.36
IIT Roorkee,320,Manipur University,108,32,3.375
IIT Roorkee,321,Central University of Kashmir,107,19,5.632
IIT Roorkee,322,DAV University,106,59,1.797
IIT Roorkee,323,Sri Sairam Engineering College,106,69,1.536
IIT Roorkee,324,"Maulana Abul Kalam Azad University of Technology, West Bengal",106,69,1.536
IIT Roorkee,325,Management Development Institute,106,106,1.0
IIT Roorkee,326,"Jawaharlal Nehru Technological University, Kakinada",105,105,1.0
IIT Roorkee,327,University of Calicut,105,141,0.745
IIT Roorkee,328,Indian Institute of Technology Palakkad,105,141,0.745
IIT Roorkee,329,Datta Meghe Institute of Higher Education and Research,104,19,5.474
IIT Roorkee,330,Shri Vile Parle Kelavani Mandal,103,60,1.717
IIT Roorkee,331,Government of Gujarat,103,158,0.652
IIT Roorkee,332,NIMS University,103,15,6.867
IIT Roorkee,333,"International Institute of Information Technology, Hyderabad",102,222,0.459
IIT Roorkee,334,Yeshwantrao Chavan College of Engineering,102,27,3.778
IIT Roorkee,335,National Institute of Food Technology Entrepreneurship and Management,102,70,1.457
IIT Roorkee,336,PSG INSTITUTE OF TECHNOLOGY AND APPLIED RESEARCH,101,39,2.59
IIT Roorkee,337,GD Goenka University,101,30,3.367
IIT Roorkee,338,Shri Ramswaroop Memorial University,100,52,1.923
IIT Roorkee,339,Noida Institute of Engineering and Technology,100,29,3.448
IIT Roorkee,340,Indira Gandhi Centre for Atomic Research,100,406,0.246
IIT Roorkee,341,Tripura University,100,48,2.083
IIT Roorkee,342,Karnatak University,99,173,0.572
IIT Roorkee,343,Institute of Management Technology,99,44,2.25
IIT Roorkee,344,Rajiv Gandhi University,98,38,2.579
IIT Roorkee,345,Veer Bahadur Singh Purvanchal University,98,40,2.45
IIT Roorkee,346,"Indian Institute of Information Technology, Design and Manufacturing, Kancheepuram",98,49,2.0
IIT Roorkee,347,Rashtrasant Tukadoji Maharaj Nagpur University,97,138,0.703
IIT Roorkee,348,COER University,97,62,1.565
IIT Roorkee,349,TKM College of Engineering,97,62,1.565
IIT Roorkee,350,National Institute of Technology Nagaland,96,30,3.2
IIT Roorkee,351,Brainware University,96,8,12.0
IIT Roorkee,352,College of Engineering Trivandrum,96,74,1.297
IIT Roorkee,353,Central Drug Research Institute,96,192,0.5
IIT Roorkee,354,National Institute of Technology Goa,96,30,3.2
IIT Roorkee,355,Dayananda Sagar University,96,19,5.053
IIT Roorkee,356,Government of Haryana,96,55,1.745
IIT Roorkee,357,Central University of South Bihar,95,69,1.377
IIT Roorkee,358,GIET University,95,29,3.276
IIT Roorkee,359,Indira Gandhi National Open University,95,103,0.922
IIT Roorkee,360,Bharath University,94,88,1.068
IIT Roorkee,361,Central Road Research Institute,94,149,0.631
IIT Roorkee,362,Thiagarajar College of Engineering,94,108,0.87
IIT Roorkee,363,Indian Institute of Space Science and Technology,93,152,0.612
IIT Roorkee,364,Gujarat University,93,124,0.75
IIT Roorkee,365,Sona College of Technology,93,42,2.214
IIT Roorkee,366,National Centre for Polar and Ocean Research,92,159,0.579
IIT Roorkee,367,Vishwakarma Institute of Technology,91,35,2.6
IIT Roorkee,368,Jawaharlal Nehru Technological University Anantapur,90,88,1.023
IIT Roorkee,369,JSS Science and Technology University,90,13,6.923
IIT Roorkee,370,Variable Energy Cyclotron Centre,90,298,0.302
IIT Roorkee,371,IFTM University,89,27,3.296
IIT Roorkee,372,Indian Institute of Management Rohtak,88,48,1.833
IIT Roorkee,373,Sidho-Kanho-Birsha University,88,57,1.544
IIT Roorkee,374,UGC DAE Consortium for Scientific Research,88,132,0.667
IIT Roorkee,375,Sikkim Manipal University,88,58,1.517
IIT Roorkee,376,Noorul Islam University,87,33,2.636
IIT Roorkee,377,Yogi Vemana University,87,53,1.642
IIT Roorkee,378,Amity University Jaipur,86,51,1.686
IIT Roorkee,379,M S Ramaiah University of Applied Sciences,86,38,2.263
IIT Roorkee,380,Cotton University,86,72,1.194
IIT Roorkee,381,Vinayaka Missions University,86,26,3.308
IIT Roorkee,382,Coimbatore Institute of Technology,84,97,0.866
IIT Roorkee,383,Central University of Kerala,84,59,1.424
IIT Roorkee,384,Dayalbagh Educational Institute,84,79,1.063
IIT Roorkee,385,TERI University,84,272,0.309
IIT Roorkee,386,National Metallurgical Laboratory,83,262,0.317
IIT Roorkee,387,Mangalore University,83,141,0.589
IIT Roorkee,388,Indian Institute of Science Education and Research Thiruvananthapuram,82,141,0.582
IIT Roorkee,389,Adamas University,82,51,1.608
IIT Roorkee,390,Jawaharlal Nehru Centre for Advanced Scientific Research,81,541,0.15
IIT Roorkee,391,Rajkiya Engineering College Kannauj,81,33,2.455
IIT Roorkee,392,Sambalpur University,81,77,1.052
IIT Roorkee,393,Advanced Materials and Processes Research Institute,81,159,0.509
IIT Roorkee,394,PSG College of Arts & Science,80,46,1.739
IIT Roorkee,395,Indian Council of Medical Research,80,143,0.559
IIT Roorkee,396,National Botanical Research Institute,79,145,0.545
IIT Roorkee,397,International Centre for Genetic Engineering and Biotechnology,79,126,0.627
IIT Roorkee,398,Central Leather Research Institute,79,335,0.236
IIT Roorkee,399,Indian Institute of Science Education and Research Pune,77,269,0.286
IIT Roorkee,400,ICFAI Foundation for Higher Education,77,42,1.833
IIT Roorkee,401,Central Glass and Ceramic Research Institute,77,169,0.456
IIT Roorkee,402,Uttarakhand Technical University,77,41,1.878
IIT Roorkee,403,Central Electrochemical Research Institute,76,322,0.236
IIT Roorkee,404,National Institute of Technology Manipur,76,54,1.407
IIT Roorkee,405,"Islamic University of Science and Technology, Kashmir",76,28,2.714
IIT Roorkee,406,Central Institute of Technology Kokrajhar,76,25,3.04
IIT Roorkee,407,Solid State Physics Laboratory,76,100,0.76
IIT Roorkee,408,Government of Karnataka,76,48,1.583
IIT Roorkee,409,Ravenshaw University,76,74,1.027
IIT Roorkee,410,Berhampur University,75,57,1.316
IIT Roorkee,411,Government of Uttar Pradesh,75,29,2.586
IIT Roorkee,412,National Institute of Oceanography,75,335,0.224
IIT Roorkee,413,Dr. Babasaheb Ambedkar Marathwada University,75,98,0.765
IIT Roorkee,414,Vivekananda Institute of Professional Studies,74,4,18.5
IIT Roorkee,415,Central Ground Water Board,74,180,0.411
IIT Roorkee,416,National Institute of Technology Arunachal Pradesh,73,27,2.704
IIT Roorkee,417,"Institute of Physics, Bhubaneshwar",73,204,0.358
IIT Roorkee,418,"MIT Art, Design and Technology University",73,11,6.636
IIT Roorkee,419,Regional Centre for Biotechnology,73,52,1.404
IIT Roorkee,420,Dolphin (PG) Institute of Bio Medical and Natural Science,72,27,2.667
IIT Roorkee,421,Amity University Chhatisgarh,72,11,6.545
IIT Roorkee,422,South Asian University,72,90,0.8
IIT Roorkee,423,Central Institute of Plastics Engineering and Technology,72,164,0.439
IIT Roorkee,424,International Institute for Population Sciences,72,99,0.727
IIT Roorkee,425,Rajiv Gandhi Technical University,71,79,0.899
IIT Roorkee,426,Biju Patnaik University of Technology,71,47,1.511
IIT Roorkee,427,Central Institute of Mining and Fuel Research,71,185,0.384
IIT Roorkee,428,Dr. Yashwant Singh Parmar University of Horticulture and Forestry,70,33,2.121
IIT Roorkee,429,Swami Rama Himalayan University,70,19,3.684
IIT Roorkee,430,National Institute of Technical Teachers’ Training and Research,70,20,3.5
IIT Roorkee,431,JECRC University,70,29,2.414
IIT Roorkee,432,Haldia Institute of Technology,69,77,0.896
IIT Roorkee,433,Amity University Madhya Pradesh,69,15,4.6
IIT Roorkee,434,Indian Institute of Management Lucknow,69,104,0.663
IIT Roorkee,435,Forest Research Institute,68,85,0.8
IIT Roorkee,436,St. Joseph's Institute of Technology,68,7,9.714
IIT Roorkee,437,T A Pai Management Institute,68,26,2.615
IIT Roorkee,438,Defence Metallurgical Research Laboratory,68,256,0.266
IIT Roorkee,439,AMET University,68,23,2.957
IIT Roorkee,440,Rayat Bahra University,67,23,2.913
IIT Roorkee,441,National Dairy Research Institute,67,106,0.632
IIT Roorkee,442,Indira Gandhi Agricultural University,67,50,1.34
IIT Roorkee,443,International Institute of Information Technology,67,62,1.081
IIT Roorkee,444,"Regional Institute of Education, Bhubaneswar",67,22,3.045
IIT Roorkee,445,T.K.M Institute of Technology,65,14,4.643
IIT Roorkee,446,National Institute of Technology Sikkim,65,24,2.708
IIT Roorkee,447,Goa University,65,74,0.878
IIT Roorkee,448,Maharana Pratap University of Agriculture and Technology,65,109,0.596
IIT Roorkee,449,Patna University,64,55,1.164
IIT Roorkee,450,Indian Institute of Management Kashipur,64,36,1.778
IIT Roorkee,451,Post Graduate Institute of Medical Education and Research,64,217,0.295
IIT Roorkee,452,"Bharati Vidyapeeth's College of Engineering, Delhi",64,29,2.207
IIT Roorkee,453,Puducherry Technological University,64,71,0.901
IIT Roorkee,454,Sardar Patel University,64,141,0.454
IIT Roorkee,455,Shobhit University,63,27,2.333
IIT Roorkee,456,Indian Veterinary Research Institute,63,120,0.525
IIT Roorkee,457,Lalit Narayan Mithila University,63,3,21.0
IIT Roorkee,458,International Management Institute,63,57,1.105
IIT Roorkee,459,Indian Institute of Foreign Trade,62,28,2.214
IIT Roorkee,460,Vikram Sarabhai Space Centre,62,290,0.214
IIT Roorkee,461,Yenepoya University,61,35,1.743
IIT Roorkee,462,Dr. B.C. Roy Engineering College,60,36,1.667
IIT Roorkee,463,JIS University,60,30,2.0
IIT Roorkee,464,Indian Institute of Management Ranchi,60,21,2.857
IIT Roorkee,465,Tata Steel (India),60,235,0.255
IIT Roorkee,466,Translational Health Science and Technology Institute,60,82,0.732
IIT Roorkee,467,Institute of Medical Sciences and Sum Hospital,60,7,8.571
IIT Roorkee,468,Government of Himachal Pradesh,59,45,1.311
IIT Roorkee,469,Dr. Ram Manohar Lohia Avadh University,59,58,1.017
IIT Roorkee,470,Bangalore University,59,143,0.413
IIT Roorkee,471,Punjab Remote Sensing Centre,59,60,0.983
IIT Roorkee,472,Prasad V. Potluri Siddhartha Institute of Technology,58,27,2.148
IIT Roorkee,473,Government of Kerala,58,31,1.871
IIT Roorkee,474,Central Citrus Research Institute,58,44,1.318
IIT Roorkee,475,National Forensic Sciences University,58,27,2.148
IIT Roorkee,476,Vivekananda Global University,58,10,5.8
IIT Roorkee,477,Lingaya's Vidyapeeth,58,10,5.8
IIT Roorkee,478,National Engineering College,58,45,1.289
IIT Roorkee,479,Chhatrapati Shahu Ji Maharaj University,58,51,1.137
IIT Roorkee,480,Indian Council of Forestry Research and Education,57,42,1.357
IIT Roorkee,481,Delhi Pharmaceutical Science and Research University,57,28,2.036
IIT Roorkee,482,Kavayitri Bahinabai Chaudhari North Maharashtra University,57,74,0.77
IIT Roorkee,483,Maharaja Surajmal Institute of Technology,57,20,2.85
IIT Roorkee,484,Techno India University,57,26,2.192
IIT Roorkee,485,Sardar Patel University Mandi,56,18,3.111
IIT Roorkee,486,North Eastern Space Applications Centre,56,41,1.366
IIT Roorkee,487,P P Savani University,56,6,9.333
IIT Roorkee,488,Indian Institute of Geomagnetism,56,158,0.354
IIT Roorkee,489,Indian Institute of Management Visakhapatnam,56,14,4.0
IIT Roorkee,490,LNM Institute of Information Technology,56,46,1.217
IIT Roorkee,491,Mody University of Science and Technology,56,42,1.333
IIT Roorkee,492,"University of Science and Technology, Meghalaya",56,22,2.545
IIT Roorkee,493,Fore School of Management,55,15,3.667
IIT Roorkee,494,Indo Soviet Friendship College of Pharmacy,55,54,1.019
IIT Roorkee,495,IMS Ghaziabad,55,14,3.929
IIT Roorkee,496,Avinashilingam University,55,34,1.618
IIT Roorkee,497,Institute of Advanced Study in Science and Technology,55,133,0.414
IIT Roorkee,498,National Institute of Construction Management and Research,55,19,2.895
IIT Roorkee,499,"Dr. D.Y. Patil Vidyapeeth, Pune",54,21,2.571
IIT Roorkee,500,Amity University Mumbai,54,46,1.174
IIT Roorkee,501,S.N. Bose National Centre for Basic Sciences,54,148,0.365
IIT Roorkee,502,Sri Guru Granth Sahib World University,54,53,1.019
IIT Roorkee,503,Babasaheb Bhimrao Ambedkar Bihar University,54,11,4.909
IIT Roorkee,504,Indian Institute of Management Raipur,54,24,2.25
IIT Roorkee,505,BRIC-National Agri-Food and Biomanufacturing Institute,54,31,1.742
IIT Roorkee,506,Central University of Karnataka,54,31,1.742
IIT Roorkee,507,Indian Institute of Petroleum and Energy,54,17,3.176
IIT Roorkee,508,Career Point University,54,12,4.5
IIT Roorkee,509,BML Munjal University,54,38,1.421
IIT Roorkee,510,Indraprastha Institute of Information Technology Delhi,53,98,0.541
IIT Roorkee,511,IIMT University,53,3,17.667
IIT Roorkee,512,Sant Gadge Baba Amravati University,53,76,0.697
IIT Roorkee,513,ICFAI Business School,53,37,1.432
IIT Roorkee,514,Atria Institute of Technology,53,9,5.889
IIT Roorkee,515,Indian Institute of Soil and Water Conservation,53,95,0.558
IIT Roorkee,516,Centre for Nano and Soft Matter Sciences,52,34,1.529
IIT Roorkee,517,Zoological Survey of India,52,11,4.727
IIT Roorkee,518,Ganpat University,52,11,4.727
IIT Roorkee,519,Bishop Heber College,52,44,1.182
IIT Roorkee,520,Thiruvalluvar University,52,57,0.912
IIT Roorkee,521,Kuvempu University,52,96,0.542
IIT Roorkee,522,Chaudhary Devi Lal University,52,48,1.083
IIT Roorkee,523,Uttarakhand Government,52,50,1.04
IIT Roorkee,524,Kakatiya University,52,47,1.106
IIT Roorkee,525,Tata Institute of Social Sciences,52,61,0.852
IIT Roorkee,526,Loyola College,52,72,0.722
IIT Roorkee,527,Institute of Medical Sciences,51,88,0.58
IIT Roorkee,528,Kerala University of Fisheries and Ocean Studies,51,29,1.759
IIT Roorkee,529,Institute of Chartered Financial Analysts of India,51,30,1.7
IIT Roorkee,530,CT University,51,6,8.5
IIT Roorkee,531,Raisoni Group of Institutions,51,23,2.217
IIT Roorkee,532,Fakir Mohan University,51,27,1.889
IIT Roorkee,533,Xavier School of Management,51,38,1.342
IIT Roorkee,534,Indian Institute of Science Education and Research Berhampur,51,38,1.342
IIT Roorkee,535,Nalanda University,51,30,1.7
IIT Roorkee,536,Institute of Nuclear Medicine & Allied Sciences,50,58,0.862
IIT Roorkee,537,National Aerospace Laboratories,50,147,0.34
IIT Roorkee,538,Central Food Technological Research Institute,50,155,0.323
IIT Roorkee,539,Mahindra University,50,29,1.724
IIT Roorkee,540,"Jaypee University of Engineering and Technology, Guna",50,65,0.769
IIT Roorkee,541,Sardar Swaran Singh National Institute of Bio-Energy,50,39,1.282
IIT Roorkee,542,Heritage Institute of Technology,49,35,1.4
IIT Roorkee,543,KLE Academy of Higher Education and Research,49,42,1.167
IIT Roorkee,544,Pandit Ravishankar Shukla University,49,86,0.57
IIT Roorkee,545,Indian Institute of Management Indore,49,43,1.14
IIT Roorkee,546,KCG College of Technology,49,12,4.083
IIT Roorkee,547,Eternal University,49,37,1.324
IIT Roorkee,548,"D.B.S. (P.G.) College, Dehradun",49,43,1.14
IIT Roorkee,549,"Rani Lakshmi Bai Central Agricultural University, Jhansi",49,11,4.455
IIT Roorkee,550,Uka Tarsadia University,49,17,2.882
IIT Roorkee,551,Dwarkadas J. Sanghvi College of Engineering,49,4,12.25
IIT Roorkee,552,JSPM University,48,3,16.0
IIT Roorkee,553,Malla Reddy University,48,3,16.0
IIT Roorkee,554,Indian Institute of Technology Goa,48,60,0.8
IIT Roorkee,555,Bose Institute,47,201,0.234
IIT Roorkee,556,Vallurupalli Nageswara Rao Vignana Jyothi Institute of Engineering and Technology,47,6,7.833
IIT Roorkee,557,Acharya Nagarjuna University,47,59,0.797
IIT Roorkee,558,Central Institute of Agricultural Engineering,47,47,1.0
IIT Roorkee,559,"UGC-DAE Consortium for Scientific Research, Mumbai Centre",47,40,1.175
IIT Roorkee,560,Asutosh College,47,15,3.133
IIT Roorkee,561,Assam Down Town University,47,20,2.35
IIT Roorkee,562,Indian Institute of Integrative Medicine,47,119,0.395
IIT Roorkee,563,National Institute of Science and Technology,47,56,0.839
IIT Roorkee,564,Babu Banarasi Das University,47,21,2.238
IIT Roorkee,565,Maharaj Vijayaram Gajapathi Raj College of Engineering,46,103,0.447
IIT Roorkee,566,D.A.V. College Chandigarh,46,21,2.19
IIT Roorkee,567,Baba Ghulam Shah Badshah University,46,27,1.704
IIT Roorkee,568,Institute of Seismological Research,46,242,0.19
IIT Roorkee,569,Kazi Nazrul University,46,30,1.533
IIT Roorkee,570,Manav Rachna University,45,27,1.667
IIT Roorkee,571,Noida International University,45,10,4.5
IIT Roorkee,572,"Marwari College, Darbhanga",45,2,22.5
IIT Roorkee,573,Flame University,45,28,1.607
IIT Roorkee,574,Indian Institute of Information Technology Kota,45,3,15.0
IIT Roorkee,575,Woxsen School of Business,45,20,2.25
IIT Roorkee,576,Velammal Educational Trust,45,44,1.023
IIT Roorkee,577,Central Institute of Medicinal and Aromatic Plants,45,83,0.542
IIT Roorkee,578,Dr. Homi Bhabha State University,44,10,4.4
IIT Roorkee,579,Shri Guru Ram Rai University,44,18,2.444
IIT Roorkee,580,"Engineering College, Ajmer",44,24,1.833
IIT Roorkee,581,The Assam Royal Global University,44,14,3.143
IIT Roorkee,582,XIM University,44,24,1.833
IIT Roorkee,583,Sher-e-Kashmir University of Agricultural Sciences and Technology of Jammu,44,43,1.023
IIT Roorkee,584,Assam Don Bosco University,44,6,7.333
IIT Roorkee,585,Indian Institute of Information Technology Guwahati,44,33,1.333
IIT Roorkee,586,Raiganj University,44,54,0.815
IIT Roorkee,587,"Ministry of Environment, Forests and Climate Change",43,51,0.843
IIT Roorkee,588,Indus University,43,23,1.87
IIT Roorkee,589,International Crops Research Institute for the Semi-Arid Tropics,43,152,0.283
IIT Roorkee,590,Defence Materials and Stores Research and Development Establishment,43,63,0.683
IIT Roorkee,591,Chhattisgarh Swami Vivekanand Technical University,43,22,1.955
IIT Roorkee,592,Centre for Materials for Electronics Technology,43,59,0.729
IIT Roorkee,593,West Bengal State University,43,50,0.86
IIT Roorkee,594,Central Electronics Engineering Research Institute,43,103,0.417
IIT Roorkee,595,Baba Mastnath University,43,6,7.167
IIT Roorkee,596,Bihar Engineering University,43,2,21.5
IIT Roorkee,597,Invertis University,42,10,4.2
IIT Roorkee,598,Poornima University,42,13,3.231
IIT Roorkee,599,Jiwaji University,41,200,0.205
IIT Roorkee,600,Akal University,41,15,2.733
IIT Roorkee,601,Department of Science and Technology,41,81,0.506
IIT Roorkee,602,Kerala Agricultural University,41,18,2.278
IIT Roorkee,603,Tata Consultancy Services (India),40,76,0.526
IIT Roorkee,604,Bidhan Chandra Krishi Viswavidyalaya,40,94,0.426
IIT Roorkee,605,Dr. Rajendra Prasad Central Agriculture University,40,35,1.143
IIT Roorkee,606,Patanjali Research Foundation,40,9,4.444
IIT Roorkee,607,Greater Noida Institute of Technology (MBA Institute),40,3,13.333
IIT Roorkee,608,Ahmedabad University,40,46,0.87
IIT Roorkee,609,Maharaja Sriram Chandra Bhanja Deo University,40,8,5.0
IIT Roorkee,610,GM University Davanagere Karnataka,40,8,5.0
IIT Roorkee,611,Wildlife Institute of India,40,81,0.494
IIT Roorkee,612,Dayananda Sagar Academy of Technology and Management,40,6,6.667
IIT Roorkee,613,Centre for Water Resources Development and Management,40,45,0.889
IIT Roorkee,614,Indian Institute of Management Jammu,39,10,3.9
IIT Roorkee,615,Dr. M.G.R. Educational and Research Institute,39,15,2.6
IIT Roorkee,616,Bodoland University,39,10,3.9
IIT Roorkee,617,Centre for Development of Advanced Computing,39,110,0.355
IIT Roorkee,618,Ministry of Defence,39,75,0.52
IIT Roorkee,619,"Kasturba Medical College, Manipal",39,50,0.78
IIT Roorkee,620,Priyadarshini College of Engineering,39,28,1.393
IIT Roorkee,621,Glocal University,39,30,1.3
IIT Roorkee,622,Scottish Church College,39,45,0.867
IIT Roorkee,623,Devi Ahilya Vishwavidyalaya,38,62,0.613
IIT Roorkee,624,Guru Angad Dev Veterinary and Animal Sciences University,38,48,0.792
IIT Roorkee,625,Veer Narmad South Gujarat University,38,21,1.81
IIT Roorkee,626,Adichunchanagiri University,38,15,2.533
IIT Roorkee,627,Ajay Kumar Garg Engineering College,38,23,1.652
IIT Roorkee,628,Larsen & Toubro (India),38,22,1.727
IIT Roorkee,629,Bihar Agricultural University,37,15,2.467
IIT Roorkee,630,Davangere University,37,11,3.364
IIT Roorkee,631,D.Y. Patil University,37,46,0.804
IIT Roorkee,632,Aryabhatta Research Institute of Observational Sciences,37,114,0.325
IIT Roorkee,633,Kalinga University,37,2,18.5
IIT Roorkee,634,Kannur University,37,13,2.846
IIT Roorkee,635,Dharmsinh Desai University,37,12,3.083
IIT Roorkee,636,Solapur University,36,52,0.692
IIT Roorkee,637,D.Y. Patil Education Society,36,19,1.895
IIT Roorkee,638,Indian Agricultural Statistics Research Institute,36,60,0.6
IIT Roorkee,639,Swami Ramanand Teerth Marathwada University,36,77,0.468
IIT Roorkee,640,Indian Institute of Chemical Biology,36,145,0.248
IIT Roorkee,641,Research & Development Establishment (Engrs.),36,28,1.286
IIT Roorkee,642,Cooch Behar Panchanan Barma University,36,14,2.571
IIT Roorkee,643,JSPM's Rajarshi Shahu College of Engineering,35,2,17.5
IIT Roorkee,644,ICAR-National Bureau of Soil Survey and Land Use Planning,35,79,0.443
IIT Roorkee,645,Diamond Harbour Women's University,35,26,1.346
IIT Roorkee,646,Jai Prakash University,35,7,5.0
IIT Roorkee,647,IITB-Monash Research Academy,35,164,0.213
IIT Roorkee,648,Sengunthar Engineering College (Autonomous),35,27,1.296
IIT Roorkee,649,"Technology Information, Forecasting and Assessment Council",35,18,1.944
IIT Roorkee,650,Sanjay Gandhi Post Graduate Institute of Medical Sciences,34,111,0.306
IIT Roorkee,651,Bankura University,34,25,1.36
IIT Roorkee,652,Centre of Biomedical Research,34,60,0.567
IIT Roorkee,653,"Indian Institute of Information Technology, Nagpur",34,8,4.25
IIT Roorkee,654,Institute for Plasma Research,34,48,0.708
IIT Roorkee,655,RK University,34,27,1.259
IIT Roorkee,656,Jai Narain Vyas University,34,71,0.479
IIT Roorkee,657,Somaiya Vidyavihar University,34,10,3.4
IIT Roorkee,658,Raja Ramanna Centre for Advanced Technology,34,108,0.315
IIT Roorkee,659,National Atmospheric Research Laboratory,34,186,0.183
IIT Roorkee,660,Anil Neerukonda Institute of Technology & Sciences,33,8,4.125
IIT Roorkee,661,Indrashil University,33,12,2.75
IIT Roorkee,662,National Centre for Medium Range Weather Forecasting,33,150,0.22
IIT Roorkee,663,All India Institute of Medical Sciences Rishikesh,33,31,1.065
IIT Roorkee,664,Meenakshi Academy of Higher Education and Research,33,7,4.714
IIT Roorkee,665,Periyar Maniammai Institute of Science & Technology,33,14,2.357
IIT Roorkee,666,ICMR-National Institute of Virology,33,70,0.471
IIT Roorkee,667,Central Muga Eri Research and Training Institute,33,16,2.062
IIT Roorkee,668,Indian Institute of Information Technology Una,33,7,4.714
IIT Roorkee,669,Aryabhatta Knowledge University,32,12,2.667
IIT Roorkee,670,Indian Institute of Advanced Research,32,20,1.6
IIT Roorkee,671,Shri Jagdishprasad Jhabarmal Tibrewala University,32,7,4.571
IIT Roorkee,672,Meghnad Saha Institute of Technology,32,29,1.103
IIT Roorkee,673,Sardar Vallabhbhai Patel University of Agriculture & Technology,32,15,2.133
IIT Roorkee,674,Avantha Centre for Industrial Research & Development,32,64,0.5
IIT Roorkee,675,Yenepoya Research Centre,32,18,1.778
IIT Roorkee,676,JSS College of Pharmacy,32,27,1.185
IIT Roorkee,677,Indira Gandhi Institute of Technology,32,27,1.185
IIT Roorkee,678,Bharat Heavy Electricals (India),32,88,0.364
IIT Roorkee,679,Sacred Heart College (Autonomous),32,8,4.0
IIT Roorkee,680,Kamla Nehru Institute of Technology,32,24,1.333
IIT Roorkee,681,"University of Engineering & Management, Jaipur",32,5,6.4
IIT Roorkee,682,National Institute of Pharmaceutical Education and Research - Ahmedabad,31,17,1.824
IIT Roorkee,683,Indian Institute of Horticultural Research,31,13,2.385
IIT Roorkee,684,Assam Agricultural University,31,21,1.476
IIT Roorkee,685,Sri Sathya Sai Institute of Higher Learning,31,26,1.192
IIT Roorkee,686,K J Somaiya Institute of Management,31,10,3.1
IIT Roorkee,687,Medi-Caps University,31,5,6.2
IIT Roorkee,688,School of Planning and Architecture Delhi,31,20,1.55
IIT Roorkee,689,Central Pollution Control Board,31,79,0.392
IIT Roorkee,690,Ministry of Jal Shakti,31,11,2.818
IIT Roorkee,691,Ramakrishna Mission Vivekananda Educational and Research Institute,31,31,1.0
IIT Roorkee,692,Deen Dayal Upadhyaya College,31,21,1.476
IIT Roorkee,693,"Kerala State Council for Science, Technology and Environment",31,4,7.75
IIT Roorkee,694,Rajiv Gandhi University of Knowledge Technologies,31,30,1.033
IIT Roorkee,695,Midnapore College,30,34,0.882
IIT Roorkee,696,Adani University,30,1,30.0
IIT Roorkee,697,Soban Singh Jeena University,30,14,2.143
IIT Roorkee,698,Anand Agricultural University,30,71,0.423
IIT Roorkee,699,Government Medical College,30,55,0.545
IIT Roorkee,700,"Centre for Incubation, Innovation, Research and Consultancy",29,35,0.829
IIT Roorkee,701,"Indian Institute of Information Technology, Pune",29,22,1.318
IIT Roorkee,702,Sankalchand Patel University,29,16,1.812
IIT Roorkee,703,National Institute of Advanced Studies,29,37,0.784
IIT Roorkee,704,United University,29,2,14.5
IIT Roorkee,705,Defence Research and Development Laboratory,29,25,1.16
IIT Roorkee,706,International Advanced Research Centre for Powder Metallurgy and New Materials,29,97,0.299
IIT Roorkee,707,Vidyasagar College,29,8,3.625
IIT Roorkee,708,Bethune College,29,26,1.115
IIT Roorkee,709,"IIMT College of Engineering, Greater Noida",28,4,7.0
IIT Roorkee,710,Reliance Industries (India),28,59,0.475
IIT Roorkee,711,Tumkur University,28,17,1.647
IIT Roorkee,712,Kongunadu Arts and Science College,28,43,0.651
IIT Roorkee,713,Oil and Natural Gas Corporation (India),28,121,0.231
IIT Roorkee,714,Central Plantation Crops Research Institute,28,22,1.273
IIT Roorkee,715,Great Lakes Institute of Management,28,12,2.333
IIT Roorkee,716,GNA University,28,1,28.0
IIT Roorkee,717,Dhanalakshmi Srinivasan Group of Institutions,27,7,3.857
IIT Roorkee,718,Rajkiya Engineering College Banda,27,4,6.75
IIT Roorkee,719,Structural Engineering Research Centre,27,46,0.587
IIT Roorkee,720,Central Institute of Fisheries Education,27,28,0.964
IIT Roorkee,721,Vignana Bharathi Institute of Technology,27,7,3.857
IIT Roorkee,722,Rajkiya Engineering College Azamgarh,27,9,3.0
IIT Roorkee,723,Indian Institute of Water Management,27,59,0.458
IIT Roorkee,724,St. Joseph's College,27,10,2.7
IIT Roorkee,725,Central Inland Fisheries Research Institute,27,27,1.0
IIT Roorkee,726,Rungta College of Engineering and Technology,27,10,2.7
IIT Roorkee,727,Jaipur National University,27,42,0.643
IIT Roorkee,728,Indian Institute of Management Kozhikode,27,73,0.37
IIT Roorkee,729,Institute of Microbial Technology,27,126,0.214
IIT Roorkee,730,Swami Vivekananda University,27,2,13.5
IIT Roorkee,731,G H Raisoni University,27,4,6.75
IIT Roorkee,732,Sri Pratap College,26,23,1.13
IIT Roorkee,733,National Institute of Disaster Management,26,27,0.963
IIT Roorkee,734,"National Institute of Food Technology, Entrepreneurship and Management - Thanjavur",26,35,0.743
IIT Roorkee,735,Parala Maharaja Engineering College,26,21,1.238
IIT Roorkee,736,Gurugram University,26,5,5.2
IIT Roorkee,737,Ministry of Science and Technology,26,21,1.238
IIT Roorkee,738,Indian Institute of Management Amritsar,26,8,3.25
IIT Roorkee,739,Acharya Narendra Deva University of Agriculture and Technology,26,8,3.25
IIT Roorkee,740,"Shri Vaishnav Vidyapeeth Vishwavidyalaya, Indore",26,5,5.2
IIT Roorkee,741,National Institute of Fashion Technology,26,6,4.333
IIT Roorkee,742,Barkatullah University,25,28,0.893
IIT Roorkee,743,Institute of Genomics and Integrative Biology,25,121,0.207
IIT Roorkee,744,Indian Institute of Management Tiruchirappalli,25,25,1.0
IIT Roorkee,745,"ICFAI University, Tripura",25,12,2.083
IIT Roorkee,746,Infosys (India),25,15,1.667
IIT Roorkee,747,"Banda University of Agriculture and Technology, Banda",25,8,3.125
IIT Roorkee,748,All India Council for Technical Education,25,6,4.167
IIT Roorkee,749,Sandip University Sijoul Madhubani Bihar,25,0,
IIT Roorkee,750,Tilka Manjhi Bhagalpur University,25,18,1.389
IIT Roorkee,751,Vikram University,25,44,0.568
IIT Roorkee,752,Sri Venkateswara College of Engineering Tirupati,24,20,1.2
IIT Roorkee,753,IPS Academy,24,18,1.333
IIT Roorkee,754,National Institute of Plant Genome Research,24,46,0.522
IIT Roorkee,755,ICAR Research Complex for NEH Region,24,48,0.5
IIT Roorkee,756,Ballari Institute of Technology & Management,24,6,4.0
IIT Roorkee,757,Ramakrishna Mission Residential College,24,11,2.182
IIT Roorkee,758,Paavai Engineering College,24,9,2.667
IIT Roorkee,759,Malla Reddy Engineering College for Women,24,2,12.0
IIT Roorkee,760,"National Institute of Technical Teachers' Training and Research, Kolkata",24,8,3.0
IIT Roorkee,761,Patliputra University,24,2,12.0
IIT Roorkee,762,Magadh University,24,8,3.0
IIT Roorkee,763,LJ University,24,3,8.0
IIT Roorkee,764,S.P. Jain Institute of Management and Research,24,19,1.263
IIT Roorkee,765,Institute of Mathematical Sciences,24,76,0.316
IIT Roorkee,766,Naval Materials Research Laboratory,23,49,0.469
IIT Roorkee,767,Baddi University of Emerging Sciences and Technologies,23,19,1.211
IIT Roorkee,768,Sri Ramakrishna College of Arts and Science,23,18,1.278
IIT Roorkee,769,"St. Xavier's College (Autonomous), Kolkata",23,23,1.0
IIT Roorkee,770,Guru Nanak Institutions,23,6,3.833
IIT Roorkee,771,Cluster University Srinagar,23,38,0.605
IIT Roorkee,772,National Centre for Radio Astrophysics,23,77,0.299
IIT Roorkee,773,P.V. Narsimha Rao Telangana Veterinary University,23,17,1.353
IIT Roorkee,774,Sir Padampat Singhania University,23,12,1.917
IIT Roorkee,775,Sandip Institute of Technology & Research Centre,23,17,1.353
IIT Roorkee,776,Rajagiri College of Social Sciences (Autonomous),23,10,2.3
IIT Roorkee,777,Sri Ramachandra Institute of Higher Education and Research,23,62,0.371
IIT Roorkee,778,Dhirubhai Ambani University,23,19,1.211
IIT Roorkee,779,Government of Maharashtra,23,44,0.523
IIT Roorkee,780,Vasireddy Venkatadri International Technological University,23,6,3.833
IIT Roorkee,781,"Sri Balaji University, Pune",23,5,4.6
IIT Roorkee,782,Karnataka State Open University,23,2,11.5
IIT Roorkee,783,Ashoka Trust for Research in Ecology and the Environment,23,100,0.23
IIT Roorkee,784,Department of Space,22,44,0.5
IIT Roorkee,785,"Sanskriti University, Mathura",22,1,22.0
IIT Roorkee,786,Lala Lajpat Rai University of Veterinary and Animal Sciences,22,19,1.158
IIT Roorkee,787,Jerusalem College of Engineering,22,11,2.0
IIT Roorkee,788,"Army Institute of Technology, Pune",22,1,22.0
IIT Roorkee,789,National Centre for Cell Science,22,65,0.338
IIT Roorkee,790,C. Abdul Hakeem College (Autonomous),22,8,2.75
IIT Roorkee,791,Rajiv Gandhi Centre for Biotechnology,22,44,0.5
IIT Roorkee,792,Madras Christian College,22,19,1.158
IIT Roorkee,793,Center for Excellence in Basic Sciences,22,68,0.324
IIT Roorkee,794,Indian Institute of Management Shillong,22,16,1.375
IIT Roorkee,795,Institute for Social and Economic Change,22,40,0.55
IIT Roorkee,796,Rathinam Technical Campus,22,3,7.333
IIT Roorkee,797,North Bengal Agricultural University,21,16,1.312
IIT Roorkee,798,"International Management Institute, Bhubaneswar",21,12,1.75
IIT Roorkee,799,NIIT University,21,20,1.05
IIT Roorkee,800,Netaji Subhash Engineering College,21,19,1.105
IIT Roorkee,801,Saurashtra University,21,40,0.525
IIT Roorkee,802,Ramakrishna Mission Vidyamandira,21,16,1.312
IIT Roorkee,803,D Y Patil International University,21,3,7.0
IIT Roorkee,804,AISECT University,21,13,1.615
IIT Roorkee,805,Central Institute of Post-Harvest Engineering and Technology,21,29,0.724
IIT Roorkee,806,Raman Research Institute,21,66,0.318
IIT Roorkee,807,Central Soil Salinity Research Institute,21,76,0.276
IIT Roorkee,808,Agharkar Research Institute,21,59,0.356
IIT Roorkee,809,"University of Agricultural Sciences, Bangalore",21,35,0.6
IIT Roorkee,810,"St Joseph's University, Bengaluru, India",21,18,1.167
IIT Roorkee,811,University of Ladakh,21,9,2.333
IIT Roorkee,812,Indian Institute of Information Technology Ranchi,21,5,4.2
IIT Roorkee,813,Rama Devi Women's University,21,10,2.1
IIT Roorkee,814,Dr. Bhimrao Ambedkar University,21,84,0.25
IIT Roorkee,815,"Indira Gandhi University, Meerpur",21,11,1.909
IIT Roorkee,816,Velalar College of Engineering and Technology,21,21,1.0
IIT Roorkee,817,Kadi Sarva Vishwavidyalaya,21,16,1.312
IIT Roorkee,818,Sri Krishnadevaraya University,21,81,0.259
IIT Roorkee,819,Shri Vishwakarma Skill University,21,4,5.25
IIT Roorkee,820,Indian Institute of Forest Management,20,43,0.465
IIT Roorkee,821,Advanced Center for Water Resources Development and Management,20,22,0.909
IIT Roorkee,822,"National Institute of Technical Teachers Training and Research, Chennai",20,2,10.0
IIT Roorkee,823,Hindustan Aeronautics Limited (India),20,12,1.667
IIT Roorkee,824,Krantiguru Shyamji Krishna Verma Kachchh University,20,40,0.5
IIT Roorkee,825,Mahavir Cancer Institute and Research Centre,20,29,0.69
IIT Roorkee,826,Navsari Agricultural University,20,20,1.0
IIT Roorkee,827,RCC Institute of Information Technology,20,21,0.952
IIT Roorkee,828,Maharaja Agrasen Himalayan Garhwal University,20,0,
IIT Roorkee,829,Ambedkar University Delhi,20,12,1.667
IIT Roorkee,830,Central Pulp & Paper Research Institute,20,16,1.25
IIT Roorkee,831,Jawaharlal Nehru New College of Engineering,20,10,2.0
IIT Roorkee,832,Gulbarga University,20,71,0.282
IIT Roorkee,833,ITM University,20,20,1.0
IIT Roorkee,834,Hemchandracharya North Gujarat University,20,11,1.818
IIT Roorkee,835,"Government College of Engineering, Keonjhar",20,6,3.333
IIT Roorkee,836,Sri Sri University,20,14,1.429
IIT Roorkee,837,"Indian Institute of Information Technology, Sonepat",20,3,6.667
IIT Roorkee,838,Cluster University of Jammu,20,13,1.538
IIT Roorkee,839,"Maharaja's College, Ernakulam",20,8,2.5
IIT Roorkee,840,Sacred Heart College,20,10,2.0
IIT Roorkee,841,National Institute of Solar Energy,20,36,0.556
IIT Roorkee,842,Central Arid Zone Research Institute,20,71,0.282
IIT Roorkee,843,St. Peter's Institute of Higher Education and Research,20,8,2.5
IIT Roorkee,844,Mudra Institute of Communications Ahmedabad,20,4,5.0
IIT Roorkee,845,"P.E.S. College of Engineering, Mandya",20,22,0.909
IIT Roorkee,846,Indian Institute of Packaging,19,17,1.118
IIT Roorkee,847,U. R. Rao Satellite Centre,19,32,0.594
IIT Roorkee,848,Government College of Engineering & Ceramic Technology,19,7,2.714
IIT Roorkee,849,Prin. L. N. Welingkar Institute of Management Development and Research,19,6,3.167
IIT Roorkee,850,Shri Venkateshwara University,19,10,1.9
IIT Roorkee,851,L V Prasad Eye Institute,19,24,0.792
IIT Roorkee,852,Sri Chandrasekharendra Saraswathi Viswa Mahavidyalaya,19,15,1.267
IIT Roorkee,853,Sister Nivedita University,19,0,
IIT Roorkee,854,Bharat Electronics (India),19,20,0.95
IIT Roorkee,855,State Council of Science and Technology for Sikkim,19,12,1.583
IIT Roorkee,856,Sree Chitra Thirunal Institute for Medical Sciences and Technology,19,69,0.275
IIT Roorkee,857,Dhanalakshmi Srinivasan University,19,5,3.8
IIT Roorkee,858,Institute of Rural Management Anand,19,25,0.76
IIT Roorkee,859,Poornima Institute of Engineering and Technology,19,8,2.375
IIT Roorkee,860,Bhairab Ganguly College,19,10,1.9
IIT Roorkee,861,Rani Durgavati University,19,62,0.306
IIT Roorkee,862,Indian Institute of Management Ahmedabad,19,101,0.188
IIT Roorkee,863,RIMT University,19,12,1.583
IIT Roorkee,864,Central Rice Research Institute,18,31,0.581
IIT Roorkee,865,Mahatma Phule Krishi Vidyapeeth,18,43,0.419
IIT Roorkee,866,Indian Institute of Management Bangalore,18,67,0.269
IIT Roorkee,867,"Government College of Engineering, Kalahandi",18,4,4.5
IIT Roorkee,868,Sugarcane Breeding Institute,18,8,2.25
IIT Roorkee,869,A. Veeriya Vandayar Memorial Sri Pushpam College,18,24,0.75
IIT Roorkee,870,Snow & Avalanche Study Estt,18,202,0.089
IIT Roorkee,871,Rama University,18,8,2.25
IIT Roorkee,872,Fortune Institute of International Business,18,9,2.0
IIT Roorkee,873,KSCSTE-National Transportation Planning And Research Centre,18,3,6.0
IIT Roorkee,874,Mangalayatan University,18,10,1.8
IIT Roorkee,875,ICAR - Central Institute for Research on Cotton Technology,18,27,0.667
IIT Roorkee,876,National Institute of Immunology,18,65,0.277
IIT Roorkee,877,Ministry of Health and Family Welfare,18,22,0.818
IIT Roorkee,878,Veer Chandra Singh Garhwali Uttarakhand University of Horticulture & Forestry,18,70,0.257
IIT Roorkee,879,East West Institute of Technology,18,13,1.385
IIT Roorkee,880,Kaziranga University,18,7,2.571
IIT Roorkee,881,Centre for Cellular and Molecular Biology,18,58,0.31
IIT Roorkee,882,TCG Crest,18,19,0.947
IIT Roorkee,883,Junagadh Agricultural University,17,18,0.944
IIT Roorkee,884,Jawaharlal Nehru Krishi Vishwa Vidyalaya,17,38,0.447
IIT Roorkee,885,Regional Medical Research Center,17,9,1.889
IIT Roorkee,886,Ministry of Agriculture & Farmers Welfare,17,18,0.944
IIT Roorkee,887,Fergusson College,17,34,0.5
IIT Roorkee,888,"Shiv Nadar University, Chennai",17,4,4.25
IIT Roorkee,889,Central Potato Research Institute,17,5,3.4
IIT Roorkee,890,"School of Planning and Architecture, Vijayawada",17,19,0.895
IIT Roorkee,891,Maharishi University of Management and Technology,17,0,
IIT Roorkee,892,Gaya College,17,7,2.429
IIT Roorkee,893,Newman College,17,8,2.125
IIT Roorkee,894,JK Lakshmipat University,17,9,1.889
IIT Roorkee,895,Tamil University,17,10,1.7
IIT Roorkee,896,National Bureau of Agriculturally Important Microorganisms,17,15,1.133
IIT Roorkee,897,"CHRIST (Deemed to be) University, Delhi NCR",17,7,2.429
IIT Roorkee,898,Sant Baba Bhag Singh University,17,5,3.4
IIT Roorkee,899,"Kerala University of Digital Sciences, Innovation and Technology",17,9,1.889
IIT Roorkee,900,Baba Farid University of Health Sciences,17,6,2.833
IIT Roorkee,901,Public Health Foundation of India,17,185,0.092
IIT Roorkee,902,National Institute of Abiotic Stress Management,17,22,0.773
IIT Roorkee,903,"Shrikrishna Mahavidyalaya, Gunjoti",17,6,2.833
IIT Roorkee,904,Professor Jayashankar Telangana Agricultural University,17,6,2.833
IIT Roorkee,905,IILM Institute for Higher Education,17,7,2.429
IIT Roorkee,906,Central Coastal Agricultural Research Institute,17,17,1.0
IIT Roorkee,907,Nagarjuna College of Engineering and Technology,17,13,1.308
IIT Roorkee,908,Ministry of Home Affairs,17,22,0.773
IIT Roorkee,909,Bharat Petroleum (India),17,13,1.308
IIT Roorkee,910,Institute of Life Sciences,17,35,0.486
IIT Roorkee,911,Kerala State Disaster Management Authority,17,5,3.4
IIT Roorkee,912,BLDE (Deemed to be University),17,7,2.429
IIT Roorkee,913,Sri Dev Suman Uttarakhand University,17,1,17.0
IIT Roorkee,914,Sahyadri College of Engineering & Management,16,21,0.762
IIT Roorkee,915,Gangadhar Meher University,16,4,4.0
IIT Roorkee,916,Jagannath University Jaipur,16,4,4.0
IIT Roorkee,917,Guru Kashi University,16,7,2.286
IIT Roorkee,918,"Indian Statistical Institute, Bangalore Centre",16,19,0.842
IIT Roorkee,919,Lady Brabourne College,16,5,3.2
IIT Roorkee,920,National Institute of Ocean Technology,16,54,0.296
IIT Roorkee,921,CEPT University,16,60,0.267
IIT Roorkee,922,Tamil Nadu Dr. J Jayalalitha Fisheries University,16,7,2.286
IIT Roorkee,923,Abasaheb Garware College,16,16,1.0
IIT Roorkee,924,Dr. Dayaram Patel Pharmacy College,16,0,
IIT Roorkee,925,Defence Research Laboratory,16,34,0.471
IIT Roorkee,926,RV University,16,2,8.0
IIT Roorkee,927,Rungta College,16,10,1.6
IIT Roorkee,928,Entrepreneurship Development Institute of India,16,1,16.0
IIT Roorkee,929,Ministry of AYUSH,16,11,1.455
IIT Roorkee,930,Silver Oak University,16,4,4.0
IIT Roorkee,931,Indian Institute of Management Calcutta,16,54,0.296
IIT Roorkee,932,Maharaja Bir Bikram University,16,10,1.6
IIT Roorkee,933,ICAR-Indian Institute of Farming Systems Research,16,26,0.615
IIT Roorkee,934,Noida Institute of Engineering and Technology Pharmacy Institute,16,3,5.333
IIT Roorkee,935,Gayatri Vidya Parishad College of Engineering for Women,16,11,1.455
IIT Roorkee,936,"Bharati Vidyapeeth College of Pharmacy, Kolhapur",16,8,2.0
IIT Roorkee,937,Ministry of New and Renewable Energy,15,32,0.469
IIT Roorkee,938,"Dr. D. Y. Patil Medical College, Hospital and Research Centre",15,13,1.154
IIT Roorkee,939,Marwadi Education Foundation,15,18,0.833
IIT Roorkee,940,Mewar University,15,12,1.25
IIT Roorkee,941,"Rani Channamma University, Belagavi",15,25,0.6
IIT Roorkee,942,Ashoka University,15,21,0.714
IIT Roorkee,943,Sri Sai University,15,12,1.25
IIT Roorkee,944,Mandsaur University,15,6,2.5
IIT Roorkee,945,Guru Nanak Institute of Technology,15,4,3.75
IIT Roorkee,946,Shyampur Siddheswari Mahavidyalaya,15,5,3.0
IIT Roorkee,947,Gujarat Biotechnology Research Centre,15,21,0.714
IIT Roorkee,948,Jogesh Chandra Chaudhuri College,15,14,1.071
IIT Roorkee,949,St. Xavier's College,15,27,0.556
IIT Roorkee,950,Alagappa Government Arts College,15,20,0.75
IIT Roorkee,951,Chaitanya,15,5,3.0
IIT Roorkee,952,Central Institute for Cotton Research,15,17,0.882
IIT Roorkee,953,K S Hegde Medical Academy,15,18,0.833
IIT Roorkee,954,Munger University,15,1,15.0
IIT Roorkee,955,Desh Bhagat University,15,4,3.75
IIT Roorkee,956,"Christian Medical College, Vellore",15,49,0.306
IIT Roorkee,957,Institute of Bio-Resources and Sustainable Development,15,23,0.652
IIT Roorkee,958,West Bengal University of Animal and Fishery Sciences,15,31,0.484
IIT Roorkee,959,Fourth Paradigm Institute,15,108,0.139
IIT Roorkee,960,Jabalpur Engineering College,15,21,0.714
IIT Roorkee,961,Vikrama Simhapuri University,14,5,2.8
IIT Roorkee,962,Ramakrishna Mission Vivekananda Centenary College,14,10,1.4
IIT Roorkee,963,Indian Institute of Social Welfare and Business Management,14,17,0.824
IIT Roorkee,964,Sri Padmavati Mahila Visvavidyalayam,14,10,1.4
IIT Roorkee,965,Pushpagiri Medical College,14,5,2.8
IIT Roorkee,966,National Institute of Mental Health and Neurosciences,14,52,0.269
IIT Roorkee,967,Indian Oil Corporation (India),14,51,0.275
IIT Roorkee,968,Presidency College,14,48,0.292
IIT Roorkee,969,Bhagwant University,14,6,2.333
IIT Roorkee,970,"College of Engineering and Management, Kolaghat",14,17,0.824
IIT Roorkee,971,All India Institute of Medical Sciences Jodhpur,14,10,1.4
IIT Roorkee,972,JSS Medical College and Hospital,14,11,1.273
IIT Roorkee,973,"University of Agricultural Sciences, Dharwad",14,9,1.556
IIT Roorkee,974,Punjab State Council for Science & Technology,14,1,14.0
IIT Roorkee,975,Meerut College,14,9,1.556
IIT Roorkee,976,"American College, Madurai",14,7,2.0
IIT Roorkee,977,Kasturba Medical College Hospital,14,9,1.556
IIT Roorkee,978,Intel (India),14,16,0.875
IIT Roorkee,979,Indian Institute of Information Technology Bhopal,14,3,4.667
IIT Roorkee,980,Government Engineering College Thrissur,14,30,0.467
IIT Roorkee,981,Chaudhary Sarwan Kumar Himachal Pradesh Krishi Vishvavidyalaya,14,13,1.077
IIT Roorkee,982,Vidya Prathishthan,14,1,14.0
IIT Roorkee,983,"Khwaja Moinuddin Chishti Language University, Lucknow, U.P.",14,9,1.556
IIT Roorkee,984,SAGE University Bhopal,14,4,3.5
IIT Roorkee,985,Inter-University Centre for Astronomy and Astrophysics,14,63,0.222
IIT Roorkee,986,Government of Andhra Pradesh,14,8,1.75
IIT Roorkee,987,Department of Higher Education,14,12,1.167
IIT Roorkee,988,National Institute of Animal Biotechnology,14,10,1.4
IIT Roorkee,989,PSG Institute of Advanced Studies,14,29,0.483
IIT Roorkee,990,Uttarakhand State Council for Science and Technology,14,23,0.609
IIT Roorkee,991,Department of Biotechnology,14,11,1.273
IIT Roorkee,992,Society for AgroEnvironmental Sustainability,13,0,
IIT Roorkee,993,Jain College of Engineering and Research,13,1,13.0
IIT Roorkee,994,Maulana Azad College,13,12,1.083
IIT Roorkee,995,Ministry of Food Processing Industries,13,16,0.812
IIT Roorkee,996,International Institute of Information Technology Bangalore,13,28,0.464
IIT Roorkee,997,"Government Engineering College, Banka",13,2,6.5
IIT Roorkee,998,Coal India (India),13,6,2.167
IIT Roorkee,999,Robert Bosch (India),13,24,0.542
IIT Roorkee,1000,Dr. Babasaheb Ambedkar Technological University,13,37,0.351
IIT Roorkee,1001,International Maize and Wheat Improvement Center,13,80,0.163
IIT Roorkee,1002,KSCSTE - Institute for Climate Change Studies,13,0,
IIT Roorkee,1003,CSIR-National Institute of Science Communication and Policy Research,13,5,2.6
IIT Roorkee,1004,Birla Global University,13,1,13.0
IIT Roorkee,1005,Raja Peary Mohan College,13,3,4.333
IIT Roorkee,1006,Rathinam College of Arts & Science,13,1,13.0
IIT Roorkee,1007,Gayatri Vidya Parishad College for Degree and PG Courses (Autonomous),13,2,6.5
IIT Roorkee,1008,Defence Laboratory Jodhpur,13,15,0.867
IIT Roorkee,1009,Dr Panjabrao Deshmukh Krishi Vidyapeeth,13,18,0.722
IIT Roorkee,1010,Instruments Research & Development Establishment,13,19,0.684
IIT Roorkee,1011,Budge Budge Institute of Technology,13,7,1.857
IIT Roorkee,1012,The Neotia University,13,10,1.3
IIT Roorkee,1013,Banwarilal Bhalotia College,13,18,0.722
IIT Roorkee,1014,Indian Institute of Public Health Gandhinagar,13,16,0.812
IIT Roorkee,1015,Indian Council of Social Science Research,13,1,13.0
IIT Roorkee,1016,Vinoba Bhave University,13,13,1.0
IIT Roorkee,1017,ATLAS SkillTech University,13,0,
IIT Roorkee,1018,Vaagdevi College of Engineering,13,6,2.167
IIT Roorkee,1019,Assam Science and Technology University,12,0,
IIT Roorkee,1020,Institute of Public Enterprise,12,3,4.0
IIT Roorkee,1021,Adani Group (India),12,10,1.2
IIT Roorkee,1022,Centre for Advanced Bioenergy Research,12,24,0.5
IIT Roorkee,1023,Hemchand Yadav Vishwavidyalaya,12,4,3.0
IIT Roorkee,1024,Deva Nagri College,12,4,3.0
IIT Roorkee,1025,Bharatiya Vidya Bhavan,12,13,0.923
IIT Roorkee,1026,Institute of Post Graduate Medical Education and Research,12,76,0.158
IIT Roorkee,1027,Government College of Engineering and Leather Technology,12,16,0.75
IIT Roorkee,1028,Nagaon University,12,7,1.714
IIT Roorkee,1029,Marathwada Mitra Mandal's College of Engineering,12,1,12.0
IIT Roorkee,1030,Adani Institute of Infrastructure Engineering,12,4,3.0
IIT Roorkee,1031,Dr. C. V. Raman University,12,3,4.0
IIT Roorkee,1032,Thakur College of Engineering and Technology,12,8,1.5
IIT Roorkee,1033,DKTE Society's Textile and Engineering Institute,12,1,12.0
IIT Roorkee,1034,Indian Institute for Human Settlements,12,29,0.414
IIT Roorkee,1035,India Habitat Centre,12,84,0.143
IIT Roorkee,1036,Kamdhenu University,12,4,3.0
IIT Roorkee,1037,Samsung (India),12,22,0.545
IIT Roorkee,1038,Wipro (India),12,8,1.5
IIT Roorkee,1039,"Multanimal Modi College, Modinagar",12,3,4.0
IIT Roorkee,1040,Tata Memorial Hospital,12,40,0.3
IIT Roorkee,1041,St. Thomas College (Autonomous),12,4,3.0
IIT Roorkee,1042,Mother Teresa Women's University,12,10,1.2
IIT Roorkee,1043,Indian Institute of Information Technology Kalyani,12,10,1.2
IIT Roorkee,1044,Sri Balaji Vidyapeeth University,12,4,3.0
IIT Roorkee,1045,Indian Institute of Rice Research,12,8,1.5
IIT Roorkee,1046,Azim Premji University,12,28,0.429
IIT Roorkee,1047,Bidhannagar College,12,6,2.0
IIT Roorkee,1048,Arunai Engineering College,12,11,1.091
IIT Roorkee,1049,Rajah Serfoji Government College (Autonomous),12,4,3.0
IIT Roorkee,1050,Veer Kunwar Singh University,12,7,1.714
IIT Roorkee,1051,Ramachandra College of Engineering (A),12,1,12.0
IIT Roorkee,1052,King George's Medical University,12,52,0.231
IIT Roorkee,1053,Chandigarh University Uttar Pradesh,12,1,12.0
IIT Roorkee,1054,"All India Institute of Medical Sciences, Nagpur",12,1,12.0
IIT Roorkee,1055,National Institute of Epidemiology,12,18,0.667
IIT Roorkee,1056,Mahaveer Academy of Technology and Science University,11,9,1.222
IIT Roorkee,1057,Sanjay Ghodawat University,11,3,3.667
IIT Roorkee,1058,Vivekananda Parvatiya Krishi Anusandhan Sansthan,11,14,0.786
IIT Roorkee,1059,Nanda Nath Saikia College,11,2,5.5
IIT Roorkee,1060,Indian Institute of Information Technology Kottayam,11,5,2.2
IIT Roorkee,1061,Madhav University,11,4,2.75
IIT Roorkee,1062,Pandit Bhagwat Dayal Sharma University of Health Sciences,11,8,1.375
IIT Roorkee,1063,Vijayanagara Sri Krishnadevaraya University,11,20,0.55
IIT Roorkee,1064,Central Marine Fisheries Research Institute,11,9,1.222
IIT Roorkee,1065,Janta Vedic College,11,1,11.0
IIT Roorkee,1066,Central Council for Research in Ayurvedic Science,11,9,1.222
IIT Roorkee,1067,Pandit Deendayal Upadhyaya Adarsha Mahavidyalaya,11,2,5.5
IIT Roorkee,1068,All India Institute of Medical Sciences Bhopal,11,9,1.222
IIT Roorkee,1069,Operation Eyesight Universal Institute for Eye Cancer,11,3,3.667
IIT Roorkee,1070,Adikavi Nannaya University,11,24,0.458
IIT Roorkee,1071,Sri Guru Gobind Singh College,11,15,0.733
IIT Roorkee,1072,Central Water and Power Research Station,11,59,0.186
IIT Roorkee,1073,Indian Institute of Sugarcane Research,11,12,0.917
IIT Roorkee,1074,Malla Reddy Vishwavidyapeeth,11,0,
IIT Roorkee,1075,Jawaharlal Institute of Post Graduate Medical Education and Research,11,28,0.393
IIT Roorkee,1076,Kisan Post Graduate College,11,1,11.0
IIT Roorkee,1077,Gandhi Institute for Technological Advancement,11,8,1.375
IIT Roorkee,1078,Gujarat Institute of Desert Ecology,11,9,1.222
IIT Roorkee,1079,Brahmananda Keshab Chandra College,11,3,3.667
IIT Roorkee,1080,Central Sericultural Research and Training Institute,11,7,1.571
IIT Roorkee,1081,IEC University,11,6,1.833
IIT Roorkee,1082,Institute for Development and Research in Banking Technology,11,18,0.611
IIT Roorkee,1083,Nistarini Women's College,11,1,11.0
IIT Roorkee,1084,Kammavari Sangham Institute of Technology,11,6,1.833
IIT Roorkee,1085,Mahatma Gandhi Ayurved College Hospital and Research Centre,11,0,
IIT Roorkee,1086,Ramakrishna Mission Vidyalaya,11,20,0.55
IIT Roorkee,1087,National Institute of Nutrition,11,29,0.379
IIT Roorkee,1088,The Madura College,10,3,3.333
IIT Roorkee,1089,National Institute of Research in Tuberculosis,10,2,5.0
IIT Roorkee,1090,Cognizant (India),10,13,0.769
IIT Roorkee,1091,Jagran Lakecity University,10,1,10.0
IIT Roorkee,1092,Calcutta Institute of Technology,10,9,1.111
IIT Roorkee,1093,"Jawaharlal Nehru Technological University-Gurajada, Vizianagaram",10,4,2.5
IIT Roorkee,1094,Durgapur Government College,10,38,0.263
IIT Roorkee,1095,Central Sericultural Germplasm Resources Centre,10,7,1.429
IIT Roorkee,1096,University Grants Commission,10,11,0.909
IIT Roorkee,1097,Institute of Economic Growth,10,49,0.204
IIT Roorkee,1098,Guru Teg Bahadur Hospital,10,14,0.714
IIT Roorkee,1099,Chennai Mathematical Institute,10,30,0.333
IIT Roorkee,1100,IMS Unison University,10,3,3.333
IIT Roorkee,1101,Kanya Maha Vidyalaya,10,5,2.0
IIT Roorkee,1102,Indian Institute of Information Technology Lucknow,10,2,5.0
IIT Roorkee,1103,Nehru Arts and Science College,10,2,5.0
IIT Roorkee,1104,Gnanamani College of Technology,10,5,2.0
IIT Roorkee,1105,Dr. Shakuntala Misra National Rehabilitation University,10,1,10.0
IIT Roorkee,1106,Oxford Educational Institutions,10,1,10.0
IIT Roorkee,1107,Krishnagar Government College,10,17,0.588
IIT Roorkee,1108,Naval Physical & Oceanographic Laboratory,10,9,1.111
IIT Roorkee,1109,Serampore College,10,4,2.5
IIT Roorkee,1110,"Vivekanand Education Society's College of Arts, Science and Commerce (Autonomous)",10,4,2.5
IIT Roorkee,1111,Bihar National College,10,2,5.0
IIT Roorkee,1112,Sanaka Educational Trust’s Group of Institutions,10,0,
IIT Roorkee,1113,"Karmaveer Bhaurao Patil University, Satara",10,1,10.0
IIT Roorkee,1114,Chandragupt Institute of Management,10,10,1.0
IIT Roorkee,1115,Shri Shankaracharya Professional University,10,0,
IIT Roorkee,1116,Shri Madhwa Vadiraja Institute of Technology and Management,10,8,1.25
IIT Roorkee,1117,University College of Medical Sciences,10,21,0.476
IIT Roorkee,1118,Vikas College of Engineering and Technology,10,2,5.0
IIT Roorkee,1119,"Zeal College of Engineering and Research, Pune",10,1,10.0
IIT Roorkee,1120,Shroff S.R. Rotary Institute of Chemical Technology,10,8,1.25
IIT Roorkee,1121,"Loknete Vyankatrao Hiray Arts, Science and Commerce College",10,2,5.0
IIT Roorkee,1122,Sriram Chandra Bhanja Medical College Hospital,10,8,1.25
IIT Roorkee,1123,Indian Institute of Pulses Research,10,14,0.714
IIT Roorkee,1124,University of Agricultural Sciences Raichur,10,6,1.667
IIT Roorkee,1125,Apeejay Stya University,10,0,
IIT Roorkee,1126,Indian Institute of Information Technology Surat,10,2,5.0
IIT Roorkee,1127,National Centre for Biological Sciences,10,50,0.2
IIT Roorkee,1128,RajaRajeswari College of Engineering,10,8,1.25
IIT Roorkee,1129,Sambalpur University Institute of Information Technology,10,0,
IIT Roorkee,1130,Kamaraj College,10,6,1.667
IIT Roorkee,1131,Symbiosis University of Applied Sciences,10,1,10.0
IIT Roorkee,1132,Jeppiaar Institute of Technology,10,7,1.429
IIT Roorkee,1133,Atmiya University,10,3,3.333
IIT Roorkee,1134,Central Research Institute for Jute and Allied Fibres,9,9,1.0
IIT Roorkee,1135,Ranchi University,9,15,0.6
IIT Roorkee,1136,Swarnandhra College of Engineering and Technology,9,21,0.429
IIT Roorkee,1137,"Advanced Centre for Treatment, Research and Education in Cancer",9,18,0.5
IIT Roorkee,1138,George Institute for Global Health,9,6,1.5
IIT Roorkee,1139,Indian Army,9,41,0.22
IIT Roorkee,1140,Marathwada Agricultural University,9,7,1.286
IIT Roorkee,1141,Buxi Jagabandhu Bidyadhar Autonomous College,9,2,4.5
IIT Roorkee,1142,"Sri Karan Narendra Agriculture University, Jobner",9,9,1.0
IIT Roorkee,1143,Jagan Institute of Management Studies,9,4,2.25
IIT Roorkee,1144,Sher-i-Kashmir Institute of Medical Sciences,9,6,1.5
IIT Roorkee,1145,Netaji Subhas Open University,9,5,1.8
IIT Roorkee,1146,Indian Institute of Soil Science,9,43,0.209
IIT Roorkee,1147,Rishi Bankim Chandra College,9,23,0.391
IIT Roorkee,1148,Jorhat Engineering College,9,14,0.643
IIT Roorkee,1149,Maharshi Dayanand Saraswati University,9,38,0.237
IIT Roorkee,1150,Power Grid Corporation (India),9,14,0.643
IIT Roorkee,1151,Vikramajit Singh Sanatan Dharma College,9,6,1.5
IIT Roorkee,1152,Terminal Ballistics Research Laboratory,9,23,0.391
IIT Roorkee,1153,Survey of India,9,18,0.5
IIT Roorkee,1154,Department of Atomic Energy,9,51,0.176
IIT Roorkee,1155,M S Ramaiah Institute of Management,9,7,1.286
IIT Roorkee,1156,Indraprastha Apollo Hospitals,9,25,0.36
IIT Roorkee,1157,Indian Institute of Wheat and Barley Research,9,19,0.474
IIT Roorkee,1158,Karnataka State Women's University,9,5,1.8
IIT Roorkee,1159,NSS College of Engineering Palakkad,9,5,1.8
IIT Roorkee,1160,Institute for Resource Analysis and Policy,9,15,0.6
IIT Roorkee,1161,PRIST University,9,14,0.643
IIT Roorkee,1162,St. Anthony's College,9,8,1.125
IIT Roorkee,1163,Amicable Knowledge Solution University,9,32,0.281
IIT Roorkee,1164,"Centre for Fire, Explosive and Environment Safety",9,27,0.333
IIT Roorkee,1165,Defence Research and Development Establishment,9,105,0.086
IIT Roorkee,1166,"Vidya Pratishthan's Arts, Science and Commerce College",9,1,9.0
IIT Roorkee,1167,Janardan Rai Nagar Rajasthan Vidyapeeth University,9,2,4.5
IIT Roorkee,1168,Anand Engineering College,9,4,2.25
IIT Roorkee,1169,Tea Research Association,9,8,1.125
IIT Roorkee,1170,Indian Maritime University,9,6,1.5
IIT Roorkee,1171,"Agriculture University, Jodhpur",9,4,2.25
IIT Roorkee,1172,Nirmala College for Women,9,1,9.0
IIT Roorkee,1173,Acharya Institute of Technology,9,21,0.429
IIT Roorkee,1174,Maharana Pratap Polytechnic Gorakhpur,9,0,
IIT Roorkee,1175,Chittaranjan National Cancer Institute,8,13,0.615
IIT Roorkee,1176,Institute of Wood Science and Technology,8,15,0.533
IIT Roorkee,1177,Indraprastha College for Women,8,11,0.727
IIT Roorkee,1178,Government of Sikkim,8,23,0.348
IIT Roorkee,1179,National Academy of Agricultural Research Management,8,18,0.444
IIT Roorkee,1180,Surendranath College,8,3,2.667
IIT Roorkee,1181,Nalla Malla Reddy Engineering College,8,0,
IIT Roorkee,1182,Mahatma Gandhi Kashi Vidyapith,8,6,1.333
IIT Roorkee,1183,National Research Centre for Banana,8,5,1.6
IIT Roorkee,1184,Scientific Analysis Group,8,9,0.889
IIT Roorkee,1185,WWF-India,8,37,0.216
IIT Roorkee,1186,Sri Sairam College of Engineering,8,0,
IIT Roorkee,1187,DES Pune University,8,26,0.308
IIT Roorkee,1188,IIHMR University,8,13,0.615
IIT Roorkee,1189,Trivenidevi Bhalotia College,8,6,1.333
IIT Roorkee,1190,Telangana University,8,7,1.143
IIT Roorkee,1191,Chhattisgarh Council of Science and Technology,8,32,0.25
IIT Roorkee,1192,Indian Institute of Vegetable Research,8,9,0.889
IIT Roorkee,1193,ICAR-National Bureau Of Plant Genetic Resources,8,27,0.296
IIT Roorkee,1194,National Institution for Transforming India Aayog,8,6,1.333
IIT Roorkee,1195,IBM (India),8,46,0.174
IIT Roorkee,1196,Central Tribal University of Andhra Pradesh,8,2,4.0
IIT Roorkee,1197,Amity University Bengaluru,8,0,
IIT Roorkee,1198,Central Institute of Temperate Horticulture,8,5,1.6
IIT Roorkee,1199,Raja Narendra Lal Khan Women's College,8,28,0.286
IIT Roorkee,1200,"Government College of Engineering, Nagpur",8,0,
IIT Roorkee,1201,"Government College of Engineering, Tirunelveli",8,10,0.8
IIT Roorkee,1202,Shiv Nadar Foundation,8,4,2.0
IIT Roorkee,1203,Bhattadev University,8,0,
IIT Roorkee,1204,Ministry of Electronics and Information Technology,8,25,0.32
IIT Roorkee,1205,SCMS Group of Educational Institutions,8,6,1.333
IIT Roorkee,1206,Indian School of Business,8,41,0.195
IIT Roorkee,1207,Roland Institute of Pharmaceutical Sciences,8,5,1.6
IIT Roorkee,1208,"All India Institute of Ayurveda, New Delhi",8,4,2.0
IIT Roorkee,1209,CT Group Of Institutions,8,7,1.143
IIT Roorkee,1210,Indian Institute of Management Udaipur,8,9,0.889
IIT Roorkee,1211,Kerala University of Health Sciences,8,2,4.0
IIT Roorkee,1212,DR. B.R.A. Institute Rotary Cancer Hospital,8,8,1.0
IIT Roorkee,1213,Dr. Balasaheb Sawant Konkan Krishi Vidyapeeth,8,2,4.0
IIT Roorkee,1214,Shri Dharmasthala Manjunatheshwara University,8,7,1.143
IIT Roorkee,1215,SAGE University Indore,8,8,1.0
IIT Roorkee,1216,Amrita Institute of Medical Sciences and Research Centre,8,95,0.084
IIT Roorkee,1217,National Centre for Coastal Research,8,22,0.364
IIT Roorkee,1218,IMGENEX India (India),8,5,1.6
IIT Roorkee,1219,Acharya N. G. Ranga Agricultural University,8,13,0.615
IIT Roorkee,1220,All India Institute of Medical Sciences Bhubaneswar,8,18,0.444
IIT Roorkee,1221,Sri Manakula Vinayagar Educational Trust,8,2,4.0
IIT Roorkee,1222,National Institute of High Security Animal Diseases,8,15,0.533
IIT Roorkee,1223,Seacom Skills University,8,3,2.667
IIT Roorkee,1224,St. Vincent Pallotti College of Engineering & Technology,8,6,1.333
IIT Roorkee,1225,National Institute of Malaria Research,8,17,0.471
IIT Roorkee,1226,University of Kota,8,23,0.348
IIT Roorkee,1227,ITC (India),7,5,1.4
IIT Roorkee,1228,Sardar Patel Renewable Energy Research Institute,7,22,0.318
IIT Roorkee,1229,Institute for Stem Cell Biology and Regenerative Medicine,7,13,0.538
IIT Roorkee,1230,Tamil Nadu Dr. M.G.R. Medical University,7,2,3.5
IIT Roorkee,1231,"Digvijai Nath Post Graduate College, Gorakhpur U.P.",7,0,
IIT Roorkee,1232,All India Institute of Medical Sciences Raipur,7,6,1.167
IIT Roorkee,1233,Atomic Minerals Directorate for Exploration and Research,7,36,0.194
IIT Roorkee,1234,SRM Medical College Hospital and Research Centre,7,6,1.167
IIT Roorkee,1235,Poornaprajna Institute of Management,7,0,
IIT Roorkee,1236,Jawaharlal Nehru Medical College,7,11,0.636
IIT Roorkee,1237,Bhartiya Skill Development University,7,7,1.0
IIT Roorkee,1238,Advanced Numerical Research and Analysis Group,7,5,1.4
IIT Roorkee,1239,Rajasthan University of Veterinary and Animal Sciences,7,2,3.5
IIT Roorkee,1240,Acharya Jagadish Chandra Bose College,7,1,7.0
IIT Roorkee,1241,Palamuru University,7,5,1.4
IIT Roorkee,1242,Directorate of Medicinal and Aromatic Plants Research,7,1,7.0
IIT Roorkee,1243,Poornaprajna Institute of Scientific Research,7,20,0.35
IIT Roorkee,1244,Krishna Institute of Medical Sciences Deemed University,7,0,
IIT Roorkee,1245,Vimal Jyothi Engineering College,7,3,2.333
IIT Roorkee,1246,Indian Grassland and Fodder Research Institute,7,26,0.269
IIT Roorkee,1247,Swami Vivekananda Yoga Anusandhana Samsthana,7,11,0.636
IIT Roorkee,1248,Uttarakhand Forest Department,7,2,3.5
IIT Roorkee,1249,Tamil Nadu Veterinary and Animal Sciences University,7,10,0.7
IIT Roorkee,1250,National Bureau of Fish Genetic Resources,7,6,1.167
IIT Roorkee,1251,Centre for Studies in Social Sciences Calcutta,7,10,0.7
IIT Roorkee,1252,University B.D.T College of Engineering,7,22,0.318
IIT Roorkee,1253,Rajkiya Engineering College Mainpuri,7,0,
IIT Roorkee,1254,SRM Dental College,7,8,0.875
IIT Roorkee,1255,Taki Government College,7,5,1.4
IIT Roorkee,1256,Goalpara College,7,1,7.0
IIT Roorkee,1257,Chaudhary Ranbir Singh University,7,8,0.875
IIT Roorkee,1258,NETES Institute of Pharmaceutical Science,7,0,
IIT Roorkee,1259,French Institute of Pondicherry,7,24,0.292
IIT Roorkee,1260,Raniganj Girls' College,7,15,0.467
IIT Roorkee,1261,Birsa Agricultural University,7,8,0.875
IIT Roorkee,1262,Bhavnagar University,7,24,0.292
IIT Roorkee,1263,Harish-Chandra Research Institute,7,53,0.132
IIT Roorkee,1264,Chettinad Health City,7,10,0.7
IIT Roorkee,1265,Midnapore City College,7,2,3.5
IIT Roorkee,1266,Krishna Institute of Medical Sciences,7,3,2.333
IIT Roorkee,1267,Abhilashi University,7,6,1.167
IIT Roorkee,1268,Regional Medical Research Centre,7,17,0.412
IIT Roorkee,1269,Uttar Pradesh University of Medical Sciences,7,7,1.0
IIT Roorkee,1270,Asian Institute of Public Health,7,7,1.0
IIT Roorkee,1271,Seacom Engineering College,7,1,7.0
IIT Roorkee,1272,Darjeeling Government College,7,15,0.467
IIT Roorkee,1273,"Remote Sensing Applications Centre, Uttar Pradesh",7,14,0.5
IIT Roorkee,1274,Arid Forest Research Institute,7,3,2.333
IIT Roorkee,1275,Vivekanand Arts Sardar Dalipsingh Commerce and Science College,7,4,1.75
IIT Roorkee,1276,ISRO Propulsion Complex,7,14,0.5
IIT Roorkee,1277,Women's Christian College,7,5,1.4
IIT Roorkee,1278,Atal Bihari Vajpayee Institute of Medical Sciences and Dr. Ram Manohar Lohia Hospital,7,7,1.0
IIT Roorkee,1279,Suamandeep Vidyapeeth University,7,5,1.4
IIT Roorkee,1280,"RVS College of Engineering & Technology, Jamshedpur",7,4,1.75
IIT Roorkee,1281,Jogamaya Devi College,7,10,0.7
IIT Roorkee,1282,Haldia Government College,7,8,0.875
IIT Roorkee,1283,Ministry of Commerce and Industry,7,2,3.5
IIT Roorkee,1284,Kerala Veterinary and Animal Sciences University,7,6,1.167
IIT Roorkee,1285,Bombay College of Pharmacy,7,20,0.35
IIT Roorkee,1286,Nagpur Institute of Technology,7,3,2.333
IIT Roorkee,1287,TIFR Centre for Interdisciplinary Sciences,7,65,0.108
IIT Roorkee,1288,PSG College of Pharmacy,7,2,3.5
IIT Roorkee,1289,National Bureau of Agricultural Insect Resources,7,4,1.75
IIT Roorkee,1290,Ruxmaniben Deepchand Gardi Medical College,7,10,0.7
IIT Roorkee,1291,Rabindra Bharati University,7,9,0.778
IIT Roorkee,1292,Indian Institute of Millets Research,7,1,7.0
IIT Roorkee,1293,All India Shri Shivaji Memorial Society College of Engineering,7,11,0.636
IIT Roorkee,1294,Starex University,7,0,
IIT Roorkee,1295,Bhabha Atomic Research Center Hospital,7,11,0.636
IIT Roorkee,1296,"Council on Energy, Environment and Water",7,25,0.28
IIT Roorkee,1297,Kanchrapara College,6,10,0.6
IIT Roorkee,1298,Central Tuber Crops Research Institute,6,6,1.0
IIT Roorkee,1299,M.H. Saboo Siddik College Of Engineering,6,2,3.0
IIT Roorkee,1300,Centre for Ecology Development and Research,6,20,0.3
IIT Roorkee,1301,"All India Institute of Medical Sciences, Deoghar",6,0,
IIT Roorkee,1302,Proof & Experimental Establishment,6,6,1.0
IIT Roorkee,1303,Father Muller Medical College Hospital,6,2,3.0
IIT Roorkee,1304,Lady Doak College,6,12,0.5
IIT Roorkee,1305,Ministry of Education,6,0,
IIT Roorkee,1306,"Science College, Kokrajhar",6,0,
IIT Roorkee,1307,Bengaluru City University,6,5,1.2
IIT Roorkee,1308,MVN University,6,2,3.0
IIT Roorkee,1309,Rashtriya Raksha University,6,2,3.0
IIT Roorkee,1310,Indian Institute of Astrophysics,6,127,0.047
IIT Roorkee,1311,Manipal Centre for Natural Sciences,6,21,0.286
IIT Roorkee,1312,Rani Rashmoni Green University,6,4,1.5
IIT Roorkee,1313,St Xavier’s College,6,7,0.857
IIT Roorkee,1314,Urban Emissions Info,6,28,0.214
IIT Roorkee,1315,Shreemati Nathibai Damodar Thackersey Women's University,6,6,1.0
IIT Roorkee,1316,Keshava Deva Malaviya Institute of Petroleum Exploration,6,15,0.4
IIT Roorkee,1317,Borlaug Institute for South Asia,6,23,0.261
IIT Roorkee,1318,Vidyalankar Institute of Technology,6,6,1.0
IIT Roorkee,1319,B.E.S.T Innovation University,6,1,6.0
IIT Roorkee,1320,Oracle (India),6,5,1.2
IIT Roorkee,1321,Kalpavriksh,6,1,6.0
IIT Roorkee,1322,Mother Theresa Institute Of Engineering And Technology,6,0,
IIT Roorkee,1323,Botanical Survey of India,6,7,0.857
IIT Roorkee,1324,Kutir Post Graduate College,6,17,0.353
IIT Roorkee,1325,Atria University,6,5,1.2
IIT Roorkee,1326,Birla Institute of Scientific Research,6,17,0.353
IIT Roorkee,1327,Ananda Chandra College,6,3,2.0
IIT Roorkee,1328,Central Institute of Fisheries Technology,6,26,0.231
IIT Roorkee,1329,Jagannath Barooah University,6,1,6.0
IIT Roorkee,1330,Uttar Pradesh Pandit Deen Dayal Upadhyaya Pashu Chikitsa Vigyan Vishwavidyalaya Evam Go-Anusandhan Sansthan,6,19,0.316
IIT Roorkee,1331,National AIDS Research Institute,6,17,0.353
IIT Roorkee,1332,Rishi Bankim Chandra College for Women,6,7,0.857
IIT Roorkee,1333,Jawaharlal Nehru Tropical Botanic Garden and Research Institute,6,4,1.5
IIT Roorkee,1334,SRM University Sikkim,6,1,6.0
IIT Roorkee,1335,Indian Institute of Information Technology Vadodara,6,8,0.75
IIT Roorkee,1336,Nalla Narasimha Reddy Education Society's Group of Institutions,6,2,3.0
IIT Roorkee,1337,Sai University,6,0,
IIT Roorkee,1338,Department of Scientific and Industrial Research,6,10,0.6
IIT Roorkee,1339,Unilever (India),6,6,1.0
IIT Roorkee,1340,Jagdish Sheth School of Management,6,4,1.5
IIT Roorkee,1341,Maharaja Ganga Singh University,6,1,6.0
IIT Roorkee,1342,Central Research Institute for Dryland Agriculture,6,45,0.133
IIT Roorkee,1343,Tamil Nadu Dr. Ambedkar Law University,6,1,6.0
IIT Roorkee,1344,Mahatma Gandhi Medical College and Research Institute,6,4,1.5
IIT Roorkee,1345,ABB (India),6,50,0.12
IIT Roorkee,1346,Sri Sathya Sai University for Human Excellence,6,1,6.0
IIT Roorkee,1347,National Institute of Research on Jute and Allied Fibre Technology,6,10,0.6
IIT Roorkee,1348,ICAR-Indian Institute of Maize Research,6,10,0.6
IIT Roorkee,1349,Central Power Research Institute,6,40,0.15
IIT Roorkee,1350,Shriram Institute for Industrial Research,6,16,0.375
IIT Roorkee,1351,National Research Centre on Equines,6,13,0.462
IIT Roorkee,1352,Government Medical College and Hospital,6,17,0.353
IIT Roorkee,1353,Zydus Lifesciences Limited (India),6,9,0.667
IIT Roorkee,1354,St. Stephen's College,6,0,
IIT Roorkee,1355,"Institute of Pharmacy & Technology, Salipur",6,2,3.0
IIT Roorkee,1356,CSMSS Chh. Shahu College of Engineering,6,0,
IIT Roorkee,1357,Mahatma Gandhi Chitrakoot Gramodaya Vishwavidyalaya,6,5,1.2
IIT Roorkee,1358,Central Institute For Subtropical Horticulture,6,4,1.5
IIT Roorkee,1359,"Medical College and Hospital, Kolkata",6,63,0.095
IIT Roorkee,1360,Tejas Networks (India),6,0,
IIT Roorkee,1361,National Institute Of Veterinary Epidemiology And Disease Informatics,6,14,0.429
IIT Roorkee,1362,National Institute of Animal Nutrition and Physiology,6,9,0.667
IIT Roorkee,1363,National Research Centre on Plant Biotechnology,6,25,0.24
IIT Roorkee,1364,Suri Vidyasagar College,6,3,2.0
IIT Roorkee,1365,Society for Applied Microwave Electronics Engineering & Research,6,7,0.857
IIT Roorkee,1366,St.John's Medical College Hospital,6,24,0.25
IIT Roorkee,1367,Bansal Institute Of Research Technology & Science,6,4,1.5
IIT Roorkee,1368,"School of Management Sciences, Varanasi",6,0,
IIT Roorkee,1369,Seethalakshmi Ramaswami College,6,0,
IIT Roorkee,1370,Raipur Municipal Corporation,6,0,
IIT Roorkee,1371,"All India Institute of Medical Sciences, Kalyani",6,0,
IIT Roorkee,1372,Aarupadai Veedu Medical College & Hospital,6,0,
IIT Roorkee,1373,Central Institute for Research on Cattle,6,6,1.0
IIT Roorkee,1374,Tilak Dhari Post Graduate College,6,2,3.0
IIT Roorkee,1375,Gokhale Institute of Politics and Economics,5,6,0.833
IIT Roorkee,1376,People’s University,5,3,1.667
IIT Roorkee,1377,Nizam's Institute of Medical Sciences,5,16,0.312
IIT Roorkee,1378,Sri Muthukumaran Institute of Technology,5,1,5.0
IIT Roorkee,1379,Centre for Policy Research,5,25,0.2
IIT Roorkee,1380,Central Manufacturing Technology Institute,5,2,2.5
IIT Roorkee,1381,Raghunathpur College,5,5,1.0
IIT Roorkee,1382,Manipal Hospital,5,6,0.833
IIT Roorkee,1383,PSG Institute of Medical Sciences & Research,5,4,1.25
IIT Roorkee,1384,Homi Bhabha Centre for Science Education,5,5,1.0
IIT Roorkee,1385,"Bansal Institute of Engineering And Technology, Lucknow",5,1,5.0
IIT Roorkee,1386,R. G. Kar Medical College and Hospital,5,15,0.333
IIT Roorkee,1387,Pt. Jawahar Lal Nehru Memorial Medical College,5,2,2.5
IIT Roorkee,1388,Pandu College,5,1,5.0
IIT Roorkee,1389,Arya Vidyapeeth College,5,1,5.0
IIT Roorkee,1390,Inspiration Innovation Synergy University,5,8,0.625
IIT Roorkee,1391,Bhagat Phool Singh Mahila Vishwavidyalaya,5,12,0.417
IIT Roorkee,1392,Meenakshi Ammal Dental College and Hospital,5,2,2.5
IIT Roorkee,1393,Social Change and Development,5,10,0.5
IIT Roorkee,1394,"ICFAI University, Dehradun",5,6,0.833
IIT Roorkee,1395,Apollo Hospitals,5,27,0.185
IIT Roorkee,1396,Institute of Forest Genetics and Tree Breeding,5,1,5.0
IIT Roorkee,1397,Alphonsa College,5,2,2.5
IIT Roorkee,1398,"Kasturba Medical College, Mangalore",5,8,0.625
IIT Roorkee,1399,Center for Study of Science Technology and Policy,5,24,0.208
IIT Roorkee,1400,Deccan College Post Graduate and Research Institute,5,30,0.167
IIT Roorkee,1401,C. U. Shah University,5,4,1.25
IIT Roorkee,1402,Central Council for Research in Unani Medicine,5,1,5.0
IIT Roorkee,1403,Kunthavai Naacchiyaar Government Arts College for Women (Autonomous),5,3,1.667
IIT Roorkee,1404,"Government College of Engineering, Erode",5,11,0.455
IIT Roorkee,1405,Bagadhar Brahma Kishan College,5,0,
IIT Roorkee,1406,Central Institute of Brackishwater Aquaculture,5,2,2.5
IIT Roorkee,1407,Sri Devaraj Urs Academy of Higher Education and Research,5,4,1.25
IIT Roorkee,1408,Techno India Group (India),5,6,0.833
IIT Roorkee,1409,Archaeological Survey of India,5,11,0.455
IIT Roorkee,1410,Madras Medical College,5,3,1.667
IIT Roorkee,1411,Nanaji Deshmukh Veterinary Science University,5,4,1.25
IIT Roorkee,1412,Rajendra Memorial National Institute of Health Research,5,6,0.833
IIT Roorkee,1413,Combat Vehicles Research and Development Establishment,5,6,0.833
IIT Roorkee,1414,Manipur International University,5,1,5.0
IIT Roorkee,1415,Thermax (India),5,4,1.25
IIT Roorkee,1416,Bharti Hospital,5,3,1.667
IIT Roorkee,1417,"D.A.V. P.G. College, Lucknow",5,3,1.667
IIT Roorkee,1418,Guru Nanak Institute of Pharmaceutical Science and Technology,5,1,5.0
IIT Roorkee,1419,Dr D Y Patil Dental College & Hospital,5,7,0.714
IIT Roorkee,1420,Gobardanga Hindu College,5,8,0.625
IIT Roorkee,1421,Gas Turbine Research Establishment,5,7,0.714
IIT Roorkee,1422,National Institute of Cholera and Enteric Diseases,5,26,0.192
IIT Roorkee,1423,Kishkinda University,5,0,
IIT Roorkee,1424,Emami (India),5,2,2.5
IIT Roorkee,1425,Central Council for Research in Siddha,5,6,0.833
IIT Roorkee,1426,Delhi Pollution Control Committee,5,2,2.5
IIT Roorkee,1427,"Institute of Mathematics and Applications, Bhubaneswar",5,5,1.0
IIT Roorkee,1428,United Nations Children's Fund India,5,37,0.135
IIT Roorkee,1429,National Institute of Cancer Prevention and Research,5,5,1.0
IIT Roorkee,1430,Indian Navy,5,5,1.0
IIT Roorkee,1431,Bharathiyar Institute of Engineering for Women,5,0,
IIT Roorkee,1432,"Indian Institute of Information Technology and Management, Kerala",5,18,0.278
IIT Roorkee,1433,Ministry of Mines,5,0,
IIT Roorkee,1434,Dnyaan Prasad Global University,5,0,
IIT Roorkee,1435,Hindustan Petroleum Corporation Limited (India),5,14,0.357
IIT Roorkee,1436,Pub Kamrup College,5,0,
IIT Roorkee,1437,Dr. D. Y. Patil B-School,5,1,5.0
IIT Roorkee,1438,Vardhman Mahavir Medical College & Safdarjung Hospital,5,19,0.263
IIT Roorkee,1439,Federal Institute of Science and Technology,5,1,5.0
IIT Roorkee,1440,Gujarat Vidyapith,5,12,0.417
IIT Roorkee,1441,Acharya Brojendra Nath Seal College,5,9,0.556
IIT Roorkee,1442,Sardarkrushinagar Dantiwada Agricultural University,5,4,1.25
IIT Roorkee,1443,St. Francis Institute of Technology,5,8,0.625
IIT Roorkee,1444,Institute of Engineering & Technology,5,0,
IIT Roorkee,1445,GLS University,5,0,
IIT Roorkee,1446,Hooghly Mohsin College,5,25,0.2
IIT Roorkee,1447,Bangabasi College,5,1,5.0
IIT Roorkee,1448,"Annasaheb Magar Mahavidyalaya, Hadapsar, Pune",5,7,0.714
IIT Roorkee,1449,"St. Paul's College, Kalamassery",5,1,5.0
IIT Roorkee,1450,Behala College,5,16,0.312
IIT Roorkee,1451,Centre For Development Studies,5,15,0.333
IIT Roorkee,1452,Asian School of Business,5,0,
IIT Roorkee,1453,Centre of Plasma Physics - Institute for Plasma Research,5,4,1.25
IIT Roorkee,1454,Don Bosco College of Engineering,5,0,
IIT Roorkee,1455,Chhatrapati Shivaji Maharaj University,5,0,
IIT Roorkee,1456,University of Horticultural Sciences Bagalkote,5,4,1.25
IIT Roorkee,1457,IILM University Gurugram,5,0,
IIT Roorkee,1458,Rajasthan University of Health Sciences,5,4,1.25
IIT Roorkee,1459,Rayat Shikshan Sanstha,5,2,2.5
IIT Roorkee,1460,HLL Lifecare (India),5,6,0.833
IIT Roorkee,1461,Microsoft (India),5,6,0.833
IIT Roorkee,1462,Kalinga Institute of Social Sciences,5,0,
IIT Roorkee,1463,Coir Board of India,5,0,
IIT Roorkee,1464,Advanced Instrumentation Research Facility,5,7,0.714
IIT Roorkee,1465,Safdarjang Hospital,5,22,0.227
IIT Roorkee,1466,Rain Forest Research Institute,5,7,0.714
IIT Roorkee,1467,Bangabasi Evening College,5,1,5.0
IIT Roorkee,1468,Mahayogi Gorakhnath University Gorakhpur,5,0,
IIT Roorkee,1469,Sandip Institute of Engineering and Management,5,0,
IIT Roorkee,1470,Kakatiya Medical College,5,2,2.5
IIT Roorkee,1471,"St. John's College, Agra",4,60,0.067
IIT Roorkee,1472,Sree Balaji Dental College and Hospital,4,3,1.333
IIT Roorkee,1473,"Dr. B. R. Ambedkar University, Srikakulam",4,0,
IIT Roorkee,1474,Mannar Thirumalai Naicker College,4,0,
IIT Roorkee,1475,University of Agricultural and Horticultural Sciences,4,8,0.5
IIT Roorkee,1476,Cipla (India),4,4,1.0
IIT Roorkee,1477,ICAR - Agricultural Technology Application Research Institute,4,1,4.0
IIT Roorkee,1478,Spices Board India,4,0,
IIT Roorkee,1479,"Indian Institute of Information Technology Senapati, Manipur",4,2,2.0
IIT Roorkee,1480,Jaypee University Anoopshahr,4,7,0.571
IIT Roorkee,1481,National Institute of Biomedical Genomics,4,5,0.8
IIT Roorkee,1482,Cancer Institute (WIA),4,5,0.8
IIT Roorkee,1483,Directorate of Groundnut Research,4,4,1.0
IIT Roorkee,1484,Maulana Azad Medical College,4,21,0.19
IIT Roorkee,1485,St. Mother Theresa Engineering College,4,1,4.0
IIT Roorkee,1486,Institute of Bioinformatics,4,11,0.364
IIT Roorkee,1487,Tropical Forest Research Institute,4,2,2.0
IIT Roorkee,1488,Government College for Women Anantnag,4,3,1.333
IIT Roorkee,1489,Sankara Nethralaya,4,14,0.286
IIT Roorkee,1490,"All India Institute of Medical Sciences, Vijaypur, Jammu",4,0,
IIT Roorkee,1491,Odisha Biodiversity Board,4,1,4.0
IIT Roorkee,1492,Science and Engineering Research Board,4,9,0.444
IIT Roorkee,1493,STMicroelectronics (India),4,5,0.8
IIT Roorkee,1494,"Babasaheb Naik College of Engineering, Pusad",4,2,2.0
IIT Roorkee,1495,Mahatma Gandhi Mission Medical College and Hospital,4,1,4.0
IIT Roorkee,1496,LDRP Institute of Technology and Research,4,4,1.0
IIT Roorkee,1497,Trident Academy of Technology,4,2,2.0
IIT Roorkee,1498,Arni University,4,9,0.444
IIT Roorkee,1499,Auro University,4,1,4.0
IIT Roorkee,1500,MES Ponnani College,4,4,1.0
IIT Roorkee,1501,Ministry of Railways,4,10,0.4
IIT Roorkee,1502,Advanced Systems Laboratory,4,6,0.667
IIT Roorkee,1503,Jagannath University,4,1,4.0
IIT Roorkee,1504,King Edward Memorial Hospital and Seth G.S. Medical College,4,17,0.235
IIT Roorkee,1505,Dharma Samaj College,4,3,1.333
IIT Roorkee,1506,Hislop College,4,4,1.0
IIT Roorkee,1507,Defence Institute of High Altitude Research,4,3,1.333
IIT Roorkee,1508,National Research Centre on Camel,4,1,4.0
IIT Roorkee,1509,Rajeev Institute of Technology,4,0,
IIT Roorkee,1510,Meenakshi Medical College Hospital and Research Institute,4,0,
IIT Roorkee,1511,Mary Matha Arts and Science College,4,1,4.0
IIT Roorkee,1512,Providence Women's College (Autonomous),4,1,4.0
IIT Roorkee,1513,Engineers India (India),4,7,0.571
IIT Roorkee,1514,Max Super Speciality Hospital,4,7,0.571
IIT Roorkee,1515,International Centre for Theoretical Sciences,4,77,0.052
IIT Roorkee,1516,Damodaram Sanjivayya National Law University,4,0,
IIT Roorkee,1517,Pandit Bhagwat Dayal Sharma Post Graduate Institute of Medical Sciences,4,9,0.444
IIT Roorkee,1518,Indian Institute of Oilseeds Research,4,12,0.333
IIT Roorkee,1519,College of Engineering & Management Kapurthala,4,0,
IIT Roorkee,1520,Shree Dhanvantary Pharmacy College,4,3,1.333
IIT Roorkee,1521,Central Institute of Freshwater Aquaculture,4,6,0.667
IIT Roorkee,1522,Vijaygarh Jyotish Ray College,4,0,
IIT Roorkee,1523,Defence Food Research Laboratory,4,30,0.133
IIT Roorkee,1524,"Gurucharan University, Silchar",4,3,1.333
IIT Roorkee,1525,Fortis Hospital,4,6,0.667
IIT Roorkee,1526,Murshidabad University,4,0,
IIT Roorkee,1527,Vision Research Foundation,4,12,0.333
IIT Roorkee,1528,"Government Institute of Forensic Science, Nagpur",4,2,2.0
IIT Roorkee,1529,"Sardar Patel University of Police, Security and Criminal Justice, Jodhpur",4,1,4.0
IIT Roorkee,1530,Gurudas College,4,8,0.5
IIT Roorkee,1531,Bastar University,4,0,
IIT Roorkee,1532,Delhi Development Authority,4,3,1.333
IIT Roorkee,1533,Krishna University,4,5,0.8
IIT Roorkee,1534,Mahatma Gandhi Mission Institute of Health Sciences,4,3,1.333
IIT Roorkee,1535,Lady Hardinge Medical College,4,11,0.364
IIT Roorkee,1536,Sona College of Arts and Science,4,0,
IIT Roorkee,1537,Seth Anandram Jaipuria College,4,0,
IIT Roorkee,1538,GAIL (India),4,13,0.308
IIT Roorkee,1539,Indian Air Force,4,10,0.4
IIT Roorkee,1540,Central University of Odisha,4,2,2.0
IIT Roorkee,1541,"Government Medical College, Amritsar",4,6,0.667
IIT Roorkee,1542,"G.S. Science, Arts And Commerce College",4,4,1.0
IIT Roorkee,1543,Uttarakhand Open University,4,4,1.0
IIT Roorkee,1544,Armament Research and Development Establishment,4,8,0.5
IIT Roorkee,1545,Nabarangpur College,4,0,
IIT Roorkee,1546,Ansal University,4,7,0.571
IIT Roorkee,1547,Karpagam College of Pharmacy Coimbatore,4,2,2.0
IIT Roorkee,1548,"Jagannath International Management School, Kalkaji, New Delhi",4,0,
IIT Roorkee,1549,Chanakya University,4,0,
IIT Roorkee,1550,Bankura Sammilani Medical College,4,0,
IIT Roorkee,1551,ICAR-Indian Institute of Agricultural Biotechnology,4,2,2.0
IIT Roorkee,1552,Sanjay Ghodawat Institute,4,0,
IIT Roorkee,1553,Guru Gobind Singh Medical College and Hospital,4,1,4.0
IIT Roorkee,1554,Kanchi Mamunivar Centre for Post Graduate Studies,4,1,4.0
IIT Roorkee,1555,GlaxoSmithKline (India),4,0,
IIT Roorkee,1556,Audisankara (Deemed to be University),4,3,1.333
IIT Roorkee,1557,Institute of Forest Productivity,4,1,4.0
IIT Roorkee,1558,Institute of Pesticide Formulation Technology,4,14,0.286
IIT Roorkee,1559,Mata Gujri University,4,0,
IIT Roorkee,1560,Alipurduar University,4,2,2.0
IIT Roorkee,1561,ICAR - Central Island Agricultural Research Institute,4,3,1.333
IIT Roorkee,1562,Jangipur College,4,2,2.0
IIT Roorkee,1563,Administrative Staff College of India,4,21,0.19
IIT Roorkee,1564,"Toshniwal Arts, Commerce, and Science College",4,3,1.333
IIT Roorkee,1565,Indo Korea Science and Technology,4,3,1.333
IIT Roorkee,1566,MNR Medical College and Hospital,4,0,
IIT Roorkee,1567,Swami Vivekanand College of Pharmacy,4,3,1.333
IIT Roorkee,1568,Sree Gokulam Medical College and Research Foundation,4,0,
IIT Roorkee,1569,D. Y. Patil Agriculture and Technical University,4,5,0.8
IIT Roorkee,1570,"Carmel College of Arts, Science and Commerce for Women",4,2,2.0
IIT Roorkee,1571,College of Medicine & Sagore Dutta Hospital,4,5,0.8
IIT Roorkee,1572,Indo-US Science and Technology Forum,4,0,
IIT Roorkee,1573,"Government Degree College, Kamalpur",4,0,
IIT Roorkee,1574,"Government Engineering College, Rajkot",4,12,0.333
IIT Roorkee,1575,National Institute of Rock Mechanics,4,14,0.286
IIT Roorkee,1576,All India Institute of Medical Sciences Guwahati,4,3,1.333
IIT Roorkee,1577,Indian Council for Research on International Economic Relations,4,18,0.222
IIT Roorkee,1578,Sri Venkateswara Institute of Medical Sciences,4,4,1.0
IIT Roorkee,1579,National Centre for Sustainable Coastal Management,4,12,0.333
IIT Roorkee,1580,Rishihood University,4,1,4.0
IIT Roorkee,1581,Malla Reddy Institute Of Medical Sciences,4,0,
IIT Roorkee,1582,"Maharana Pratap Horticultural University, Karnal",4,1,4.0
IIT Roorkee,1583,RKDF University,4,3,1.333
IIT Roorkee,1584,National Innovation Foundation,4,0,
IIT Roorkee,1585,Max Healthcare,4,3,1.333
IIT Roorkee,1586,Bankim Sardar College,3,5,0.6
IIT Roorkee,1587,ICAR - National Meat Research Institute,3,0,
IIT Roorkee,1588,Uttarakhand Jal Sansthan,3,4,0.75
IIT Roorkee,1589,Pravara Institute of Medical Sciences,3,1,3.0
IIT Roorkee,1590,Hari Shankar Singhania Elastomer And Tyre Research Institute,3,5,0.6
IIT Roorkee,1591,International Institute of Management Studies,3,0,
IIT Roorkee,1592,Indian Institute of Plantation Management,3,7,0.429
IIT Roorkee,1593,National Research Centre for Integrated Pest Management,3,1,3.0
IIT Roorkee,1594,Babu Shivnath Agrawal (PG) College,3,0,
IIT Roorkee,1595,Indian Institute of Spices Research,3,3,1.0
IIT Roorkee,1596,Datar Cancer Genetics (India),3,0,
IIT Roorkee,1597,Kedarnath Girdharilal Khatri Degree College,3,3,1.0
IIT Roorkee,1598,Moti Ram Babu Ram Government Post Graduate College,3,0,
IIT Roorkee,1599,National Law School of India University,3,1,3.0
IIT Roorkee,1600,MES Mampad College (Autonomous),3,2,1.5
IIT Roorkee,1601,Era's Lucknow Medical College and Hospital,3,9,0.333
IIT Roorkee,1602,National Institute of Occupational Health,3,5,0.6
IIT Roorkee,1603,P.G.D.A.V. College (Evening),3,1,3.0
IIT Roorkee,1604,Tata Motors (India),3,11,0.273
IIT Roorkee,1605,Centre for Development of Imaging Technology,3,0,
IIT Roorkee,1606,Tamil Nadu Open University,3,6,0.5
IIT Roorkee,1607,India Health Action Trust,3,2,1.5
IIT Roorkee,1608,"Shri Shivaji Science and Arts College, Chikhli",3,1,3.0
IIT Roorkee,1609,Trichy SRM Medical College Hospital and Research Centre,3,0,
IIT Roorkee,1610,"Islamia College of Science and Commerce, Srinagar",3,15,0.2
IIT Roorkee,1611,Fernandez Hospital,3,0,
IIT Roorkee,1612,Indian National Science Academy,3,4,0.75
IIT Roorkee,1613,"Post Graduate Government College, Sector 11, Chandigarh",3,11,0.273
IIT Roorkee,1614,University College of Engineering and Technology,3,1,3.0
IIT Roorkee,1615,International Institute of Biotechnology and Toxicology,3,1,3.0
IIT Roorkee,1616,"Dr. Ambedkar Institute of Hotel Management, Catering, and Nutrition",3,0,
IIT Roorkee,1617,Institute of Livelihood Research and Training,3,1,3.0
IIT Roorkee,1618,Bureau of Indian Standards,3,5,0.6
IIT Roorkee,1619,Institute of Technology Management,3,3,1.0
IIT Roorkee,1620,Aurobindo Pharma (India),3,2,1.5
IIT Roorkee,1621,KMEA Engineering College,3,1,3.0
IIT Roorkee,1622,Nalanda Open University,3,0,
IIT Roorkee,1623,International School of Management Excellence,3,0,
IIT Roorkee,1624,Ramakrishna Mission Vivekananda College,3,4,0.75
IIT Roorkee,1625,National Informatics Centre,3,10,0.3
IIT Roorkee,1626,Fatima College (Autonomous),3,3,1.0
IIT Roorkee,1627,Government Engineering College Wayanad,3,1,3.0
IIT Roorkee,1628,"ICAR-Directorate of Rapeseed-Mustard Research, Bharatpur",3,16,0.188
IIT Roorkee,1629,Dr. K.N.Modi University,3,3,1.0
IIT Roorkee,1630,Ananda Mohan College,3,12,0.25
IIT Roorkee,1631,Defence Electronics Application Laboratory,3,17,0.176
IIT Roorkee,1632,Central Tasar Research & Training Institute,3,1,3.0
IIT Roorkee,1633,Johnson & Johnson (India),3,2,1.5
IIT Roorkee,1634,Tezpur College,3,0,
IIT Roorkee,1635,Swarrnim Startup and Innovation University,3,3,1.0
IIT Roorkee,1636,Bahona College,3,2,1.5
IIT Roorkee,1637,Columbia College,3,1,3.0
IIT Roorkee,1638,Bhaktivedanta Hospital & Research Institute,3,0,
IIT Roorkee,1639,Central Sheep and Wool Research Institute,3,8,0.375
IIT Roorkee,1640,Chandernagore College,3,7,0.429
IIT Roorkee,1641,Central Institute for Research on Goats,3,4,0.75
IIT Roorkee,1642,Sadiya College,3,0,
IIT Roorkee,1643,"Rajendra University, Balangir",3,0,
IIT Roorkee,1644,Directorate of Onion and Garlic Research,3,0,
IIT Roorkee,1645,Directorate General of Mines Safety,3,0,
IIT Roorkee,1646,"Institute of Science, Nagpur",3,6,0.5
IIT Roorkee,1647,Indian Institute of Soybean Research,3,5,0.6
IIT Roorkee,1648,National Institute for Research in Reproductive Health,3,33,0.091
IIT Roorkee,1649,R. N. G. Patel Institute of Technology,3,3,1.0
IIT Roorkee,1650,KIRND Institute of Research and Development Pvt Ltd,3,2,1.5
IIT Roorkee,1651,Maharaja Agrasen Institute of Management Studies,3,2,1.5
IIT Roorkee,1652,Sitamarhi Institute of Technology,3,1,3.0
IIT Roorkee,1653,Kirloskar Group (India),3,1,3.0
IIT Roorkee,1654,Karimganj College,3,4,0.75
IIT Roorkee,1655,Sree Sevugan Annamalai College,3,2,1.5
IIT Roorkee,1656,IFMR Graduate School of Business,3,10,0.3
IIT Roorkee,1657,Christ College of Engineering and Technology,3,0,
IIT Roorkee,1658,Vardhaman Mahaveer Open University,3,1,3.0
IIT Roorkee,1659,National Brain Research Centre,3,51,0.059
IIT Roorkee,1660,National Center for Disease Control,3,12,0.25
IIT Roorkee,1661,Pragjyotish College,3,1,3.0
IIT Roorkee,1662,K.S.R. Institute of Dental Science and Research,3,0,
IIT Roorkee,1663,Assumption College,3,4,0.75
IIT Roorkee,1664,Microsoft Research (India),3,12,0.25
IIT Roorkee,1665,TempleCity Institute of Technology & Engineering,3,0,
IIT Roorkee,1666,Jorhat Institute of Science and Technology,3,2,1.5
IIT Roorkee,1667,Satyawati College (Evening),3,4,0.75
IIT Roorkee,1668,Shri Neelkantheshwar Government Post-Graduate College,3,1,3.0
IIT Roorkee,1669,Salim Ali Center for Ornithology and Natural History,3,15,0.2
IIT Roorkee,1670,Sumathi Reddy Institute of Technology for Women,3,1,3.0
IIT Roorkee,1671,Indian National Centre for Ocean Information Services,3,39,0.077
IIT Roorkee,1672,"All India Institute of Medical Sciences, Rajkot",3,1,3.0
IIT Roorkee,1673,"Dharanidhar University, Keonjhar",3,0,
IIT Roorkee,1674,Armed Forces Medical College,3,21,0.143
IIT Roorkee,1675,Universal Engineering College,3,5,0.6
IIT Roorkee,1676,Saifee Hospital,3,1,3.0
IIT Roorkee,1677,Antara,3,4,0.75
IIT Roorkee,1678,Gopal Narayan Singh University,3,0,
IIT Roorkee,1679,Netaji Nagar College for Women,3,1,3.0
IIT Roorkee,1680,Vector Control Research Centre,3,6,0.5
IIT Roorkee,1681,Sabarmati University,3,0,
IIT Roorkee,1682,Dhenkanal Autonomous College,3,1,3.0
IIT Roorkee,1683,Institute for Human Development,3,15,0.2
IIT Roorkee,1684,Syngene International (India),3,14,0.214
IIT Roorkee,1685,Marudhar Kesari Jain College for Women,3,0,
IIT Roorkee,1686,Nalsar University of Law,3,1,3.0
IIT Roorkee,1687,Institute of Forest Biodiversity,3,0,
IIT Roorkee,1688,Sri Devaraj Urs Medical College,3,4,0.75
IIT Roorkee,1689,Bajkul Milani Mahavidyalaya,3,3,1.0
IIT Roorkee,1690,Bombay Natural History Society,3,0,
IIT Roorkee,1691,ACS Medical College and Hospital,3,1,3.0
IIT Roorkee,1692,Sarguja University,3,15,0.2
IIT Roorkee,1693,SMBT College of Pharmacy,3,2,1.5
IIT Roorkee,1694,"Govt.W.W. Patankar Girls’ PG College, Durg",3,1,3.0
IIT Roorkee,1695,Bikaner Technical University,3,1,3.0
IIT Roorkee,1696,Maharashtra University of Health Sciences,3,2,1.5
IIT Roorkee,1697,Institute of Development Studies Kolkata,3,2,1.5
IIT Roorkee,1698,Swami Keshwanand Rajasthan Agricultural University,3,4,0.75
IIT Roorkee,1699,University of Trans-Disciplinary Health Sciences and Technology,3,1,3.0
IIT Roorkee,1700,Goa Dental College and Hospital,3,2,1.5
IIT Roorkee,1701,Dayanand Medical College & Hospital,3,9,0.333
IIT Roorkee,1702,Chameli Devi Institute of Pharmacy,3,1,3.0
IIT Roorkee,1703,Engineering Staff College of India,3,1,3.0
IIT Roorkee,1704,Sandip Foundation,3,1,3.0
IIT Roorkee,1705,"City College, Kolkata",3,2,1.5
IIT Roorkee,1706,Awadhesh Pratap Singh University,3,10,0.3
IIT Roorkee,1707,National Institute of Biologicals,3,3,1.0
IIT Roorkee,1708,Indian Railways,3,9,0.333
IIT Roorkee,1709,Asian Development Research Institute,3,3,1.0
IIT Roorkee,1710,Thai Moogambigai Dental College and Hospital,3,0,
IIT Roorkee,1711,Asian Institute of Gastroenterology,3,5,0.6
IIT Roorkee,1712,K.L.E. Society's S. Nijalingappa College,3,0,
IIT Roorkee,1713,Lilavati Hospital & Research Centre,3,6,0.5
IIT Roorkee,1714,Kaushalya the Skill University,3,0,
IIT Roorkee,1715,Dravidian University,3,3,1.0
IIT Roorkee,1716,Camellia Institute of Technology,3,4,0.75
IIT Roorkee,1717,Govt. College Mananthavady,3,0,
IIT Roorkee,1718,Voluntary Health Association of Goa,3,0,
IIT Roorkee,1719,Karnataka Veterinary Animal and Fisheries Sciences University,3,14,0.214
IIT Roorkee,1720,National Council of Applied Economic Research,3,13,0.231
IIT Roorkee,1721,Paras Hospitals,3,0,
IIT Roorkee,1722,Reserve Bank of India,3,42,0.071
IIT Roorkee,1723,Hiralal Mazumdar Memorial College for Women,3,0,
IIT Roorkee,1724,National Institute of Urban Affairs,3,15,0.2
IIT Roorkee,1725,"Government Engineering College, Bhavnagar",3,14,0.214
IIT Roorkee,1726,HCL Technologies (India),3,3,1.0
IIT Roorkee,1727,Raja Balwant Singh College,3,9,0.333
IIT Roorkee,1728,Bhupendra Narayan Mandal University,3,2,1.5
IIT Roorkee,1729,Gitarattan International Business School,3,0,
IIT Roorkee,1730,National Institute of Health and Family Welfare,3,9,0.333
IIT Roorkee,1731,Biocon (India),2,9,0.222
IIT Roorkee,1732,Nivetha Institute of Earth and Environmental Sciences,2,1,2.0
IIT Roorkee,1733,Narayana Nethralaya,2,9,0.222
IIT Roorkee,1734,National Bureau of Animal Genetic Resources,2,1,2.0
IIT Roorkee,1735,Sarojini Naidu Medical College,2,2,1.0
IIT Roorkee,1736,Society for Applied Studies,2,4,0.5
IIT Roorkee,1737,Lokmanya Tilak Municipal General Hospital and Lokmanya Tilak Municipal Medical College,2,6,0.333
IIT Roorkee,1738,Defence Bioengineering and Electromedical Laboratory,2,10,0.2
IIT Roorkee,1739,Gujarat Institute of Development Research,2,5,0.4
IIT Roorkee,1740,Rajasthan Police Academy,2,0,
IIT Roorkee,1741,Saiva Bhanu Kshatriya College,2,1,2.0
IIT Roorkee,1742,Kaveri University,2,0,
IIT Roorkee,1743,Institute of Molecular Medicine,2,4,0.5
IIT Roorkee,1744,Anusandhan National Research Foundation,2,0,
IIT Roorkee,1745,St. Francis de Sales College,2,0,
IIT Roorkee,1746,Gondwana University,2,1,2.0
IIT Roorkee,1747,"All India Institute of Medical Sciences, Mangalagiri",2,1,2.0
IIT Roorkee,1748,All India Jat Heroes' Memorial College,2,0,
IIT Roorkee,1749,Bhimabhoi College,2,0,
IIT Roorkee,1750,Singhania University,2,11,0.182
IIT Roorkee,1751,Centre for Military Airworthiness and Certification,2,4,0.5
IIT Roorkee,1752,University College for Women,2,2,1.0
IIT Roorkee,1753,West Bengal University of Health Sciences,2,6,0.333
IIT Roorkee,1754,Impact College of Engineering and Applied Sciences,2,2,1.0
IIT Roorkee,1755,Assam Medical College,2,2,1.0
IIT Roorkee,1756,West Bengal National University of Juridical Sciences,2,2,1.0
IIT Roorkee,1757,Jeppiaar University,2,1,2.0
IIT Roorkee,1758,Tata Institute for Genetics and Society,2,0,
IIT Roorkee,1759,IQVIA (India),2,2,1.0
IIT Roorkee,1760,Jehangir Hospital,2,1,2.0
IIT Roorkee,1761,Veer Surendra Sai Medical College and Hospital,2,1,2.0
IIT Roorkee,1762,Prananath College (Autonomous),2,0,
IIT Roorkee,1763,St. Andrews Institute of Technology and Management,2,1,2.0
IIT Roorkee,1764,"School of Management Sciences, Lucknow",2,1,2.0
IIT Roorkee,1765,Defence Institute of Bio-Energy Research,2,4,0.5
IIT Roorkee,1766,ICAR-National Research Centre on Pig,2,3,0.667
IIT Roorkee,1767,"Shri Yashwantrao Patil Science College, Solankur",2,0,
IIT Roorkee,1768,Rishi Bankim Chandra Evening College,2,3,0.667
IIT Roorkee,1769,Medhavi Skills University,2,0,
IIT Roorkee,1770,Vijaya College,2,7,0.286
IIT Roorkee,1771,"St. Philomena's College, Mysuru",2,0,
IIT Roorkee,1772,Hester,2,4,0.5
IIT Roorkee,1773,National Institute for Research in Tribal Health,2,4,0.5
IIT Roorkee,1774,Mahavir Medical Research Centre,2,1,2.0
IIT Roorkee,1775,Cooper Hospital,2,0,
IIT Roorkee,1776,Balaji College of Pharmacy,2,0,
IIT Roorkee,1777,Gokhale Memorial Girls' College,2,3,0.667
IIT Roorkee,1778,Ragas Dental College & Hospital,2,4,0.5
IIT Roorkee,1779,Sree Sankaracharya University of Sanskrit,2,1,2.0
IIT Roorkee,1780,The Automotive Research Association of India,2,2,1.0
IIT Roorkee,1781,Chameli Devi Group of Institutions,2,2,1.0
IIT Roorkee,1782,Malankara Orthodox Syrian Church Medical College Hospital,2,1,2.0
IIT Roorkee,1783,Ministry of External Affairs,2,0,
IIT Roorkee,1784,Dum Dum Motijheel College,2,4,0.5
IIT Roorkee,1785,Salbari College,2,0,
IIT Roorkee,1786,Regional Plant Resource Centre,2,1,2.0
IIT Roorkee,1787,"Harish Chandra Post Graduate College, Varanasi",2,1,2.0
IIT Roorkee,1788,National Defence Academy,2,2,1.0
IIT Roorkee,1789,Consilience Research Foundation,2,0,
IIT Roorkee,1790,Sunrise University,2,0,
IIT Roorkee,1791,Kandra Radhakanta Kundu Mahavidyalaya,2,0,
IIT Roorkee,1792,Ahalia School of Engineering and Technology,2,0,
IIT Roorkee,1793,Vinayaka Missions Medical College and Hospitals,2,2,1.0
IIT Roorkee,1794,"All India Institute of Medical Sciences, Madurai",2,1,2.0
IIT Roorkee,1795,Surendranath Evening College,2,0,
IIT Roorkee,1796,Mamta Health Institute for Mother and Child,2,4,0.5
IIT Roorkee,1797,Ashok Leyland (India),2,4,0.5
IIT Roorkee,1798,Meher Hospitals,2,0,
IIT Roorkee,1799,Institute of Liver and Biliary Sciences,2,4,0.5
IIT Roorkee,1800,Tamil Nadu Teachers Education University,2,0,
IIT Roorkee,1801,Sido Kanhu Murmu University,2,6,0.333
IIT Roorkee,1802,St. Joseph Dental College,2,0,
IIT Roorkee,1803,"All India Institute of Medical Sciences, Patna",2,10,0.2
IIT Roorkee,1804,Kalyan Post Graduate College,2,1,2.0
IIT Roorkee,1805,Himalayan University,2,3,0.667
IIT Roorkee,1806,D A Pandu Memorial RV Dental College and Hospital,2,0,
IIT Roorkee,1807,Sri Venkateswara Veterinary University,2,1,2.0
IIT Roorkee,1808,Honeywell (India),2,4,0.5
IIT Roorkee,1809,Asian Healthcare Foundation,2,3,0.667
IIT Roorkee,1810,Dinabandhu Andrews College,2,6,0.333
IIT Roorkee,1811,Government Institute of Forensic Science,2,1,2.0
IIT Roorkee,1812,Uttar Pradesh Rajarshi Tandon Open University,2,2,1.0
IIT Roorkee,1813,Ministry of Skill Development and Entrepreneurship,2,0,
IIT Roorkee,1814,Jubilant Life Sciences (India),2,7,0.286
IIT Roorkee,1815,Tamilnadu State Council for Science and Technology,2,9,0.222
IIT Roorkee,1816,Danish Hydraulic Institute (India),2,21,0.095
IIT Roorkee,1817,Chandra Shekhar Azad University of Agriculture and Technology,2,4,0.5
IIT Roorkee,1818,Durgadevi Saraf Institute of Management Studies,2,3,0.667
IIT Roorkee,1819,Kongu Arts and Science College,2,2,1.0
IIT Roorkee,1820,All India Institute of Medical Sciences Bibinagar,2,2,1.0
IIT Roorkee,1821,Kovai Medical Center and Hospital,2,3,0.667
IIT Roorkee,1822,"St. Thomas College, Kozhencherry",2,6,0.333
IIT Roorkee,1823,Indian Centre for Space Physics,2,4,0.5
IIT Roorkee,1824,Himgiri Zee University,2,8,0.25
IIT Roorkee,1825,Topiwala National Medical College & BYL Nair Charitable Hospital,2,4,0.5
IIT Roorkee,1826,Martin Luther Christian University,2,0,
IIT Roorkee,1827,K. J. Somaiya Hospital & Research Centre,2,0,
IIT Roorkee,1828,Maharashtra Animal and Fishery Sciences University,2,1,2.0
IIT Roorkee,1829,Khallikote Unitary University,2,3,0.667
IIT Roorkee,1830,Fakir Chand College,2,6,0.333
IIT Roorkee,1831,Industrial Credit and Investment Corporation of India,2,2,1.0
IIT Roorkee,1832,Biotech Park,2,1,2.0
IIT Roorkee,1833,Kolhan University,2,5,0.4
IIT Roorkee,1834,GloNeuro,2,2,1.0
IIT Roorkee,1835,Shri Govind Guru University,2,0,
IIT Roorkee,1836,Jharkhand Rai University,2,0,
IIT Roorkee,1837,World Health Organization - India,2,19,0.105
IIT Roorkee,1838,Aravind Eye Hospital,2,6,0.333
IIT Roorkee,1839,BioAxis DNA Research Centre (India),2,0,
IIT Roorkee,1840,Anthem Biosciences (India),2,1,2.0
IIT Roorkee,1841,Dr. Reddy's Laboratories (India),2,42,0.048
IIT Roorkee,1842,Indira Gandhi Institute of Medical Sciences,2,3,0.667
IIT Roorkee,1843,Biozeen (India),2,0,
IIT Roorkee,1844,SAM Global University,2,0,
IIT Roorkee,1845,Central Soil and Materials Research Station,2,4,0.5
IIT Roorkee,1846,"Kanhai Lal Sahu College, Nawada",2,0,
IIT Roorkee,1847,Sanskriti Samvardhan Mandal,2,1,2.0
IIT Roorkee,1848,Oil India (India),2,11,0.182
IIT Roorkee,1849,Ananthapuri Hospitals and Research Institute,2,0,
IIT Roorkee,1850,Elitte College of Engineering,2,4,0.5
IIT Roorkee,1851,Agilent Technologies (India),2,5,0.4
IIT Roorkee,1852,Gour Mahavidyalaya,2,1,2.0
IIT Roorkee,1853,Foundation for Innovation and Technology Transfer,2,0,
IIT Roorkee,1854,Gazole Mahavidyalaya,2,1,2.0
IIT Roorkee,1855,Asian Business School,2,0,
IIT Roorkee,1856,Patrician College of Arts and Science,2,0,
IIT Roorkee,1857,DST Centre for Policy Research,2,7,0.286
IIT Roorkee,1858,Bineswar Brahma Engineering College,2,2,1.0
IIT Roorkee,1859,Santipur College,2,2,1.0
IIT Roorkee,1860,Department of Science and Technology and Biotechnology,2,2,1.0
IIT Roorkee,1861,SMS Medical College,2,11,0.182
IIT Roorkee,1862,Tilak Maharashtra Vidyapeeth,2,0,
IIT Roorkee,1863,Piramal (India),2,11,0.182
IIT Roorkee,1864,Shell (India),2,20,0.1
IIT Roorkee,1865,Maharashtra State Board of Technical Education,2,1,2.0
IIT Roorkee,1866,Shri Bhagubhai Mafatlal Polytechnic and College of Engineering,2,0,
IIT Roorkee,1867,Athena Infonomics (India),2,0,
IIT Roorkee,1868,"Institute of Chartered Financial Analysts of India University, Jaipur",2,0,
IIT Roorkee,1869,Central Council for Research in Homoeopathy,2,1,2.0
IIT Roorkee,1870,Wockhardt (India),2,5,0.4
IIT Roorkee,1871,Sai Nath University,2,1,2.0
IIT Roorkee,1872,National Institute of Ayurveda,2,5,0.4
IIT Roorkee,1873,M S Swaminathan Research Foundation,2,15,0.133
IIT Roorkee,1874,Loyola Institute of Technology and Science,2,1,2.0
IIT Roorkee,1875,"P. R. Pote Patil College of Engineering & Management, Amravati",2,4,0.5
IIT Roorkee,1876,Satavahana University,2,1,2.0
IIT Roorkee,1877,Dr. Subhash University,2,2,1.0
IIT Roorkee,1878,Central Institute for Research on Buffaloes,2,2,1.0
IIT Roorkee,1879,JSS Ayurveda Medical College and Hospital,2,1,2.0
IIT Roorkee,1880,Government Vidarbha Institute of Science and Humanities,2,5,0.4
IIT Roorkee,1881,"All India Institute of Medical Sciences, Bilaspur",2,0,
IIT Roorkee,1882,Tech Mahindra (India),2,1,2.0
IIT Roorkee,1883,Indian Institute of Teacher Education,2,0,
IIT Roorkee,1884,Aditya Birla (India),2,5,0.4
IIT Roorkee,1885,LEAD College of Management,2,0,
IIT Roorkee,1886,Uttarakhand Ayurved University,2,4,0.5
IIT Roorkee,1887,Mohammad Ali Jauhar University,2,1,2.0
IIT Roorkee,1888,Jain Irrigation Systems (India),2,1,2.0
IIT Roorkee,1889,General Electric (India),2,37,0.054
IIT Roorkee,1890,Sobhasaria Group of Institutions,2,1,2.0
IIT Roorkee,1891,Shri Shikshayatan College,2,0,
IIT Roorkee,1892,Jayoti Vidyapeeth Women's University,2,0,
IIT Roorkee,1893,Tamil Virtual Academy,2,4,0.5
IIT Roorkee,1894,Vimhans PrimaMed Super Speciality Hospital,2,0,
IIT Roorkee,1895,Don Bosco Institute of Technology,2,10,0.2
IIT Roorkee,1896,Acharya Prafulla Chandra Roy Government College,2,2,1.0
IIT Roorkee,1897,Ranaghat College,2,0,
IIT Roorkee,1898,Indraprastha Institute of Management and Technology,2,0,
IIT Roorkee,1899,Kandi Raj College,2,8,0.25
IIT Roorkee,1900,Indira Gandhi Institute of Development Research,2,50,0.04
IIT Roorkee,1901,Forest Survey of India,2,7,0.286
IIT Roorkee,1902,Anthropological Survey of India,2,7,0.286
IIT Roorkee,1903,Union Bank of India,2,1,2.0
IIT Roorkee,1904,Nandha College of Pharmacy,2,1,2.0
IIT Roorkee,1905,Medanta The Medicity,2,9,0.222
IIT Roorkee,1906,Suryodaya College of Engineering and Technology,2,0,
IIT Roorkee,1907,Bhopal Memorial Hospital & Research Centre,2,5,0.4
IIT Roorkee,1908,Rajiv Gandhi University of Health Sciences,2,3,0.667
IIT Roorkee,1909,Indo-French Centre for the Promotion of Advanced Research,2,0,
IIT Roorkee,1910,Pandit Sundarlal Sharma Open University,2,0,
IIT Roorkee,1911,Maa Manikeshwari University,2,0,
IIT Roorkee,1912,JSW Group (India),2,5,0.4
IIT Roorkee,1913,National Research Centre on Seed Spices,2,4,0.5
IIT Roorkee,1914,Monark University,2,0,
IIT Roorkee,1915,Population Council,2,15,0.133
IIT Roorkee,1916,Defence Institute of Physiology and Allied Sciences,2,27,0.074
IIT Roorkee,1917,Jagadamba Mahavidyalaya,2,0,
IIT Roorkee,1918,Government College of Pharmacy Rohru,2,3,0.667
IIT Roorkee,1919,Ganesh Shankar Vidyarthi Memorial Medical College,2,3,0.667
IIT Roorkee,1920,M. P. Shah Medical College,2,1,2.0
IIT Roorkee,1921,Central Forensic Science Laboratory,2,5,0.4
IIT Roorkee,1922,Shri BM Patil Medical College,2,2,1.0
IIT Roorkee,1923,Persistent Systems (India),2,0,
IIT Roorkee,1924,Abdul Ahad Azad Memorial Degree College,2,0,
IIT Roorkee,1925,Kasturba Hospital,2,0,
IIT Roorkee,1926,All India Institute of Medical Sciences Gorakhpur,2,3,0.667
IIT Roorkee,1927,Jawaharlal Nehru Medical College Hospital,2,6,0.333
IIT Roorkee,1928,Career Institute Of Medical & Dental Sciences and Hospital,2,1,2.0
IIT Roorkee,1929,New Alipore College,2,1,2.0
IIT Roorkee,1930,B.V. Raju College,2,0,
IIT Roorkee,1931,Guru Jambheshwar University Moradabad,2,0,
IIT Roorkee,1932,Sustainable Futures Collaborative,1,4,0.25
IIT Roorkee,1933,Rabindranath Tagore International Institute of Cardiac Sciences,1,1,1.0
IIT Roorkee,1934,Gujarat Cancer & Research Institute,1,5,0.2
IIT Roorkee,1935,Abhedananda Mahavidyalaya,1,0,
IIT Roorkee,1936,Jubilee Mission Medical College and Research Institute,1,2,0.5
IIT Roorkee,1937,Department of Pharmaceuticals,1,0,
IIT Roorkee,1938,"Jagannath International Management School, Vasant Kunj, New Delhi",1,0,
IIT Roorkee,1939,Syneos Health (India),1,0,
IIT Roorkee,1940,Care India,1,2,0.5
IIT Roorkee,1941,The Apollo University,1,0,
IIT Roorkee,1942,B. Borooah College,1,1,1.0
IIT Roorkee,1943,Sarojini Naidu College for Women,1,2,0.5
IIT Roorkee,1944,Alkem (India),1,0,
IIT Roorkee,1945,TIFR Centre for Applicable Mathematics,1,5,0.2
IIT Roorkee,1946,Mahamana Pandit Madan Mohan Malaviya Cancer Centre,1,1,1.0
IIT Roorkee,1947,Novartis (India),1,3,0.333
IIT Roorkee,1948,Vehicles Research Development Establishment,1,2,0.5
IIT Roorkee,1949,Siddhartha Medical College,1,0,
IIT Roorkee,1950,Foundation for Neglected Disease Research,1,0,
IIT Roorkee,1951,Professional Assistance for Development Action,1,0,
IIT Roorkee,1952,Gandhi Medical College & Hospital,1,1,1.0
IIT Roorkee,1953,Pfizer (India),1,1,1.0
IIT Roorkee,1954,Chhatrapati Shivaji Maharaj Institute of Technology,1,0,
IIT Roorkee,1955,Trichur Heart Hospital,1,0,
IIT Roorkee,1956,Sri Indu Institute of Engineering and Technology,1,1,1.0
IIT Roorkee,1957,National Institute of Public Finance and Policy,1,10,0.1
IIT Roorkee,1958,Microwave Tube Research & Development Centre,1,10,0.1
IIT Roorkee,1959,Qure.ai Technologies Private Limited (India),1,6,0.167
IIT Roorkee,1960,Renewable Energy Corporation of India,1,0,
IIT Roorkee,1961,Sri Ramachandra Medical Centre,1,13,0.077
IIT Roorkee,1962,Lakulish Yoga University,1,0,
IIT Roorkee,1963,National Health Systems Resource Centre,1,7,0.143
IIT Roorkee,1964,National Law Institute University,1,0,
IIT Roorkee,1965,"Government Degree College, Beerwah",1,0,
IIT Roorkee,1966,World University of Design,1,0,
IIT Roorkee,1967,Sids Hospital and Research Center,1,0,
IIT Roorkee,1968,West Bengal State Council of Technical Education,1,4,0.25
IIT Roorkee,1969,HHV Solar Technologies (India),1,0,
IIT Roorkee,1970,Tantia University,1,0,
IIT Roorkee,1971,Hooghly Engineering & Technology College,1,1,1.0
IIT Roorkee,1972,Sun Pharma Advanced Research (India),1,2,0.5
IIT Roorkee,1973,Torrent Pharma (India),1,4,0.25
IIT Roorkee,1974,Electronics and Radar Development Establishment,1,7,0.143
IIT Roorkee,1975,Center for Interdisciplinary Studies,1,0,
IIT Roorkee,1976,Raja Rammohun Roy Mahavidyalaya,1,0,
IIT Roorkee,1977,Maulana Mazharul Haque Arabic and Persian University,1,0,
IIT Roorkee,1978,Dronah Foundation,1,0,
IIT Roorkee,1979,JDSG College,1,0,
IIT Roorkee,1980,Stanley Medical College,1,1,1.0
IIT Roorkee,1981,Shri Guru Ram Rai Institute of Medical & Health Sciences,1,15,0.067
IIT Roorkee,1982,Bangalore Baptist Hospital,1,0,
IIT Roorkee,1983,Dr. Y.S.R Horticultural University,1,3,0.333
IIT Roorkee,1984,Indian Biological Sciences and Research Institute,1,0,
IIT Roorkee,1985,Mahesh Bhattacharyya Homeopathic Medical College and Hospital,1,1,1.0
IIT Roorkee,1986,Mazumdar Shaw Medical Foundation,1,1,1.0
IIT Roorkee,1987,State Unani Medical College,1,0,
IIT Roorkee,1988,Doaba College,1,5,0.2
IIT Roorkee,1989,Centre for Development of Telematics,1,2,0.5
IIT Roorkee,1990,St. Kabir Institute of Professional Studies,1,2,0.5
IIT Roorkee,1991,Tata Technologies (India),1,0,
IIT Roorkee,1992,Netaji Subhas Chandra Bose Cancer Research Institute,1,0,
IIT Roorkee,1993,National AIDS Control Organisation,1,2,0.5
IIT Roorkee,1994,Bay Of Bengal Programme Inter-Governmental Organisation,1,0,
IIT Roorkee,1995,"Ministry of Micro, Small and Medium Enterprises",1,0,
IIT Roorkee,1996,Central Tobacco Research Institute,1,1,1.0
IIT Roorkee,1997,Indian Institute of Public Administration,1,6,0.167
IIT Roorkee,1998,Madras Diabetes Research Foundation,1,23,0.043
IIT Roorkee,1999,Tripura Medical College & Dr. B.R. Ambedkar Memorial Teaching Hospital,1,0,
IIT Roorkee,2000,Vigyan Prasar,1,1,1.0
IIT Roorkee,2001,Mazumdar Shaw Medical Centre,1,1,1.0
IIT Roorkee,2002,Shanmuganathan Engineering College,1,0,
IIT Roorkee,2003,Krishna Kanta Handiqui State Open University,1,0,
IIT Roorkee,2004,Praxis Business School,1,1,1.0
IIT Roorkee,2005,Agri Biotech Foundation,1,1,1.0
IIT Roorkee,2006,Biogen (India),1,0,
IIT Roorkee,2007,Hans Raj Mahila Maha Vidyalaya,1,1,1.0
IIT Roorkee,2008,Melaka Manipal Medical College,1,7,0.143
IIT Roorkee,2009,National Institute of Medical Statistics,1,9,0.111
IIT Roorkee,2010,Grant Medical College and Sir Jamshedjee Jeejeebhoy Group of Hospitals,1,6,0.167
IIT Roorkee,2011,Confederation of Indian Industry,1,9,0.111
IIT Roorkee,2012,"Krishi Vigyan Kendra, Karda",1,0,
IIT Roorkee,2013,Karnataka State Council for Science and Technology,1,0,
IIT Roorkee,2014,Stephens College of Pharmacy,1,0,
IIT Roorkee,2015,S. G. Balekundri Institute of Technology Belagavi,1,0,
IIT Roorkee,2016,Hi-Tech Medical College & Hospital,1,2,0.5
IIT Roorkee,2017,Alzheimer's and Related Disorders Society of India,1,1,1.0
IIT Roorkee,2018,National Post Graduate College,1,0,
IIT Roorkee,2019,National Tea Research Foundation,1,0,
IIT Roorkee,2020,Omeo Kumar Das Institute of Social Change and Development,1,2,0.5
IIT Roorkee,2021,Basanti Devi College,1,2,0.5
IIT Roorkee,2022,Centre for Internet and Society,1,0,
IIT Roorkee,2023,MEASI Institute of Management,1,0,
IIT Roorkee,2024,National Research Centre on Yak,1,0,
IIT Roorkee,2025,Aeronautical Development Establishment,1,4,0.25
IIT Roorkee,2026,"Index Medical College, Hospital & Research Centre",1,1,1.0
IIT Roorkee,2027,Himalayan Environmental Studies and Conservation Organization,1,1,1.0
IIT Roorkee,2028,Monad University,1,0,
IIT Roorkee,2029,Rajendra Institute of Medical Sciences,1,6,0.167
IIT Roorkee,2030,Yashoda Hospital,1,1,1.0
IIT Roorkee,2031,INHS Asvini,1,2,0.5
IIT Roorkee,2032,ICMR - National Institute of Immunohaemotology,1,1,1.0
IIT Roorkee,2033,Bharat Forge (India),1,3,0.333
IIT Roorkee,2034,Vasant Kanya Mahavidyalaya,1,0,
IIT Roorkee,2035,Sant Kavi Baba Baijnath Govt. PG College,1,0,
IIT Roorkee,2036,Central Avian Research Institute,1,3,0.333
IIT Roorkee,2037,ASBM University,1,0,
IIT Roorkee,2038,Malabar Institute of Medical Sciences,1,2,0.5
IIT Roorkee,2039,MNJ Institute Of Oncology and Regional Cancer Centre,1,0,
IIT Roorkee,2040,Intas Pharmaceuticals (India),1,0,
IIT Roorkee,2041,Sun Pharma (India),1,0,
IIT Roorkee,2042,Wildlife Trust of India,1,2,0.5
IIT Roorkee,2043,Ahana Hospitals,1,0,
IIT Roorkee,2044,Samrat Prithviraj Chauhan Degree College,1,0,
IIT Roorkee,2045,Cadila Pharmaceuticals (India),1,1,1.0
IIT Roorkee,2046,North Lakhimpur University,1,1,1.0
IIT Roorkee,2047,Babu Banarasi Das Northern India Institute of Technology,1,4,0.25
IIT Roorkee,2048,Debraj Roy College,1,2,0.5
IIT Roorkee,2049,Ministry of Information and Broadcasting,1,0,
IIT Roorkee,2050,Employees State Insurance Post Graduate Institute of Medical Sciences and Research,1,0,
IIT Roorkee,2051,Directorate of Weed Research,1,1,1.0
IIT Roorkee,2052,Uluberia College,1,1,1.0
IIT Roorkee,2053,Institute of Chartered Accountants of India,1,0,
IIT Roorkee,2054,Ayurvet Research Foundation,1,0,
IIT Roorkee,2055,"St. Agnes College (Autonomous), Mangaluru",1,1,1.0
IIT Roorkee,2056,Sovarani Memorial College,1,1,1.0
IIT Roorkee,2057,Micro Labs (India),1,0,
IIT Roorkee,2058,Gujarat Ayurved University,1,8,0.125
IIT Roorkee,2059,Sangath,1,5,0.2
IIT Roorkee,2060,Jaypee Group (India),1,2,0.5
IIT Roorkee,2061,Sir Ganga Ram Hospital,1,26,0.038
IIT Roorkee,2062,Delhi Integrated Multi-Modal Transit System,1,0,
IIT Roorkee,2063,St Anthony's College,1,0,
IIT Roorkee,2064,Institution of Electronics and Telecommunication Engineers,1,0,
IIT Roorkee,2065,National University of Advanced Legal Studies,1,0,
IIT Roorkee,2066,Aeronautical Development Agency,1,7,0.143
IIT Roorkee,2067,SciGenom Research Foundation,1,0,
IIT Roorkee,2068,Victoria Hospital,1,0,
IIT Roorkee,2069,Apollo Institute of Medical Sciences & Research,1,2,0.5
IIT Roorkee,2070,Kakaraparti Bhavanarayana College,1,0,
IIT Roorkee,2071,Cadence Design Systems (India),1,0,
IIT Roorkee,2072,St. Joseph University,1,2,0.5
IIT Roorkee,2073,Binod Bihari Mahto Koyalanchal University,1,0,
IIT Roorkee,2074,"Abeda Inamdar Senior College of Arts, Science and Commerce",1,3,0.333
IIT Roorkee,2075,Software Training and Development Centre,1,0,
IIT Roorkee,2076,Vidyalankar School of Information Technology,1,0,
IIT Roorkee,2077,NIIT (India),1,7,0.143
IIT Roorkee,2078,Fresenius Kabi (India),1,0,
IIT Roorkee,2079,Urumu Dhanalakshmi College,1,5,0.2
IIT Roorkee,2080,Hewlett-Packard (India),1,40,0.025
IIT Roorkee,2081,National Institute of One Health,1,1,1.0
IIT Roorkee,2082,Employees' State Insurance Model Hospital,1,1,1.0
IIT Roorkee,2083,Pramukhswami Medical College,1,1,1.0
IIT Roorkee,2084,Rayalaseema University,1,4,0.25
IIT Roorkee,2085,Jai Minesh Adivasi University,1,0,
IIT Roorkee,2086,Sri Venkateshwaraa Medical College Hospital and Research Centre,1,0,
IIT Roorkee,2087,Sri Guru Ram Das University of Health Sciences Sri Amritsar,1,1,1.0
IIT Roorkee,2088,Government College Kodanchery,1,0,
IIT Roorkee,2089,Tirunelveli Medical College,1,3,0.333
IIT Roorkee,2090,Institute of Human Behaviour and Allied Sciences,1,4,0.25
IIT Roorkee,2091,CSI Holdsworth Memorial Hospital,1,2,0.5
IIT Roorkee,2092,Gauhati Medical College and Hospital,1,5,0.2
IIT Roorkee,2093,Atomic Energy Regulatory Board,1,13,0.077
IIT Roorkee,2094,Suven Life Sciences (India),1,1,1.0
IIT Roorkee,2095,Madras Medical Mission,1,5,0.2
IIT Roorkee,2096,"Indian Statistical Institute, Delhi Centre",1,24,0.042
IIT Roorkee,2097,Pondicherry Institute of Medical Sciences,1,3,0.333
IIT Roorkee,2098,Sunshine Hospitals,1,0,
IIT Roorkee,2099,Sri Sai Super Speciality Hospital,1,0,
IIT Roorkee,2100,“Tribhuvan” Sahkari University,1,0,
IIT Roorkee,2101,Mahindra Group (India),1,10,0.1
IIT Roorkee,2102,Dr. B.R. Ambedkar State Institute of Medical Sciences,1,1,1.0
IIT Roorkee,2103,Al-Ameen College of Pharmacy,1,6,0.167
IIT Roorkee,2104,Rajendra Hospital,1,0,
IIT Roorkee,2105,Maniben Nanavati Women's College,1,1,1.0
IIT Roorkee,2106,Artemis Hospitals,1,5,0.2
IIT Roorkee,2107,Dow Chemical (India),1,0,
IIT Roorkee,2108,Kerala Biotechnology Commission,1,0,
IIT Roorkee,2109,Dr. Daulatrao Aher College of Engineering,1,0,
IIT Roorkee,2110,Indian Plywood Industries Research and Training Institute,1,1,1.0
IIT Roorkee,2111,Karmaveer Bhausaheb Hiray Dental College and Hospital,1,0,
IIT Roorkee,2112,Christ Academy Institute for Advanced Studies,1,0,
IIT Roorkee,2113,Jhargram Raj College,1,21,0.048
IIT Roorkee,2114,Centre for Economic and Social Studies,1,5,0.2
IIT Roorkee,2115,Baba Raghav Das Medical College,1,3,0.333
IIT Roorkee,2116,Kanchi Kamakoti CHILDS Trust Hospital,1,3,0.333
IIT Roorkee,2117,Bombay Hospital,1,2,0.5
IIT Roorkee,2118,Remidio Innovative Solutions (India),1,0,
IIT Roorkee,2119,Nansen Environmental Research Centre India,1,4,0.25
IIT Roorkee,2120,Scope e-Knowledge Center (India),1,0,
IIT Roorkee,2121,USV (India),1,1,1.0
IIT Roorkee,2122,Maharaja Jitendra Narayan Medical College & Hospital,1,0,
IIT Roorkee,2123,Hilleman Laboratories (India),1,1,1.0
IIT Roorkee,2124,Jawaharlal Nehru Cancer Hospital and Research Centre,1,1,1.0
IIT Roorkee,2125,Government College Sirohi,1,3,0.333
IIT Roorkee,2126,Watershed Support Services and Activities Network,1,1,1.0
IIT Roorkee,2127,Darul Huda Islamic University,1,0,
IIT Roorkee,2128,GVK (India),1,3,0.333
IIT Roorkee,2129,Central University of Andhra Pradesh,1,0,
IIT Roorkee,2130,National Diabetes Obesity and Cholesterol Foundation,1,5,0.2
IIT Roorkee,2131,Central Council for Research in Yoga & Naturopathy,1,1,1.0
IIT Roorkee,2132,IFIM Institutions,1,1,1.0
IIT Roorkee,2133,Mankind Pharma (India),1,0,
IIT Roorkee,2134,Electrical Research and Development Association,1,3,0.333
IIT Roorkee,2135,Institute of Neurosciences Kolkata,1,1,1.0
IIT Roorkee,2136,T J Institute of Technology,1,0,
IIT Roorkee,2137,"Shivharsh Kisan Post Graduate College, Basti",1,0,
IIT Roorkee,2138,GSL Medical College & General Hospital,1,1,1.0
IIT Roorkee,2139,"Himalayan Institute of Alternatives, Ladakh",1,1,1.0
IIT Roorkee,2140,"National Law University, Delhi",1,0,
IIT Roorkee,2141,Centre for Interdisciplinary Research and Education,1,1,1.0
IIT Roorkee,2142,"Sagar Institute of Research, Technology & Science – Pharmacy",1,2,0.5
IIT Roorkee,2143,Kolkata Municipal Corporation,1,5,0.2
IIT Roorkee,2144,Campbell Collaboration,1,2,0.5
IIT Roorkee,2145,Swami Devi Dyal Hospital and Dental College,1,1,1.0
IIT Roorkee,2146,Asia Pacific Institute of Management,1,2,0.5
IIT Roorkee,2147,Narayana Health,1,5,0.2
IIT Roorkee,2148,Madurai Medical College,1,4,0.25
IIT Roorkee,2149,Society for Promoting Participative Ecosystem Management,1,0,
IIT Roorkee,2150,United Institute of Medical Sciences,1,0,
IIT Roorkee,2151,Jaihind College of Engineering,1,0,
IIT Roorkee,2152,Excel Life Sciences (India),1,0,
IIT Roorkee,2153,"Shri Shivaji Education Society, Amravati's Science College, Nagpur",1,0,
IIT Roorkee,2154,Shri Sathya Sai Medical College and Research Institute,1,3,0.333
IIT Roorkee,2155,Animal Husbandry and Veterinary Department,1,0,
IIT Roorkee,2156,Motilal Nehru Medical College,1,5,0.2
IIT Roorkee,2157,Santosh University,1,1,1.0
IIT Roorkee,2158,Adhiyamaan College of Agriculture and Research,1,0,
IIT Roorkee,2159,Melmaruvathur Adhiparasakthi Institute of Medical Sciences and Research,1,0,
IIT Roorkee,2160,Project Directorate on Foot and Mouth Disease,1,1,1.0
IIT Roorkee,2161,Murugappa (India),1,0,
IIT Roorkee,2162,DSMS Group of Institutions,1,0,
IIT Roorkee,2163,"Apex University, Jaipur",1,0,
IIT Roorkee,2164,Dr Vijay Kumar Foundation,1,1,1.0
IIT Roorkee,2165,KSCSTE-Srinivasa Ramanujan Institute for Basic Sciences,1,0,
IIT Roorkee,2166,Tezpur Medical College & Hospital,1,1,1.0
IIT Roorkee,2167,Shilpa (India),1,2,0.5
IIT Roorkee,2168,Sanskriti Foundation,1,0,
IIT Roorkee,2169,Spicer Adventist University,1,1,1.0
IIT Roorkee,2170,Department of Public,1,14,0.071
IIT Roorkee,2171,"Krishi Vigyan Kendra, Ghatkhed Amravati",1,0,
IIT Roorkee,2172,Regional Institute of Medical Sciences,1,5,0.2
IIT Roorkee,2173,The Corbett Foundation,1,1,1.0
IIT Roorkee,2174,Directorate General of Training,1,0,
IIT Roorkee,2175,CPCL Polytechnic College,1,2,0.5
IIT Roorkee,2176,Centre for DNA Fingerprinting and Diagnostics,1,26,0.038
IIT Roorkee,2177,Consortium for DEWATS Dissemination Society,1,4,0.25
IIT Roorkee,2178,Rubber Board,1,5,0.2
IIT Roorkee,2179,KVK College of Pharmacy,1,1,1.0
IIT Roorkee,2180,Foundation for Research in Health Systems,1,2,0.5
IIT Roorkee,2181,"K. N. Bhise Arts, Commerce and Vinayakrao Patil Science College",1,0,
IIT Roorkee,2182,"Don Bosco College, Itanagar",1,0,
IIT Roorkee,2183,Ispat General Hospital,1,1,1.0
IIT Roorkee,2184,Centre of Excellence in Microbiome,1,0,
IIT Roorkee,2185,Kerala Forest Department,1,0,
IIT Roorkee,2186,Diabetes Foundation,1,5,0.2
IIT Roorkee,2187,IBM Research - India,1,21,0.048
IIT Roorkee,2188,Narasinha Dutt College,1,1,1.0
IIT Roorkee,2189,Sikkim Alpine University,1,1,1.0
IIT Roorkee,2190,Lupin Pharmaceuticals (India),1,6,0.167
IIT Roorkee,2191,"St. Philomena College, Puttur",1,0,
IIT Roorkee,2192,Goverment Siddha Medical College,1,2,0.5
IIT Roorkee,2193,Sawai Man Singh Hospital,1,1,1.0
IIT Roorkee,2194,Pailan College of Management and Technology,1,8,0.125
IIT Roorkee,2195,National Law University Meghalaya,1,0,
IIT Roorkee,2196,Naipunnya Institute of Management and Information Technology,1,2,0.5
IIT Roorkee,2197,Rajiv Gandhi Cancer Institute and Research Centre,1,28,0.036
IIT Roorkee,2198,Christian Medical College,1,6,0.167
IIT Roorkee,2199,Dakshin Foundation,1,0,
IIT Roorkee,2200,Maulana Azad University Jodhpur,1,0,
IIT Roorkee,2201,Sadhu Ramchand Murmu University of Jhargram,1,0,
IIT Roorkee,2202,Madhya Pradesh Council of Science and Technology,1,8,0.125
IIT Roorkee,2203,Nalbari College,1,1,1.0
IIT Roorkee,2204,All India Institute of Hygiene and Public Health,1,4,0.25
IIT Roorkee,2205,Kokilaben Dhirubhai Ambani Hospital,1,3,0.333
IIT Roorkee,2206,Maharaja Chhatrasal Bundelkhand University,1,1,1.0
IIT Roorkee,2207,Debra Thana Sahid Kshudiram Smriti Mahavidyalaya,1,0,
IIT Roorkee,2208,"Institute of Professional Excellence and Management, Ghaziabad",1,0,
IIT Roorkee,2209,"Shaheed Padamdhar Singh Government Post-Graduate College, Satna",1,1,1.0
IIT Roorkee,2210,Bangalore Medical College and Research Institute,1,4,0.25
IIT Roorkee,2211,National Institute of Unani Medicine,1,0,
IIT Roorkee,2212,National Institute of Design,1,0,
IIT Roorkee,2213,Calcutta Institute of Pharmaceutical Technology & Allied Health Sciences,1,0,
IIT Roorkee,2214,K J Somaiya Medical College,1,0,
IIT Roorkee,2215,Shamnur Shivashankarappa Institute of Medical Sciences & Research Centre,1,0,
IIT Roorkee,2216,Central Institute of Psychiatry,1,2,0.5
IIT Roorkee,2217,Centre for Marine Living Resources and Ecology,1,6,0.167
IIT Roorkee,2218,"Mahatma Gandhi University, West Bengal",1,0,
IIT Roorkee,2219,Centre of Technology & Entrepreneurship Development,1,0,
IIT Roorkee,2220,Dr. Ram Manohar Lohia Institute of Medical Sciences,1,3,0.333
IIT Roorkee,2221,"Sree Narayana College, Punalur",1,2,0.5
IIT Roorkee,2222,TVS Motor Company (India),1,5,0.2
IIT Roorkee,2223,Vikrant University,1,0,
IIT Roorkee,2224,Department of Chemicals and Petrochemicals,1,0,
IIT Roorkee,2225,Ministry of Tourism,1,0,
IIT Roorkee,2226,Dnyanprassarak Mandal's College and Research Centre,1,1,1.0
IIT Roorkee,2227,Vivek University,1,0,
IIT Roorkee,2228,Chanakya National Law University,1,0,
IIT Roorkee,2229,ESIC Hospital,1,3,0.333
IIT Roorkee,2230,Charuchandra College,1,1,1.0
IIT Roorkee,2231,Usha Martin (India),1,2,0.5
IIT Roorkee,2232,Stephens Group of Institutions,1,0,
IIT Roorkee,2233,Canara Bank,1,1,1.0
IIT Roorkee,2234,Fortis Flt. Lt. Rajan Dhall Hospital,1,1,1.0
IIT Roorkee,2235,Mangalore Institute of Oncology,1,1,1.0
IIT Roorkee,2236,Bejoy Narayan Mahavidyalaya,1,8,0.125
IIT Roorkee,2237,Dev Sanskriti Vishwavidyalaya,1,1,1.0
IIT Roorkee,2238,Dr. NTR University of Health Sciences,1,2,0.5
IIT Roorkee,2239,Indian Immunologicals (India),1,1,1.0
IIT Roorkee,2240,Mahatma Gandhi Antarrashtriya Hindi Vishwavidyalaya,1,0,
IIT Roorkee,2241,Gokula Krishna College of Pharmacy,1,0,
IIT Roorkee,2242,TCG Lifesciences (India),1,7,0.143
IIT Roorkee,2243,Vimta (India),1,0,
IIT Roorkee,2244,St. Xavier’s College of Management & Technology,1,0,
IIT Roorkee,2245,Gujarat National Law University,1,1,1.0
IIT Roorkee,2246,Institute of Bioinformatics and Applied Biotechnology,1,2,0.5
IIT Roorkee,2247,Jamalpur Mahavidyalaya,1,0,
IIT Roorkee,2248,Udaipur Solar Observatory,1,3,0.333
IIT Roorkee,2249,Radhey Hari Government Post Graduate College Kashipur,1,0,
IIT Roorkee,2250,Dr Baba Saheb Ambedkar Hospital,1,0,
IIT Roorkee,2251,SMT (India),1,0,
IIT Roorkee,2252,St. Stephen’s Hospital,1,4,0.25
IIT Roorkee,2253,Dr. B. R. Ambedkar Open University,1,8,0.125
IIT Roorkee,2254,National Institute of Pathology,1,7,0.143
IIT Roorkee,2255,Z.V.M.Unani Medical College & Hospital,1,0,
IIT Roorkee,2256,Directorate of Coldwater Fisheries Research,1,5,0.2
IIT Roorkee,2257,Directorate of Environment and Climate Change,1,1,1.0
IIT Roorkee,2258,Bristol-Myers Squibb (India),1,3,0.333
IIT Roorkee,2259,Observer Research Foundation,1,6,0.167
IIT Roorkee,2260,Muljibhai Patel Urological Hospital,1,0,
IIT Roorkee,2261,Annai Vailankanni Arts and Science College,1,0,
IIT Roorkee,2262,Santhigiri Scientific and Industrial Research Institute,1,0,
IIT Roorkee,2263,Lata Medical Research Foundation,1,1,1.0
IIT Roorkee,2264,Indira Gandhi Medical College,1,3,0.333
IIT Roorkee,2265,Shri A.M.M. Murugappa Chettiar Research Centre,1,3,0.333
IIT Roorkee,2266,Garden City University,1,4,0.25
IIT Roorkee,2267,Mahindra United World College India,1,0,
IIT Roorkee,2268,BLK Super Speciality Hospital,1,3,0.333
IIT Roorkee,2269,NKP Salve Institute of Medical Sciences and Lata Mangeshkar Hospital,1,1,1.0
IIT Roorkee,2270,Fatima Mata National College,1,14,0.071
IIT Roorkee,2271,"Sitabai Thite College of Pharmacy, Shirur",1,0,
IIT Roorkee,2272,Sir H.N. Reliance Foundation Hospital and Research Centre,1,1,1.0
IIT Roorkee,2273,Jain Vishva Bharati University,1,0,
IIT Roorkee,2274,Department of Health & Family Welfare,1,0,
IIT Roorkee,2275,Saroj Mohan Institute of Technology,1,6,0.167
IIT Roorkee,2276,Swami Vivekanand Group of Institutes,1,0,
IIT Roorkee,2277,"ICAR-Agricultural Technology Application Research Institute, Zone-II, Jodhpur",1,0,
IIT Roorkee,2278,Jindal Naturecure Institute,1,0,
IIT Roorkee,2279,Sinha Institute of Medical Science & Technology,1,0,
IIT Roorkee,2280,Fortis Healthcare,1,3,0.333
IIT Roorkee,2281,Government Doon Medical College,1,1,1.0
IIT Roorkee,2282,National Centre for Disease Informatics and Research,1,6,0.167
IIT Roorkee,2283,Mahindra and Mahindra Limited (India),1,1,1.0
IIT Roorkee,2284,Dr. Rajendra Prasad Government Medical College,1,0,
IIT Roorkee,2285,Panacea Biotec (India),1,1,1.0
IIT Roorkee,2286,Shadan Hospital and Institute of Medical Sciences,1,0,
IIT Roorkee,2287,Hindu Rao Hospital,1,1,1.0
IIT Roorkee,2288,Mylan (India),1,0,
IIT Roorkee,2289,Fortis Memorial Research Institute,1,1,1.0
IIT Roorkee,2290,Nil Ratan Sircar Medical College and Hospital,1,4,0.25
IIT Roorkee,2291,"National Institute of Science, Technology and Development Studies",1,17,0.059
IIT Roorkee,2292,Chest Research Foundation,1,3,0.333
IIT Roorkee,2293,Balaji Dental & Craniofacial Hospital,1,0,
IIT Roorkee,2294,National Forensic Sciences University Dharwad Campus,1,0,
IIT Roorkee,2295,Prof. Rajendra Singh (Rajju Bhaiya) University,1,0,
IIT Roorkee,2296,Amala Institute of Medical Sciences,1,7,0.143
IIT Roorkee,2297,"Soban Singh Jeena Government Institute of Medical Sciences and Research, Almora",1,0,
IIT Roorkee,2298,Dr. Mohan's Diabetes Specialities Centre,1,16,0.062
IIT Roorkee,2299,State Bank of India,1,2,0.5
IIT Roorkee,2300,"CR Rao Advanced Institute of Mathematics, Statistics and Computer Science",1,1,1.0
IIT Roorkee,2301,Maharishi College of Natural Law,1,0,
IIT Roorkee,2302,Mahatma Gandhi Institute for Rural Industrialization,1,0,
IIT Roorkee,2303,"Mrs. Kesharbai Sonajirao Kshirsagar Alias Kaku Arts, Science & Commerce College, Beed",1,0,
IIT Roorkee,2304,P. D. Hinduja Hospital and Medical Research Centre,1,10,0.1
IIT Roorkee,2305,Malabar Dental College and Research Centre,1,1,1.0
IIT Roorkee,2306,Mahatma Gandhi Institute of Medical Sciences,1,10,0.1
IIT Roorkee,2307,Nehru Gram Bharti University,1,17,0.059
IIT Roorkee,2308,Central Board of Secondary Education,1,0,
IIT Roorkee,2309,Ayurved Mahavidyalaya & Seth RV Ayurved Hospital,1,0,
IIT Roorkee,2310,OnionDev Technologies Pvt. Ltd. (India),1,0,
IIT Roorkee,2311,Centre for Social Sciences and Humanities,1,11,0.091
IIT Roorkee,2312,JRE Group of Institutions,1,0,
IIT Roorkee,2313,Goa Medical College,1,4,0.25
IIT Roorkee,2314,"Center for Disease Dynamics, Economics and Policy",1,28,0.036
IIT Roorkee,2315,ICARE Eye Hospital & Postgraduate Institute,1,0,
IIT Roorkee,2316,Loreto College,1,1,1.0
IIT Roorkee,2317,Arunachal Pradesh University,1,0,
IIT Roorkee,2318,Lok Nayak Jai Prakash Narayan Hospital,1,1,1.0
IIT Roorkee,2319,Mahatma Gandhi Memorial Medical College,1,1,1.0
IIT Roorkee,2320,Jaslok Hospital,1,24,0.042
IIT Roorkee,2321,Medicover Hospitals,1,0,
IIT Roorkee,2322,Tata Chemicals (India),1,3,0.333
IIT Roorkee,2323,Cliantha (India),1,0,
IIT Roorkee,2324,World Health Organization Regional Office for South-East Asia,1,12,0.083
IIT Roorkee,2325,Orthopaedic Research Group,1,0,
IIT Roorkee,2326,Maharaja Yeshwantrao Hospital,1,0,
IIT Roorkee,2327,Sooriya Hospital,1,1,1.0
IIT Roorkee,2328,Osmania Medical College,1,4,0.25
IIT Roorkee,2329,Netaji Subhas University,1,0,
IIT Roorkee,2330,Research Society for the Study of Diabetes in India,1,0,
IIT Roorkee,2331,JSS Dental College and Hospital,1,2,0.5
IIT Roorkee,2332,Amrith Educational and Cultural Society,1,1,1.0
IIT Roorkee,2333,Vignana Jyothi Institute of Management,1,0,
IIT Roorkee,2334,Yashwantrao Chavan Maharashtra Open University,1,0,
IIT Roorkee,2335,Ministry of Social Justice and Empowerment,1,1,1.0
IIT Roorkee,2336,Jothydev's Diabetes and Research Center,1,1,1.0
IIT Roorkee,2337,Sri Siddhartha Medical College,1,0,
IIT Roorkee,2338,Sri Manakula Vinayagar Medical College and Hospital,1,0,
IIT Roorkee,2339,NonFerrous Materials Technology Development Centre,1,2,0.5
IIT Roorkee,2340,Dr. Balabhai Nanavati Hospital,1,3,0.333
IIT Roorkee,2341,Vignan's Institute of Management and Technology for Women,1,0,
IIT Roorkee,2342,Institution of Engineers,1,1,1.0
IIT Roorkee,2343,Biodiversity Conservation Foundation,1,0,
IIT Roorkee,2344,Caplin Point Laboratories (India),1,1,1.0
IIT Roorkee,2345,Kaliyaganj College,1,0,
IIT Roorkee,2346,Murshidabad Medical College and Hospital,1,0,
IIT Roorkee,2347,Virus Unit,0,1,0.0
IIT Roorkee,2348,Indian Bank,0,1,0.0
IIT Roorkee,2349,Defence Terrain Research Laboratory,0,11,0.0
IIT Roorkee,2350,Directorate of Technical Education,0,1,0.0
IIT Roorkee,2351,Laila Impex (India),0,4,0.0
IIT Roorkee,2352,Bhatia Hospital,0,1,0.0
IIT Roorkee,2353,High Energy Materials Research Laboratory,0,20,0.0
IIT Roorkee,2354,Netaji Nagar Day College,0,5,0.0
IIT Roorkee,2355,G Pulla Reddy Dental College & Hospital,0,1,0.0
IIT Roorkee,2356,IDBI Bank,0,1,0.0
IIT Roorkee,2357,Forensic Sciences Department,0,2,0.0
IIT Roorkee,2358,Centre for Research in Medical Entomology,0,2,0.0
IIT Roorkee,2359,PRS Legislative Research,0,1,0.0
IIT Roorkee,2360,Community Eye Care Foundation,0,1,0.0
IIT Roorkee,2361,Tata Elxsi (India),0,2,0.0
IIT Roorkee,2362,Sahara Hospital,0,3,0.0
IIT Roorkee,2363,AstraZeneca (India),0,4,0.0
IIT Roorkee,2364,Welspun (India),0,2,0.0
IIT Roorkee,2365,Government Medical College Jalaun,0,1,0.0
IIT Roorkee,2366,National Academy of Sciences India,0,5,0.0
IIT Roorkee,2367,National Neurosciences Centre,0,2,0.0
IIT Roorkee,2368,Mathura Das Mathur Hospital,0,1,0.0
IIT Roorkee,2369,Aurigene Discovery Technologies (India),0,3,0.0
IIT Roorkee,2370,Central Silk Technological Research Institute,0,2,0.0
IIT Roorkee,2371,Foundation for Revitalisation of Local Health Traditions,0,1,0.0
IIT Roorkee,2372,Gian Sagar Medical College and Hospital,0,1,0.0
IIT Roorkee,2373,Natco Pharma (India),0,2,0.0
IIT Roorkee,2374,Uttar Pradesh Council of sugarcane research,0,1,0.0
IIT Roorkee,2375,Government Model Science College,0,5,0.0
IIT Roorkee,2376,Sinhgad Dental College and Hospital,0,2,0.0
IIT Roorkee,2377,Haridwar University,0,1,0.0
IIT Roorkee,2378,Directorate of Cashew Research,0,2,0.0
IIT Roorkee,2379,Kavikulaguru Kalidas Sanskrit University,0,1,0.0
IIT Roorkee,2380,Asia Pacific Observatory on Health Systems and Policies,0,1,0.0
IIT Roorkee,2381,Society for Nutrition Education and Health Action,0,1,0.0
IIT Roorkee,2382,Serum Institute of India (India),0,2,0.0
IIT Roorkee,2383,Rabindranath Tagore Medical College,0,4,0.0
IIT Roorkee,2384,South Eastern Railway,0,4,0.0
IIT Roorkee,2385,BGS Global Hospital,0,1,0.0
IIT Roorkee,2386,Institute of Reproductive Medicine,0,1,0.0
IIT Roorkee,2387,Ali Yavar Jung National Institute for the Hearing Handicapped,0,1,0.0
IIT Roorkee,2388,Institute of Health Management Research Bangalore,0,2,0.0
IIT Roorkee,2389,Inlaks & Budhrani Hospital,0,1,0.0
IIT Roorkee,2390,Government College Kota,0,3,0.0
IIT Roorkee,2391,Electronics Corporation of India,0,4,0.0
IIT Roorkee,2392,"Arts, Commerce and Science College, Dharangaon",0,1,0.0
IIT Roorkee,2393,Research Centre Imarat,0,4,0.0
IIT Roorkee,2394,National Research Development Corporation,0,9,0.0
IIT Roorkee,2395,Indian Institute of Metals,0,2,0.0
IIT Roorkee,2396,Alembic Pharmaceuticals (India),0,1,0.0
IIT Roorkee,2397,National Research Centre on Mithun,0,2,0.0
IIT Roorkee,2398,Govind Ballabh Pant Hospital,0,4,0.0
IIT Roorkee,2399,INCLEN Trust International,0,6,0.0
IIT Roorkee,2400,Central Bank of India,0,2,0.0
IIT Roorkee,2401,Apollo Gleneagles Hospitals,0,6,0.0
IIT Roorkee,2402,Haffkine Institute,0,1,0.0
IIT Roorkee,2403,Jaypee Hospital,0,1,0.0
IIT Roorkee,2404,Manuro Tech Research Pvt. Ltd (India),0,1,0.0
IIT Roorkee,2405,Velammal Medical College Hospital and Research Institute,0,3,0.0
IIT Roorkee,2406,Research Design And Standards Organization,0,1,0.0
IIT Roorkee,2407,Sri Dharmasthala Manjunatheshwara College of Ayurveda & Hospital Udupi,0,4,0.0
IIT Roorkee,2408,Manav Bharti University,0,9,0.0
IIT Roorkee,2409,Mamata Medical College,0,1,0.0
IIT Roorkee,2410,Sri Gokulam Hospital,0,1,0.0
IIT Roorkee,2411,Navodaya Dental College and Hospital,0,1,0.0
IIT Roorkee,2412,Calcutta National Medical College and Hospital,0,17,0.0
IIT Roorkee,2413,National Institute of Science Communication and Information Resources,0,1,0.0
IIT Roorkee,2414,Tamil Nadu Physical Education and Sports University,0,2,0.0
IIT Roorkee,2415,Population Foundation of India,0,1,0.0
IIT Roorkee,2416,Asia Pacific Institute of Information Technology SD India,0,1,0.0
IIT Roorkee,2417,Indus Biotech (India),0,3,0.0
IIT Roorkee,2418,Vivekananda Institute of Medical Sciences,0,5,0.0
IIT Roorkee,2419,Natural Remedies (India),0,11,0.0
IIT Roorkee,2420,College of Medicine & JNM Hospital,0,3,0.0
IIT Roorkee,2421,Nature Conservation Foundation,0,4,0.0
IIT Roorkee,2422,Rainbow Children's Hospital,0,1,0.0
IIT Roorkee,2423,Institute of Animal Health and Veterinary Biologicals,0,2,0.0
IIT Roorkee,2424,Kidwai Memorial Institute of Oncology,0,3,0.0
IIT Roorkee,2425,Chaithanya Eye Hospital and Research Institute,0,1,0.0
IIT Roorkee,2426,Shalby Hospitals,0,1,0.0
IIT Roorkee,2427,Ministry of Human Resource Development,0,1,0.0
IIT Roorkee,2428,Forum for Ethics Review Committees in India,0,2,0.0
IIT Roorkee,2429,NRR Hospital,0,1,0.0
IIT Roorkee,2430,Maharashtra National Law University,0,1,0.0
IIT Roorkee,2431,Maharaja Manindra Chandra College,0,10,0.0
IIT Roorkee,2432,Institute of Public Health Bengaluru,0,2,0.0
IIT Roorkee,2433,Narendra Modi Medical College,0,2,0.0
IIT Roorkee,2434,S Nijalingappa Medical College and HSK Hospital & Research Centre,0,1,0.0
IIT Roorkee,2435,KPC Medical College and Hospital,0,6,0.0
IIT Roorkee,2436,Centre for Development Economics,0,5,0.0
IIT Roorkee,2437,School of Tropical Medicine,0,21,0.0
IIT Roorkee,2438,ICARE Institute of Medical Sciences and Research & Dr. Bidhan Chandra Roy Hospital,0,2,0.0
IIT Roorkee,2439,GenePath Dx (India),0,1,0.0
IIT Roorkee,2440,Vittal Mallya Scientific Research Foundation,0,3,0.0
IIT Roorkee,2441,Government Royapettah Hospital,0,2,0.0
IIT Roorkee,2442,Makhanlal Chaturvedi National University of Journalism and Communication,0,4,0.0
IIT Roorkee,2443,Bengaluru North University,0,1,0.0
IIT Roorkee,2444,Indian Institute of Dalit Studies,0,3,0.0
IIT Roorkee,2445,Dr. Reddy's Foundation,0,1,0.0
IIT Roorkee,2446,"Samanta Chandra Sekhar Autonomous College, Puri",0,4,0.0
IIT Roorkee,2447,Plant Lipids (India),0,3,0.0
IIT Roorkee,2448,Al-Ameen Medical College,0,2,0.0
IIT Roorkee,2449,Midnapore Medical College and Hospital,0,1,0.0
IIT Roorkee,2450,Central Drugs Laboratory,0,1,0.0
IIT Roorkee,2451,Global Hospitals,0,2,0.0
IIT Roorkee,2452,Cellworks Research (India),0,1,0.0
IIT Roorkee,2453,GCS Medical College,0,3,0.0
IIT Roorkee,2454,B. V. Patel Pharmaceutical Education and Research Development Centre,0,13,0.0
IIT Roorkee,2455,Glenmark Pharmaceuticals (India),0,1,0.0
IIT Roorkee,2456,Centre for the Study of Developing Societies,0,3,0.0
IIT Roorkee,2457,Columbia Asia,0,1,0.0
IIT Roorkee,2458,Bai Jerbai Wadia Hospital for Children,0,3,0.0
IIT Roorkee,2459,National University of Educational Planning and Administration,0,8,0.0
IIT Roorkee,2460,Maharashtra Association of Anthropological Sciences,0,1,0.0
IIT Roorkee,2461,Bharat Biotech (India),0,7,0.0
IIT Roorkee,2462,Centre For Development Alternatives,0,3,0.0
IIT Roorkee,2463,Anugrah Narayan Magadh Medical College & Hospital,0,1,0.0
IIT Roorkee,2464,"D.S.N. College, Unnao",0,13,0.0
IIT Roorkee,2465,Maharashtra Forest Department,0,2,0.0
IIT Roorkee,2466,KLE Ayur World,0,1,0.0
IIT Roorkee,2467,"Krishi Vigyan Kendra, Latur",0,3,0.0
IIT Roorkee,2468,Indira Gandhi Medical College and Research Institute,0,3,0.0
IIT Roorkee,2469,Institute of Environmental Studies & Wetland Management,0,2,0.0
IIT Roorkee,2470,National Research Centre for Grapes,0,5,0.0
IIT Roorkee,2471,Holy Family Hospital,0,1,0.0
IIT Roorkee,2472,Shri Maharaja Hari Singh Hospital,0,1,0.0
IIT Roorkee,2473,Apollo Hospitals Educational and Research Foundation,0,2,0.0
IIT Roorkee,2474,National Power Training Institute,0,3,0.0
IIT Roorkee,2475,LRS Institute of Tuberculosis and Respiratory Diseases,0,1,0.0
IIT Roorkee,2476,Tata Medical Center,0,3,0.0
IIT Roorkee,2477,Bangalore Diabetes Centre,0,1,0.0
IIT Roorkee,2478,Bapuji Dental College and Hospital,0,2,0.0
IIT Roorkee,2479,Academy of Family Physicians of India,0,5,0.0
IIT Roorkee,2480,Institute for Seri-Biotechnological Research,0,1,0.0
IIT Roorkee,2481,Iora Ecological Solutions,0,2,0.0
IIT Roorkee,2482,GCS Foundation,0,2,0.0
IIT Roorkee,2483,G. Pulla Reddy College of Pharmacy,0,3,0.0
IIT Roorkee,2484,Voluntary Health Services Hospital,0,3,0.0
IIT Roorkee,2485,Guru Nanak Eye Centre,0,1,0.0
IIT Roorkee,2486,Surya Hospitals,0,1,0.0
IIT Roorkee,2487,Healthcare Technology Innovation Centre,0,3,0.0
IIT Roorkee,2488,Indian Jute Industries Research Association,0,9,0.0
IIT Roorkee,2489,Akay Flavours and Aromatics Pvt. Ltd. (India),0,2,0.0
IIT Roorkee,2490,Hidayatullah National Law University,0,7,0.0
IIT Roorkee,2491,Centre for Chronic Disease Control,0,7,0.0
IIT Roorkee,2492,Meenakshi Mission Hospital and Research Centre,0,2,0.0
IIT Roorkee,2493,Subharti Medical College,0,4,0.0
IIT Roorkee,2494,Biological E (India),0,9,0.0
IIT Roorkee,2495,Emcure Pharmaceuticals (India),0,1,0.0
IIT Roorkee,2496,Brihanmumbai Municipal Corporation,0,1,0.0
IIT Roorkee,2497,East West College of Pharmacy,0,2,0.0
IIT Roorkee,2498,Keystone Foundation,0,1,0.0
IIT Roorkee,2499,Sardar Patel Medical College,0,2,0.0
IIT Roorkee,2500,Santokba Durlabhji Memorial hospital,0,1,0.0
IIT Roorkee,2501,Ministry of Culture,0,1,0.0
IIT Roorkee,2502,National Agricultural Science Fund,0,3,0.0
IIT Roorkee,2503,KLE Society Hospital,0,2,0.0
IIT Roorkee,2504,Indian Drugs and Pharmaceuticals Limited,0,1,0.0
IIT Roorkee,2505,Indian National Academy of Engineering,0,2,0.0
IIT Roorkee,2506,Air India Limited (India),0,1,0.0
IIT Roorkee,2507,Fetal Care Research Foundation,0,2,0.0
IIT Roorkee,2508,India Diabetes Research Foundation,0,3,0.0
IIT Roorkee,2509,Niloufer Hospital,0,1,0.0
IIT Roorkee,2510,Association of Indian Universities,0,2,0.0
IIT Roorkee,2511,Jodhpur National University,0,2,0.0
IIT Roorkee,2512,MNR Dental College and Hospital,0,4,0.0
IIT Roorkee,2513,"Christ Church College, Kanpur",0,2,0.0
IIT Roorkee,2514,Centre for Artificial Intelligence and Robotics,0,5,0.0
IIT Roorkee,2515,Bangabasi Morning College,0,5,0.0
IIT Roorkee,2516,Mamata General Hospital,0,1,0.0
IIT Roorkee,2517,Adesh University,0,1,0.0
IIT Roorkee,2518,"Shardabai Pawar Mahila Arts, Commerce and Science College",0,1,0.0
IIT Roorkee,2519,Fortis Escorts Heart Institute,0,4,0.0
IIT Roorkee,2520,Hyderabad Rheumatology Center,0,1,0.0
IIT Roorkee,2521,General Motors (India),0,3,0.0
IIT Roorkee,2522,Monilek Hospital and Research Center,0,1,0.0
IIT Roorkee,2523,Biotechnology Industry Research Assistance Council,0,1,0.0
IIT Roorkee,2524,Inventia (India),0,1,0.0
IIT Roorkee,2525,T. D. Medical College,0,5,0.0
IIT Roorkee,2526,Integrated Test Range,0,3,0.0
IIT Roorkee,2527,Rayat Institute of Engineering & Information Technology,0,1,0.0
IIT Roorkee,2528,Kasiak Research (India),0,2,0.0
IIT Roorkee,2529,Unit for Research and Development of Information Products,0,2,0.0
IIT Roorkee,2530,Materials Research Center,0,6,0.0
IIT Roorkee,2531,Indian Institute of Oil Palm Research,0,2,0.0
IIT Roorkee,2532,Sri Sairam Ayurveda Medical College and Research Centre,0,1,0.0
IIT Roorkee,2533,PVS Memorial Hospital,0,2,0.0
IIT Roorkee,2534,YR Gaitonde Centre for AIDS Research and Education,0,3,0.0
IIT Roorkee,2535,Centre for Sight,0,3,0.0
IIT Roorkee,2536,Malabar Cancer Centre,0,1,0.0
IIT Roorkee,2537,Piramal Clinical Research,0,1,0.0
IIT Roorkee,2538,Government Mohan Kumaramangalam Medical College,0,1,0.0
IIT Roorkee,2539,Shri Vidyarthi Sudhar Sangh’s Nagpur College of Pharmacy,0,1,0.0
IIT Roorkee,2540,Kempegowda Institute of Medical Sciences,0,3,0.0
IIT Roorkee,2541,Sami Labs (India),0,4,0.0
IIT Roorkee,2542,Icon (India),0,3,0.0
IIT Roorkee,2543,Fortis C-DOC Hospital,0,4,0.0
IIT Roorkee,2544,Drugs for Neglected Diseases Initiative India,0,1,0.0
IIT Roorkee,2545,Baxter (India),0,3,0.0
IIT Roorkee,2546,Keshav Memorial Institute of Commerce and Sciences,0,1,0.0
IIT Roorkee,2547,International Clinical Epidemiology Network,0,1,0.0
IIT Roorkee,2548,Coimbatore Medical College and Hospital,0,1,0.0
IIT Roorkee,2549,Directorate of Health Services,0,3,0.0
IIT Roorkee,2550,JSS Medical Research (India),0,2,0.0
IIT Roorkee,2551,Narayan Medical College and Hospital,0,5,0.0
IIT Roorkee,2552,NAMO Medical Education & Research Institute,0,1,0.0
IIT Roorkee,2553,GD Hospital & Diabetes Institute,0,1,0.0
IIT Roorkee,2554,Diabetes Care & Hormone Clinic,0,1,0.0
IIT Roorkee,2555,Defence Institute of Psychological Research,0,1,0.0
IIT Roorkee,2556,Ministry of Urban Development,0,1,0.0
IIT Roorkee,2557,M.S. Ramaiah Medical College,0,1,0.0
IIT Roorkee,2558,Indian Cancer Society,0,2,0.0
IIT Roorkee,2559,Sri Sri Institute for Advanced Research,0,1,0.0
IIT Roorkee,2560,Mathrusri Ramabai Ambedkar Dental College & Hospital,0,1,0.0
IIT Roorkee,2561,Agartala Government Medical College,0,2,0.0
IIT Roorkee,2562,University of Technology and Management,0,1,0.0
IIT Roorkee,2563,ESI - Post Graduate Institute of Medical Science and Research,0,1,0.0
IIT Roorkee,2564,Sri Aurobindo Institute of Medical Sciences,0,2,0.0
IIT Roorkee,2565,Centre for Personnel Talent Management,0,2,0.0
IIT Roorkee,2566,Centre for Environment Education,0,2,0.0
IIT Roorkee,2567,Eternal Hospital,0,3,0.0
IIT Roorkee,2568,Maharashtra National Law University Mumbai,0,1,0.0
IIT Roorkee,2569,Suraj Eye Institute,0,1,0.0
IIT Roorkee,2570,Asha Hospital,0,2,0.0
IIT Roorkee,2571,National Council for Cement and Building Materials,0,8,0.0
IIT Roorkee,2572,National Institute of Indian Medical Heritage,0,2,0.0
IIT Roorkee,2573,Sterling Hospitals,0,7,0.0
IIT Roorkee,2574,Gajara Raja Medical College,0,4,0.0
IIT Roorkee,2575,Emmanuel Hospital Association,0,1,0.0
IIT Roorkee,2576,National School of Leadership,0,1,0.0
IIT Roorkee,2577,BAIF Development Research Foundation,0,3,0.0
IIT Roorkee,2578,Haryana College of Technology and Management,0,1,0.0
IIT Roorkee,2579,Government of Mizoram,0,3,0.0
IIT Roorkee,2580,Medtronic (India),0,3,0.0
IIT Roorkee,2581,Balipara Foundation,0,1,0.0
IIT Roorkee,2582,Ion Exchange (India),0,2,0.0
IIT Roorkee,2583,DBT/Wellcome Trust India Alliance,0,1,0.0
IIT Roorkee,2584,Army Hospital Research and Referral,0,2,0.0
IIT Roorkee,2585,Institute for Systems Studies & Analyses,0,5,0.0
IIT Roorkee,2586,King Edward Memorial Hospital Research Centre,0,5,0.0
IIT Roorkee,2587,Sri Shankara Cancer Hospital and Research Center,0,3,0.0
IIT Roorkee,2588,Dr. Somervell Memorial CSI Medical College and Hospital,0,1,0.0
IIT Roorkee,2589,Chhattisgarh Kamdhenu Vishwavidyalaya,0,1,0.0
IIT Roorkee,2590,Uttar Pradesh Council of Agricultural Research,0,2,0.0
IIT Roorkee,2591,Cancer Hospital and Research Institute,0,5,0.0
IIT Roorkee,2592,Directorate of Knowledge Management in Agriculture,0,1,0.0
IIT Roorkee,2593,North Eastern Indira Gandhi Regional Institute of Health and Medical Sciences,0,7,0.0
IIT Roorkee,2594,Seethapathy Clinic and Hospital,0,2,0.0
IIT Roorkee,2595,AMRI Hospitals,0,1,0.0
IIT Roorkee,2596,Animal Resources Development Department,0,3,0.0
IIT Roorkee,2597,Sir Syed College,0,7,0.0
IIT Roorkee,2598,"Sankara Eye Hospital, Shimoga",0,1,0.0
IIT Roorkee,2599,Rajiv Gandhi Foundation,0,1,0.0
IIT Roorkee,2600,Karnataka Health Promotion Trust,0,2,0.0
IIT Roorkee,2601,Dabur Research Foundation (India),0,9,0.0
IIT Roorkee,2602,Indian National Trust for Art and Cultural Heritage,0,3,0.0
IIT Roorkee,2603,Kerala Institute of Medical Sciences,0,1,0.0
IIT Roorkee,2604,Sophisticated Analytical Instrument Facility,0,6,0.0
IIT Roorkee,2605,Novo Nordisk (India),0,1,0.0
IIT Roorkee,2606,Wildlife Conservation Society India,0,5,0.0
IIT Roorkee,2607,Rajarajeswari Medical College and Hospital,0,4,0.0
IIT Roorkee,2608,Department of Agriculture & Co-operation,0,1,0.0
IIT Roorkee,2609,Centre For Research & Education in Science & Technology,0,2,0.0
IIT Roorkee,2610,Aster Medcity,0,1,0.0
IIT Roorkee,2611,Central Research Institute,0,2,0.0
IIT Roorkee,2612,SuVi Eye Institute and Lasik Laser Center,0,1,0.0
IIT Roorkee,2613,Netaji Subhash Chandra Bose Medical College,0,2,0.0
IIT Roorkee,2614,Metro College of Health Sciences and Research,0,1,0.0
IIT Roorkee,2615,Silchar Medical College and Hospital,0,4,0.0
IIT Roorkee,2616,Himalayan Institute Hospital Trust,0,1,0.0
IIT Roorkee,2617,National Institute for the Empowerment of Persons with Intellectual Disabilities,0,1,0.0
IIT Roorkee,2618,Centre for Women's Development Studies,0,2,0.0
IIT Roorkee,2619,Veeda Clinical Research (India),0,1,0.0
IIT Roorkee,2620,The Sanskrit College and University,0,1,0.0
IIT Roorkee,2621,Shri Siddhivinayak Ganapati Cancer Hospital,0,1,0.0
IIT Roorkee,2622,Ekjut,0,3,0.0
IIT Roorkee,2623,Gastroenterology Medical Center and Hospital,0,1,0.0
IIT Roorkee,2624,Maulana Azad Institute of Dental Sciences,0,4,0.0
IIT Roorkee,2625,"State Council of Science Technology & Environment, Meghalaya",0,1,0.0
IIT Roorkee,2626,Ayurvet (India),0,2,0.0
IIT Roorkee,2627,King Institute of Preventive Medicine and Research,0,6,0.0
IIT Roorkee,2628,Indian Medical Association,0,1,0.0
IIT Roorkee,2629,Shri Dharmasthala Manjunatheswara College of Ayurveda and Hospital,0,1,0.0
IIT Roorkee,2630,Alwar Pharmacy College,0,2,0.0
IIT Roorkee,2631,Southern Command Hospital,0,1,0.0
IIT Roorkee,2632,Olive Lifesciences (India),0,1,0.0
IIT Roorkee,2633,Indian Institute of Advanced Study,0,1,0.0
IIT Roorkee,2634,Chellaram Hospital,0,1,0.0
IIT Roorkee,2635,National Institute of Ecology,0,2,0.0
IIT Roorkee,2636,NTPC Consultancy (India),0,2,0.0
IIT Roorkee,2637,Sri Konda Laxman Telangana State Horticultural University,0,1,0.0
IIT Roorkee,2638,Raiganj Surendranath Mahavidyalaya,0,2,0.0
IIT Roorkee,2639,University College of Commerce & Business Management,0,2,0.0
IIT Roorkee,2640,Asian Academy of Film and Television,0,1,0.0
IIT Roorkee,2641,Rajiv Gandhi Science and Technology Commission,0,1,0.0
IIT Roorkee,2642,Public Health Research Institute Of India,0,1,0.0
IIT Roorkee,2643,Dr. Sarvepalli Radhakrishnan Rajasthan Ayurved University,0,1,0.0
IIT Roorkee,2644,University B.T. & Evening College,0,1,0.0
IIT Roorkee,2645,Nehru Memorial Museum & Library,0,3,0.0
IIT Roorkee,2646,M. S. Ramaiah Dental College and Hospital,0,1,0.0
IIT Roorkee,2647,Maharashtra Institute of Dental Science and Research,0,1,0.0
IIT Roorkee,2648,D.A.V Centenary Dental College,0,1,0.0
IIT Roorkee,2649,West Bengal Electronics Industry Development Corporation Limited (India),0,4,0.0
IIT Roorkee,2650,Indian Institute of Mass Communication,0,1,0.0
IIT Roorkee,2651,Infectious Disease and Beliaghata General Hospital,0,2,0.0
IIT Roorkee,2652,Institute of Development Studies,0,4,0.0
IIT Roorkee,2653,Government Medical College Bhavnagar,0,1,0.0
IIT Roorkee,2654,ACPM Dental College and Hospital,0,1,0.0
IIT Roorkee,2655,Centre for Budget and Governance Accountability,0,2,0.0
IIT Roorkee,2656,Lepra Society,0,1,0.0
IIT Roorkee,2657,Banki College,0,8,0.0
IIT Roorkee,2658,Sitaram Bhartia Institute of Science and Research,0,5,0.0
IIT Roorkee,2659,Defence Scientific Information & Documentation Centre,0,2,0.0
IIT Roorkee,2660,HCG Cancer Hospital,0,1,0.0
IIT Roorkee,2661,Tata Trusts,0,4,0.0
IIT Roorkee,2662,Foundation for Environment and Economic Development Services,0,1,0.0
IIT Roorkee,2663,Savoirs et Mondes Indiens,0,3,0.0
IIT Roorkee,2664,General Hospital Ernakulam,0,1,0.0
IIT Roorkee,2665,Dabur (India),0,2,0.0
IIT Roorkee,2666,Deenanath Mangeshkar Hospital and Research Center,0,4,0.0
IIT Roorkee,2667,Institute of Mental Health and Hospital,0,1,0.0
IIT Roorkee,2668,Jain hospital,0,1,0.0
IIT Roorkee,2669,Lala Lajpat Rai Memorial Medical College,0,19,0.0
IIT Roorkee,2670,CARE Hospitals,0,7,0.0
IIT Roorkee,2671,ACE Hospital,0,2,0.0
IIT Roorkee,2672,Nestlé (India),0,1,0.0
IIT Roorkee,2673,Indian Social Institute,0,2,0.0
IIT Roorkee,2674,Indian Spinal Injuries Centre,0,1,0.0
IIT Roorkee,2675,Malda Medical College and Hospital,0,2,0.0
IIT Roorkee,2676,Institute of Transplantation Sciences,0,1,0.0
IIT Roorkee,2677,Sasurie College of Arts and Science,0,1,0.0
IIT Roorkee,2678,Vasantidevi Patil Institute of Pharmacy,0,1,0.0
IIT Roorkee,2679,Nargis Dutt Memorial Cancer Hospital,0,1,0.0
IIT Roorkee,2680,Jawaharlal Nehru Architecture and Fine Arts University,0,7,0.0
IIT Roorkee,2681,Open Source Drug Discovery,0,33,0.0
IIT Roorkee,2682,HDFC Bank (India),0,1,0.0
IIT Roorkee,2683,Airbus (India),0,1,0.0
IIT Roorkee,2684,Madhya Pradesh Bhoj Open University,0,2,0.0
IIT Roorkee,2685,English and Foreign Languages University,0,1,0.0
IIT Roorkee,2686,Guntur Medical College,0,1,0.0
IIT Roorkee,2687,Health Action by People,0,1,0.0
IIT Roorkee,2688,Kurnool Medical College,0,1,0.0
IIT Roorkee,2689,Vedanta Resources (India),0,1,0.0
IIT Roorkee,2690,Indira Gandhi Government Medical College & Hospital,0,4,0.0
IIT Roorkee,2691,Centre for Aromatic Plants,0,1,0.0
IIT Roorkee,2692,"National Institute of Homoeopathy , Kolkata",0,1,0.0
IIT Roorkee,2693,Burdwan Medical College & Hospital,0,7,0.0
IIT Roorkee,2694,Library of Tibetan Works and Archives,0,2,0.0
IIT Roorkee,2695,St. John's National Academy of Health Sciences,0,1,0.0
IIT Roorkee,2696,Smt. N.H.L. Municipal Medical College,0,4,0.0
IIT Roorkee,2697,"Mihir Bhoj Postgraduate College, Dadri",0,4,0.0
IIT Roorkee,2698,Rajendra Institute of Technology and Sciences,0,2,0.0
IIT Roorkee,2699,Association for Intelligent Transport Systems,0,1,0.0
IIT Roorkee,2700,Rangaraya Medical College,0,4,0.0
IIT Roorkee,2701,Fortis Escorts Hospital,0,4,0.0
IIT Roorkee,2702,Healis Sekhsaria Institute For Public Health,0,6,0.0
IIT Roorkee,2703,Naval Science & Technological Laboratory,0,7,0.0
IIT Roorkee,2704,Madras Institute of Development Studies,0,9,0.0
IIT Roorkee,2705,All India Institute of Speech and Hearing,0,1,0.0
IIT Roorkee,2706,North Bengal Medical College and Hospital,0,2,0.0
IIT Roorkee,2707,Stempeutics (India),0,4,0.0
IIT Roorkee,2708,Ahmedabad Civil Hospital,0,2,0.0
IIT Roorkee,2709,Kannur Dental College,0,1,0.0
IIT Roorkee,2710,Care Institute of Medical Sciences,0,1,0.0
IIT Roorkee,2711,Texas Instruments (India),0,21,0.0
IIT Roorkee,2712,Themis (India),0,1,0.0
IIT Roorkee,2713,Batra Hospital and Medical Research Centre,0,2,0.0
IIT Roorkee,2714,National Academy of Agricultural Sciences,0,1,0.0
IIT Roorkee,2715,Bhailalbhai and Bhikhabhai Institute of Technology,0,1,0.0
IIT Roorkee,2716,Vokkaligara Sangha Dental College & Hospital,0,1,0.0
IIT Roorkee,2717,National Centre for Compositional Characterisation of Materials,0,9,0.0
IIT Roorkee,2718,Eastern Command Hospital,0,2,0.0
IIT Roorkee,2719,Chilika Development Authority,0,16,0.0
IIT Roorkee,2720,Dr. Lal PathLabs Pvt Ltd (India),0,1,0.0
IIT Roorkee,2721,Institute of Cytology and Preventive Oncology,0,13,0.0
IIT Roorkee,2722,Laser Science & Technology Centre,0,5,0.0
IIT Roorkee,2723,Society For Development Alternatives,0,2,0.0
IIT Roorkee,2724,Oxford Dental College and Hospital,0,1,0.0
IIT Roorkee,2725,Government Rajaji Hospital,0,1,0.0
IIT Roorkee,2726,Bhubaneswar Borooah Cancer Institute,0,5,0.0
IIT Roorkee,2727,Government Siddha Medical College & Hospital Palayamkottai,0,1,0.0
IIT Roorkee,2728,Association for Socially Applicable Research,0,3,0.0
IIT Roorkee,2729,B.J. Medical College,0,4,0.0
IIT Roorkee,2730,Seema Dental College and Hospital,0,1,0.0
IIT Roorkee,2731,InsPIRE Network for Environment,0,5,0.0
IIT Roorkee,2732,Advanced Institute for Wildlife Conservation,0,1,0.0
IIT Roorkee,2733,Kerala Forest Research Institute,0,4,0.0
IIT Roorkee,2734,Amneal (India),0,2,0.0
IIT Roorkee,2735,Voluntary Health Association Of India,0,1,0.0
IIT Roorkee,2736,Assam Science Technology and Environment Council,0,1,0.0
IIT Roorkee,2737,Abbott (India),0,3,0.0
IIT Roorkee,2738,Guru Nanak First Grade College Bidar,0,4,0.0
IIT Roorkee,2739,Dr. A. Ramachandran's Diabetes Hospitals,0,3,0.0
IIT Roorkee,2740,St. Theresa’s Multi-Speciality Hospital,0,2,0.0
IIT Roorkee,2741,Sardar Patel Post Graduate Institute of Dental and Medical Sciences,0,1,0.0
IIT Roorkee,2742,Samarth,0,1,0.0
IIT Roorkee,2743,Meiji (India),0,2,0.0
IIT Roorkee,2744,Sanofi (India),0,1,0.0
IIT Roorkee,2745,National Institute of Financial Management,0,5,0.0
IIT Roorkee,2746,M.V. Hospital for Diabetes and Diabetes Research Centre,0,3,0.0
IIT Roorkee,2747,Vivekananda Satavarshiki Mahavidyalaya,0,1,0.0
IIT Roorkee,2748,Cloudnine,0,1,0.0
IIT Roorkee,2749,Foundation for Medical Research,0,1,0.0
IIT Roorkee,2750,Institute of Astronomy Space and Earth Science,0,2,0.0
IIT Roorkee,2751,Dr. V. M. Government Medical College,0,3,0.0
IIT Roorkee,2752,National Heart Institute,0,1,0.0
IIT Roorkee,2753,Rajarshee Chhatrapati Shahu Maharaj Government Medical College and CPR Hospital Kolhapur,0,1,0.0
IIT Roorkee,2754,Institute of Genetics and Hospital for Genetic Diseases,0,2,0.0
IIT Roorkee,2755,Govt. Dental College & Hospital,0,1,0.0
IIT Roorkee,2756,Allergan (India),0,2,0.0
IIT Roorkee,2757,B. J. Medical College & Sassoon Hospital,0,1,0.0
IIT Roorkee,2758,Asian Paints (India),0,1,0.0
IIT Roorkee,2759,Micro Insurance Academy,0,4,0.0
IIT Roorkee,2760,Darbhanga Medical College and Hospital,0,1,0.0
IIT Roorkee,2761,Sri Ramakrishna Institute of Paramedical Sciences,0,3,0.0
IIT Roorkee,2762,National JALMA Institute for Leprosy & Other Mycobacterial Diseases,0,2,0.0
IIT Roorkee,2763,Bhagwan Mahaveer Jain Hospital,0,3,0.0
IIT Roorkee,2764,Squad Medicine and Research (SMR),0,1,0.0
IIT Roorkee,2765,Smt. Kashibai Navale Medical College and General hospital,0,3,0.0
IIT Roorkee,2766,Central University of Tibetan Studies,0,1,0.0
IIT Roorkee,2767,LG (India),0,4,0.0
IIT Roorkee,2768,Minto Ophthalmic Hospital,0,2,0.0
IIT Roorkee,2769,Office of the Principal Scientific Adviser,0,1,0.0
IIT Roorkee,2770,Shri Khushal Das University,0,3,0.0
IIT Roorkee,2771,Indian Institute of Natural Resins and Gums,0,25,0.0
IIT Roorkee,2772,Orchid Pharma (India),0,1,0.0
IIT Roorkee,2773,Command Hospital,0,1,0.0
IIT Roorkee,2774,Madras Institute of Orthopaedics and Traumatology,0,2,0.0
IIT Roorkee,2775,Bangur Institute of Neurosciences,0,9,0.0
IIT Roorkee,2776,National Institute of Plant Health Management,0,5,0.0
IIT Roorkee,2777,Jammu Hospital,0,1,0.0
IIT Roorkee,2778,Regional Research Institute of Unani Medicine,0,1,0.0
IIT Roorkee,2779,Therachem Research Medilab (India),0,2,0.0
IIT Roorkee,2780,Program for Appropriate Technology in Health,0,7,0.0
IIT Roorkee,2781,Centre for Multi-disciplinary Development Research,0,6,0.0
IIT Roorkee,2782,"Regional Cancer Center, Thiruvananthapuram",0,28,0.0
IIT Roorkee,2783,Centre For Human Genetics,0,1,0.0
IIT Roorkee,2784,Healthcare Global Enterprises,0,1,0.0
IIT Roorkee,2785,Sri Aurobindo Institute of Technology,0,1,0.0
IIT Roorkee,2786,Centre for Science and Environment,0,5,0.0
IIT Roorkee,2787,"Kerala Institute for Research, Training and Development Studies of Scheduled Castes and Tribes",0,1,0.0
IIT Roorkee,2788,Rajarajeswari Dental College and Hospital,0,1,0.0
IIT Roorkee,2789,Praj (India),0,5,0.0
IIT Roorkee,2790,Mata Gujri Memorial Medical College & Lions Seva Kendra Hospital,0,1,0.0
IIT Roorkee,2791,Nehru Foundation for Development,0,1,0.0
IIT Roorkee,2792,Government Medical College Thoothukudi,0,1,0.0
IIT Roorkee,2793,Darshan Dental College and Hospital,0,4,0.0
IIT Roorkee,2794,National Sanskrit University,0,1,0.0
IIT Roorkee,2795,National Institute for Implementation Research on Non-Communicable Diseases,0,1,0.0
IIT Roorkee,2796,National Archives of India,0,1,0.0
IIT Roorkee,2797,Centre For Wildlife Studies,0,10,0.0
IIT Roorkee,2798,Mondelēz International (India),0,1,0.0
IIT Roorkee,2799,M.N. College & Research Institute,0,1,0.0
IIT Roorkee,2800,Central India Institute of Medical Sciences,0,5,0.0
IIT Roorkee,2801,Krupajal Engineering College,0,1,0.0
IIT Roorkee,2802,Diabetes Care and Research Foundation,0,1,0.0
IIT Roorkee,2803,UPASI Tea Research Foundation,0,1,0.0
IIT Roorkee,2804,Breach Candy Hospital,0,1,0.0
IIT Roorkee,2805,Saroj Gupta Cancer Centre & Research Institute,0,4,0.0
IIT Roorkee,2806,Hindu College of Pharmacy,0,2,0.0
IIT Roorkee,2807,Dr. Vitthalrao Vikhe Patil Foundation’s Medical College,0,1,0.0
IIT Roorkee,2808,KG College of Arts and Science,0,1,0.0
IIT Roorkee,2809,Baby Memorial Hospital,0,1,0.0
IIT Roorkee,2810,International Development Research Centre,0,5,0.0
IIT Roorkee,2811,Karnataka Institute of Medical Sciences,0,6,0.0
IIT Roorkee,2812,Kamineni Institute of Dental Sciences,0,3,0.0
IIT Roorkee,2813,Advanced Enzyme Technologies Limited (India),0,2,0.0
