institution,faculty,department,roster_id,person_source,papers,citations,papers_unknown_citations,h_index,q1_papers,top_journal,first_year,last_year
IIT Kharagpur,Narayan Chandra Das,Rubber Technology,iit_kharagpur:778,roster,205,9496,0,63,100,Journal of Applied Polymer Science,2016,2026
IIT Kharagpur,Makarand Madhao Ghangrekar,Civil Engineering,iit_kharagpur:248,roster,313,9287,0,54,168,Bioresource Technology,2016,2026
IIT Kharagpur,Manoj Kumar Tiwari,Industrial and Systems Engineering,iit_kharagpur:518,roster,178,7715,0,48,132,International Journal of Production Research,2016,2026
IIT Kharagpur,Abhijit Mukherjee,Geology and Geophysics,iit_kharagpur:442,roster,186,7886,0,44,114,Science of The Total Environment,2016,2026
IIT Kharagpur,Ashok Kumar Gupta,Civil Engineering,iit_kharagpur:232,roster,128,7347,0,44,98,Journal of Environmental Chemical Engineering,2016,2026
IIT Kharagpur,Santanu Dhara,School of Medical Science and Technology,iit_kharagpur:793,roster,231,5462,0,44,150,ACS Applied Materials & Interfaces,2016,2026
IIT Kharagpur,Debabrata Pradhan,Materials Science Centre,iit_kharagpur:527,roster,153,5908,0,43,133,ACS Applied Materials & Interfaces,2016,2026
IIT Kharagpur,Mahitosh Mandal,School of Medical Science and Technology,iit_kharagpur:788,roster,190,5602,0,43,142,Biochimica et Biophysica Acta (BBA) - Reviews on Cancer,2016,2026
IIT Kharagpur,Surjya Kanta Pal,Mechanical Engineering,iit_kharagpur:623,roster,185,4961,0,41,105,Journal of Manufacturing Processes,2016,2026
IIT Kharagpur,Sudip Misra,Computer Science and Engineering,iit_kharagpur:311,roster,354,7053,0,40,222,IEEE Internet of Things Journal,2016,2026
IIT Kharagpur,Chandra Sekhar Tiwary,Metallurgical and Materials Engineering,iit_kharagpur:630,roster,332,6466,0,40,219,Small,2018,2026
IIT Kharagpur,Tapas Kumar Maiti,Bioscience and Biotechnology,iit_kharagpur:872,roster,120,4925,0,40,85,Materials Science and Engineering: C,2016,2022
IIT Kharagpur,Madhab Chandra Das,Chemistry,iit_kharagpur:201,roster,80,4502,0,40,75,Chemistry – A European Journal,2016,2026
IIT Kharagpur,Suman Chakraborty,Mechanical Engineering,iit_kharagpur:621,roster,343,5897,0,38,247,Physics of Fluids,2016,2026
IIT Kharagpur,Prem Prakash Srivastav,Agricultural and Food Engineering,iit_kharagpur:849,roster,171,4797,0,38,86,Journal of Food Process Engineering,2016,2026
IIT Kharagpur,Samit Kumar Ray,Physics,iit_kharagpur:723,roster,215,4677,0,38,162,Nanotechnology,2016,2026
IIT Kharagpur,Ramkrishna Sen,Bioscience and Biotechnology,iit_kharagpur:102,roster,128,4388,0,37,91,RSC Advances,2016,2026
IIT Kharagpur,Sirshendu De,Chemical Engineering,iit_kharagpur:179,roster,154,4753,0,36,114,Separation and Purification Technology,2016,2026
IIT Kharagpur,Hari Niwas Mishra,Agricultural and Food Engineering,iit_kharagpur:845,roster,127,3677,0,34,62,Journal of Food Process Engineering,2016,2026
IIT Kharagpur,Anjali Pal,Civil Engineering,iit_kharagpur:907,roster,77,2843,0,34,47,Journal of Environmental Chemical Engineering,2016,2024
IIT Kharagpur,Brajesh Kumar Dubey,Civil Engineering,iit_kharagpur:236,roster,143,5012,0,33,107,Science of The Total Environment,2017,2026
IIT Kharagpur,Pratim Kumar Chattaraj,Chemistry,iit_kharagpur:901,roster,191,4706,0,33,86,Physical Chemistry Chemical Physics,2016,2024
IIT Kharagpur,Susanta Banerjee,Materials Science Centre,iit_kharagpur:534,roster,151,3935,0,33,97,European Polymer Journal,2016,2026
IIT Kharagpur,Rudra Prakash Pradhan,Vinod Gupta School of Management,iit_kharagpur:824,roster,124,3776,0,33,37,Asia-Pacific Financial Markets,2016,2026
IIT Kharagpur,Somsubhra Chakraborty,Agricultural and Food Engineering,iit_kharagpur:59,roster,118,2681,0,32,78,Geoderma,2016,2026
IIT Kharagpur,Bhanu Bhusan Khatua,Materials Science Centre,iit_kharagpur:526,roster,82,3868,0,31,60,Journal of Materials Chemistry C,2016,2026
IIT Kharagpur,Nikhil Kumar Singha,Rubber Technology,iit_kharagpur:779,roster,112,2727,0,31,81,Polymer Chemistry,2016,2026
IIT Kharagpur,Mantu Kumar Mahalik,Humanities and Social Sciences,iit_kharagpur:497,roster,113,3984,0,30,61,Energy Economics,2018,2026
IIT Kharagpur,Bhim Charan Meikap,Chemical Engineering,iit_kharagpur:160,roster,94,3302,0,30,55,"Journal of Environmental Science and Health, Part A",2016,2026
IIT Kharagpur,Koel Chaudhury,School of Medical Science and Technology,iit_kharagpur:787,roster,98,2338,0,30,55,Human Reproduction,2016,2026
IIT Kharagpur,Debabrata Das,Bioscience and Biotechnology,iit_kharagpur:870,roster,52,2106,0,30,34,International Journal of Hydrogen Energy,2016,2021
IIT Kharagpur,Narayan Dhuleep Pradeep Singh,Chemistry,iit_kharagpur:205,roster,90,2829,0,29,86,Chemical Communications,2016,2026
IIT Kharagpur,C Retna Raj,Chemistry,iit_kharagpur:193,roster,59,2326,0,29,52,ACS Applied Materials & Interfaces,2016,2026
IIT Kharagpur,Jayanta Bhattacharya,Mining Engineering,iit_kharagpur:1072,roster,115,4384,0,28,52,Mineral Metal Energy Oil Gas and Aggregate,2016,2025
IIT Kharagpur,Amit Kumar Das,Bioscience and Biotechnology,iit_kharagpur:91,roster,116,2772,0,28,70,International Journal of Biological Macromolecules,2016,2026
IIT Kharagpur,Jayanarayanan Kuttippurath,"Centre for Ocean, River, Atmosphere and Land Sciences (CORAL)",iit_kharagpur:133,roster,162,2827,0,27,108,npj Climate and Atmospheric Science,2017,2026
IIT Kharagpur,Jhareswar Maiti,Industrial and Systems Engineering,iit_kharagpur:515,roster,122,2711,0,27,53,Safety Science,2016,2026
IIT Kharagpur,Mukunda Dev Behera,"Centre for Ocean, River, Atmosphere and Land Sciences (CORAL)",iit_kharagpur:135,roster,135,2692,0,27,52,Environmental Monitoring and Assessment,2016,2026
IIT Kharagpur,Ashok Kumar Pradhan,Electrical Engineering,iit_kharagpur:360,roster,140,2570,0,27,76,IEEE Transactions on Power Delivery,2016,2026
IIT Kharagpur,Kumar Biradha,Chemistry,iit_kharagpur:200,roster,93,2029,0,27,69,Crystal Growth & Design,2016,2026
IIT Kharagpur,Saptarshi Ghosh,Computer Science and Engineering,iit_kharagpur:299,roster,127,2025,0,27,24,Artificial Intelligence and Law,2016,2026
IIT Kharagpur,Bhrigu Nath Singh,Aerospace Engineering,iit_kharagpur:6,roster,83,1791,0,27,42,Composite Structures,2016,2026
IIT Kharagpur,Bhabani Sankar Das,Agricultural and Food Engineering,iit_kharagpur:30,roster,70,3632,0,26,49,Geoderma,2016,2026
IIT Kharagpur,Aurobinda Routray,Electrical Engineering,iit_kharagpur:362,roster,234,2646,0,26,58,IEEE Geoscience and Remote Sensing Letters,2016,2026
IIT Kharagpur,Amreesh Chandra,Physics,iit_kharagpur:698,roster,98,2239,0,26,71,Nanotechnology,2016,2026
IIT Kharagpur,Trilochan Sahoo,Ocean Engg and Naval Architecture,iit_kharagpur:691,roster,100,1993,0,26,49,Physics of Fluids,2016,2026
IIT Kharagpur,Nilmoni Sarkar,Chemistry,iit_kharagpur:206,roster,100,1857,0,26,83,Langmuir,2016,2026
IIT Kharagpur,Amiya Kumar Jana,Chemical Engineering,iit_kharagpur:155,roster,76,1601,0,26,65,Industrial & Engineering Chemistry Research,2016,2026
IIT Kharagpur,Soumya Kanti Ghosh,Computer Science and Engineering,iit_kharagpur:306,roster,207,4181,0,25,52,Software: Practice and Experience,2016,2026
IIT Kharagpur,Suneel Kumar Srivastava,Chemistry,iit_kharagpur:903,roster,48,3165,0,25,30,Journal of Nanoscience and Nanotechnology,2016,2022
IIT Kharagpur,Madan Kumar Jha,Agricultural and Food Engineering,iit_kharagpur:44,roster,83,2836,0,25,47,Environmental Earth Sciences,2016,2026
IIT Kharagpur,Niloy Ganguly,Computer Science and Engineering,iit_kharagpur:289,roster,191,2729,0,25,28,IEEE Transactions on Computational Social Systems,2016,2026
IIT Kharagpur,Prasanta Kumar Guha,Electronics and Electrical Communication Engg.,iit_kharagpur:411,roster,107,2490,0,25,67,IEEE Sensors Journal,2016,2026
IIT Kharagpur,Santanu Chattopadhyay,Rubber Technology,iit_kharagpur:780,roster,127,2335,0,25,74,Journal of Polymer Research,2016,2026
IIT Kharagpur,Rajib Maity,Civil Engineering,iit_kharagpur:257,roster,124,2000,0,25,53,Journal of Hydrology,2016,2026
IIT Kharagpur,Subhasish Dey,Civil Engineering,iit_kharagpur:914,roster,92,1995,0,25,67,Physics of Fluids,2016,2023
IIT Kharagpur,Tapas Laha,Metallurgical and Materials Engineering,iit_kharagpur:655,roster,78,1976,0,25,50,Journal of Alloys and Compounds,2016,2026
IIT Kharagpur,Chandranath Chatterjee,Agricultural and Food Engineering,iit_kharagpur:33,roster,94,1929,0,25,39,Journal of Hydrology,2016,2026
IIT Kharagpur,Subhasish Basu Majumder,Materials Science Centre,iit_kharagpur:533,roster,101,1877,0,25,62,Journal of Alloys and Compounds,2016,2026
IIT Kharagpur,Modhu Sudan Maji,Chemistry,iit_kharagpur:204,roster,58,1447,0,25,50,Organic Letters,2016,2026
IIT Kharagpur,Debdeep Mukhopadhyay,Computer Science and Engineering,iit_kharagpur:282,roster,236,3088,0,24,41,Journal of Hardware and Systems Security,2016,2026
IIT Kharagpur,Tarasankar Pal,Chemistry,iit_kharagpur:905,roster,39,2168,0,24,33,ACS Omega,2016,2018
IIT Kharagpur,Debalay Chakrabarti,Metallurgical and Materials Engineering,iit_kharagpur:633,roster,117,2037,0,24,78,Metallurgical and Materials Transactions A,2016,2026
IIT Kharagpur,Pabitra Mitra,Computer Science and Engineering,iit_kharagpur:290,roster,177,1963,0,24,45,IEEE Access,2016,2026
IIT Kharagpur,Kinsuk Naskar,Rubber Technology,iit_kharagpur:776,roster,118,1943,0,24,53,Journal of Applied Polymer Science,2016,2026
IIT Kharagpur,Narendra Singh Raghuwanshi,Agricultural and Food Engineering,iit_kharagpur:46,roster,57,1900,0,24,25,Paddy and Water Environment,2016,2025
IIT Kharagpur,Prasad Kumar Bhaskaran,Ocean Engg and Naval Architecture,iit_kharagpur:686,roster,85,1786,0,24,43,Climate Dynamics,2016,2026
IIT Kharagpur,Rahul Mitra,Metallurgical and Materials Engineering,iit_kharagpur:645,roster,102,1700,0,24,74,Metallurgical and Materials Transactions A,2016,2026
IIT Kharagpur,Venimadhav Adyam,Cryogenic Engineering,iit_kharagpur:317,roster,81,1697,0,24,40,Physical Review B,2016,2026
IIT Kharagpur,Sushanta Kumar Panda,Mechanical Engineering,iit_kharagpur:624,roster,96,1647,0,24,50,Journal of Materials Engineering and Performance,2016,2026
IIT Kharagpur,Anil Kumar Gupta,Geology and Geophysics,iit_kharagpur:443,roster,91,1581,0,24,63,"Palaeogeography, Palaeoclimatology, Palaeoecology",2016,2026
IIT Kharagpur,Siddhartha Das,Metallurgical and Materials Engineering,iit_kharagpur:649,roster,103,1537,0,24,69,Surfaces and Interfaces,2016,2026
IIT Kharagpur,Jinu Paul,Mechanical Engineering,iit_kharagpur:1044,roster,37,1446,0,24,14,Journal of Manufacturing Processes,2017,2022
IIT Kharagpur,Rabibrata Mukherjee,Chemical Engineering,iit_kharagpur:177,roster,79,3388,0,23,65,Soft Matter,2016,2026
IIT Kharagpur,Dilip Kumar Pratihar,Mechanical Engineering,iit_kharagpur:592,roster,143,1971,0,23,44,Arabian Journal for Science and Engineering,2016,2026
IIT Kharagpur,Shiv Brat Singh,Metallurgical and Materials Engineering,iit_kharagpur:648,roster,102,1874,0,23,58,Metallurgical and Materials Transactions A,2016,2026
IIT Kharagpur,Arun Chakraborty,"Centre for Ocean, River, Atmosphere and Land Sciences (CORAL)",iit_kharagpur:131,roster,110,1775,0,23,46,Dynamics of Atmospheres and Oceans,2016,2026
IIT Kharagpur,Sumantra Mandal,Metallurgical and Materials Engineering,iit_kharagpur:653,roster,76,1718,0,23,56,Materials Science and Engineering: A,2017,2026
IIT Kharagpur,Chandan Chakraborty,Electrical Engineering,iit_kharagpur:365,roster,138,1635,0,23,59,IEEE Transactions on Industrial Electronics,2016,2026
IIT Kharagpur,Sukanta Kumar Dash,Mechanical Engineering,iit_kharagpur:1055,roster,80,1498,0,23,53,International Journal of Thermal Sciences,2016,2025
IIT Kharagpur,Partha Pratim Bandyopadhyay,Mechanical Engineering,iit_kharagpur:604,roster,66,1346,0,23,36,Surface and Coatings Technology,2016,2026
IIT Kharagpur,Somnath Bharadwaj,Physics,iit_kharagpur:730,roster,82,1307,0,23,59,Monthly Notices of the Royal Astronomical Society,2016,2026
IIT Kharagpur,Mangal Roy,Metallurgical and Materials Engineering,iit_kharagpur:643,roster,63,1287,0,23,49,ACS Biomaterials Science & Engineering,2017,2026
IIT Kharagpur,Sudarsan Neogi,Chemical Engineering,iit_kharagpur:892,roster,44,2538,0,22,28,Separation and Purification Technology,2016,2022
IIT Kharagpur,Bhabagrahi Sahoo,School of Water Resources,iit_kharagpur:797,roster,81,1596,0,22,47,Journal of Hydrology,2016,2026
IIT Kharagpur,Anil Kumar Bhowmick,Rubber Technology,iit_kharagpur:1111,roster,47,1506,0,22,26,Journal of Applied Polymer Science,2016,2020
IIT Kharagpur,Swagata Dasgupta,Chemistry,iit_kharagpur:224,roster,82,1466,0,22,55,International Journal of Biological Macromolecules,2016,2026
IIT Kharagpur,Tarun Kanti Bhattacharyya,Electronics and Electrical Communication Engg.,iit_kharagpur:426,roster,115,1442,0,22,61,IEEE Transactions on Electron Devices,2016,2026
IIT Kharagpur,Soumitra Paul,Mechanical Engineering,iit_kharagpur:619,roster,57,1161,0,22,38,Journal of Manufacturing Processes,2016,2026
IIT Kharagpur,Sudha Goel,Civil Engineering,iit_kharagpur:264,roster,68,2808,0,21,35,Science of The Total Environment,2017,2026
IIT Kharagpur,Sudipto Chakraborty,Chemical Engineering,iit_kharagpur:184,roster,49,2199,0,21,30,Heat and Mass Transfer,2016,2026
IIT Kharagpur,Aditya Bandopadhyay,Mechanical Engineering,iit_kharagpur:577,roster,84,1564,0,21,59,Physics of Fluids,2016,2026
IIT Kharagpur,Ashish Kumar Nath,Mechanical Engineering,iit_kharagpur:1042,roster,40,1513,0,21,25,Surface and Coatings Technology,2016,2022
IIT Kharagpur,Trilok Singh,Energy Science and Engineering,iit_kharagpur:433,roster,45,1469,0,21,20,Advanced Theory and Simulations,2018,2026
IIT Kharagpur,Soumen Das,School of Medical Science and Technology,iit_kharagpur:794,roster,110,1435,0,21,63,ACS Applied Materials & Interfaces,2017,2026
IIT Kharagpur,Amit Ghosh,Energy Science and Engineering,iit_kharagpur:429,roster,64,1406,0,21,46,Scientific Reports,2016,2026
IIT Kharagpur,Dipak Kumar Goswami,Physics,iit_kharagpur:706,roster,88,1322,0,21,61,ACS Applied Materials & Interfaces,2018,2026
IIT Kharagpur,Arun Kumar Samantaray,Mechanical Engineering,iit_kharagpur:585,roster,69,1295,0,21,29,Journal of Sound and Vibration,2016,2026
IIT Kharagpur,Sarada Prasad Sarmah,Industrial and Systems Engineering,iit_kharagpur:519,roster,67,1289,0,21,33,Computers & Industrial Engineering,2016,2025
IIT Kharagpur,Rajarshi Samanta,Chemistry,iit_kharagpur:213,roster,41,1275,0,21,37,Organic Letters,2016,2026
IIT Kharagpur,Dipak Kumar Maiti,Aerospace Engineering,iit_kharagpur:8,roster,61,1133,0,21,31,Composite Structures,2016,2025
IIT Kharagpur,Sudipto Ghosh,Metallurgical and Materials Engineering,iit_kharagpur:1067,roster,48,1115,0,21,24,Journal of Electroanalytical Chemistry,2016,2021
IIT Kharagpur,Pawan Goyal,Computer Science and Engineering,iit_kharagpur:294,roster,159,2009,0,20,12,Journal of Informetrics,2016,2026
IIT Kharagpur,Akhilesh Mohan,Electronics and Electrical Communication Engg.,iit_kharagpur:976,roster,72,1896,0,20,19,Microwave and Optical Technology Letters,2016,2022
IIT Kharagpur,Subhas C. Kundu,Biotechnology,iit_kharagpur:orcid:0000-0002-7170-2291,ORCID record,26,1784,0,20,21,ACS Applied Materials & Interfaces,2016,2016
IIT Kharagpur,Jyotirmoy Chatterjee,School of Medical Science and Technology,iit_kharagpur:1116,roster,94,1654,0,20,37,RSC Advances,2016,2023
IIT Kharagpur,Pinaki Sar,Bioscience and Biotechnology,iit_kharagpur:100,roster,62,1603,0,20,25,Frontiers in Microbiology,2016,2026
IIT Kharagpur,Mrinal Kumar Maiti,Bioscience and Biotechnology,iit_kharagpur:98,roster,56,1424,0,20,31,Applied Microbiology and Biotechnology,2016,2026
IIT Kharagpur,Prasanta Kumar Das,Mechanical Engineering,iit_kharagpur:608,roster,145,1343,0,20,79,Physics of Fluids,2016,2026
IIT Kharagpur,Partha Saha,Mechanical Engineering,iit_kharagpur:605,roster,111,1159,0,20,54,Surface and Coatings Technology,2016,2026
IIT Kharagpur,Karabi Das,Metallurgical and Materials Engineering,iit_kharagpur:639,roster,80,986,0,20,55,Materials Letters,2019,2026
IIT Kharagpur,Amar Nath Samanta,Chemical Engineering,iit_kharagpur:886,roster,42,971,0,20,34,Advanced Powder Technology,2016,2025
IIT Kharagpur,Jayanta Das,Metallurgical and Materials Engineering,iit_kharagpur:637,roster,60,1639,0,19,37,Materials Science and Engineering: A,2016,2026
IIT Kharagpur,Bhagirath Behera,Humanities and Social Sciences,iit_kharagpur:482,roster,63,1466,0,19,28,"Forests, Trees and Livelihoods",2016,2026
IIT Kharagpur,Debapriya Das,Electrical Engineering,iit_kharagpur:961,roster,97,1413,0,19,23,International Journal of Ambient Energy,2016,2026
IIT Kharagpur,Ajay Muljibhai Sidpara,Mechanical Engineering,iit_kharagpur:579,roster,66,1146,0,19,32,Journal of Manufacturing Processes,2017,2026
IIT Kharagpur,Sanjeev Kumar Srivastava,Physics,iit_kharagpur:726,roster,68,1101,0,19,37,Physical Chemistry Chemical Physics,2016,2026
IIT Kharagpur,Karabi Biswas,Electrical Engineering,iit_kharagpur:373,roster,73,1072,0,19,21,IEEE Sensors Journal,2016,2026
IIT Kharagpur,Indranil Manna,Metallurgical and Materials Engineering,iit_kharagpur:1061,roster,73,1040,0,19,42,Journal of Materials Science,2016,2026
IIT Kharagpur,Tapan Kumar Nath,Physics,iit_kharagpur:736,roster,74,1008,0,19,25,Journal of Applied Physics,2016,2026
IIT Kharagpur,Damodar Maity,Civil Engineering,iit_kharagpur:237,roster,52,790,0,19,25,SN Applied Sciences,2016,2026
IIT Kharagpur,Animesh Mukherjee,Computer Science and Engineering,iit_kharagpur:274,roster,183,1947,0,18,14,Journal of Informetrics,2016,2026
IIT Kharagpur,Partha Sarathi Ghosal,School of Water Resources,iit_kharagpur:800,roster,40,1872,0,18,28,Journal of Environmental Management,2019,2026
IIT Kharagpur,Rajat Subhra Chakraborty,Computer Science and Engineering,iit_kharagpur:296,roster,121,1594,0,18,26,ACM Transactions on Design Automation of Electronic Systems,2016,2026
IIT Kharagpur,Sandip Chakraborty,Computer Science and Engineering,iit_kharagpur:298,roster,224,1424,0,18,35,IEEE Transactions on Wireless Communications,2016,2026
IIT Kharagpur,Biplab Datta,Vinod Gupta School of Management,iit_kharagpur:817,roster,36,1187,0,18,19,Global Business Review,2016,2026
IIT Kharagpur,Anirban Dhar,Civil Engineering,iit_kharagpur:229,roster,67,1124,0,18,40,Water Resources Management,2016,2026
IIT Kharagpur,Srinibas Karmakar,Aerospace Engineering,iit_kharagpur:20,roster,53,1091,0,18,26,Combustion Science and Technology,2016,2026
IIT Kharagpur,Goutam Saha,Electronics and Electrical Communication Engg.,iit_kharagpur:404,roster,56,1089,0,18,24,Digital Signal Processing,2016,2026
IIT Kharagpur,Srabanti Mukherjee,Vinod Gupta School of Management,iit_kharagpur:828,roster,47,1057,0,18,29,Tourism Recreation Research,2016,2026
IIT Kharagpur,Krishna Prapoorna Biligiri,Civil Engineering,iit_kharagpur:909,roster,28,1014,0,18,16,Journal of Testing and Evaluation,2016,2018
IIT Kharagpur,Rajendra Machavaram,Agricultural and Food Engineering,iit_kharagpur:55,roster,73,955,0,18,25,Cogent Engineering,2017,2026
IIT Kharagpur,Sreeraj Puravankara,Energy Science and Engineering,iit_kharagpur:432,roster,57,953,0,18,32,Journal of Power Sources,2018,2026
IIT Kharagpur,Anoop Ayyappan,Chemistry,iit_kharagpur:896,roster,78,949,0,18,40,Physical Chemistry Chemical Physics,2016,2026
IIT Kharagpur,Ananta Kumar Ghosh,Bioscience and Biotechnology,iit_kharagpur:869,roster,39,949,0,18,23,Biochimie,2016,2023
IIT Kharagpur,Prasanta Kumar Datta,Physics,iit_kharagpur:717,roster,105,904,0,18,61,Physical Chemistry Chemical Physics,2016,2026
IIT Kharagpur,Tarun Kumar Kundu,Metallurgical and Materials Engineering,iit_kharagpur:656,roster,59,879,0,18,32,Journal of Molecular Graphics and Modelling,2018,2026
IIT Kharagpur,Pallab Banerji,Materials Science Centre,iit_kharagpur:529,roster,78,839,0,18,35,Journal of Applied Physics,2016,2026
IIT Kharagpur,Chirodeep Bakli,Energy Science and Engineering,iit_kharagpur:430,roster,96,756,0,18,64,Physics of Fluids,2017,2026
IIT Kharagpur,Mohammad Saud Afzal,Civil Engineering,iit_kharagpur:250,roster,47,709,0,18,20,Acta Geophysica,2018,2026
IIT Kharagpur,Debdoot Sheet,Electrical Engineering,iit_kharagpur:368,roster,83,2479,0,17,21,Medical Image Analysis,2016,2026
IIT Kharagpur,Debashish Chakravarty,Mining Engineering,iit_kharagpur:663,roster,107,1243,0,17,24,Journal of Manufacturing Processes,2016,2026
IIT Kharagpur,Adinpunya Mitra,Agricultural and Food Engineering,iit_kharagpur:26,roster,84,1079,0,17,47,Industrial Crops and Products,2016,2026
IIT Kharagpur,Sudip Kumar Ghosh,Bioscience and Biotechnology,iit_kharagpur:110,roster,47,1061,0,17,31,Molecular and Biochemical Parasitology,2016,2026
IIT Kharagpur,Bharath Haridas Aithal,Ranbir and Chitra Gupta School of Infrastructure Design and Mngt.,iit_kharagpur:770,roster,83,1058,0,17,17,Spatial Information Research,2017,2026
IIT Kharagpur,Tridib Kumar Goswami,Agricultural and Food Engineering,iit_kharagpur:857,roster,38,1053,0,17,12,Journal of Food Process Engineering,2016,2024
IIT Kharagpur,Shamik Sural,Computer Science and Engineering,iit_kharagpur:302,roster,132,1052,0,17,23,Computers & Security,2016,2026
IIT Kharagpur,Adrijit Goswami,Mathematics,iit_kharagpur:536,roster,54,994,0,17,18,RAIRO - Operations Research,2016,2026
IIT Kharagpur,Sunando Dasgupta,Chemical Engineering,iit_kharagpur:185,roster,76,927,0,17,57,Langmuir,2016,2026
IIT Kharagpur,Mrinal Kanti Mandal,Electronics and Electrical Communication Engg.,iit_kharagpur:407,roster,102,918,0,17,29,IEEE Transactions on Antennas and Propagation,2016,2026
IIT Kharagpur,Peeyush Soni,Agricultural and Food Engineering,iit_kharagpur:49,roster,65,835,0,17,25,E3S Web of Conferences,2018,2026
IIT Kharagpur,Titash Mondal,Rubber Technology,iit_kharagpur:782,roster,49,810,0,17,39,ACS Applied Materials & Interfaces,2016,2026
IIT Kharagpur,Jyotsna Dutta Majumdar,Metallurgical and Materials Engineering,iit_kharagpur:638,roster,78,797,0,17,35,Journal of Materials Engineering and Performance,2016,2026
IIT Kharagpur,Sabyashachi Mishra,Chemistry,iit_kharagpur:215,roster,85,759,0,17,61,The Journal of Chemical Physics,2016,2026
IIT Kharagpur,Debashis Ray,Chemistry,iit_kharagpur:195,roster,47,597,0,17,29,Dalton Transactions,2016,2026
IIT Kharagpur,Rintu Banerjee,Agricultural and Food Engineering,iit_kharagpur:57,roster,63,1338,0,16,30,Biocatalysis and Agricultural Biotechnology,2016,2026
IIT Kharagpur,Rabindra Kumar Pradhan,Humanities and Social Sciences,iit_kharagpur:503,roster,48,1120,0,16,10,Global Business Review,2016,2026
IIT Kharagpur,Gour Gopal Roy,Metallurgical and Materials Engineering,iit_kharagpur:635,roster,70,1119,0,16,30,Transactions of the Indian Institute of Metals,2016,2026
IIT Kharagpur,Gourav Dhar Bhowmick,Agricultural and Food Engineering,iit_kharagpur:38,roster,57,1009,0,16,26,Water,2020,2026
IIT Kharagpur,Arnab Atta,Chemical Engineering,iit_kharagpur:158,roster,73,1001,0,16,49,Physics of Fluids,2017,2026
IIT Kharagpur,Shivakiran B N Bhaktha,Physics,iit_kharagpur:728,roster,72,823,0,16,39,Optical Materials,2016,2026
IIT Kharagpur,Hifjur Raheman,Agricultural and Food Engineering,iit_kharagpur:39,roster,71,778,0,16,20,Journal of The Institution of Engineers (India): Series A,2016,2026
IIT Kharagpur,Nilanjan Mitra,Civil Engineering,iit_kharagpur:911,roster,48,777,0,16,33,Computational Materials Science,2016,2022
IIT Kharagpur,Debasis Samanta,Computer Science and Engineering,iit_kharagpur:281,roster,113,774,0,16,22,Computers and Electrical Engineering,2016,2026
IIT Kharagpur,Dillip Kumar Swain,Agricultural and Food Engineering,iit_kharagpur:36,roster,58,764,0,16,30,Agronomy Journal,2016,2026
IIT Kharagpur,T Raja Sekhar,Mathematics,iit_kharagpur:575,roster,51,705,0,16,33,Mathematical Methods in the Applied Sciences,2016,2026
IIT Kharagpur,Raja Datta,Electronics and Electrical Communication Engg.,iit_kharagpur:412,roster,91,662,0,16,22,Computer Communications,2016,2026
IIT Kharagpur,Dewashish Upadhyay,Geology and Geophysics,iit_kharagpur:449,roster,38,621,0,16,29,Lithos,2016,2026
IIT Kharagpur,Abhijnan Chakraborty,Computer Science and Engineering,iit_kharagpur:271,roster,50,953,0,15,5,IEEE Transactions on Computational Social Systems,2016,2026
IIT Kharagpur,Atasi Mohanty,Rekhi Centre of Excellence for the Science of Happiness,iit_kharagpur:773,roster,37,936,0,15,5,Cogent Education,2022,2026
IIT Kharagpur,Samir Kumar Pal,Mining Engineering,iit_kharagpur:1079,roster,57,917,0,15,15,Journal of The Institution of Engineers (India): Series D,2016,2024
IIT Kharagpur,Dibakar Dhara,Chemistry,iit_kharagpur:196,roster,43,901,0,15,33,Journal of Colloid and Interface Science,2016,2026
IIT Kharagpur,Siddhartha Roy,Metallurgical and Materials Engineering,iit_kharagpur:650,roster,50,893,0,15,35,Ceramics International,2019,2026
IIT Kharagpur,Somnath Bhattacharyya,Mathematics,iit_kharagpur:569,roster,73,863,0,15,51,Physics of Fluids,2016,2026
IIT Kharagpur,Anupam Midya,Education,iit_kharagpur:345,roster,22,858,0,15,16,Materials Research Express,2016,2026
IIT Kharagpur,Punyadarshini Punam Tripathy,Agricultural and Food Engineering,iit_kharagpur:54,roster,39,806,0,15,20,Journal of Food Process Engineering,2016,2026
IIT Kharagpur,Sudeshna Sarkar,Computer Science and Engineering,iit_kharagpur:310,roster,80,767,0,15,16,ACM Transactions on Asian and Low-Resource Language Information Processing,2016,2026
IIT Kharagpur,Akhilesh Kumar,Industrial and Systems Engineering,iit_kharagpur:511,roster,24,741,0,15,17,Computers & Industrial Engineering,2017,2025
IIT Kharagpur,Jitesh J Thakkar,Industrial and Systems Engineering,iit_kharagpur:1019,roster,27,730,0,15,19,International Journal of Production Research,2016,2022
IIT Kharagpur,Jayanta Kumar Basu,Chemical Engineering,iit_kharagpur:889,roster,28,703,0,15,21,New Journal of Chemistry,2016,2023
IIT Kharagpur,Mahendra Reddy Vanteru,Mechanical Engineering,iit_kharagpur:598,roster,43,637,0,15,30,Fuel,2020,2026
IIT Kharagpur,Virendra Kumar Tewari,Agricultural and Food Engineering,iit_kharagpur:858,roster,51,631,0,15,22,Artificial Intelligence in Agriculture,2017,2025
IIT Kharagpur,Suman Kalyan Samanta,Chemistry,iit_kharagpur:223,roster,43,609,0,15,40,ACS Applied Materials & Interfaces,2019,2026
IIT Kharagpur,Abhishek Kumar Rai,"Centre for Ocean, River, Atmosphere and Land Sciences (CORAL)",iit_kharagpur:129,roster,49,605,0,15,24,Scientific Reports,2019,2026
IIT Kharagpur,Kousik Deb,Civil Engineering,iit_kharagpur:243,roster,29,604,0,15,22,International Journal of Geomechanics,2016,2026
IIT Kharagpur,Sudeshna Mitra,Civil Engineering,iit_kharagpur:915,roster,29,597,0,15,4,Transportation in Developing Economies,2016,2022
IIT Kharagpur,Sanjay Gupta,Mechanical Engineering,iit_kharagpur:614,roster,36,595,0,15,9,Journal of Biomechanical Engineering,2016,2026
IIT Kharagpur,Jitendra Kumar,Mathematics,iit_kharagpur:1033,roster,45,569,0,15,17,Journal of Computational and Applied Mathematics,2016,2023
IIT Kharagpur,Bhargab Maitra,Civil Engineering,iit_kharagpur:234,roster,53,520,0,15,13,Transportation Research Record: Journal of the Transportation Research Board,2016,2026
IIT Kharagpur,Manas Chandra Ray,Mechanical Engineering,iit_kharagpur:600,roster,28,510,0,15,17,Composite Structures,2016,2023
IIT Kharagpur,Dipak Khastgir,Rubber Technology,iit_kharagpur:1112,roster,20,1076,0,14,14,Polymer International,2016,2017
IIT Kharagpur,Arghya Taraphder,Physics,iit_kharagpur:701,roster,63,994,0,14,40,Physical Review B,2016,2026
IIT Kharagpur,Mamata Jenamani,Industrial and Systems Engineering,iit_kharagpur:517,roster,92,961,0,14,31,Expert Systems with Applications,2016,2026
IIT Kharagpur,Aditya Kumar Patra,Mining Engineering,iit_kharagpur:658,roster,49,906,0,14,21,Atmospheric Pollution Research,2016,2026
IIT Kharagpur,Snehasish Dutta Gupta,Agricultural and Food Engineering,iit_kharagpur:853,roster,15,891,0,14,7,Journal of Cluster Science,2016,2020
IIT Kharagpur,Prabodh Bajpai,Electrical Engineering,iit_kharagpur:966,roster,60,886,0,14,17,IEEE Transactions on Power Delivery,2016,2023
IIT Kharagpur,Cheruvu Siva Kumar,Mechanical Engineering,iit_kharagpur:589,roster,93,811,0,14,26,Materials Science and Engineering: A,2016,2026
IIT Kharagpur,Jitendra Mahakud,Humanities and Social Sciences,iit_kharagpur:492,roster,46,768,0,14,8,Cogent Economics & Finance,2016,2026
IIT Kharagpur,Nishant Chakravorty,School of Medical Science and Technology,iit_kharagpur:790,roster,67,758,0,14,30,Molecular Biology Reports,2017,2026
IIT Kharagpur,Prashanth Reddy Hanmaiahgari,Civil Engineering,iit_kharagpur:254,roster,73,693,0,14,22,Fluids,2016,2026
IIT Kharagpur,Sanjib Kumar Patra,Chemistry,iit_kharagpur:217,roster,42,688,0,14,27,Dalton Transactions,2016,2026
IIT Kharagpur,Parag Arvind Deshpande,Chemical Engineering,iit_kharagpur:175,roster,62,684,0,14,41,Physical Chemistry Chemical Physics,2016,2026
IIT Kharagpur,Arkopal Kishore Goswami,Ranbir and Chitra Gupta School of Infrastructure Design and Mngt.,iit_kharagpur:769,roster,56,672,0,14,16,Case Studies on Transport Policy,2017,2026
IIT Kharagpur,Tapas Kumar Bandyopadhyay,Metallurgical and Materials Engineering,iit_kharagpur:654,roster,39,660,0,14,27,Materials Science and Engineering: A,2016,2026
IIT Kharagpur,Bivas Mitra,Computer Science and Engineering,iit_kharagpur:278,roster,92,653,0,14,12,IEEE Transactions on Computational Social Systems,2016,2026
IIT Kharagpur,G P Raja Sekhar,Mathematics,iit_kharagpur:548,roster,63,627,0,14,38,Physics of Fluids,2016,2026
IIT Kharagpur,Indranil Sengupta,Computer Science and Engineering,iit_kharagpur:923,roster,59,619,0,14,5,"Journal of Circuits, Systems and Computers",2016,2026
IIT Kharagpur,Koeli Ghoshal,Mathematics,iit_kharagpur:554,roster,61,599,0,14,30,Physica A: Statistical Mechanics and its Applications,2016,2026
IIT Kharagpur,Biswajit Mahanty,Industrial and Systems Engineering,iit_kharagpur:1018,roster,66,584,0,14,32,Kybernetes,2016,2026
IIT Kharagpur,Purbarun Dhar,Mechanical Engineering,iit_kharagpur:610,roster,82,565,0,14,44,Physics of Fluids,2020,2026
IIT Kharagpur,Amal Kumar Das,Physics,iit_kharagpur:696,roster,53,540,0,14,19,Journal of Magnetism and Magnetic Materials,2016,2026
IIT Kharagpur,Nihar Ranjan Jana,Bioscience and Biotechnology,iit_kharagpur:99,roster,32,539,0,14,21,Frontiers in Molecular Neuroscience,2018,2026
IIT Kharagpur,Anandaroop Bhattacharya,Mechanical Engineering,iit_kharagpur:582,roster,61,534,0,14,32,Physics of Fluids,2017,2026
IIT Kharagpur,Damodhara Rao Mailapalli,Agricultural and Food Engineering,iit_kharagpur:34,roster,50,523,0,14,9,Communications in Soil Science and Plant Analysis,2018,2025
IIT Kharagpur,P V S N Murthy,Mathematics,iit_kharagpur:560,roster,32,515,0,14,20,Physics of Fluids,2016,2025
IIT Kharagpur,Rajakumar Ananthakrishnan,Chemistry,iit_kharagpur:212,roster,21,503,0,14,16,New Journal of Chemistry,2018,2026
IIT Kharagpur,Ranjan Bhattacharyya,Mechanical Engineering,iit_kharagpur:1047,roster,35,474,0,14,20,Journal of Sound and Vibration,2016,2026
IIT Kharagpur,Sanghamitra Ray,Geology and Geophysics,iit_kharagpur:465,roster,29,367,0,14,20,Historical Biology,2016,2026
IIT Kharagpur,Aniruddha Sengupta,Civil Engineering,iit_kharagpur:906,roster,34,335,0,14,11,Geomechanics and Geoengineering,2016,2026
IIT Kharagpur,Sri Krishna Kumar,Industrial and Systems Engineering,iit_kharagpur:521,roster,16,1116,0,13,13,Computers & Industrial Engineering,2016,2023
IIT Kharagpur,Proshanta Guha,Agricultural and Food Engineering,iit_kharagpur:850,roster,22,984,0,13,11,Journal of Food Processing and Preservation,2017,2023
IIT Kharagpur,Debaprasad Kastha,Electrical Engineering,iit_kharagpur:366,roster,64,813,0,13,24,IEEE Transactions on Power Electronics,2016,2026
IIT Kharagpur,Goutam Chakraborty,Mechanical Engineering,iit_kharagpur:593,roster,41,796,0,13,19,Mechanics of Advanced Materials and Structures,2016,2024
IIT Kharagpur,Basudev Lahiri,Electronics and Electrical Communication Engg.,iit_kharagpur:398,roster,52,741,0,13,22,IEEE Sensors Journal,2018,2026
IIT Kharagpur,Santanu Kapat,Electrical Engineering,iit_kharagpur:381,roster,86,688,0,13,23,IEEE Transactions on Power Electronics,2016,2026
IIT Kharagpur,Arijit De,Electronics and Electrical Communication Engg.,iit_kharagpur:397,roster,65,650,0,13,29,IEEE Transactions on Microwave Theory and Techniques,2016,2026
IIT Kharagpur,Debarghya Chakraborty,Civil Engineering,iit_kharagpur:238,roster,72,639,0,13,36,Computers and Geotechnics,2016,2026
IIT Kharagpur,Debasis Deb,Mining Engineering,iit_kharagpur:664,roster,49,636,0,13,25,International Journal of Geomechanics,2016,2026
IIT Kharagpur,Santanu Panda,Chemistry,iit_kharagpur:219,roster,36,617,0,13,31,Chemistry – A European Journal,2020,2026
IIT Kharagpur,Manjunatha Mahadevappa,School of Medical Science and Technology,iit_kharagpur:789,roster,88,589,0,13,15,Biomedical Signal Processing and Control,2016,2026
IIT Kharagpur,Somjeet Biswas,Metallurgical and Materials Engineering,iit_kharagpur:651,roster,35,585,0,13,20,Materials Science and Engineering: A,2016,2025
IIT Kharagpur,Sudipta Mukhopadhyay,Electronics and Electrical Communication Engg.,iit_kharagpur:425,roster,45,565,0,13,14,Journal of Digital Imaging,2016,2026
IIT Kharagpur,Saibal Gupta,Geology and Geophysics,iit_kharagpur:463,roster,50,561,0,13,22,Journal of Earth System Science,2016,2026
IIT Kharagpur,Kusam Sudhakar Reddy,Civil Engineering,iit_kharagpur:245,roster,41,506,0,13,28,Journal of Materials in Civil Engineering,2016,2026
IIT Kharagpur,Saumik Bhattacharya,Electronics and Electrical Communication Engg.,iit_kharagpur:418,roster,69,504,0,13,16,Scientific Reports,2020,2026
IIT Kharagpur,Sanjoy Bandyopadhyay,Chemistry,iit_kharagpur:218,roster,50,502,0,13,44,The Journal of Physical Chemistry B,2016,2026
IIT Kharagpur,Arun Singh,Geology and Geophysics,iit_kharagpur:445,roster,56,501,0,13,34,Physics of the Earth and Planetary Interiors,2016,2026
IIT Kharagpur,Kishor Goswami,Humanities and Social Sciences,iit_kharagpur:494,roster,51,499,0,13,22,Sustainable Production and Consumption,2016,2026
IIT Kharagpur,Rajat Kumar Das,Materials Science Centre,iit_kharagpur:531,roster,23,477,0,13,21,ACS Applied Polymer Materials,2018,2026
IIT Kharagpur,Ashok Mishra,Agricultural and Food Engineering,iit_kharagpur:29,roster,38,450,0,13,12,Journal of Water and Climate Change,2017,2026
IIT Kharagpur,Amit Basak,Chemistry,iit_kharagpur:895,roster,42,427,0,13,27,RSC Advances,2016,2022
IIT Kharagpur,Indrajit Chakrabarti,Electronics and Electrical Communication Engg.,iit_kharagpur:405,roster,54,394,0,13,12,"Circuits, Systems, and Signal Processing",2016,2026
IIT Kharagpur,Anirban Mukherjee,Electrical Engineering,iit_kharagpur:354,roster,38,390,0,13,16,IEEE Transactions on Instrumentation and Measurement,2016,2026
IIT Kharagpur,Debasis Sarkar,Chemical Engineering,iit_kharagpur:161,roster,24,385,0,13,15,CrystEngComm,2016,2026
IIT Kharagpur,Joykrishna Dey,Chemistry,iit_kharagpur:900,roster,31,355,0,13,22,Langmuir,2016,2026
IIT Kharagpur,Mrinal Kaushik,Aerospace Engineering,iit_kharagpur:12,roster,61,332,0,13,6,Journal of Applied Fluid Mechanics,2016,2026
IIT Kharagpur,Debarati Sen,G.S Sanyal School of Telecommunication,iit_kharagpur:437,roster,110,1347,0,12,40,IEEE Transactions on Vehicular Technology,2016,2026
IIT Kharagpur,Debjani Chakraborty,Mathematics,iit_kharagpur:545,roster,77,806,0,12,20,Sādhanā,2016,2026
IIT Kharagpur,Sourav Mukhopadhyay,Mathematics,iit_kharagpur:572,roster,48,765,0,12,16,Wireless Personal Communications,2016,2026
IIT Kharagpur,Swagato Chatterjee,Vinod Gupta School of Management,iit_kharagpur:1141,roster,20,763,0,12,14,Journal of Business & Industrial Marketing,2018,2024
IIT Kharagpur,Somnath Roy,Mechanical Engineering,iit_kharagpur:618,roster,37,724,0,12,21,Physics of Fluids,2018,2026
IIT Kharagpur,Suvra Sekhar Das,G.S Sanyal School of Telecommunication,iit_kharagpur:441,roster,36,672,0,12,16,IEEE Systems Journal,2016,2026
IIT Kharagpur,Prabir Kumar Biswas,Electronics and Electrical Communication Engg.,iit_kharagpur:409,roster,56,657,0,12,17,International Journal of Remote Sensing,2016,2026
IIT Kharagpur,Gorachand Dutta,School of Medical Science and Technology,iit_kharagpur:786,roster,43,602,0,12,11,Sensors International,2019,2026
IIT Kharagpur,Santanu Kumar Bhowmik,Geology and Geophysics,iit_kharagpur:466,roster,30,577,0,12,18,Earth and Planetary Science Letters,2016,2026
IIT Kharagpur,Sanjay Kumar Chaturvedi,Subir Chowdhury School of Quality and Reliability,iit_kharagpur:808,roster,52,557,0,12,12,International Journal of System Assurance Engineering and Management,2016,2026
IIT Kharagpur,Arnab Roy,Aerospace Engineering,iit_kharagpur:5,roster,86,547,0,12,38,Physics of Fluids,2016,2026
IIT Kharagpur,Prasana Kumar Sahoo,Materials Science Centre,iit_kharagpur:530,roster,36,538,0,12,23,ACS Applied Materials & Interfaces,2020,2026
IIT Kharagpur,Nirupam Chakraborti,Metallurgical and Materials Engineering,iit_kharagpur:1064,roster,24,507,0,12,17,Materials and Manufacturing Processes,2016,2023
IIT Kharagpur,Ritobrata Goswami,Bioscience and Biotechnology,iit_kharagpur:106,roster,37,505,0,12,21,Inflammation Research,2017,2026
IIT Kharagpur,Monalisa Sarma,Subir Chowdhury School of Quality and Reliability,iit_kharagpur:805,roster,76,495,0,12,18,Computers and Electrical Engineering,2017,2026
IIT Kharagpur,Ayan Roy Chaudhuri,Materials Science Centre,iit_kharagpur:525,roster,38,492,0,12,26,Physical Review B,2019,2026
IIT Kharagpur,Indrani Sen,Metallurgical and Materials Engineering,iit_kharagpur:636,roster,28,440,0,12,19,Materials Science and Engineering: A,2017,2026
IIT Kharagpur,Suman Maiti,Electrical Engineering,iit_kharagpur:388,roster,63,436,0,12,13,Electrical Engineering,2016,2026
IIT Kharagpur,Chetna Singhal,Electronics and Electrical Communication Engg.,iit_kharagpur:978,roster,57,411,0,12,14,Computer Communications,2016,2025
IIT Kharagpur,Sonjoy Majumder,Physics,iit_kharagpur:731,roster,45,403,0,12,25,Physical Review A,2016,2026
IIT Kharagpur,Tirtha Sankar Ray,Physics,iit_kharagpur:737,roster,29,402,0,12,21,Physical Review D,2016,2026
IIT Kharagpur,Debapratim Pandit,Architecture and Regional Planning,iit_kharagpur:65,roster,62,386,0,12,19,Transportation Research Procedia,2016,2026
IIT Kharagpur,Basab Chakraborty,Rajendra Mishra School of Engg Entrepreneurship,iit_kharagpur:740,roster,24,385,0,12,14,Renewable Energy,2016,2026
IIT Kharagpur,Kranthi Kumar Kuna,Civil Engineering,iit_kharagpur:244,roster,45,361,0,12,23,Construction and Building Materials,2020,2026
IIT Kharagpur,Somenath Ganguly,Chemical Engineering,iit_kharagpur:180,roster,37,360,0,12,20,Journal of Applied Polymer Science,2016,2026
IIT Kharagpur,P. B. Singh Bhadoria,Agricultural and Food Engineering,iit_kharagpur:848,roster,14,358,0,12,10,Agronomy Journal,2018,2022
IIT Kharagpur,Chandrani Singh,Geology and Geophysics,iit_kharagpur:447,roster,54,320,0,12,30,Physics of the Earth and Planetary Interiors,2017,2026
IIT Kharagpur,Piyush Kumar Singh,Centre for Rural Development and Innovative Sustainable Technology,iit_kharagpur:140,roster,27,313,0,12,10,Journal of Agribusiness in Developing and Emerging Economies,2019,2025
IIT Kharagpur,Mintu Halder,Chemistry,iit_kharagpur:203,roster,23,294,0,12,16,ACS Omega,2016,2026
IIT Kharagpur,Sujit Kumar Dash,Civil Engineering,iit_kharagpur:266,roster,26,779,0,11,13,International Journal of Geomechanics,2016,2026
IIT Kharagpur,Prashant Anand,Architecture and Regional Planning,iit_kharagpur:69,roster,35,772,0,11,16,Energy and Buildings,2021,2026
IIT Kharagpur,Shailendra Kumar Varshney,Electronics and Electrical Communication Engg.,iit_kharagpur:419,roster,119,528,0,11,32,Journal of the Optical Society of America B,2016,2026
IIT Kharagpur,Shampa Aich,Metallurgical and Materials Engineering,iit_kharagpur:647,roster,42,522,0,11,14,Journal of Magnetism and Magnetic Materials,2016,2026
IIT Kharagpur,Ashish Ranjan Hota,Electrical Engineering,iit_kharagpur:359,roster,42,522,0,11,18,IEEE Control Systems Letters,2019,2026
IIT Kharagpur,Souvik Chattopadhyay,Electrical Engineering,iit_kharagpur:387,roster,36,510,0,11,16,IEEE Transactions on Power Electronics,2016,2026
IIT Kharagpur,Poulomi Ganguli,Agricultural and Food Engineering,iit_kharagpur:50,roster,48,470,0,11,16,Earth's Future,2019,2026
IIT Kharagpur,Saini Das,Vinod Gupta School of Management,iit_kharagpur:825,roster,16,466,0,11,10,Australasian Journal of Information Systems,2017,2026
IIT Kharagpur,Anindya Sundar Ghosh,Bioscience and Biotechnology,iit_kharagpur:93,roster,43,453,0,11,9,FEMS Microbiology Letters,2016,2026
IIT Kharagpur,Siddhartha Sen,Electrical Engineering,iit_kharagpur:970,roster,27,427,0,11,14,IEEE Transactions on Instrumentation and Measurement,2016,2023
IIT Kharagpur,Ranjit Prasad Bahadur,Bioscience and Biotechnology,iit_kharagpur:103,roster,41,424,0,11,21,"Proteins: Structure, Function, and Bioinformatics",2016,2026
IIT Kharagpur,Parthasarathi Ghosh,Cryogenic Engineering,iit_kharagpur:314,roster,42,414,0,11,10,Cryogenics,2016,2026
IIT Kharagpur,Arghya Deb,Civil Engineering,iit_kharagpur:230,roster,44,389,0,11,32,Journal of Composites for Construction,2016,2026
IIT Kharagpur,Hari V Warrior,Ocean Engg and Naval Architecture,iit_kharagpur:679,roster,33,389,0,11,13,ISH Journal of Hydraulic Engineering,2017,2026
IIT Kharagpur,Sankha Deb,Mechanical Engineering,iit_kharagpur:615,roster,41,382,0,11,16,Journal of Manufacturing Processes,2016,2026
IIT Kharagpur,Kamal Lochan Pruseth,Geology and Geophysics,iit_kharagpur:451,roster,30,377,0,11,16,Lithos,2016,2026
IIT Kharagpur,Manish Kaushal,Chemical Engineering,iit_kharagpur:169,roster,30,377,0,11,26,Physics of Fluids,2019,2026
IIT Kharagpur,Jeevanjyoti Chakraborty,Mechanical Engineering,iit_kharagpur:594,roster,25,374,0,11,14,Journal of Applied Physics,2016,2024
IIT Kharagpur,Shibayan Roy,Materials Science Centre,iit_kharagpur:532,roster,28,374,0,11,17,Materials Science and Engineering: A,2017,2026
IIT Kharagpur,Sharba Bandyopadhyay,Electronics and Electrical Communication Engg.,iit_kharagpur:420,roster,27,368,0,11,20,The Journal of Neuroscience,2019,2026
IIT Kharagpur,Samik Nanda,Chemistry,iit_kharagpur:216,roster,37,349,0,11,16,Organic & Biomolecular Chemistry,2016,2026
IIT Kharagpur,Poornachandra Sekhar Burada,Physics,iit_kharagpur:715,roster,34,347,0,11,26,Physical Review E,2017,2026
IIT Kharagpur,Saikat Chakraborty,Chemical Engineering,iit_kharagpur:890,roster,18,343,0,11,13,Bioresource Technology,2016,2023
IIT Kharagpur,Amar Nath Gupta,Physics,iit_kharagpur:697,roster,27,319,0,11,22,Physical Chemistry Chemical Physics,2019,2025
IIT Kharagpur,Sonali Sengupta,Chemical Engineering,iit_kharagpur:181,roster,34,303,0,11,18,Journal of Environmental Chemical Engineering,2016,2026
IIT Kharagpur,Subhransu Roy,Mechanical Engineering,iit_kharagpur:1054,roster,21,300,0,11,12,Physics of Fluids,2016,2023
IIT Kharagpur,Subrata Chattopadhyay,Architecture and Regional Planning,iit_kharagpur:864,roster,36,299,0,11,17,Papers in Applied Geography,2020,2026
IIT Kharagpur,Budhaditya Mukherjee,School of Medical Science and Technology,iit_kharagpur:783,roster,45,293,0,11,28,Frontiers in Cellular and Infection Microbiology,2020,2026
IIT Kharagpur,Ganesan Mani,Chemistry,iit_kharagpur:197,roster,30,277,0,11,12,Dalton Transactions,2016,2026
IIT Kharagpur,Ganesh Venkataraman,Chemistry,iit_kharagpur:198,roster,29,273,0,11,21,Organic Letters,2021,2026
IIT Kharagpur,Koustuv Ray,Chemical Engineering,iit_kharagpur:167,roster,30,268,0,11,15,Molecular Catalysis,2020,2026
IIT Kharagpur,Saikat Kumar Paul,Architecture and Regional Planning,iit_kharagpur:71,roster,25,965,0,10,13,Journal of Environmental Management,2018,2026
IIT Kharagpur,Sudip Nag,Electronics and Electrical Communication Engg.,iit_kharagpur:990,roster,20,691,0,10,10,Journal of Power Sources,2018,2022
IIT Kharagpur,Jitendra Kumar Jha,Industrial and Systems Engineering,iit_kharagpur:516,roster,19,683,0,10,8,Sādhanā,2016,2024
IIT Kharagpur,Amit Patra,Electrical Engineering,iit_kharagpur:353,roster,77,670,0,10,14,Scientific Reports,2016,2026
IIT Kharagpur,Sriman Kumar Bhattacharyya,Civil Engineering,iit_kharagpur:913,roster,14,575,0,10,12,Construction and Building Materials,2016,2023
IIT Kharagpur,Swati Neogi,Chemical Engineering,iit_kharagpur:189,roster,47,461,0,10,14,Fibers and Polymers,2016,2026
IIT Kharagpur,Nirmalya Ghosh,Electrical Engineering,iit_kharagpur:375,roster,61,444,0,10,11,Computers in Biology and Medicine,2018,2026
IIT Kharagpur,Pallab Dasgupta,Computer Science and Engineering,iit_kharagpur:924,roster,90,417,0,10,15,IEEE Transactions on Computer-Aided Design of Integrated Circuits and Systems,2016,2026
IIT Kharagpur,Pranab Kumar Dutta,Electrical Engineering,iit_kharagpur:377,roster,38,413,0,10,15,"Circuits, Systems, and Signal Processing",2016,2026
IIT Kharagpur,Alok Kanti Deb,Electrical Engineering,iit_kharagpur:352,roster,48,410,0,10,10,IEEE Transactions on Instrumentation and Measurement,2016,2025
IIT Kharagpur,Kaushal Kumar Bhagat,Centre for Interdisciplinary and Convergent Technologies,iit_kharagpur:119,roster,40,400,0,10,20,Educational technology research and development,2019,2026
IIT Kharagpur,Partha Pratim Das,Computer Science and Engineering,iit_kharagpur:925,roster,88,389,0,10,18,IEEE Access,2016,2025
IIT Kharagpur,Manas Paliwal,Metallurgical and Materials Engineering,iit_kharagpur:642,roster,69,386,0,10,38,JOM,2019,2026
IIT Kharagpur,Mohan Das,Agricultural and Food Engineering,iit_kharagpur:45,roster,39,359,0,10,13,International Journal of Biological Macromolecules,2016,2026
IIT Kharagpur,Soumyajit Dey,Computer Science and Engineering,iit_kharagpur:307,roster,89,350,0,10,10,IEEE Embedded Systems Letters,2016,2026
IIT Kharagpur,Jayanta Mukhopadhyay,Computer Science and Engineering,iit_kharagpur:284,roster,89,348,0,10,24,IEEE Journal of Selected Topics in Applied Earth Observations and Remote Sensing,2016,2026
IIT Kharagpur,Sourangshu Bhattacharya,Computer Science and Engineering,iit_kharagpur:308,roster,47,335,0,10,12,IEEE Transactions on Knowledge and Data Engineering,2016,2026
IIT Kharagpur,Rajaram Lakkaraju,Mechanical Engineering,iit_kharagpur:611,roster,57,335,0,10,36,Physics of Fluids,2018,2026
IIT Kharagpur,Dhrubajyoti Sen,Civil Engineering,iit_kharagpur:240,roster,29,312,0,10,11,Journal of Irrigation and Drainage Engineering,2016,2026
IIT Kharagpur,Parthasarathi Chakraborty,"Centre for Ocean, River, Atmosphere and Land Sciences (CORAL)",iit_kharagpur:137,roster,21,306,0,10,15,Science of The Total Environment,2019,2026
IIT Kharagpur,Arindam Mondal,Bioscience and Biotechnology,iit_kharagpur:95,roster,34,306,0,10,22,ACS Applied Nano Materials,2020,2026
IIT Kharagpur,Mruganka Kumar Panigrahi,Geology and Geophysics,iit_kharagpur:454,roster,28,300,0,10,15,Continental Shelf Research,2016,2026
IIT Kharagpur,Prasun Jana,Aerospace Engineering,iit_kharagpur:14,roster,30,295,0,10,17,Mechanics of Advanced Materials and Structures,2019,2026
IIT Kharagpur,Arnab Sarkar,Centre for Interdisciplinary and Convergent Technologies,iit_kharagpur:115,roster,44,286,0,10,15,ACM Transactions on Embedded Computing Systems,2016,2026
IIT Kharagpur,Pralay Mitra,Computer Science and Engineering,iit_kharagpur:295,roster,50,279,0,10,25,Journal of Molecular Modeling,2017,2026
IIT Kharagpur,Nilanjan Das Chakladar,Mechanical Engineering,iit_kharagpur:602,roster,22,275,0,10,15,Journal of Manufacturing Processes,2021,2026
IIT Kharagpur,Rajiv Nandan Rai,Subir Chowdhury School of Quality and Reliability,iit_kharagpur:807,roster,41,271,0,10,10,Journal of Mechanical Science and Technology,2018,2026
IIT Kharagpur,Goutam Das,Electronics and Electrical Communication Engg.,iit_kharagpur:403,roster,34,268,0,10,15,Journal of Lightwave Technology,2016,2026
IIT Kharagpur,Koushik Biswas,Metallurgical and Materials Engineering,iit_kharagpur:641,roster,12,264,0,10,5,Journal of Electroanalytical Chemistry,2018,2025
IIT Kharagpur,Sudha Agrahari,Geology and Geophysics,iit_kharagpur:472,roster,41,256,0,10,9,Journal of Earth System Science,2017,2026
IIT Kharagpur,Siddhartha Mukhopadhyay,Electrical Engineering,iit_kharagpur:385,roster,40,252,0,10,12,IFAC-PapersOnLine,2016,2026
IIT Kharagpur,Riddhiman Dhar,Bioscience and Biotechnology,iit_kharagpur:104,roster,25,244,0,10,13,eLife,2018,2026
IIT Kharagpur,Sunil Manohar Dash,Aerospace Engineering,iit_kharagpur:22,roster,30,217,0,10,11,Physics of Fluids,2019,2026
IIT Kharagpur,Sujoy Kanti Ghosh,Geology and Geophysics,iit_kharagpur:473,roster,19,212,0,10,10,Geophysical Research Letters,2016,2025
IIT Kharagpur,Manab Kumar Das,Mechanical Engineering,iit_kharagpur:599,roster,12,208,0,10,7,European Journal of Mechanics - B/Fluids,2016,2024
IIT Kharagpur,Subhadip Dey,Agricultural and Food Engineering,iit_kharagpur:61,roster,43,207,0,10,15,IEEE Transactions on Geoscience and Remote Sensing,2022,2026
IIT Kharagpur,Pulak Mishra,Humanities and Social Sciences,iit_kharagpur:502,roster,35,894,0,9,10,Journal of Cleaner Production,2016,2026
IIT Kharagpur,Chanchal Kumar Mukherjee,Agricultural and Food Engineering,iit_kharagpur:844,roster,11,630,0,9,6,International Journal of Hydrogen Energy,2016,2019
IIT Kharagpur,Bimal Kishore Sahoo,Humanities and Social Sciences,iit_kharagpur:483,roster,30,566,0,9,10,Journal of Quantitative Economics,2016,2026
IIT Kharagpur,Inder Sekhar Yadav,Humanities and Social Sciences,iit_kharagpur:490,roster,31,555,0,9,5,Asia-Pacific Financial Markets,2017,2026
IIT Kharagpur,V N Achutha Naikan,Subir Chowdhury School of Quality and Reliability,iit_kharagpur:809,roster,29,493,0,9,9,Journal of Quality in Maintenance Engineering,2016,2026
IIT Kharagpur,Manish Bhattacharjee,Chemistry,iit_kharagpur:202,roster,26,462,0,9,16,European Journal of Organic Chemistry,2016,2026
IIT Kharagpur,Ratna Dutta,Mathematics,iit_kharagpur:566,roster,73,429,0,9,18,Journal of Information Security and Applications,2016,2026
IIT Kharagpur,Joy Sen,Architecture and Regional Planning,iit_kharagpur:68,roster,34,402,0,9,14,Energy and Buildings,2016,2026
IIT Kharagpur,Partha Pratim Jana,Chemistry,iit_kharagpur:209,roster,78,392,0,9,41,Inorganic Chemistry,2017,2026
IIT Kharagpur,Debashis Sen,Electronics and Electrical Communication Engg.,iit_kharagpur:400,roster,44,388,0,9,18,IET Image Processing,2016,2026
IIT Kharagpur,Ashis Kumar Datta,Agricultural and Food Engineering,iit_kharagpur:842,roster,17,386,0,9,8,Journal of Food Process Engineering,2016,2023
IIT Kharagpur,Krothapalli Sreenivasa Rao,Computer Science and Engineering,iit_kharagpur:286,roster,67,354,0,9,19,International Journal of Speech Technology,2016,2026
IIT Kharagpur,Siddhartha Chattopadhyay,Humanities and Social Sciences,iit_kharagpur:507,roster,18,354,0,9,9,Scientific Reports,2017,2025
IIT Kharagpur,Mohammed Rabius Sunny,Aerospace Engineering,iit_kharagpur:11,roster,29,343,0,9,17,Mechanics of Advanced Materials and Structures,2018,2026
IIT Kharagpur,Anushree Roy,Physics,iit_kharagpur:700,roster,46,342,0,9,23,Physical Review B,2016,2026
IIT Kharagpur,Chacko Jacob,Materials Science Centre,iit_kharagpur:1025,roster,18,340,0,9,13,IEEE Sensors Journal,2018,2026
IIT Kharagpur,Shubha Verma,Civil Engineering,iit_kharagpur:262,roster,18,337,0,9,12,Atmospheric Research,2016,2025
IIT Kharagpur,Partha Pratim Chakrabarti,Computer Science and Engineering,iit_kharagpur:293,roster,82,335,0,9,15,ACM Transactions on Design Automation of Electronic Systems,2016,2026
IIT Kharagpur,Debraj Choudhury,Physics,iit_kharagpur:704,roster,27,335,0,9,21,Physical Review B,2016,2026
IIT Kharagpur,Satyahari Dey,Bioscience and Biotechnology,iit_kharagpur:871,roster,11,328,0,9,9,Biomolecules,2016,2023
IIT Kharagpur,Kiran Ramakant Gore,Chemistry,iit_kharagpur:199,roster,26,313,0,9,13,Bioorganic & Medicinal Chemistry,2020,2026
IIT Kharagpur,Vikranth Racherla,Mechanical Engineering,iit_kharagpur:626,roster,37,308,0,9,14,The International Journal of Advanced Manufacturing Technology,2018,2026
IIT Kharagpur,Lisa Roy,Education,iit_kharagpur:349,roster,31,302,0,9,26,Organic Letters,2023,2026
IIT Kharagpur,Sujoy Kumar Kar,Metallurgical and Materials Engineering,iit_kharagpur:652,roster,33,300,0,9,17,Transactions of the Indian Institute of Metals,2017,2026
IIT Kharagpur,Basanta Kumar Prusty,Mining Engineering,iit_kharagpur:661,roster,14,298,0,9,10,Energy & Fuels,2016,2026
IIT Kharagpur,Utpal Sarkar,Physics,iit_kharagpur:1103,roster,14,297,0,9,10,Physical Review D,2016,2021
IIT Kharagpur,Bhaskar Bhowmick,Rajendra Mishra School of Engg Entrepreneurship,iit_kharagpur:741,roster,33,295,0,9,10,Technology Analysis & Strategic Management,2016,2026
IIT Kharagpur,Renji Remesan,School of Water Resources,iit_kharagpur:801,roster,24,294,0,9,14,Journal of Water and Climate Change,2018,2026
IIT Kharagpur,Sankar Kumar Nath,Geology and Geophysics,iit_kharagpur:1001,roster,26,290,0,9,5,Journal of Seismology,2016,2025
IIT Kharagpur,Amlan Dutta,Metallurgical and Materials Engineering,iit_kharagpur:627,roster,26,274,0,9,20,Computational Materials Science,2017,2026
IIT Kharagpur,Ahindra Nag,Chemistry,iit_kharagpur:894,roster,18,270,0,9,5,RSC Advances,2016,2021
IIT Kharagpur,Jayanta Chakraborty,Chemical Engineering,iit_kharagpur:165,roster,20,270,0,9,14,Powder Technology,2018,2026
IIT Kharagpur,Dibyendu Samanta,Bioscience and Biotechnology,iit_kharagpur:96,roster,29,270,0,9,22,Biochemical and Biophysical Research Communications,2018,2026
IIT Kharagpur,Soumya De,Bioscience and Biotechnology,iit_kharagpur:109,roster,31,267,0,9,15,International Journal of Biological Macromolecules,2016,2026
IIT Kharagpur,Mihir Kumar Dash,"Centre for Ocean, River, Atmosphere and Land Sciences (CORAL)",iit_kharagpur:134,roster,32,267,0,9,19,International Journal of Climatology,2016,2026
IIT Kharagpur,Narayan Chandra Nayak,Humanities and Social Sciences,iit_kharagpur:499,roster,33,266,0,9,8,Journal of Public Affairs,2016,2026
IIT Kharagpur,Gnaneshwar Nelakanti,Mathematics,iit_kharagpur:550,roster,41,263,0,9,5,International Journal of Computer Mathematics,2016,2026
IIT Kharagpur,Gayatri Mukherjee,School of Medical Science and Technology,iit_kharagpur:785,roster,35,262,0,9,18,International Journal of Biological Macromolecules,2019,2026
IIT Kharagpur,Gargi Das,Chemical Engineering,iit_kharagpur:162,roster,35,260,0,9,32,Physics of Fluids,2016,2026
IIT Kharagpur,Sarani Bhattacharya,Computer Science and Engineering,iit_kharagpur:300,roster,34,256,0,9,2,Journal of Hardware and Systems Security,2016,2026
IIT Kharagpur,Damodar Suar,Humanities and Social Sciences,iit_kharagpur:1009,roster,18,255,0,9,3,Global Business Review,2016,2021
IIT Kharagpur,Jenia Mukherjee,Humanities and Social Sciences,iit_kharagpur:491,roster,63,251,0,9,14,Frontiers in Water,2017,2026
IIT Kharagpur,Sandeep Kumar Reddy,Centre for Computational and Data Sciences,iit_kharagpur:113,roster,22,236,0,9,17,Langmuir,2021,2026
IIT Kharagpur,Maruthi Manoj Brundavanam,Physics,iit_kharagpur:711,roster,40,235,0,9,19,Optics Letters,2016,2026
IIT Kharagpur,Manish Atmaprakash Mamtani,Geology and Geophysics,iit_kharagpur:452,roster,29,235,0,9,17,Journal of Structural Geology,2016,2026
IIT Kharagpur,Prithwiraj Dey,Agricultural and Food Engineering,iit_kharagpur:52,roster,31,234,0,9,19,Communications in Soil Science and Plant Analysis,2023,2026
IIT Kharagpur,Rupanwita Gayen,Mathematics,iit_kharagpur:567,roster,33,227,0,9,13,Applied Ocean Research,2016,2026
IIT Kharagpur,Puneet Kumar Patra,Civil Engineering,iit_kharagpur:256,roster,33,223,0,9,15,Physical Review E,2016,2026
IIT Kharagpur,Chittaranjan Mandal,Computer Science and Engineering,iit_kharagpur:279,roster,42,220,0,9,14,IEEE Transactions on Communications,2016,2026
IIT Kharagpur,Manoranjan Sinha,Aerospace Engineering,iit_kharagpur:9,roster,32,216,0,9,11,"Journal of Guidance, Control, and Dynamics",2016,2025
IIT Kharagpur,Santanu Chattopadhyay,Electronics and Electrical Communication Engg.,iit_kharagpur:415,roster,17,214,0,9,5,IEEE Transactions on Very Large Scale Integration (VLSI) Systems,2016,2026
IIT Kharagpur,Brajesh Kumar Panda,Agricultural and Food Engineering,iit_kharagpur:32,roster,14,193,0,9,8,Food Chemistry,2021,2025
IIT Kharagpur,Dipankar Debnath,Electrical Engineering,iit_kharagpur:371,roster,31,191,0,9,11,IEEE Journal of Emerging and Selected Topics in Industrial Electronics,2018,2026
IIT Kharagpur,Umesh Chandra Gupta,Mathematics,iit_kharagpur:1038,roster,20,190,0,9,4,Methodology and Computing in Applied Probability,2017,2022
IIT Kharagpur,Anup Ghosh,Aerospace Engineering,iit_kharagpur:4,roster,18,187,0,9,9,Journal of Intelligent Material Systems and Structures,2018,2026
IIT Kharagpur,Kapil Debnath,Electronics and Electrical Communication Engg.,iit_kharagpur:983,roster,27,179,0,9,11,IEEE Sensors Journal,2018,2025
IIT Kharagpur,Debamalya Banerjee,Physics,iit_kharagpur:702,roster,22,157,0,9,13,The Journal of Physical Chemistry C,2018,2026
IIT Kharagpur,Subhasish Tripathy,Geology and Geophysics,iit_kharagpur:1004,roster,20,679,0,8,13,Chemical Engineering Journal,2016,2026
IIT Kharagpur,Debasis Bhattacharya,Materials Science Centre,iit_kharagpur:1026,roster,9,526,0,8,8,RSC Advances,2016,2017
IIT Kharagpur,Monojit Chakraborty,Chemical Engineering,iit_kharagpur:170,roster,24,386,0,8,22,Langmuir,2017,2026
IIT Kharagpur,Achanta Naga Venkata Satyanarayana,"Centre for Ocean, River, Atmosphere and Land Sciences (CORAL)",iit_kharagpur:130,roster,25,380,0,8,8,Pure and Applied Geophysics,2017,2026
IIT Kharagpur,Sudhindra Nath Panda,Agricultural and Food Engineering,iit_kharagpur:854,roster,12,363,0,8,9,Water Resources Management,2016,2022
IIT Kharagpur,Mira Mitra,Aerospace Engineering,iit_kharagpur:10,roster,32,337,0,8,9,Sādhanā,2020,2026
IIT Kharagpur,Indranath Chakraborty,Nano Science and Technology,iit_kharagpur:674,roster,23,310,0,8,19,Small,2022,2026
IIT Kharagpur,Debasis Roy,Civil Engineering,iit_kharagpur:239,roster,19,308,0,8,3,Geomicrobiology Journal,2016,2026
IIT Kharagpur,Joydeep Banerjee,Agricultural and Food Engineering,iit_kharagpur:42,roster,29,299,0,8,11,Frontiers in Plant Science,2017,2026
IIT Kharagpur,Sourav Mondal,Chemical Engineering,iit_kharagpur:182,roster,33,291,0,8,24,Physics of Fluids,2017,2026
IIT Kharagpur,Rajiv Ranjan Sahay,Electrical Engineering,iit_kharagpur:378,roster,17,273,0,8,4,The Visual Computer,2016,2025
IIT Kharagpur,Somnath Ghosal,Centre for Rural Development and Innovative Sustainable Technology,iit_kharagpur:142,roster,24,271,0,8,8,"Environment, Development and Sustainability",2019,2026
IIT Kharagpur,Rajarshi Roy,Electronics and Electrical Communication Engg.,iit_kharagpur:413,roster,23,268,0,8,11,IEEE Transactions on Vehicular Technology,2016,2025
IIT Kharagpur,Neeraj Kumar Goyal,Subir Chowdhury School of Quality and Reliability,iit_kharagpur:806,roster,29,248,0,8,6,Life Cycle Reliability and Safety Engineering,2016,2026
IIT Kharagpur,Murali Mohan Bosukonda,Electrical Engineering,iit_kharagpur:964,roster,19,244,0,8,6,IFAC-PapersOnLine,2016,2025
IIT Kharagpur,Somdeb Bose Dasgupta,Bioscience and Biotechnology,iit_kharagpur:108,roster,22,236,0,8,13,Langmuir,2018,2026
IIT Kharagpur,Baidurya Bhattacharya,Civil Engineering,iit_kharagpur:233,roster,31,235,0,8,21,Journal of Bridge Engineering,2016,2025
IIT Kharagpur,Tanmoy Bhattacharya,Electrical Engineering,iit_kharagpur:389,roster,37,227,0,8,13,IEEE Transactions on Industry Applications,2016,2026
IIT Kharagpur,Anirban Bhattacharyya,Ocean Engg and Naval Architecture,iit_kharagpur:676,roster,28,224,0,8,14,Ocean Engineering,2018,2026
IIT Kharagpur,Paresh Nath Singha Roy,Geology and Geophysics,iit_kharagpur:456,roster,48,220,0,8,17,Journal of Geophysical Research: Solid Earth,2018,2026
IIT Kharagpur,Vishwanath Nagarajan,Ocean Engg and Naval Architecture,iit_kharagpur:692,roster,32,215,0,8,12,Journal of Marine Science and Technology,2016,2026
IIT Kharagpur,Tanmaya Pathak,Chemistry,iit_kharagpur:904,roster,20,212,0,8,10,ChemistrySelect,2016,2024
IIT Kharagpur,Sabyasachi Maiti,Geology and Geophysics,iit_kharagpur:462,roster,17,209,0,8,4,Journal of Earth System Science,2016,2026
IIT Kharagpur,Ram Babu Roy,Rajendra Mishra School of Engg Entrepreneurship,iit_kharagpur:747,roster,26,207,0,8,5,Asia Pacific Journal of Public Health,2017,2026
IIT Kharagpur,Sukanta Mandal,Chemistry,iit_kharagpur:222,roster,15,205,0,8,11,Dalton Transactions,2016,2026
IIT Kharagpur,Rajib Mall,Computer Science and Engineering,iit_kharagpur:928,roster,29,204,0,8,6,Computer Standards & Interfaces,2016,2025
IIT Kharagpur,Pranab Kumar Dan,Rajendra Mishra School of Engg Entrepreneurship,iit_kharagpur:1104,roster,46,203,0,8,8,Journal of Manufacturing Technology Management,2016,2025
IIT Kharagpur,Somesh Kumar,Mathematics,iit_kharagpur:568,roster,58,199,0,8,10,Communications in Statistics - Theory and Methods,2016,2026
IIT Kharagpur,Arun Kumar Majumder,Mining Engineering,iit_kharagpur:660,roster,18,197,0,8,11,Mineral Processing and Extractive Metallurgy Review,2016,2026
IIT Kharagpur,Paramita Bhattacharya,Civil Engineering,iit_kharagpur:253,roster,25,196,0,8,10,International Journal of Geomechanics,2016,2026
IIT Kharagpur,Arup Das,Architecture and Regional Planning,iit_kharagpur:64,roster,19,193,0,8,16,Land Use Policy,2016,2026
IIT Kharagpur,Saswat Chakrabarti,G.S Sanyal School of Telecommunication,iit_kharagpur:440,roster,34,193,0,8,17,IEEE Transactions on Vehicular Technology,2016,2026
IIT Kharagpur,William Kumar Mohanty,Geology and Geophysics,iit_kharagpur:475,roster,38,189,0,8,12,Journal of Earth System Science,2016,2026
IIT Kharagpur,Prabha Bhola,Rajendra Mishra School of Engg Entrepreneurship,iit_kharagpur:746,roster,22,188,0,8,9,Total Quality Management & Business Excellence,2016,2026
IIT Kharagpur,Srabani Taraphder,Chemistry,iit_kharagpur:221,roster,24,181,0,8,10,The Journal of Physical Chemistry B,2016,2026
IIT Kharagpur,Anindya Sundar Dhar,Electronics and Electrical Communication Engg.,iit_kharagpur:394,roster,49,178,0,8,11,"Circuits, Systems, and Signal Processing",2016,2026
IIT Kharagpur,Sankha Mukherjee,Metallurgical and Materials Engineering,iit_kharagpur:646,roster,18,172,0,8,15,ACS Applied Materials & Interfaces,2021,2026
IIT Kharagpur,Soumyadip Choudhury,Rubber Technology,iit_kharagpur:781,roster,25,160,0,8,17,ACS Applied Materials & Interfaces,2021,2026
IIT Kharagpur,Gourab Dutta,Electronics and Electrical Communication Engg.,iit_kharagpur:402,roster,20,159,0,8,12,IEEE Transactions on Electron Devices,2020,2026
IIT Kharagpur,Biswajit Samanta,Mining Engineering,iit_kharagpur:662,roster,26,153,0,8,12,Scientific Reports,2016,2026
IIT Kharagpur,Shanker Lal Shrivastava,Agricultural and Food Engineering,iit_kharagpur:852,roster,13,152,0,8,4,Journal of Food Process Engineering,2016,2020
IIT Kharagpur,Gourishankar S Hiremath,Humanities and Social Sciences,iit_kharagpur:488,roster,20,147,0,8,3,Journal of Quantitative Economics,2017,2026
IIT Kharagpur,Kiran Vijayan,Ocean Engg and Naval Architecture,iit_kharagpur:682,roster,27,142,0,8,11,Procedia Structural Integrity,2017,2024
IIT Kharagpur,Arun Kumar Misra,Vinod Gupta School of Management,iit_kharagpur:815,roster,18,140,0,8,2,Cogent Economics & Finance,2019,2026
IIT Kharagpur,Shashi Prakash Sharma,Geology and Geophysics,iit_kharagpur:468,roster,16,119,0,8,5,Geophysics,2017,2025
IIT Kharagpur,Somnath Sen,Architecture and Regional Planning,iit_kharagpur:863,roster,7,803,0,7,6,Journal of Environmental Management,2018,2020
IIT Kharagpur,Adway Mitra,Artificial Intelligence,iit_kharagpur:77,roster,37,419,0,7,10,Science of The Total Environment,2020,2026
IIT Kharagpur,Ahin Roy,Materials Science Centre,iit_kharagpur:523,roster,31,361,0,7,23,Journal of Materials Chemistry A,2023,2026
IIT Kharagpur,Subhabrata Ray,Chemical Engineering,iit_kharagpur:891,roster,9,312,0,7,5,Physics of Fluids,2018,2021
IIT Kharagpur,Probal Sengupta,Geology and Geophysics,iit_kharagpur:457,roster,24,274,0,7,9,Journal of Environmental and Engineering Geophysics,2016,2026
IIT Kharagpur,Abir Das,Computer Science and Engineering,iit_kharagpur:273,roster,18,263,0,7,2,IEEE Transactions on Pattern Analysis and Machine Intelligence,2019,2026
IIT Kharagpur,Sajal Dhara,Physics,iit_kharagpur:722,roster,18,261,0,7,14,Nano Letters,2017,2026
IIT Kharagpur,Rajlakshmi Guha,Rekhi Centre of Excellence for the Science of Happiness,iit_kharagpur:775,roster,38,258,0,7,8,IEEE Transactions on Affective Computing,2017,2026
IIT Kharagpur,Sutapa Das,Architecture and Regional Planning,iit_kharagpur:865,roster,11,250,0,7,5,Journal of The Institution of Engineers (India): Series A,2016,2021
IIT Kharagpur,Melinda Kumar Bera,Geology and Geophysics,iit_kharagpur:453,roster,16,243,0,7,12,Sedimentology,2016,2025
IIT Kharagpur,Amrita Sen,Humanities and Social Sciences,iit_kharagpur:476,roster,29,243,0,7,13,SN Social Sciences,2019,2026
IIT Kharagpur,Anindya Sarkar,Geology and Geophysics,iit_kharagpur:998,roster,15,238,0,7,7,Rapid Communications in Mass Spectrometry,2016,2024
IIT Kharagpur,Mamoni Banerjee,Rajendra Mishra School of Engg Entrepreneurship,iit_kharagpur:743,roster,32,230,0,7,10,Food Bioscience,2020,2026
IIT Kharagpur,Padmavati Manchikanti,Rajiv Gandhi School of Intellectual Property Law,iit_kharagpur:759,roster,27,224,0,7,9,International Journal of Biological Macromolecules,2017,2026
IIT Kharagpur,Suverna Trivedi,Chemical Engineering,iit_kharagpur:187,roster,15,222,0,7,14,Journal of Materials Chemistry A,2024,2026
IIT Kharagpur,Chenna Rao Borra,Metallurgical and Materials Engineering,iit_kharagpur:631,roster,23,214,0,7,11,Journal of Sustainable Metallurgy,2020,2026
IIT Kharagpur,Debashish Sengupta,Geology and Geophysics,iit_kharagpur:1000,roster,18,211,0,7,9,Geosystems and Geoenvironment,2022,2025
IIT Kharagpur,Atul Jain,Mechanical Engineering,iit_kharagpur:587,roster,27,209,0,7,12,Mechanics of Materials,2019,2026
IIT Kharagpur,Mainack Mondal,Computer Science and Engineering,iit_kharagpur:287,roster,37,199,0,7,1,International Journal of Advances in Engineering Sciences and Applied Mathematics,2017,2026
IIT Kharagpur,Plaban Kumar Bhowmick,Artificial Intelligence,iit_kharagpur:84,roster,23,187,0,7,10,Journal of Information Science,2016,2026
IIT Kharagpur,Kailash Bihari Lal Srivastava,Humanities and Social Sciences,iit_kharagpur:493,roster,16,185,0,7,2,Evidence-based HRM: a Global Forum for Empirical Scholarship,2016,2026
IIT Kharagpur,Ranadev Datta,Ocean Engg and Naval Architecture,iit_kharagpur:687,roster,30,185,0,7,13,Applied Ocean Research,2017,2026
IIT Kharagpur,Vidya Kochat,Materials Science Centre,iit_kharagpur:535,roster,16,185,0,7,13,Optical Materials,2021,2026
IIT Kharagpur,Manish Pandey,Civil Engineering,iit_kharagpur:249,roster,14,185,0,7,2,Journal of Hydrologic Engineering,2022,2026
IIT Kharagpur,Kanishka Bhunia,Agricultural and Food Engineering,iit_kharagpur:43,roster,15,179,0,7,9,Journal of Food Engineering,2019,2026
IIT Kharagpur,Susmita Mukhopadhyay,Vinod Gupta School of Management,iit_kharagpur:831,roster,12,177,0,7,2,International Journal of Organizational Analysis,2016,2026
IIT Kharagpur,Rajesh Kannan M,Mathematics,iit_kharagpur:orcid:0000-0001-8038-1795,ORCID record,19,176,0,7,8,Linear and Multilinear Algebra,2017,2022
IIT Kharagpur,Amiya Ranjan Mohanty,Mechanical Engineering,iit_kharagpur:581,roster,29,175,0,7,3,Journal of Vibration Engineering & Technologies,2016,2026
IIT Kharagpur,Praphulla Chandra Shukla,School of Medical Science and Technology,iit_kharagpur:791,roster,32,174,0,7,14,Molecular Biology Reports,2020,2026
IIT Kharagpur,Bibhas Adhikari,Mathematics,iit_kharagpur:1030,roster,33,173,0,7,14,Linear Algebra and its Applications,2016,2024
IIT Kharagpur,Dhrubes Biswas,Electronics and Electrical Communication Engg.,iit_kharagpur:981,roster,22,173,0,7,8,Electronic Materials Letters,2016,2019
IIT Kharagpur,Bhaskar Bhaduri,Chemical Engineering,iit_kharagpur:159,roster,15,173,0,7,4,Materials Letters,2022,2026
IIT Kharagpur,Prabina Rajib,Vinod Gupta School of Management,iit_kharagpur:823,roster,17,172,0,7,0,Global Business Review,2016,2025
IIT Kharagpur,Amitabha Bhattacharya,Electronics and Electrical Communication Engg.,iit_kharagpur:391,roster,38,172,0,7,14,IEEE Transactions on Antennas and Propagation,2018,2026
IIT Kharagpur,Debashree Guha Adhya,School of Medical Science and Technology,iit_kharagpur:784,roster,43,166,0,7,14,International Journal of Intelligent Systems,2019,2026
IIT Kharagpur,Barnali Nag,Vinod Gupta School of Management,iit_kharagpur:816,roster,13,165,0,7,5,Benchmarking: An International Journal,2020,2025
IIT Kharagpur,Gayatri Mishra,Agricultural and Food Engineering,iit_kharagpur:37,roster,10,160,0,7,5,Journal of Texture Studies,2023,2025
IIT Kharagpur,Nirjhar Dhang,Civil Engineering,iit_kharagpur:252,roster,15,159,0,7,7,International Journal of Geomechanics,2017,2025
IIT Kharagpur,Sujoy Bhattacharya,Vinod Gupta School of Management,iit_kharagpur:830,roster,16,150,0,7,4,International Journal of Pharmaceutical and Healthcare Marketing,2017,2024
IIT Kharagpur,Venkappayya R Desai,Civil Engineering,iit_kharagpur:916,roster,15,145,0,7,5,Arabian Journal of Geosciences,2016,2025
IIT Kharagpur,Aritra Hazra,Computer Science and Engineering,iit_kharagpur:275,roster,43,144,0,7,5,ACM Transactions on Design Automation of Electronic Systems,2017,2026
IIT Kharagpur,Sangeeta Das Bhattacharya,School of Medical Science and Technology,iit_kharagpur:1119,roster,25,135,0,7,14,Human Vaccines & Immunotherapeutics,2016,2025
IIT Kharagpur,Anirvan Dasgupta,Mechanical Engineering,iit_kharagpur:583,roster,30,133,0,7,18,Nonlinear Dynamics,2016,2026
IIT Kharagpur,Ashis Bhattacherjee,Mining Engineering,iit_kharagpur:1069,roster,13,133,0,7,2,International Journal of Occupational Safety and Ergonomics,2016,2024
IIT Kharagpur,Sandeep Saha,Aerospace Engineering,iit_kharagpur:17,roster,29,132,0,7,12,Physics of Fluids,2016,2025
IIT Kharagpur,Nabanita Datta,Ocean Engg and Naval Architecture,iit_kharagpur:1087,roster,12,132,0,7,4,Mechanics Based Design of Structures and Machines,2017,2023
IIT Kharagpur,Ankush Bag,Electronics and Electrical Communication Engg.,iit_kharagpur:396,roster,16,131,0,7,6,IEEE Transactions on Electron Devices,2016,2026
IIT Kharagpur,Suhita Chopra Chatterjee,Humanities and Social Sciences,iit_kharagpur:1015,roster,15,126,0,7,3,Indian Journal of Palliative Care,2016,2026
IIT Kharagpur,Gour Prasad Das,Metallurgical and Materials Engineering,iit_kharagpur:1059,roster,10,124,0,7,5,Journal of Magnetism and Magnetic Materials,2019,2022
IIT Kharagpur,Pranab Deb,"Centre for Ocean, River, Atmosphere and Land Sciences (CORAL)",iit_kharagpur:138,roster,32,116,0,7,20,Bulletin of the American Meteorological Society,2018,2026
IIT Kharagpur,Achintya Dhar,Physics,iit_kharagpur:693,roster,13,114,0,7,10,Applied Surface Science,2016,2025
IIT Kharagpur,Sandipan Sengupta,Physics,iit_kharagpur:725,roster,17,96,0,7,11,Physical Review D,2016,2026
IIT Kharagpur,Arunabha Mitra,Agricultural and Food Engineering,iit_kharagpur:841,roster,7,378,0,6,3,International Journal of Hydrogen Energy,2016,2019
IIT Kharagpur,Shivendu Ranjan,Nano Science and Technology,iit_kharagpur:675,roster,14,223,0,6,10,ChemistrySelect,2022,2026
IIT Kharagpur,Prem Chand Pandey,"Centre for Ocean, River, Atmosphere and Land Sciences (CORAL)",iit_kharagpur:876,roster,7,197,0,6,4,Environmental Research Letters,2018,2021
IIT Kharagpur,Vivek Dixit,Electronics and Electrical Communication Engg.,iit_kharagpur:428,roster,18,187,0,6,4,Microwave and Optical Technology Letters,2017,2026
IIT Kharagpur,Dhananjay Kumar Srivastava,Mechanical Engineering,iit_kharagpur:591,roster,18,182,0,6,4,Environmental Progress & Sustainable Energy,2017,2025
IIT Kharagpur,Sandeep D Kulkarni,Deysarkar Centre of Petroleum and Energy Transition,iit_kharagpur:320,roster,25,182,0,6,12,Journal of Petroleum Science and Engineering,2019,2026
IIT Kharagpur,Partha Roy Chaudhuri,Physics,iit_kharagpur:713,roster,42,173,0,6,5,Optik,2016,2026
IIT Kharagpur,Pradip Kumar Chakraborty,Chemistry,iit_kharagpur:211,roster,20,172,0,6,11,Dalton Transactions,2020,2026
IIT Kharagpur,Ratan Joarder,Aerospace Engineering,iit_kharagpur:16,roster,25,168,0,6,8,International Journal of Heat and Mass Transfer,2016,2026
IIT Kharagpur,Prodip Kumar Sen,Metallurgical and Materials Engineering,iit_kharagpur:1065,roster,6,166,0,6,4,steel research international,2016,2021
IIT Kharagpur,N K Kishore,Electrical Engineering,iit_kharagpur:965,roster,9,163,0,6,5,"IET Generation, Transmission & Distribution",2016,2024
IIT Kharagpur,Ajay Kumar Mishra,Vinod Gupta School of Management,iit_kharagpur:811,roster,19,162,0,6,8,Finance Research Letters,2020,2026
IIT Kharagpur,Somnath Sengupta,Centre for Interdisciplinary and Convergent Technologies,iit_kharagpur:127,roster,24,155,0,6,7,IFAC-PapersOnLine,2016,2026
IIT Kharagpur,Jatindra Nath Roy,Centre for Interdisciplinary and Convergent Technologies,iit_kharagpur:874,roster,9,153,0,6,3,Energies,2020,2022
IIT Kharagpur,Shyamal Kumar Das Mandal,Centre for Interdisciplinary and Convergent Technologies,iit_kharagpur:126,roster,39,152,0,6,6,International Journal of Speech Technology,2016,2026
IIT Kharagpur,Arunjyoti Sarkar,Ocean Engg and Naval Architecture,iit_kharagpur:678,roster,14,149,0,6,5,Journal of Vibration Engineering & Technologies,2017,2025
IIT Kharagpur,M Amaranatha Reddy,Civil Engineering,iit_kharagpur:246,roster,15,147,0,6,8,Road Materials and Pavement Design,2016,2026
IIT Kharagpur,Dheeman Chatterjee,Electrical Engineering,iit_kharagpur:370,roster,27,132,0,6,6,IEEE Transactions on Industry Applications,2017,2026
IIT Kharagpur,Indranil Ghosh,Cryogenic Engineering,iit_kharagpur:313,roster,17,131,0,6,10,Applied Thermal Engineering,2016,2024
IIT Kharagpur,Banibrata Mukherjee,Centre for Interdisciplinary and Convergent Technologies,iit_kharagpur:117,roster,31,131,0,6,7,IEEE Transactions on Instrumentation and Measurement,2018,2026
IIT Kharagpur,Geetanjali Panda,Mathematics,iit_kharagpur:549,roster,25,129,0,6,4,Journal of Applied Mathematics and Computing,2016,2026
IIT Kharagpur,Chandal Nahak,Mathematics,iit_kharagpur:543,roster,36,127,0,6,7,Optimization,2016,2026
IIT Kharagpur,Abhijit Bhattacharya,Geology and Geophysics,iit_kharagpur:997,roster,10,124,0,6,7,Lithosphere,2016,2023
IIT Kharagpur,Chandra Sekhar Mishra,Vinod Gupta School of Management,iit_kharagpur:818,roster,15,123,0,6,1,Global Business Review,2016,2026
IIT Kharagpur,Bibhuti Bhusan Mandal,Mining Engineering,iit_kharagpur:1070,roster,43,120,0,6,7,"Mining, Metallurgy & Exploration",2018,2026
IIT Kharagpur,Mihir Sarangi,Mechanical Engineering,iit_kharagpur:601,roster,15,118,0,6,4,Journal of Tribology,2016,2026
IIT Kharagpur,Bhargab Bikram Bhattacharya,Computer Science and Engineering,iit_kharagpur:920,roster,20,118,0,6,4,IEEE Transactions on Computer-Aided Design of Integrated Circuits and Systems,2019,2023
IIT Kharagpur,Dipakranjan Mal,Chemistry,iit_kharagpur:898,roster,16,116,0,6,8,ChemInform,2016,2018
IIT Kharagpur,Amit Kumar Dutta,G.S Sanyal School of Telecommunication,iit_kharagpur:434,roster,26,115,0,6,18,IEEE Transactions on Vehicular Technology,2020,2026
IIT Kharagpur,Kamlesh Narayan Tiwari,Agricultural and Food Engineering,iit_kharagpur:846,roster,17,114,0,6,5,"Environment, Development and Sustainability",2016,2023
IIT Kharagpur,Parama Barai,Vinod Gupta School of Management,iit_kharagpur:822,roster,13,112,0,6,1,Applied Economics,2016,2025
IIT Kharagpur,Soumajit Pramanik,Computer Science and Engineering,iit_kharagpur:305,roster,13,108,0,6,5,Social Network Analysis and Mining,2016,2026
IIT Kharagpur,Kamal Lochan Panigrahi,Physics,iit_kharagpur:708,roster,25,108,0,6,14,Journal of High Energy Physics,2016,2026
IIT Kharagpur,Nitin Gupta,Mathematics,iit_kharagpur:559,roster,42,108,0,6,0,Communications in Statistics - Theory and Methods,2018,2026
IIT Kharagpur,Goutam Sen,Industrial and Systems Engineering,iit_kharagpur:514,roster,17,106,0,6,7,Computers & Industrial Engineering,2017,2026
IIT Kharagpur,Sourendra Kumar Bhattacharya,Geology and Geophysics,iit_kharagpur:1002,roster,10,105,0,6,5,Rapid Communications in Mass Spectrometry,2019,2022
IIT Kharagpur,Aritri Bir,Dr B C Roy Multi Speciality Medical Research Centre,iit_kharagpur:325,roster,11,102,0,6,3,Cureus,2023,2026
IIT Kharagpur,Sourav Patra,Electrical Engineering,iit_kharagpur:386,roster,21,101,0,6,7,"Journal of Dynamic Systems, Measurement, and Control",2016,2026
IIT Kharagpur,Pragya Shukla,Physics,iit_kharagpur:716,roster,29,101,0,6,12,Journal of Physics A: Mathematical and Theoretical,2016,2026
IIT Kharagpur,Dilip Kumar Baidya,Civil Engineering,iit_kharagpur:241,roster,9,100,0,6,4,Journal of Geotechnical and Geoenvironmental Engineering,2016,2026
IIT Kharagpur,Bratin Ghosh,Electronics and Electrical Communication Engg.,iit_kharagpur:399,roster,38,99,0,6,11,IEEE Transactions on Antennas and Propagation,2016,2025
IIT Kharagpur,Arijita Banerjee,Dr B C Roy Multi Speciality Medical Research Centre,iit_kharagpur:322,roster,22,96,0,6,2,Cureus,2022,2026
IIT Kharagpur,Dibyendu Kamilya,Agricultural and Food Engineering,iit_kharagpur:35,roster,15,96,0,6,4,Aquaculture International,2023,2026
IIT Kharagpur,Maddali Ramgopal,Mechanical Engineering,iit_kharagpur:597,roster,20,94,0,6,6,Applied Thermal Engineering,2016,2026
IIT Kharagpur,Apurba Das,Mathematics,iit_kharagpur:538,roster,23,93,0,6,3,Journal of Algebra and Its Applications,2022,2026
IIT Kharagpur,Sikha Hota,Aerospace Engineering,iit_kharagpur:18,roster,28,89,0,6,4,"Journal of Guidance, Control, and Dynamics",2018,2026
IIT Kharagpur,Saurav Pramanik,Electrical Engineering,iit_kharagpur:382,roster,9,86,0,6,7,IEEE Transactions on Power Delivery,2017,2025
IIT Kharagpur,Ajoy Kumar Ray,Electronics and Electrical Communication Engg.,iit_kharagpur:975,roster,9,85,0,6,1,"Circuits, Systems, and Signal Processing",2016,2020
IIT Kharagpur,Ashis Maity,Electrical Engineering,iit_kharagpur:358,roster,20,68,0,6,6,IEEE Transactions on Circuits and Systems I: Regular Papers,2018,2026
IIT Kharagpur,Krishna Kumar,Physics,iit_kharagpur:1097,roster,10,65,0,6,5,Chaos: An Interdisciplinary Journal of Nonlinear Science,2016,2025
IIT Kharagpur,Jayanta Kumar Ray,Chemistry,iit_kharagpur:899,roster,9,57,0,6,2,ChemInform,2016,2017
IIT Kharagpur,Ravikant Vadlamani,Geology and Geophysics,iit_kharagpur:461,roster,9,49,0,6,4,Journal of Earth System Science,2017,2024
IIT Kharagpur,Sant Sharan Pathak,Electronics and Electrical Communication Engg.,iit_kharagpur:988,roster,5,428,0,5,4,IEEE Transactions on Vehicular Technology,2017,2021
IIT Kharagpur,Abraham George,Architecture and Regional Planning,iit_kharagpur:62,roster,16,272,0,5,6,VITRUVIO - International Journal of Architectural Technology and Sustainability,2021,2026
IIT Kharagpur,Analava Mitra,School of Medical Science and Technology,iit_kharagpur:1113,roster,9,255,0,5,4,Current Drug Discovery Technologies,2017,2018
IIT Kharagpur,Sudipta Mahapatra,Electronics and Electrical Communication Engg.,iit_kharagpur:424,roster,9,205,0,5,2,Journal of Real-Time Image Processing,2016,2024
IIT Kharagpur,Manabottam Mandal,"Centre for Ocean, River, Atmosphere and Land Sciences (CORAL)",iit_kharagpur:875,roster,7,203,0,5,3,Atmospheric Research,2016,2018
IIT Kharagpur,Arpit Mishra,Ocean Engg and Naval Architecture,iit_kharagpur:677,roster,13,179,0,5,5,Physics of Fluids,2017,2025
IIT Kharagpur,Abhijeet Chandra,Vinod Gupta School of Management,iit_kharagpur:810,roster,23,147,0,5,5,Asia-Pacific Financial Markets,2016,2026
IIT Kharagpur,Rahul Ranjan,Chemical Engineering,iit_kharagpur:178,roster,8,143,0,5,5,Advanced Materials Interfaces,2023,2026
IIT Kharagpur,Bappaditya Bhowmik,Mathematics,iit_kharagpur:540,roster,25,136,0,5,3,Bulletin of the Malaysian Mathematical Sciences Society,2016,2026
IIT Kharagpur,Deepak Reddy Pullaguram,Electrical Engineering,iit_kharagpur:962,roster,36,132,0,5,14,IEEE Transactions on Industry Applications,2022,2026
IIT Kharagpur,Nirupam Roy,Physics,iit_kharagpur:1098,roster,7,123,0,5,4,Monthly Notices of the Royal Astronomical Society,2016,2017
IIT Kharagpur,srinivasan Sekar,Vinod Gupta School of Management,iit_kharagpur:orcid:0000-0002-0051-0612,ORCID record,8,120,0,5,5,Benchmarking: An International Journal,2021,2024
IIT Kharagpur,Rathindranath Maiti,Mechanical Engineering,iit_kharagpur:1048,roster,10,117,0,5,2,Journal of Flow Visualization and Image Processing,2016,2019
IIT Kharagpur,Narayan Chandra Pradhan,Chemical Engineering,iit_kharagpur:172,roster,16,117,0,5,5,Catalysis Today,2017,2026
IIT Kharagpur,Subramaniam Neelamani,Ocean Engg and Naval Architecture,iit_kharagpur:1090,roster,5,117,0,5,3,Ocean Engineering,2019,2021
IIT Kharagpur,Shankha Pratim Bhattacharya,Architecture and Regional Planning,iit_kharagpur:72,roster,23,112,0,5,9,Sustainability,2020,2026
IIT Kharagpur,Swanand Ravindra Khare,Mathematics,iit_kharagpur:573,roster,12,104,0,5,6,Applied Mathematics and Computation,2016,2025
IIT Kharagpur,Dipanwita Roy Chowdhury,Computer Science and Engineering,iit_kharagpur:283,roster,37,100,0,5,3,Journal of Hardware and Systems Security,2016,2025
IIT Kharagpur,Shanker Ram,Materials Science Centre,iit_kharagpur:1028,roster,8,99,0,5,3,Journal of Polymer Science Part B: Polymer Physics,2016,2018
IIT Kharagpur,Jiaul Hoque Paik,Artificial Intelligence,iit_kharagpur:80,roster,21,95,0,5,10,IEEE Transactions on Artificial Intelligence,2016,2026
IIT Kharagpur,Haimanti Banerji,Architecture and Regional Planning,iit_kharagpur:67,roster,21,95,0,5,5,International Journal of Disaster Risk Science,2020,2026
IIT Kharagpur,Arun Ghosh,Electrical Engineering,iit_kharagpur:357,roster,19,94,0,5,11,International Journal of Robust and Nonlinear Control,2017,2025
IIT Kharagpur,Swati Maitra,Ranbir and Chitra Gupta School of Infrastructure Design and Mngt.,iit_kharagpur:772,roster,7,93,0,5,4,Journal of Materials in Civil Engineering,2018,2026
IIT Kharagpur,Amit Shaw,Civil Engineering,iit_kharagpur:228,roster,9,88,0,5,3,International Journal for Numerical Methods in Engineering,2018,2025
IIT Kharagpur,Subhadip Mukherjee,Electronics and Electrical Communication Engg.,iit_kharagpur:422,roster,19,88,0,5,6,SIAM Journal on Imaging Sciences,2023,2026
IIT Kharagpur,Akshay Prakash,Aerospace Engineering,iit_kharagpur:0,roster,12,87,0,5,6,Physics of Fluids,2021,2026
IIT Kharagpur,Biswanath Banerjee,Civil Engineering,iit_kharagpur:235,roster,11,80,0,5,8,Journal of Engineering Mechanics,2016,2024
IIT Kharagpur,Sayak Roychowdhury,Industrial and Systems Engineering,iit_kharagpur:520,roster,14,79,0,5,5,Computers & Industrial Engineering,2018,2026
IIT Kharagpur,Sridhar Sahoo,Agricultural and Food Engineering,iit_kharagpur:60,roster,9,79,0,5,3,Fuel,2022,2025
IIT Kharagpur,Amitalok Jayant Budkuley,Electronics and Electrical Communication Engg.,iit_kharagpur:392,roster,26,78,0,5,1,IEEE Journal on Selected Areas in Communications,2020,2026
IIT Kharagpur,Om Prakash Sha,Ocean Engg and Naval Architecture,iit_kharagpur:1089,roster,12,78,0,5,7,Ocean Engineering,2022,2026
IIT Kharagpur,Aditya Vyas,Deysarkar Centre of Petroleum and Energy Transition,iit_kharagpur:318,roster,11,77,0,5,3,Petroleum Science and Technology,2019,2026
IIT Kharagpur,Lingadahally S Ramachandra,Civil Engineering,iit_kharagpur:910,roster,6,73,0,5,4,Mechanics Research Communications,2016,2019
IIT Kharagpur,Rajendra Singh,Agricultural and Food Engineering,iit_kharagpur:56,roster,12,73,0,5,1,Water,2019,2026
IIT Kharagpur,Pavitra Sandilya,Cryogenic Engineering,iit_kharagpur:315,roster,24,72,0,5,9,Indian Journal of Cryogenics,2018,2026
IIT Kharagpur,Vishnu Chandrasekharan Nair,Deysarkar Centre of Petroleum and Energy Transition,iit_kharagpur:321,roster,10,72,0,5,9,Energy & Fuels,2023,2026
IIT Kharagpur,Shubhabrata Paul,Geology and Geophysics,iit_kharagpur:469,roster,24,71,0,5,9,Palaios,2019,2025
IIT Kharagpur,Mrityunjoy Chakraborty,Electronics and Electrical Communication Engg.,iit_kharagpur:408,roster,22,69,0,5,7,Electronics Letters,2017,2026
IIT Kharagpur,Ritwik Kumar Layek,Electronics and Electrical Communication Engg.,iit_kharagpur:414,roster,11,66,0,5,4,Physical Review E,2016,2020
IIT Kharagpur,Kaushik Dey,Mining Engineering,iit_kharagpur:666,roster,17,64,0,5,3,Rock Mechanics and Rock Engineering,2019,2026
IIT Kharagpur,Koustav Rudra,Artificial Intelligence,iit_kharagpur:82,roster,18,62,0,5,4,ACM Transactions on Information Systems,2022,2026
IIT Kharagpur,Arindam Ghosh,Dr B C Roy Multi Speciality Medical Research Centre,iit_kharagpur:323,roster,13,62,0,5,3,Cureus,2023,2026
IIT Kharagpur,Harikrishnan G,Chemical Engineering,iit_kharagpur:164,roster,11,60,0,5,8,Physical Chemistry Chemical Physics,2016,2025
IIT Kharagpur,Aniket Singha,Electronics and Electrical Communication Engg.,iit_kharagpur:393,roster,13,59,0,5,4,Journal of Applied Physics,2018,2026
IIT Kharagpur,Subhamoy Mandal,School of Medical Science and Technology,iit_kharagpur:795,roster,24,59,0,5,4,International Journal of Computer Assisted Radiology and Surgery,2022,2026
IIT Kharagpur,Manjira Sinha,G.S Sanyal School of Telecommunication,iit_kharagpur:994,roster,21,57,0,5,0,Technology and Disability,2019,2024
IIT Kharagpur,M Vimala Rani,Vinod Gupta School of Management,iit_kharagpur:1133,roster,17,56,0,5,8,IEEE Transactions on Engineering Management,2021,2026
IIT Kharagpur,Sudhansu Sekhar Mandal,Physics,iit_kharagpur:733,roster,16,53,0,5,11,Physical Review B,2018,2026
IIT Kharagpur,Susmita Bhattacharyya,Aerospace Engineering,iit_kharagpur:24,roster,5,48,0,5,2,Sensors,2018,2023
IIT Kharagpur,Vutukuru Vasudeva Rao,Cryogenic Engineering,iit_kharagpur:937,roster,15,47,0,5,3,Indian Journal of Cryogenics,2016,2023
IIT Kharagpur,Abhay Singh Gour,Cryogenic Engineering,iit_kharagpur:312,roster,16,39,0,5,3,IEEE Sensors Journal,2020,2026
IIT Kharagpur,Sujoy Ghose,Computer Science and Engineering,iit_kharagpur:932,roster,6,38,0,5,2,ACM Transactions on Design Automation of Electronic Systems,2016,2022
IIT Kharagpur,Uttam Kumar Banerjee,Architecture and Regional Planning,iit_kharagpur:867,roster,4,193,0,4,4,Transportation Research Part A: Policy and Practice,2016,2018
IIT Kharagpur,Sumanta Tewari,Physics,iit_kharagpur:1101,roster,5,175,0,4,5,Physical Review B,2018,2019
IIT Kharagpur,Priyadarshi Patnaik,Humanities and Social Sciences,iit_kharagpur:501,roster,43,152,0,4,12,The Journal of the Acoustical Society of America,2016,2026
IIT Kharagpur,Pradip Kumar Ray,Industrial and Systems Engineering,iit_kharagpur:1023,roster,16,147,0,4,1,IISE Transactions on Healthcare Systems Engineering,2016,2023
IIT Kharagpur,Satadal Saha,School of Medical Science and Technology,iit_kharagpur:1122,roster,4,145,0,4,4,Archives of Oral Biology,2019,2022
IIT Kharagpur,Sushil Punia,Vinod Gupta School of Management,iit_kharagpur:1140,roster,8,140,0,4,5,Computers & Industrial Engineering,2022,2025
IIT Kharagpur,Sankar Kumar Som,Mechanical Engineering,iit_kharagpur:1050,roster,6,136,0,4,5,Physics of Fluids,2017,2017
IIT Kharagpur,Vijai Nath Giri,Humanities and Social Sciences,iit_kharagpur:1016,roster,11,115,0,4,4,Management and Labour Studies,2017,2026
IIT Kharagpur,Pradip Mandal,Electronics and Electrical Communication Engg.,iit_kharagpur:410,roster,19,107,0,4,2,Journal of Micromechanics and Microengineering,2017,2026
IIT Kharagpur,Sushanta Chakraborty,Civil Engineering,iit_kharagpur:267,roster,14,105,0,4,7,Journal of Vibration Engineering & Technologies,2016,2026
IIT Kharagpur,Sourav Mitra,Mechanical Engineering,iit_kharagpur:620,roster,11,102,0,4,7,Applied Thermal Engineering,2018,2026
IIT Kharagpur,Kannabiran Seshasayanan,Physics,iit_kharagpur:1095,roster,6,98,0,4,6,Physical Review Fluids,2020,2024
IIT Kharagpur,Niharika Sahoo Bhattacharya,Rajiv Gandhi School of Intellectual Property Law,iit_kharagpur:758,roster,12,97,0,4,3,The Journal of World Intellectual Property,2021,2026
IIT Kharagpur,Sumana Gupta,Architecture and Regional Planning,iit_kharagpur:75,roster,17,88,0,4,7,Journal of Housing and the Built Environment,2017,2026
IIT Kharagpur,Kalyan Prasad Sinhamahapatra,Aerospace Engineering,iit_kharagpur:837,roster,14,86,0,4,2,Computers & Fluids,2023,2025
IIT Kharagpur,Ankhi Banerjee,Ranbir and Chitra Gupta School of Infrastructure Design and Mngt.,iit_kharagpur:768,roster,22,86,0,4,3,Journal of Urban Planning and Development,2023,2026
IIT Kharagpur,Vishwanath Shukla,Physics,iit_kharagpur:738,roster,13,79,0,4,10,Physical Review E,2019,2026
IIT Kharagpur,Divya Nayar,Centre for Computational and Data Sciences,iit_kharagpur:873,roster,4,77,0,4,4,Communications Chemistry,2020,2021
IIT Kharagpur,Samudra Roy,Physics,iit_kharagpur:724,roster,29,75,0,4,16,Physical Review A,2018,2026
IIT Kharagpur,Anupam Basu,Computer Science and Engineering,iit_kharagpur:918,roster,10,75,0,4,0,Contemporary Educational Technology,2020,2023
IIT Kharagpur,Gautam Poddar,Electrical Engineering,iit_kharagpur:372,roster,7,74,0,4,3,IEEE Transactions on Industrial Electronics,2022,2025
IIT Kharagpur,Biswajit Maiti,Mechanical Engineering,iit_kharagpur:1043,roster,8,72,0,4,5,RSC Advances,2016,2023
IIT Kharagpur,Binita Tiwari,Humanities and Social Sciences,iit_kharagpur:484,roster,8,69,0,4,4,Human Resource Development International,2022,2026
IIT Kharagpur,Ayantika Chatterjee,Centre for Interdisciplinary and Convergent Technologies,iit_kharagpur:116,roster,22,68,0,4,6,IEEE Transactions on Services Computing,2019,2026
IIT Kharagpur,Ajay Kumar Singh,Physics,iit_kharagpur:694,roster,7,65,0,4,7,Physical Review C,2018,2024
IIT Kharagpur,Titas Bhattacharjee (Rudra),Rajendra Mishra School of Engg Entrepreneurship,iit_kharagpur:748,roster,12,65,0,4,2,Current Psychology,2020,2026
IIT Kharagpur,Dharmendra Kumar Gupta,Mathematics,iit_kharagpur:1032,roster,10,63,0,4,2,Mediterranean Journal of Mathematics,2016,2018
IIT Kharagpur,Archana Patnaik,Humanities and Social Sciences,iit_kharagpur:481,roster,13,61,0,4,4,GeoJournal,2021,2026
IIT Kharagpur,Chetankumar Sureshbhai Mistry,Aerospace Engineering,iit_kharagpur:7,roster,49,57,0,4,4,Journal of The Institution of Engineers (India): Series C,2017,2026
IIT Kharagpur,Arista Lahiri,Dr B C Roy Multi Speciality Medical Research Centre,iit_kharagpur:324,roster,18,57,0,4,7,Indian Journal of Tuberculosis,2022,2026
IIT Kharagpur,Mahendra Prasad Biswal,Mathematics,iit_kharagpur:1034,roster,8,56,0,4,2,OPSEARCH,2016,2024
IIT Kharagpur,Partha Bhowmick,Computer Science and Engineering,iit_kharagpur:292,roster,30,55,0,4,6,International Journal of Image and Graphics,2016,2025
IIT Kharagpur,Ritwik Ghoshal,Ocean Engg and Naval Architecture,iit_kharagpur:688,roster,19,55,0,4,9,Ocean Engineering,2020,2026
IIT Kharagpur,Balagopal G Menon,Industrial and Systems Engineering,iit_kharagpur:513,roster,9,54,0,4,4,Quality & Quantity,2018,2024
IIT Kharagpur,Ankur Roy,Deysarkar Centre of Petroleum and Energy Transition,iit_kharagpur:319,roster,14,53,0,4,3,Advances in Geosciences,2020,2026
IIT Kharagpur,Shirin Dasgupta,Dr B C Roy Multi Speciality Medical Research Centre,iit_kharagpur:342,roster,19,53,0,4,3,Journal of Family Medicine and Primary Care,2022,2026
IIT Kharagpur,Somnath Ghosh,Aerospace Engineering,iit_kharagpur:19,roster,21,46,0,4,8,Physics of Fluids,2016,2026
IIT Kharagpur,Ravi Kant Narayan,Dr B C Roy Multi Speciality Medical Research Centre,iit_kharagpur:948,roster,9,43,0,4,3,JMIR Bioinformatics and Biotechnology,2021,2023
IIT Kharagpur,Sayan Kar,Physics,iit_kharagpur:727,roster,10,42,0,4,4,The European Physical Journal Plus,2017,2026
IIT Kharagpur,Mousumi Mandal,Mathematics,iit_kharagpur:556,roster,9,42,0,4,2,Journal of Algebra and Its Applications,2019,2023
IIT Kharagpur,Tarak Nath Mazumder,Architecture and Regional Planning,iit_kharagpur:76,roster,14,41,0,4,10,Housing Policy Debate,2021,2026
IIT Kharagpur,Sweety Suman Jha,Dr B C Roy Multi Speciality Medical Research Centre,iit_kharagpur:956,roster,9,41,0,4,4,Journal of Education and Health Promotion,2022,2025
IIT Kharagpur,Arobinda Gupta,Computer Science and Engineering,iit_kharagpur:276,roster,18,39,0,4,3,Concurrency and Computation: Practice and Experience,2016,2026
IIT Kharagpur,Agneyo Ganguly,Bioscience and Biotechnology,iit_kharagpur:90,roster,11,39,0,4,9,International Journal of Biological Macromolecules,2019,2026
IIT Kharagpur,Dipankar Sarkar,Computer Science and Engineering,iit_kharagpur:922,roster,12,38,0,4,0,Parallel Processing Letters,2016,2018
IIT Kharagpur,Abhiram Kumar Verma,Mining Engineering,iit_kharagpur:657,roster,6,38,0,4,1,Journal of The Institution of Engineers (India): Series D,2016,2025
IIT Kharagpur,Dip Kumar Singha,Geology and Geophysics,iit_kharagpur:450,roster,6,38,0,4,2,Marine Geophysical Research,2022,2026
IIT Kharagpur,Swagato Sanyal,Computer Science and Engineering,iit_kharagpur:933,roster,12,36,0,4,2,IEEE Transactions on Computer-Aided Design of Integrated Circuits and Systems,2017,2025
IIT Kharagpur,Dipankar Ghosh,Mathematics,iit_kharagpur:546,roster,10,29,0,4,5,MATHEMATICA SCANDINAVICA,2023,2026
IIT Kharagpur,Nirmalya Bag,Chemistry,iit_kharagpur:207,roster,8,27,0,4,5,Biophysical Journal,2024,2026
IIT Kharagpur,Abir Chakravorty,Agricultural and Food Engineering,iit_kharagpur:840,roster,11,334,0,3,2,Journal of Food Science and Technology,2021,2026
IIT Kharagpur,Biswabandhu Jana,Rajendra Mishra School of Engg Entrepreneurship,iit_kharagpur:742,roster,6,164,0,3,5,IEEE Transactions on Circuits and Systems II: Express Briefs,2020,2026
IIT Kharagpur,O. Bala Krishna,Industrial and Systems Engineering,iit_kharagpur:1021,roster,3,157,0,3,2,International Journal of Industrial Ergonomics,2020,2021
IIT Kharagpur,Tapas Kumar Nandi,Cryogenic Engineering,iit_kharagpur:316,roster,5,113,0,3,3,Heat Transfer Engineering,2017,2023
IIT Kharagpur,Debanjan Das,Centre of Excellence in Affordable Healthcare,iit_kharagpur:149,roster,24,104,0,3,10,IEEE Transactions on Computational Social Systems,2023,2026
IIT Kharagpur,Ganga Prasad Karmakar,Mining Engineering,iit_kharagpur:1071,roster,4,102,0,3,1,Advances in Materials and Processing Technologies,2018,2020
IIT Kharagpur,Shreya Banerjee,Architecture and Regional Planning,iit_kharagpur:73,roster,7,101,0,3,4,Urban Climate,2020,2026
IIT Kharagpur,Jayraj P,Agricultural and Food Engineering,iit_kharagpur:41,roster,6,87,0,3,1,Journal of Aquatic Food Product Technology,2019,2025
IIT Kharagpur,Poonam Sundriyal,Mechanical Engineering,iit_kharagpur:607,roster,19,78,0,3,3,Sustainable Energy & Fuels,2021,2026
IIT Kharagpur,Debabrata Mukherjee,Chemistry,iit_kharagpur:897,roster,3,70,0,3,2,Angewandte Chemie International Edition,2019,2019
IIT Kharagpur,Subhasish Das,Geology and Geophysics,iit_kharagpur:1003,roster,4,69,0,3,2,Geodesy and Cartography,2016,2020
IIT Kharagpur,Binay Kanti Dutta,Environmental Science and Engineering,iit_kharagpur:992,roster,3,65,0,3,0,International Journal of Chemical Engineering,2019,2020
IIT Kharagpur,Jyotirmoy Bhattacharya,Physics,iit_kharagpur:707,roster,7,63,0,3,1,Journal of High Energy Physics,2019,2025
IIT Kharagpur,Tapas Debsharma,Chemistry,iit_kharagpur:225,roster,3,60,0,3,3,Macromolecular Rapid Communications,2024,2025
IIT Kharagpur,Sanjoy Chatterjee,School of Medical Science and Technology,iit_kharagpur:1121,roster,6,56,0,3,3,Journal of Medical Systems,2020,2023
IIT Kharagpur,Prantik Bagchi,Humanities and Social Sciences,iit_kharagpur:500,roster,5,54,0,3,2,Journal of Cleaner Production,2024,2026
IIT Kharagpur,Arjun Mukerji,Architecture and Regional Planning,iit_kharagpur:63,roster,12,52,0,3,3,International Journal of Housing Markets and Analysis,2020,2026
IIT Kharagpur,Bani Chatterjee,Humanities and Social Sciences,iit_kharagpur:1007,roster,3,51,0,3,0,Journal of Infrastructure Development,2016,2017
IIT Kharagpur,Amey Pathak,Agricultural and Food Engineering,iit_kharagpur:27,roster,8,50,0,3,4,Geophysical Research Letters,2020,2026
IIT Kharagpur,Vinay Yadav,Vinod Gupta School of Management,iit_kharagpur:833,roster,8,50,0,3,5,Nature Reviews Materials,2025,2026
IIT Kharagpur,Pawan Kumar,Mathematics,iit_kharagpur:561,roster,6,48,0,3,2,Biomicrofluidics,2023,2026
IIT Kharagpur,Shreya Ghosh,Artificial Intelligence,iit_kharagpur:86,roster,8,47,0,3,0,,2016,2026
IIT Kharagpur,Indrasis Das,School of Water Resources,iit_kharagpur:799,roster,3,47,0,3,2,Environmental Science and Pollution Research,2023,2024
IIT Kharagpur,Sunita Mishra,Mining Engineering,iit_kharagpur:672,roster,13,39,0,3,4,Journal of Materials in Civil Engineering,2021,2026
IIT Kharagpur,Parmeshwar Satpathy,Dr B C Roy Multi Speciality Medical Research Centre,iit_kharagpur:337,roster,5,35,0,3,0,Journal of Family Medicine and Primary Care,2022,2026
IIT Kharagpur,Nilanjan Biswas,G.S Sanyal School of Telecommunication,iit_kharagpur:439,roster,5,31,0,3,3,IEEE Transactions on Signal Processing,2018,2022
IIT Kharagpur,Soumendranath Ray,School of Medical Science and Technology,iit_kharagpur:1123,roster,8,30,0,3,4,Journal of Medical Systems,2020,2023
IIT Kharagpur,Gautam Kundu,Chemical Engineering,iit_kharagpur:887,roster,4,29,0,3,0,Separation Science and Technology,2016,2018
IIT Kharagpur,Priyanka Dey,Architecture and Regional Planning,iit_kharagpur:70,roster,14,29,0,3,2,GeoJournal,2023,2026
IIT Kharagpur,Abhijit Das,Bioscience and Biotechnology,iit_kharagpur:89,roster,9,29,0,3,7,Journal of Visualized Experiments,2024,2026
IIT Kharagpur,Anuradha Choudry,Humanities and Social Sciences,iit_kharagpur:478,roster,19,28,0,3,5,Frontiers in Water,2017,2026
IIT Kharagpur,Shaikh Jahangir Hossain,Civil Engineering,iit_kharagpur:261,roster,8,27,0,3,4,Rubber Chemistry and Technology,2018,2026
IIT Kharagpur,Palash Dey,Computer Science and Engineering,iit_kharagpur:291,roster,15,27,0,3,2,ACM Transactions on Algorithms,2018,2026
IIT Kharagpur,Rishabh Rai,Humanities and Social Sciences,iit_kharagpur:504,roster,6,25,0,3,2,Journal of Leadership Studies,2016,2026
IIT Kharagpur,Sanghamitra Basu,Architecture and Regional Planning,iit_kharagpur:862,roster,3,25,0,3,2,Social Indicators Research,2016,2020
IIT Kharagpur,Rimpa Basu Achari,School of Medical Science and Technology,iit_kharagpur:1118,roster,4,25,0,3,4,Journal of Medical Systems,2020,2022
IIT Kharagpur,Sugata Pratik Khastgir,Physics,iit_kharagpur:734,roster,6,24,0,3,2,The European Physical Journal Plus,2018,2025
IIT Kharagpur,Heeralal Gargama,Subir Chowdhury School of Quality and Reliability,iit_kharagpur:803,roster,10,23,0,3,1,International Journal of System Assurance Engineering and Management,2023,2026
IIT Kharagpur,Mrigank Sharad,Rajendra Mishra School of Engg Entrepreneurship,iit_kharagpur:745,roster,11,21,0,3,0,ACM Journal on Emerging Technologies in Computing Systems,2016,2026
IIT Kharagpur,Priyam Chakraborty,Aerospace Engineering,iit_kharagpur:15,roster,7,20,0,3,7,Physics of Fluids,2021,2026
IIT Kharagpur,Ramakrishna Nanduri,Mathematics,iit_kharagpur:565,roster,7,19,0,3,3,Journal of Algebraic Combinatorics,2019,2026
IIT Kharagpur,Bhupendra M Ghodki,Agricultural and Food Engineering,iit_kharagpur:31,roster,4,19,0,3,1,Journal of Food Processing and Preservation,2022,2026
IIT Kharagpur,Avinash Kumar Sinha,Electrical Engineering,iit_kharagpur:960,roster,4,18,0,3,0,Electric Power Components and Systems,2016,2017
IIT Kharagpur,Gouri Ashok Gargate,Rajiv Gandhi School of Intellectual Property Law,iit_kharagpur:754,roster,7,18,0,3,1,The Journal of World Intellectual Property,2018,2024
IIT Kharagpur,Sitikantha Dhurjati Das,Physics,iit_kharagpur:729,roster,6,17,0,3,1,Journal of Applied Physics,2023,2025
IIT Kharagpur,Troyee Tanu Dutta,Civil Engineering,iit_kharagpur:268,roster,5,17,0,3,3,International Journal of Pavement Engineering,2024,2026
IIT Kharagpur,Mahima Raina,Humanities and Social Sciences,iit_kharagpur:496,roster,6,17,0,3,3,Evidence-based HRM: a Global Forum for Empirical Scholarship,2024,2026
IIT Kharagpur,S R Subramanian,Rajiv Gandhi School of Intellectual Property Law,iit_kharagpur:762,roster,7,15,0,3,0,The Chinese Journal of Global Governance,2016,2025
IIT Kharagpur,Debabrata Majumdar,Dr B C Roy Multi Speciality Medical Research Centre,iit_kharagpur:329,roster,4,15,0,3,0,,2023,2025
IIT Kharagpur,Swapnadip De Chowdhury,Ocean Engg and Naval Architecture,iit_kharagpur:690,roster,6,14,0,3,2,Physics of Fluids,2023,2026
IIT Kharagpur,Abhishek Kumar Gupta,Chemical Engineering,iit_kharagpur:153,roster,5,12,0,3,5,Industrial & Engineering Chemistry Research,2025,2026
IIT Kharagpur,Sajal Kumar Das,Electronics and Electrical Communication Engg.,iit_kharagpur:987,roster,2,168,0,2,2,IEEE Internet of Things Journal,2021,2021
IIT Kharagpur,Manoj Kumar Mondal,Rajendra Mishra School of Engg Entrepreneurship,iit_kharagpur:744,roster,3,99,0,2,1,Journal of Environmental Management,2019,2025
IIT Kharagpur,Naba Kumar Peyada,Aerospace Engineering,iit_kharagpur:13,roster,9,80,0,2,1,Energy & Fuels,2016,2025
IIT Kharagpur,Priyadip Ray,G.S Sanyal School of Telecommunication,iit_kharagpur:996,roster,3,61,0,2,1,IEEE Antennas and Wireless Propagation Letters,2016,2017
IIT Kharagpur,Shantanu Kumar Patel,Mining Engineering,iit_kharagpur:670,roster,6,60,0,2,1,Minerals,2020,2026
IIT Kharagpur,Rabindra Kumar Panda,Agricultural and Food Engineering,iit_kharagpur:851,roster,2,51,0,2,1,The Crop Journal,2017,2017
IIT Kharagpur,Simone Peli,Physics,iit_kharagpur:1100,roster,3,50,0,2,1,Chemistry – A European Journal,2019,2019
IIT Kharagpur,Mainak Bose,Bioscience and Biotechnology,iit_kharagpur:97,roster,3,44,0,2,2,Journal of Applied Polymer Science,2018,2026
IIT Kharagpur,Arijit Mondal,Electrical Engineering,iit_kharagpur:355,roster,15,41,0,2,2,IEEE Embedded Systems Letters,2020,2026
IIT Kharagpur,Anand Jacob Abraham,Industrial and Systems Engineering,iit_kharagpur:512,roster,7,40,0,2,2,Sādhanā,2022,2026
IIT Kharagpur,Sovan Lal Das,Mechanical Engineering,iit_kharagpur:1053,roster,2,36,0,2,2,FEBS Letters,2017,2019
IIT Kharagpur,Ankit Shekhar,Agricultural and Food Engineering,iit_kharagpur:28,roster,10,36,0,2,3,Biogeosciences,2024,2026
IIT Kharagpur,Avik Samanta,Chemistry,iit_kharagpur:191,roster,3,35,0,2,2,Nature Nanotechnology,2025,2026
IIT Kharagpur,Rabindra Nath Ghosh,Steel Technology Centre,iit_kharagpur:1124,roster,2,33,0,2,2,Fatigue & Fracture of Engineering Materials & Structures,2016,2017
IIT Kharagpur,Parmeshwary Dayal Srivastava,Mathematics,iit_kharagpur:1035,roster,9,33,0,2,1,Journal of Applied Mathematics and Computing,2016,2019
IIT Kharagpur,Rajni Kant Pandey,Mathematics,iit_kharagpur:564,roster,2,29,0,2,0,Journal of Computational and Applied Mathematics,2021,2021
IIT Kharagpur,Susanta Kumar Das,Agricultural and Food Engineering,iit_kharagpur:855,roster,2,28,0,2,0,International Journal of Food Studies,2016,2017
IIT Kharagpur,Brij Kumar Dhindaw,Metallurgical and Materials Engineering,iit_kharagpur:628,roster,9,28,0,2,1,"Journal of Mining and Metallurgy, Section B: Metallurgy",2020,2026
IIT Kharagpur,Anubhab Pattanayak,Humanities and Social Sciences,iit_kharagpur:477,roster,4,28,0,2,1,Economics of Disasters and Climate Change,2022,2026
IIT Kharagpur,Debranjan Mukherjee,Electrical Engineering,iit_kharagpur:369,roster,10,26,0,2,4,IEEE Transactions on Power Electronics,2024,2025
IIT Kharagpur,Amardip Ghosh,Aerospace Engineering,iit_kharagpur:1,roster,21,25,0,2,4,Physics of Fluids,2017,2026
IIT Kharagpur,Subhendu Mishra,Mining Engineering,iit_kharagpur:671,roster,7,25,0,2,1,ACS Nano,2024,2025
IIT Kharagpur,Kanchan Chowdhury,Cryogenic Engineering,iit_kharagpur:934,roster,4,23,0,2,0,Cryogenics,2016,2021
IIT Kharagpur,Indranil Mallick,School of Medical Science and Technology,iit_kharagpur:1115,roster,2,23,0,2,2,Journal of Medical Systems,2020,2020
IIT Kharagpur,Rashmi Rekha Nayak,"Centre for Ocean, River, Atmosphere and Land Sciences (CORAL)",iit_kharagpur:139,roster,11,22,0,2,6,Journal of High Energy Physics,2016,2026
IIT Kharagpur,Debashis Mandal,Electrical Engineering,iit_kharagpur:367,roster,5,21,0,2,0,,2021,2025
IIT Kharagpur,Suchana Taral,Geology and Geophysics,iit_kharagpur:471,roster,2,21,0,2,1,Journal of the Geological Society of India,2021,2022
IIT Kharagpur,Mythravaruni Pullela,Rubber Technology,iit_kharagpur:777,roster,7,21,0,2,2,Journal of the Mechanical Behavior of Biomedical Materials,2022,2026
IIT Kharagpur,Debasish Datta,Electronics and Electrical Communication Engg.,iit_kharagpur:979,roster,3,20,0,2,0,Photonic Network Communications,2016,2018
IIT Kharagpur,Satrajit Ghosh,Computer Science and Engineering,iit_kharagpur:301,roster,2,20,0,2,0,,2022,2023
IIT Kharagpur,Prasun Mishra,Centre for Interdisciplinary and Convergent Technologies,iit_kharagpur:123,roster,8,20,0,2,1,IEEE Transactions on Power Electronics,2023,2025
IIT Kharagpur,Ajay Kumar Chattopadhyay,Mechanical Engineering,iit_kharagpur:1040,roster,2,19,0,2,1,Vacuum,2016,2017
IIT Kharagpur,Anjali Roy,Humanities and Social Sciences,iit_kharagpur:1005,roster,18,19,0,2,7,Crossings: A Journal of English Studies,2017,2025
IIT Kharagpur,Sarang Pendharker,Electronics and Electrical Communication Engg.,iit_kharagpur:416,roster,16,19,0,2,5,Physical Review A,2021,2026
IIT Kharagpur,C Shaji,"Centre for Ocean, River, Atmosphere and Land Sciences (CORAL)",iit_kharagpur:132,roster,3,18,0,2,0,Meteorology and Atmospheric Physics,2019,2026
IIT Kharagpur,Hari Shankar Mahato,Mathematics,iit_kharagpur:551,roster,8,18,0,2,3,Asymptotic Analysis,2024,2025
IIT Kharagpur,Jayeeta Mitra,Agricultural and Food Engineering,iit_kharagpur:40,roster,3,18,0,2,3,Comprehensive Reviews in Food Science and Food Safety,2025,2026
IIT Kharagpur,Aviru Kumar Basu,Rajendra Mishra School of Engg Entrepreneurship,iit_kharagpur:739,roster,3,18,0,2,3,Nano Energy,2025,2026
IIT Kharagpur,Karanam Uma Maheshwar Rao,Mining Engineering,iit_kharagpur:1073,roster,2,17,0,2,0,Journal of The Institution of Engineers (India): Series D,2016,2017
IIT Kharagpur,Arindam Banerjee,Mathematics,iit_kharagpur:539,roster,3,17,0,2,0,Communications in Algebra,2022,2024
IIT Kharagpur,Shambhu Sau,Electrical Engineering,iit_kharagpur:383,roster,8,17,0,2,2,IEEE Transactions on Industrial Electronics,2023,2026
IIT Kharagpur,Anupam Ghosh,Vinod Gupta School of Management,iit_kharagpur:813,roster,7,16,0,2,2,Journal of Health Organization and Management,2022,2026
IIT Kharagpur,Islavath Sreenivasa Rao,Mining Engineering,iit_kharagpur:665,roster,4,16,0,2,2,International Journal of Coal Geology,2022,2026
IIT Kharagpur,Swarup Kumar Panda,Mathematics,iit_kharagpur:574,roster,6,16,0,2,2,Linear Algebra and its Applications,2022,2025
IIT Kharagpur,Payal Arvind Kasat,Dr B C Roy Multi Speciality Medical Research Centre,iit_kharagpur:338,roster,4,16,0,2,0,Cureus,2023,2024
IIT Kharagpur,Pradosh Kumar Sarangi,Dr B C Roy Multi Speciality Medical Research Centre,iit_kharagpur:947,roster,3,16,0,2,0,Indian Journal of Radiology and Imaging,2023,2024
IIT Kharagpur,Tuheena Mukherjee,Vinod Gupta School of Management,iit_kharagpur:1142,roster,4,15,0,2,0,South Asian Journal of Human Resources Management,2017,2018
IIT Kharagpur,Sangeeta Sahney,Vinod Gupta School of Management,iit_kharagpur:826,roster,7,15,0,2,3,International Journal of Productivity and Performance Management,2023,2026
IIT Kharagpur,Dibbendu Roy,G.S Sanyal School of Telecommunication,iit_kharagpur:438,roster,4,15,0,2,2,Journal of Lightwave Technology,2025,2026
IIT Kharagpur,Navtej Singh,Aerospace Engineering,iit_kharagpur:839,roster,2,14,0,2,1,International Journal of Modern Physics C,2019,2019
IIT Kharagpur,Ayan Chaudhury,Computer Science and Engineering,iit_kharagpur:277,roster,4,13,0,2,0,ACM Transactions on Asian and Low-Resource Language Information Processing,2022,2025
IIT Kharagpur,Tamoghna Das,Physics,iit_kharagpur:735,roster,6,13,0,2,3,Quantum,2023,2026
IIT Kharagpur,Indrajit Dube,Rajiv Gandhi School of Intellectual Property Law,iit_kharagpur:755,roster,3,12,0,2,1,Indian Journal of Corporate Governance,2017,2025
IIT Kharagpur,Anway Mukhopadhyay,Humanities and Social Sciences,iit_kharagpur:479,roster,8,12,0,2,3,Sophia,2020,2023
IIT Kharagpur,Aradhna Malik,Vinod Gupta School of Management,iit_kharagpur:814,roster,9,12,0,2,4,International Journal of Conflict Management,2024,2026
IIT Kharagpur,Seema Singh,Humanities and Social Sciences,iit_kharagpur:506,roster,10,11,0,2,7,Journal of Postcolonial Writing,2016,2026
IIT Kharagpur,Souvik Bhattacharyya,Mechanical Engineering,iit_kharagpur:1052,roster,2,11,0,2,1,Journal of Heat Transfer,2016,2017
IIT Kharagpur,Chhanda Chakraborti,Humanities and Social Sciences,iit_kharagpur:1008,roster,2,11,0,2,0,Asian Journal of Business Ethics,2017,2022
IIT Kharagpur,Buddhananda Banerjee,Mathematics,iit_kharagpur:542,roster,12,11,0,2,3,"Communications in Statistics: Case Studies, Data Analysis and Applications",2018,2026
IIT Kharagpur,Tripti Sekhar Datta,Cryogenic Engineering,iit_kharagpur:935,roster,3,11,0,2,0,Journal of Superconductivity and Novel Magnetism,2023,2023
IIT Kharagpur,Raj Kumar Manna,School of Medical Science and Technology,iit_kharagpur:792,roster,3,11,0,2,1,Physical Review Research,2024,2025
IIT Kharagpur,Mukkamala Kameshwar Rao,Humanities and Social Sciences,iit_kharagpur:498,roster,3,11,0,2,1,Cogent Business & Management,2024,2026
IIT Kharagpur,Manjunatha S,Dr B C Roy Multi Speciality Medical Research Centre,iit_kharagpur:332,roster,2,10,0,2,2,Molecular and Cellular Biochemistry,2023,2025
IIT Kharagpur,Atreyee Kundu,Electrical Engineering,iit_kharagpur:361,roster,7,10,0,2,4,IEEE Transactions on Automatic Control,2023,2026
IIT Kharagpur,Dipa Dube,Rajiv Gandhi School of Intellectual Property Law,iit_kharagpur:753,roster,9,9,0,2,1,Journal of Victimology and Victim Justice,2018,2026
IIT Kharagpur,Jithin Ravi,Electronics and Electrical Communication Engg.,iit_kharagpur:orcid:0000-0001-5348-5847,ORCID record,4,9,0,2,2,IEEE Communications Letters,2022,2026
IIT Kharagpur,Pritha Datta,Rekhi Centre of Excellence for the Science of Happiness,iit_kharagpur:774,roster,13,9,0,2,1,Food and Energy Security,2025,2026
IIT Kharagpur,Abhijit Das,Computer Science and Engineering,iit_kharagpur:270,roster,7,8,0,2,1,The Journal of Supercomputing,2019,2025
IIT Kharagpur,Debabrata Sen,Ocean Engg and Naval Architecture,iit_kharagpur:1085,roster,4,8,0,2,0,Journal of Engineering Mathematics,2019,2022
IIT Kharagpur,Chaitanya Mittal,Dr B C Roy Multi Speciality Medical Research Centre,iit_kharagpur:941,roster,7,8,0,2,0,Journal of Punjab Academy of Forensic Medicine & Toxicology,2021,2025
IIT Kharagpur,Aman Kumar,Mechanical Engineering,iit_kharagpur:orcid:0000-0002-7954-7759,ORCID record,2,8,0,2,1,Nonlinear Dynamics,2021,2022
IIT Kharagpur,Somdatta Bhattacharya,Humanities and Social Sciences,iit_kharagpur:1012,roster,6,8,0,2,2,Journal of Graphic Novels and Comics,2022,2024
IIT Kharagpur,Monalisa Mohanty,Dr B C Roy Multi Speciality Medical Research Centre,iit_kharagpur:945,roster,2,8,0,2,0,World Journal of Virology,2025,2025
IIT Kharagpur,Dasharatha Achani,Ocean Engg and Naval Architecture,iit_kharagpur:1084,roster,3,7,0,2,1,Journal of Offshore Mechanics and Arctic Engineering,2019,2022
IIT Kharagpur,Ronit Mandal,Agricultural and Food Engineering,iit_kharagpur:58,roster,3,7,0,2,2,Food and Bioprocess Technology,2024,2026
IIT Kharagpur,Shimul Kumar Dam,Electrical Engineering,iit_kharagpur:384,roster,2,7,0,2,1,IEEE Power Electronics Magazine,2025,2025
IIT Kharagpur,Swapna Banerjee,Electronics and Electrical Communication Engg.,iit_kharagpur:991,roster,3,6,0,2,0,"IET Circuits, Devices & Systems",2016,2017
IIT Kharagpur,Prashant Kumar,Mechanical Engineering,iit_kharagpur:609,roster,7,5,0,2,4,Acta Mechanica,2017,2025
IIT Kharagpur,Pintu Patra,Physics,iit_kharagpur:714,roster,6,5,0,2,4,ACS Infectious Diseases,2025,2026
IIT Kharagpur,Shamik Chowdhury,School of Water Resources,iit_kharagpur:802,roster,8,5,0,2,6,Advanced Sustainable Systems,2026,2026
IIT Kharagpur,Aritra Chatterjee,Civil Engineering,iit_kharagpur:231,roster,5,4,0,2,5,International Journal of Structural Stability and Dynamics,2023,2026
IIT Kharagpur,Ranjan Chaudhuri,Vinod Gupta School of Management,iit_kharagpur:1135,roster,1,142,0,1,0,The Bottom Line,2019,2019
IIT Kharagpur,Vinay Patel,Bioscience and Biotechnology,iit_kharagpur:111,roster,1,64,0,1,0,Geomicrobiology Journal,2023,2023
IIT Kharagpur,Ipsita Mandal,Physics,iit_kharagpur:1093,roster,1,52,0,1,1,Physical Review B,2018,2018
IIT Kharagpur,Barnali Ghosh,Dr B C Roy Multi Speciality Medical Research Centre,iit_kharagpur:328,roster,1,46,0,1,0,Spectrochimica Acta Part A: Molecular and Biomolecular Spectroscopy,2018,2018
IIT Kharagpur,Kumar Ray,Mechanical Engineering,iit_kharagpur:1046,roster,1,33,0,1,1,Surface and Coatings Technology,2017,2017
IIT Kharagpur,Tanusree Dutta,Rekhi Centre of Excellence for the Science of Happiness,iit_kharagpur:1110,roster,2,33,0,1,0,Journal of Internet Commerce,2020,2020
IIT Kharagpur,Bijoy Chandra Ghosh,Agricultural and Food Engineering,iit_kharagpur:843,roster,1,28,0,1,0,Acta Physiologiae Plantarum,2016,2016
IIT Kharagpur,Goshaidas Ray,Electrical Engineering,iit_kharagpur:963,roster,1,28,0,1,0,Electric Power Components and Systems,2016,2016
IIT Kharagpur,Daya Shankar Pandey,Centre for Rural Development and Innovative Sustainable Technology,iit_kharagpur:879,roster,1,28,0,1,1,Environmental Pollution,2023,2023
IIT Kharagpur,Bornini Lahiri,Humanities and Social Sciences,iit_kharagpur:485,roster,2,27,0,1,0,SN Computer Science,2021,2022
IIT Kharagpur,Shaili Sett,Centre for Interdisciplinary and Convergent Technologies,iit_kharagpur:125,roster,1,27,0,1,1,Scientific Reports,2021,2021
IIT Kharagpur,Anuj Bisht,Metallurgical and Materials Engineering,iit_kharagpur:1058,roster,1,21,0,1,0,Journal of Vacuum Science & Technology A,2024,2024
IIT Kharagpur,Saurabh Bagchi,Computer Science and Engineering,iit_kharagpur:930,roster,1,20,0,1,0,,2019,2019
IIT Kharagpur,Mayank Agarwal,Dr B C Roy Multi Speciality Medical Research Centre,iit_kharagpur:944,roster,1,19,0,1,1,Langmuir,2020,2020
IIT Kharagpur,Manas Kumar Mandal,Rekhi Centre of Excellence for the Science of Happiness,iit_kharagpur:1108,roster,4,18,0,1,1,Engineering Applications of Artificial Intelligence,2020,2026
IIT Kharagpur,Shreyas Pramod Bharule,Architecture and Regional Planning,iit_kharagpur:74,roster,9,15,0,1,1,Transportation in Developing Economies,2020,2026
IIT Kharagpur,Prabhat Kumar Mishra,Artificial Intelligence,iit_kharagpur:85,roster,2,15,0,1,1,IEEE Transactions on Automatic Control,2025,2025
IIT Kharagpur,Madhusudan Chakraborty,Metallurgical and Materials Engineering,iit_kharagpur:1062,roster,1,14,0,1,1,Tribology Transactions,2016,2016
IIT Kharagpur,Amit Upadhyay,Vinod Gupta School of Management,iit_kharagpur:1126,roster,1,14,0,1,0,INFORMS Journal on Applied Analytics,2020,2020
IIT Kharagpur,Soumyatanu Mukherjee,Humanities and Social Sciences,iit_kharagpur:1013,roster,1,13,0,1,0,Scottish Journal of Political Economy,2019,2019
IIT Kharagpur,Nandita Dasgupta,Centre for Interdisciplinary and Convergent Technologies,iit_kharagpur:120,roster,2,11,0,1,1,ChemistrySelect,2024,2026
IIT Kharagpur,Zakir Husain,Humanities and Social Sciences,iit_kharagpur:1017,roster,1,10,0,1,0,,2016,2016
IIT Kharagpur,Sabyasachi Sengupta,Electrical Engineering,iit_kharagpur:967,roster,1,10,0,1,0,,2017,2017
IIT Kharagpur,Pooja Lahiri,Centre for Interdisciplinary and Convergent Technologies,iit_kharagpur:121,roster,6,10,0,1,1,Journal of Micromechanics and Microengineering,2025,2026
IIT Kharagpur,Aniket Patra,Physics,iit_kharagpur:699,roster,1,9,0,1,1,ACS Applied Electronic Materials,2025,2025
IIT Kharagpur,Bhupendra Nath Dev,Physics,iit_kharagpur:1092,roster,1,8,0,1,1,Nanotechnology,2018,2018
IIT Kharagpur,Somindu Chaya Ramanna,Computer Science and Engineering,iit_kharagpur:304,roster,1,8,0,1,0,,2019,2019
IIT Kharagpur,Nairita Pal,"Centre for Ocean, River, Atmosphere and Land Sciences (CORAL)",iit_kharagpur:136,roster,2,8,0,1,1,Geoscientific Model Development,2023,2026
IIT Kharagpur,Shubhendu Palei,Chemistry,iit_kharagpur:220,roster,1,8,0,1,0,Bioorganic & Medicinal Chemistry,2024,2024
IIT Kharagpur,Arun Kumar Majumdar,Computer Science and Engineering,iit_kharagpur:919,roster,2,7,0,1,1,ACM Transactions on Management Information Systems,2016,2016
IIT Kharagpur,Syamsundar De,Centre for Interdisciplinary and Convergent Technologies,iit_kharagpur:128,roster,7,7,0,1,1,Physical Review Research,2023,2026
IIT Kharagpur,Mrinal Kumar Acharya,Dr B C Roy Multi Speciality Medical Research Centre,iit_kharagpur:333,roster,10,7,0,1,2,Epilepsy & Behavior,2023,2026
IIT Kharagpur,Praveen Kumar Sappati,Agricultural and Food Engineering,iit_kharagpur:51,roster,1,7,0,1,0,Indian Journal of Microbiology,2024,2024
IIT Kharagpur,P Srinivasa Rao,Agricultural and Food Engineering,iit_kharagpur:48,roster,4,7,0,1,0,Food Technology and Biotechnology,2024,2026
IIT Kharagpur,Swambabu Varanasi,Chemical Engineering,iit_kharagpur:188,roster,1,7,0,1,1,ACS Biomaterials Science & Engineering,2024,2024
IIT Kharagpur,Madhusudan Sau,Chemical Engineering,iit_kharagpur:168,roster,3,7,0,1,2,Journal of Analytical and Applied Pyrolysis,2025,2026
IIT Kharagpur,Raj Kumar Sadhu,Education,iit_kharagpur:351,roster,2,7,0,1,2,Journal of Cell Biology,2025,2026
IIT Kharagpur,Shakti Deb,Rajiv Gandhi School of Intellectual Property Law,iit_kharagpur:763,roster,2,6,0,1,0,Indian Journal of Corporate Governance,2017,2023
IIT Kharagpur,Saikat Mukherjee,Mechanical Engineering,iit_kharagpur:612,roster,1,6,0,1,1,IEEE Transactions on Cloud Computing,2022,2022
IIT Kharagpur,Prakash Sharma,Rajiv Gandhi School of Intellectual Property Law,iit_kharagpur:760,roster,8,6,0,1,0,Asian Journal of Legal Education,2023,2026
IIT Kharagpur,Madhumita Paul,Civil Engineering,iit_kharagpur:247,roster,5,6,0,1,0,"Journal of Transportation Engineering, Part A: Systems",2023,2026
IIT Kharagpur,Balraj Kaur Sidhu,Rajiv Gandhi School of Intellectual Property Law,iit_kharagpur:752,roster,7,5,0,1,0,Yearbook of International Environmental Law,2018,2023
IIT Kharagpur,Rogers Mathew,Computer Science and Engineering,iit_kharagpur:929,roster,1,5,0,1,1,Journal of Graph Theory,2018,2018
IIT Kharagpur,Saswat Samay Das,Humanities and Social Sciences,iit_kharagpur:505,roster,13,5,0,1,7,"Gender, Place & Culture",2021,2026
IIT Kharagpur,Ashutosh Tiwari,Centre of Excellence in Affordable Healthcare,iit_kharagpur:148,roster,4,5,0,1,1,Heliyon,2022,2026
IIT Kharagpur,Arindam Basu,Geology and Geophysics,iit_kharagpur:444,roster,1,5,0,1,0,Journal of Earth System Science,2024,2024
IIT Kharagpur,Abhijit Guha,Mechanical Engineering,iit_kharagpur:576,roster,4,5,0,1,3,Physics of Fluids,2025,2026
IIT Kharagpur,Hemakesh Mohapatra,Materials Science Centre,iit_kharagpur:528,roster,2,5,0,1,0,Polymer Engineering & Science,2025,2026
IIT Kharagpur,Anwesha Aditya,Humanities and Social Sciences,iit_kharagpur:480,roster,5,5,0,1,1,Journal of Globalization and Development,2026,2026
IIT Kharagpur,Jayanta K Bhattacharjee,Physics,iit_kharagpur:1094,roster,1,4,0,1,1,Physics of Fluids,2016,2016
IIT Kharagpur,Raju K D,Rajiv Gandhi School of Intellectual Property Law,iit_kharagpur:761,roster,2,4,0,1,0,Indian Journal of International Law,2016,2024
IIT Kharagpur,Debatosh Guha,Electronics and Electrical Communication Engg.,iit_kharagpur:980,roster,1,4,0,1,0,Microwave and Optical Technology Letters,2017,2017
IIT Kharagpur,M P Dikshit,Mining Engineering,iit_kharagpur:1076,roster,1,4,0,1,0,,2019,2019
IIT Kharagpur,Chirag Deepak Kalelkar,Mechanical Engineering,iit_kharagpur:590,roster,2,4,0,1,2,Physics of Fluids,2019,2020
IIT Kharagpur,Sunandan Ghosh,Humanities and Social Sciences,iit_kharagpur:508,roster,4,4,0,1,2,Journal of Quantitative Economics,2020,2026
IIT Kharagpur,Ashutosh Mohanty,Education,iit_kharagpur:347,roster,2,4,0,1,1,Small,2021,2025
IIT Kharagpur,Uday Shankar,Rajiv Gandhi School of Intellectual Property Law,iit_kharagpur:766,roster,5,4,0,1,1,Journal of Energy & Natural Resources Law,2021,2026
IIT Kharagpur,Siddharth Tamang,Mechanical Engineering,iit_kharagpur:617,roster,1,4,0,1,0,,2022,2022
IIT Kharagpur,Rima Bhattacharya,Humanities and Social Sciences,iit_kharagpur:1011,roster,3,4,0,1,2,Media Watch,2022,2024
IIT Kharagpur,Arindam Basu,Rajiv Gandhi School of Intellectual Property Law,iit_kharagpur:750,roster,1,4,0,1,0,Asian Journal of Legal Education,2022,2022
IIT Kharagpur,Vikas Thakur,Humanities and Social Sciences,iit_kharagpur:509,roster,4,4,0,1,3,FIIB Business Review,2022,2026
IIT Kharagpur,Somak Aditya,Computer Science and Engineering,iit_kharagpur:303,roster,6,4,0,1,1,Language Resources and Evaluation,2023,2026
IIT Kharagpur,Mandrita Chatterjee,Dr B C Roy Multi Speciality Medical Research Centre,iit_kharagpur:331,roster,6,4,0,1,0,International Journal of Science and Technology Research Archive,2024,2026
IIT Kharagpur,Saptarshi Dey,Geology and Geophysics,iit_kharagpur:467,roster,2,4,0,1,1,Terra Nova,2025,2025
IIT Kharagpur,Sandipan Ghosh Moulic,Mechanical Engineering,iit_kharagpur:613,roster,2,3,0,1,0,Journal of Thermal Science and Engineering Applications,2017,2021
IIT Kharagpur,Amlan Chakrabarti,Artificial Intelligence,iit_kharagpur:868,roster,7,3,0,1,3,Innovations in Systems and Software Engineering,2021,2026
IIT Kharagpur,Thomas E V,Agricultural and Food Engineering,iit_kharagpur:856,roster,3,3,0,1,1,Journal of Field Robotics,2023,2024
IIT Kharagpur,Saikat Das,Physics,iit_kharagpur:721,roster,3,3,0,1,2,APL Materials,2023,2026
IIT Kharagpur,Richa Ahuja,Centre of Excellence on Safety Engineering & Analytics (COE-SEA),iit_kharagpur:152,roster,4,3,0,1,0,International Journal of System Assurance Engineering and Management,2024,2025
IIT Kharagpur,Monosij Maitra,Computer Science and Engineering,iit_kharagpur:288,roster,3,3,0,1,0,,2024,2026
IIT Kharagpur,Manas Seal,Education,iit_kharagpur:350,roster,1,3,0,1,1,Protein Science,2025,2025
IIT Kharagpur,Sanjay Ghosh,Electrical Engineering,iit_kharagpur:380,roster,3,3,0,1,1,Frontiers in Human Neuroscience,2025,2026
IIT Kharagpur,Rajesh Kannan,Mathematics,iit_kharagpur:1036,roster,1,2,0,1,0,The Electronic Journal of Linear Algebra,2018,2018
IIT Kharagpur,Ashoke Bhar,Ocean Engg and Naval Architecture,iit_kharagpur:1082,roster,1,2,0,1,0,,2018,2018
IIT Kharagpur,Biswa Nath Datta,Mathematics,iit_kharagpur:1031,roster,1,2,0,1,0,,2021,2021
IIT Kharagpur,Bibhudatta Sahoo,Electronics and Electrical Communication Engg.,iit_kharagpur:977,roster,1,2,0,1,0,,2022,2022
IIT Kharagpur,Shuvro Prosun Sarker,Rajiv Gandhi School of Intellectual Property Law,iit_kharagpur:765,roster,6,2,0,1,1,Indonesian Journal of International Law,2022,2026
IIT Kharagpur,Husney Parvez Sarwar,Mathematics,iit_kharagpur:552,roster,5,2,0,1,2,Journal of Algebra and Its Applications,2023,2026
IIT Kharagpur,Rakesh Kumar,Mining Engineering,iit_kharagpur:668,roster,3,2,0,1,2,International Journal of Geomechanics,2023,2026
IIT Kharagpur,Soumitra Ghara,Mathematics,iit_kharagpur:570,roster,2,2,0,1,1,Opuscula Mathematica,2024,2024
IIT Kharagpur,Mayur Prakash Bonkile,Energy Science and Engineering,iit_kharagpur:431,roster,3,2,0,1,2,Journal of Energy Storage,2025,2026
IIT Kharagpur,Archana Shukla,Nano Science and Technology,iit_kharagpur:673,roster,2,2,0,1,1,Small Structures,2026,2026
IIT Kharagpur,Kalyan Kumar Guin,Vinod Gupta School of Management,iit_kharagpur:1131,roster,1,1,0,1,0,International Journal of Advances in Engineering Sciences and Applied Mathematics,2017,2017
IIT Kharagpur,Bodhayan Roy,Mathematics,iit_kharagpur:541,roster,6,1,0,1,0,Autonomous Agents and Multi-Agent Systems,2022,2026
IIT Kharagpur,Manish Kumar Kar,Metallurgical and Materials Engineering,iit_kharagpur:644,roster,2,1,0,1,0,"Mining, Metallurgy & Exploration",2022,2026
IIT Kharagpur,Athira Gopinath,Civil Engineering,iit_kharagpur:908,roster,1,1,0,1,0,Magazine of Concrete Research,2023,2023
IIT Kharagpur,Biswajit Bharat,Mechanical Engineering,iit_kharagpur:588,roster,1,1,0,1,0,ChemistrySelect,2023,2023
IIT Kharagpur,Laxman Singh Bisht,Centre of Excellence on Safety Engineering & Analytics (COE-SEA),iit_kharagpur:151,roster,3,1,0,1,1,Transportation Research Interdisciplinary Perspectives,2024,2025
IIT Kharagpur,Ketan Arora,Mining Engineering,iit_kharagpur:1074,roster,3,1,0,1,0,,2024,2024
IIT Kharagpur,Biswajit Mishra,Geology and Geophysics,iit_kharagpur:999,roster,1,1,0,1,0,,2024,2024
IIT Kharagpur,Amandeep Jindal,Chemical Engineering,iit_kharagpur:154,roster,2,1,0,1,0,Cureus,2024,2026
IIT Kharagpur,Dripta Piplai (Mondal),Humanities and Social Sciences,iit_kharagpur:486,roster,10,1,0,1,5,Social Identities,2024,2026
IIT Kharagpur,Pavithra Parthasarathy,Civil Engineering,iit_kharagpur:912,roster,1,1,0,1,0,,2024,2024
IIT Kharagpur,Gaurab Das Mahapatra,Architecture and Regional Planning,iit_kharagpur:66,roster,2,1,0,1,2,Sustainability,2024,2026
IIT Kharagpur,Priyabrata Pradhan,Agricultural and Food Engineering,iit_kharagpur:53,roster,1,1,0,1,0,Journal of Agricultural Engineering (India),2025,2025
IIT Kharagpur,Varuna Chakraborty,Rajiv Gandhi School of Intellectual Property Law,iit_kharagpur:767,roster,1,1,0,1,0,Asian Journal of Legal Education,2025,2025
IIT Kharagpur,Ananta Kumar Sarkar,Chemical Engineering,iit_kharagpur:156,roster,2,1,0,1,0,ChemNanoMat,2025,2025
IIT Kharagpur,Paluchamy B,Mining Engineering,iit_kharagpur:667,roster,1,1,0,1,0,"Mining, Metallurgy & Exploration",2025,2025
IIT Kharagpur,Kota Srinivas Reddy,Artificial Intelligence,iit_kharagpur:81,roster,3,1,0,1,0,,2026,2026
IIT Kharagpur,Rickmoy Samanta,Physics,iit_kharagpur:719,roster,3,1,0,1,1,Transport Phenomena,2026,2026
IIT Kharagpur,Abhranil Chatterjee,Computer Science and Engineering,iit_kharagpur:272,roster,1,1,0,1,0,,2026,2026
IIT Kharagpur,Kamalakshya Mahatab,Mathematics,iit_kharagpur:553,roster,1,1,0,1,1,Journal of Number Theory,2026,2026
IIT Kharagpur,H S Komalesha,Humanities and Social Sciences,iit_kharagpur:489,roster,8,0,0,0,4,Social Movement Studies,2016,2026
IIT Kharagpur,Kunal Kanti Ghosh,Vinod Gupta School of Management,iit_kharagpur:1132,roster,1,0,0,0,0,,2017,2017
IIT Kharagpur,Ratnam Varada Raja Kumar,Electronics and Electrical Communication Engg.,iit_kharagpur:986,roster,1,0,0,0,0,,2022,2022
IIT Kharagpur,Soumyanath Chatterjee,Industrial and Systems Engineering,iit_kharagpur:1024,roster,1,0,0,0,0,,2022,2022
IIT Kharagpur,Prateep Chakraborty,Mathematics,iit_kharagpur:562,roster,1,0,0,0,0,Geometriae Dedicata,2023,2023
IIT Kharagpur,Samir Rana,Dr B C Roy Multi Speciality Medical Research Centre,iit_kharagpur:339,roster,4,0,0,0,1,JOURNAL OF CLINICAL AND DIAGNOSTIC RESEARCH,2024,2026
IIT Kharagpur,Soumi Kundu,Dr B C Roy Multi Speciality Medical Research Centre,iit_kharagpur:952,roster,1,0,0,0,0,,2024,2024
IIT Kharagpur,Bhargav Jha,Electrical Engineering,iit_kharagpur:364,roster,2,0,0,0,2,"Journal of Guidance, Control, and Dynamics",2024,2026
IIT Kharagpur,Soumya Behera,Dr B C Roy Multi Speciality Medical Research Centre,iit_kharagpur:953,roster,1,0,0,0,1,Eye,2024,2024
IIT Kharagpur,Narendran Thiruthy,Rajiv Gandhi School of Intellectual Property Law,iit_kharagpur:756,roster,3,0,0,0,0,The Journal of World Intellectual Property,2024,2026
IIT Kharagpur,Shreya Matilal,Rajiv Gandhi School of Intellectual Property Law,iit_kharagpur:764,roster,2,0,0,0,0,The Journal of World Intellectual Property,2024,2024
IIT Kharagpur,Azgaonkar Sarvesh Premanand,Dr B C Roy Multi Speciality Medical Research Centre,iit_kharagpur:940,roster,1,0,0,0,1,European Archives of Oto-Rhino-Laryngology,2024,2024
IIT Kharagpur,Abhishek Sharma,Industrial and Systems Engineering,iit_kharagpur:510,roster,1,0,0,0,0,Asia-Pacific Journal of Operational Research,2025,2025
IIT Kharagpur,Arpan Hota,Electrical Engineering,iit_kharagpur:356,roster,4,0,0,0,2,IEEE Transactions on Consumer Electronics,2025,2026
IIT Kharagpur,Oindrila Dhar,Dr B C Roy Multi Speciality Medical Research Centre,iit_kharagpur:335,roster,2,0,0,0,0,International Journal of Science and Technology Research Archive,2025,2025
IIT Kharagpur,Nishant Vats,Geology and Geophysics,iit_kharagpur:455,roster,1,0,0,0,0,Journal of the Palaeontological Society of India,2025,2025
IIT Kharagpur,Pratima Panigrahi,Mathematics,iit_kharagpur:563,roster,8,0,0,0,0,Asian-European Journal of Mathematics,2025,2026
IIT Kharagpur,Debaditya Roy,Computer Science and Engineering,iit_kharagpur:280,roster,6,0,0,0,1,Journal on Computing and Cultural Heritage,2025,2026
IIT Kharagpur,Debapriya Biswas,Mathematics,iit_kharagpur:544,roster,1,0,0,0,0,Armenian Journal of Mathematics,2025,2025
IIT Kharagpur,Kaustav Dey,Electrical Engineering,iit_kharagpur:374,roster,3,0,0,0,0,,2025,2026
IIT Kharagpur,Chandra Prakash Dubey,Geology and Geophysics,iit_kharagpur:446,roster,8,0,0,0,2,Computers & Geosciences,2025,2026
IIT Kharagpur,Sumana Samanta,Dr B C Roy Multi Speciality Medical Research Centre,iit_kharagpur:343,roster,1,0,0,0,0,International Journal of Medicine and Health Development,2025,2025
IIT Kharagpur,Dripto Bakshi,Humanities and Social Sciences,iit_kharagpur:487,roster,1,0,0,0,0,Arthaniti: Journal of Economic Theory and Practice,2025,2025
IIT Kharagpur,Sudebkumar Prasant Pal,Computer Science and Engineering,iit_kharagpur:931,roster,1,0,0,0,0,,2025,2025
IIT Kharagpur,Somdyuti Paul,Artificial Intelligence,iit_kharagpur:87,roster,1,0,0,0,0,,2025,2025
IIT Kharagpur,Joydip Chaudhuri,Chemical Engineering,iit_kharagpur:166,roster,1,0,0,0,1,Journal of Industrial and Engineering Chemistry,2026,2026
IIT Kharagpur,Biswarup Jash,Chemistry,iit_kharagpur:192,roster,3,0,0,0,1,New Journal of Chemistry,2026,2026
IIT Kharagpur,Gurjeet Singh,School of Water Resources,iit_kharagpur:798,roster,2,0,0,0,2,Environmental Research Communications,2026,2026
IIT Kharagpur,Harshad Hemantrao Shrigondekar,Centre of Excellence on Safety Engineering & Analytics (COE-SEA),iit_kharagpur:150,roster,1,0,0,0,0,,2026,2026
IIT Kharagpur,Kondeti Lakshmi Vasudev,Ocean Engg and Naval Architecture,iit_kharagpur:683,roster,1,0,0,0,0,,2026,2026
IIT Kharagpur,Asimava Roy Choudhury,Mechanical Engineering,iit_kharagpur:586,roster,4,0,0,0,1,Journal of Tribology,2026,2026
IIT Kharagpur,Avijit Mondal,Dr B C Roy Multi Speciality Medical Research Centre,iit_kharagpur:327,roster,3,0,0,0,0,Panacea Journal of Medical Sciences,2026,2026
IIT Kharagpur,Anubendu Adhikary,Education,iit_kharagpur:344,roster,2,0,0,0,0,Organometallics,2026,2026
IIT Kharagpur,Sambit Ghosh,Geology and Geophysics,iit_kharagpur:464,roster,1,0,0,0,0,Rapid Communications in Mass Spectrometry,2026,2026
IIT Kharagpur,Richa Chopra,Centre of Excellence for Indian Knowledge Systems,iit_kharagpur:147,roster,1,0,0,0,0,,2026,2026
IIT Kharagpur,Shubhrajit Maitra,Ocean Engg and Naval Architecture,iit_kharagpur:689,roster,1,0,0,0,1,Géotechnique,2026,2026
IIT Kharagpur,Raghunath Ghara,Physics,iit_kharagpur:718,roster,1,0,0,0,1,The Astrophysical Journal Letters,2026,2026
IIT Kharagpur,Kartick Tarafder,Physics,iit_kharagpur:710,roster,2,0,0,0,1,Journal of Physics: Condensed Matter,2026,2026
IIT Kharagpur,Akash Kumar,Centre for Interdisciplinary and Convergent Technologies,iit_kharagpur:114,roster,2,0,0,0,1,Communications Engineering,2026,2026
IIT Kharagpur,Nabakumar Jana,Mathematics,iit_kharagpur:557,roster,1,0,0,0,0,Statistical Papers,2026,2026
IIT Kharagpur,Gaurav Misuriya,Civil Engineering,iit_kharagpur:242,roster,1,0,0,0,0,Journal of Hydraulic Engineering,2026,2026
IIT Kharagpur,Apramita Chand,Education,iit_kharagpur:346,roster,1,0,0,0,0,Journal of Chemical Sciences,2026,2026
IIT Kharagpur,Aditya Pandey,Mining Engineering,iit_kharagpur:659,roster,1,0,0,0,0,"Mining, Metallurgy & Exploration",2026,2026
IIT Kharagpur,Vikrant Kumar Singh,Electrical Engineering,iit_kharagpur:390,roster,2,0,0,0,1,IEEE/ASME Transactions on Mechatronics,2026,2026
IIT Kharagpur,Manikandan D,Centre for Computational and Data Sciences,iit_kharagpur:112,roster,1,0,0,0,1,ACS Applied Nano Materials,2026,2026
IIT Kharagpur,Md Rushdie Ibne Islam,Ocean Engg and Naval Architecture,iit_kharagpur:685,roster,1,0,0,0,1,Applied Mathematical Modelling,2026,2026
IIT Kharagpur,Mainak Chakraborty,Ocean Engg and Naval Architecture,iit_kharagpur:684,roster,1,0,0,0,0,,2026,2026
IIT Kharagpur,Mithun Bhowmik,Mathematics,iit_kharagpur:555,roster,1,0,0,0,1,Forum Mathematicum,2026,2026
IIT Kharagpur,Jagadeesh Kadiyam,Ocean Engg and Naval Architecture,iit_kharagpur:680,roster,1,0,0,0,0,,2026,2026
IIT Kharagpur,Viswanathan Ramachandran,Electronics and Electrical Communication Engg.,iit_kharagpur:427,roster,1,0,0,0,0,,2026,2026
IIT Roorkee,Zillur Rahman,Management Studies,iit_roorkee:574,roster,99,6181,0,42,37,International Journal of Business Excellence,2016,2026
IIT Roorkee,Soumitra Satapathi,Physics,iit_roorkee:775,roster,165,4990,0,42,128,The Journal of Physical Chemistry C,2017,2026
IIT Roorkee,Partha Pratim Roy,Computer Science and Engineering,iit_roorkee:262,roster,233,6095,0,41,99,Multimedia Tools and Applications,2016,2026
IIT Roorkee,Vikas Pruthi,Biosciences and Bioengineering,iit_roorkee:73,roster,101,4070,0,41,53,Bioresource Technology,2016,2022
IIT Roorkee,Pradip K. Maji,Polymer and Process Engineering,iit_roorkee:801,roster,213,5269,0,40,137,Journal of Materials Chemistry A,2017,2026
IIT Roorkee,V. C. Srivastava,Chemical Engineering,iit_roorkee:120,roster,161,4891,0,40,96,Energy & Fuels,2016,2026
IIT Roorkee,Partha Roy,Biosciences and Bioengineering,iit_roorkee:43,roster,232,4871,0,37,130,International Journal of Biological Macromolecules,2016,2026
IIT Roorkee,Kirtiraj Kundlik Gaikwad,Paper Technology,iit_roorkee:722,roster,129,4961,0,36,61,Biomass Conversion and Biorefinery,2019,2026
IIT Roorkee,Gaurav Manik,Polymer and Process Engineering,iit_roorkee:797,roster,124,3900,0,36,67,Polymer Composites,2016,2026
IIT Roorkee,Brajesh Kumar Kaushik,Electronics and Communication Engineering,iit_roorkee:orcid:0000-0002-6414-0032,ORCID record,297,5268,0,35,75,IEEE Transactions on Electron Devices,2016,2026
IIT Roorkee,Krishna Mohan Poluri,Biosciences and Bioengineering,iit_roorkee:40,roster,232,3885,0,32,128,International Journal of Biological Macromolecules,2016,2026
IIT Roorkee,Prasenjit Mondal,Chemical Engineering,iit_roorkee:112,roster,98,2976,0,32,60,Journal of Environmental Chemical Engineering,2016,2026
IIT Roorkee,Patit Paban Kundu,Chemical Engineering,iit_roorkee:110,roster,96,2792,0,31,57,International Journal of Biological Macromolecules,2016,2026
IIT Roorkee,Avinash Parashar,Mechanical and Industrial Engineering,iit_roorkee:630,roster,87,2722,0,31,51,Physical Chemistry Chemical Physics,2016,2026
IIT Roorkee,Kusum Deep,Mathematics,iit_roorkee:604,roster,129,3842,0,29,37,International Journal of System Assurance Engineering and Management,2016,2026
IIT Roorkee,Deepak Khare,Water Resources Development and Management,iit_roorkee:826,roster,109,2376,0,29,37,Natural Hazards,2016,2026
IIT Roorkee,Kaushik Pal,Mechanical and Industrial Engineering,iit_roorkee:641,roster,100,2328,0,29,64,International Journal of Biological Macromolecules,2016,2026
IIT Roorkee,Debrupa Lahiri,Metallurgical and Materials Engineering,iit_roorkee:689,roster,91,3145,0,28,55,Journal of the Mechanical Behavior of Biomedical Materials,2016,2026
IIT Roorkee,N. P. Padhy,Electrical Engineering,iit_roorkee:378,roster,234,2650,0,28,87,IEEE Transactions on Industry Applications,2016,2026
IIT Roorkee,Davinder Kaur,Physics,iit_roorkee:754,roster,133,2592,0,28,93,Applied Physics Letters,2016,2026
IIT Roorkee,Vinay Kumar Tyagi,Civil Engineering,iit_roorkee:255,roster,58,2919,0,27,36,Chemosphere,2019,2023
IIT Roorkee,Shailly Tomar,Biosciences and Bioengineering,iit_roorkee:58,roster,106,2266,0,27,51,Virology,2016,2026
IIT Roorkee,Akshay Dvivedi,Mechanical and Industrial Engineering,iit_roorkee:619,roster,118,2467,0,26,62,Materials and Manufacturing Processes,2016,2026
IIT Roorkee,Ashish Pandey,Water Resources Development and Management,iit_roorkee:824,roster,169,2434,0,26,42,Environmental Monitoring and Assessment,2016,2026
IIT Roorkee,Ramesh Chandra,Hydro and Renewable Energy,iit_roorkee:512,roster,86,2359,0,26,43,Sensors and Actuators B: Chemical,2018,2023
IIT Roorkee,Rahul S. Mulik,Mechanical and Industrial Engineering,iit_roorkee:652,roster,80,2151,0,26,42,Ceramics International,2016,2026
IIT Roorkee,Ankit Agarwal,Hydrology,iit_roorkee:516,roster,150,1837,0,26,63,Journal of Hydrology,2019,2026
IIT Roorkee,B. K. Mishra,Mechanical and Industrial Engineering,iit_roorkee:632,roster,56,1797,0,26,37,Computer Methods in Applied Mechanics and Engineering,2016,2026
IIT Roorkee,Paritosh Mohanty,Chemistry,iit_roorkee:147,roster,74,1745,0,26,67,Journal of Molecular Liquids,2016,2026
IIT Roorkee,Anuj Sharma,Chemistry,iit_roorkee:134,roster,70,2294,0,25,43,Advanced Synthesis & Catalysis,2016,2026
IIT Roorkee,Chandra Shekhar Prasad Ojha,Civil Engineering,iit_roorkee:192,roster,180,2147,0,25,59,"Journal of Hazardous, Toxic, and Radioactive Waste",2016,2026
IIT Roorkee,Shishir Sinha,Chemical Engineering,iit_roorkee:116,roster,74,1681,0,25,38,Journal of Natural Fibers,2016,2026
IIT Roorkee,Inderdeep Singh,Mechanical and Industrial Engineering,iit_roorkee:638,roster,139,2314,0,24,57,Materials and Manufacturing Processes,2016,2026
IIT Roorkee,Abhijit Maiti,Polymer and Process Engineering,iit_roorkee:795,roster,52,2066,0,24,32,Journal of Environmental Chemical Engineering,2016,2026
IIT Roorkee,Ajanta Goswami,Earth Sciences,iit_roorkee:294,roster,101,1895,0,24,57,Remote Sensing Applications: Society and Environment,2017,2026
IIT Roorkee,Debasis Banerjee,Chemistry,iit_roorkee:136,roster,49,1808,0,24,45,Chemical Communications,2017,2026
IIT Roorkee,C. Balomajumder,Chemical Engineering,iit_roorkee:100,roster,51,1699,0,24,23,Environmental Science and Pollution Research,2016,2025
IIT Roorkee,Rajib Chowdhury,Civil Engineering,iit_roorkee:215,roster,99,1673,0,24,57,Computer Methods in Applied Mechanics and Engineering,2016,2026
IIT Roorkee,Apurbba Kumar Sharma,Mechanical and Industrial Engineering,iit_roorkee:627,roster,82,2720,0,23,33,Journal of Materials Engineering and Performance,2016,2026
IIT Roorkee,Pradeep Kumar,Mechanical and Industrial Engineering,iit_roorkee:651,roster,74,1885,0,23,34,Materials and Manufacturing Processes,2016,2026
IIT Roorkee,Monojit Bag,Physics,iit_roorkee:764,roster,85,1689,0,23,64,ACS Applied Electronic Materials,2016,2026
IIT Roorkee,Kamal Jain,Civil Engineering,iit_roorkee:240,roster,122,1625,0,23,26,"The International Archives of the Photogrammetry, Remote Sensing and Spatial Information Sciences",2016,2024
IIT Roorkee,Absar Ahmad Kazmi,Civil Engineering,iit_roorkee:179,roster,82,1572,0,23,37,Science of The Total Environment,2016,2026
IIT Roorkee,Nikhil Dhawan,Metallurgical and Materials Engineering,iit_roorkee:697,roster,82,1536,0,23,41,"Mining, Metallurgy & Exploration",2018,2026
IIT Roorkee,K. R. Justin Thomas,Chemistry,iit_roorkee:140,roster,95,1505,0,23,63,Dyes and Pigments,2016,2026
IIT Roorkee,K. L. Yadav,Physics,iit_roorkee:759,roster,71,1250,0,23,49,Ceramics International,2016,2026
IIT Roorkee,Y. S. Negi,Polymer and Process Engineering,iit_roorkee:817,roster,59,2547,0,22,30,International Journal of Biological Macromolecules,2016,2025
IIT Roorkee,M. Sankar,Chemistry,iit_roorkee:143,roster,140,1825,0,22,83,Inorganic Chemistry,2016,2026
IIT Roorkee,Bhaveshkumar R. Bhalja,Electrical Engineering,iit_roorkee:366,roster,155,1669,0,22,62,"IET Generation, Transmission & Distribution",2016,2026
IIT Roorkee,Rahul Dev Garg,Civil Engineering,iit_roorkee:212,roster,176,1586,0,22,38,"The International Archives of the Photogrammetry, Remote Sensing and Spatial Information Sciences",2016,2026
IIT Roorkee,Narayan Chandra Mishra,Polymer and Process Engineering,iit_roorkee:799,roster,47,1569,0,22,21,Materials Science and Engineering: C,2016,2026
IIT Roorkee,Saugata Hazra,Biosciences and Bioengineering,iit_roorkee:57,roster,96,1553,0,22,44,Microbiology Resource Announcements,2016,2026
IIT Roorkee,Gopinath Packirisamy,Biosciences and Bioengineering,iit_roorkee:37,roster,75,1430,0,22,51,International Journal of Biological Macromolecules,2017,2026
IIT Roorkee,R. P. Saini,Hydro and Renewable Energy,iit_roorkee:511,roster,53,1321,0,22,17,"Energy Sources, Part A: Recovery, Utilization, and Environmental Effects",2016,2024
IIT Roorkee,Sanjeev Kumar Prajapati,Hydro and Renewable Energy,iit_roorkee:503,roster,71,1480,0,21,50,Journal of Environmental Chemical Engineering,2020,2026
IIT Roorkee,Debabrata Sircar,Biosciences and Bioengineering,iit_roorkee:34,roster,106,1474,0,21,61,Physiologia Plantarum,2016,2026
IIT Roorkee,Girish K. Singh,Electrical Engineering,iit_roorkee:396,roster,78,1424,0,21,27,"IET Science, Measurement & Technology",2016,2026
IIT Roorkee,S. K. Mishra,Water Resources Development and Management,iit_roorkee:833,roster,59,1041,0,21,24,Sustainable Water Resources Management,2016,2026
IIT Roorkee,M. R. Maurya,Chemistry,iit_roorkee:171,roster,61,972,0,21,26,European Journal of Inorganic Chemistry,2016,2026
IIT Roorkee,S. P. Harsha,Mechanical and Industrial Engineering,iit_roorkee:655,roster,116,1492,0,20,40,International Journal of Structural Stability and Dynamics,2016,2026
IIT Roorkee,Praveen Kumar,Civil Engineering,iit_roorkee:208,roster,52,1343,0,20,34,Journal of Materials in Civil Engineering,2016,2026
IIT Roorkee,Kaushik Ghosh,Chemistry,iit_roorkee:142,roster,100,1294,0,20,37,Dalton Transactions,2016,2026
IIT Roorkee,Madhu Jain,Mathematics,iit_roorkee:606,roster,122,1269,0,20,28,International Journal of Mathematics in Operational Research,2016,2026
IIT Roorkee,Anupam Chakrabarti,Civil Engineering,iit_roorkee:187,roster,53,1203,0,20,26,Composite Structures,2016,2026
IIT Roorkee,M. M. Joglekar,Mechanical and Industrial Engineering,iit_roorkee:643,roster,37,1168,0,20,23,Smart Materials and Structures,2017,2025
IIT Roorkee,Yogendra Singh,Earthquake Engineering,iit_roorkee:347,roster,71,1010,0,20,50,Journal of Earthquake Engineering,2016,2026
IIT Roorkee,Hari Prakash Veluswamy,Chemical Engineering,iit_roorkee:103,roster,38,952,0,20,31,Energy & Fuels,2020,2026
IIT Roorkee,Durga Toshniwal,Computer Science and Engineering,iit_roorkee:258,roster,74,2094,0,19,20,Applied Intelligence,2016,2026
IIT Roorkee,S. K. Ghosh,Civil Engineering,iit_roorkee:249,roster,55,1661,0,19,14,Geocarto International,2016,2024
IIT Roorkee,Brijesh Kumar Yadav,Hydrology,iit_roorkee:519,roster,96,1337,0,19,32,Journal of Environmental Engineering,2016,2026
IIT Roorkee,Bhola Ram Gurjar,Civil Engineering,iit_roorkee:189,roster,61,1214,0,19,23,"Journal of Hazardous, Toxic, and Radioactive Waste",2016,2026
IIT Roorkee,Dharm Dutt,Paper Technology,iit_roorkee:721,roster,60,1185,0,19,23,BioResources,2016,2026
IIT Roorkee,Premalata Jena,Electrical Engineering,iit_roorkee:382,roster,111,1176,0,19,41,IEEE Transactions on Industry Applications,2016,2026
IIT Roorkee,Yogesh Vijay Hote,Electrical Engineering,iit_roorkee:391,roster,119,1092,0,19,22,IEEE Transactions on Industry Applications,2017,2026
IIT Roorkee,Vimal Kumar,Chemical Engineering,iit_roorkee:122,roster,55,1065,0,19,30,Industrial & Engineering Chemistry Research,2016,2026
IIT Roorkee,Indranil Lahiri,Metallurgical and Materials Engineering,iit_roorkee:694,roster,55,1669,0,18,27,Journal of Materials Science: Materials in Electronics,2016,2026
IIT Roorkee,Sandeep Kumar,Computer Science and Engineering,iit_roorkee:orcid:0000-0003-0747-6776,ORCID record,117,1455,0,18,29,Applied Intelligence,2016,2026
IIT Roorkee,Jogendra Kumar Nayak,Management Studies,iit_roorkee:536,roster,41,1454,0,18,27,Asia Pacific Journal of Marketing and Logistics,2016,2025
IIT Roorkee,Sparsh Mittal,Electronics and Communication Engineering,iit_roorkee:440,roster,102,1447,0,18,23,Journal of Systems Architecture,2020,2026
IIT Roorkee,Usha Lenka,Management Studies,iit_roorkee:550,roster,63,1417,0,18,19,Industrial and Commercial Training,2016,2026
IIT Roorkee,G. P. Chaudhari,Metallurgical and Materials Engineering,iit_roorkee:692,roster,42,1327,0,18,19,Journal of Materials Engineering and Performance,2016,2025
IIT Roorkee,Raj Kumar Dutta,Chemistry,iit_roorkee:150,roster,41,1253,0,18,28,Environmental Science and Pollution Research,2016,2026
IIT Roorkee,Thanga Raj Chelliah,Water Resources Development and Management,iit_roorkee:834,roster,108,1241,0,18,45,IEEE Transactions on Industry Applications,2016,2026
IIT Roorkee,Manoranjan Parida,Civil Engineering,iit_roorkee:200,roster,96,1225,0,18,32,Transport Policy,2016,2026
IIT Roorkee,Sudipta Sarkar,Civil Engineering,iit_roorkee:226,roster,47,1204,0,18,34,Journal of Environmental Chemical Engineering,2016,2026
IIT Roorkee,Sarada Prasad Pradhan,Earth Sciences,iit_roorkee:314,roster,53,1112,0,18,22,Natural Hazards,2016,2026
IIT Roorkee,Ashwini Kumar Sharma,Chemical Engineering,iit_roorkee:98,roster,63,1088,0,18,38,International Journal of Biological Macromolecules,2017,2026
IIT Roorkee,Indrajit Ghosh,Civil Engineering,iit_roorkee:196,roster,88,985,0,18,21,Transportation Research Record: Journal of the Transportation Research Board,2016,2026
IIT Roorkee,Arup Kumar Das,Mechanical and Industrial Engineering,iit_roorkee:628,roster,99,975,0,18,63,Physics of Fluids,2016,2026
IIT Roorkee,Rajendra Prasad,Electrical Engineering,iit_roorkee:403,roster,34,927,0,18,1,IETE Journal of Research,2016,2023
IIT Roorkee,Tapas Kumar Mandal,Chemistry,iit_roorkee:160,roster,63,879,0,18,40,ACS Applied Energy Materials,2016,2026
IIT Roorkee,Dharmendra Singh,Electronics and Communication Engineering,iit_roorkee:425,roster,132,1250,0,17,27,Defence Science Journal,2016,2026
IIT Roorkee,Manish Mishra,Mechanical and Industrial Engineering,iit_roorkee:644,roster,46,1185,0,17,23,Journal of Heat Transfer,2016,2026
IIT Roorkee,P. C. Srivastava,Physics,iit_roorkee:768,roster,119,1021,0,17,79,Physical Review C,2016,2026
IIT Roorkee,R. Prasad,Biosciences and Bioengineering,iit_roorkee:49,roster,71,1000,0,17,34,Journal of Drug Delivery Science and Technology,2016,2026
IIT Roorkee,B. K. Gandhi,Mechanical and Industrial Engineering,iit_roorkee:631,roster,40,933,0,17,18,Journal of Fluids Engineering,2016,2026
IIT Roorkee,Prasenjit Kar,Chemistry,iit_roorkee:148,roster,46,904,0,17,34,New Journal of Chemistry,2016,2026
IIT Roorkee,Dheeraj Kumar,Chemistry,iit_roorkee:137,roster,33,833,0,17,16,Organic Letters,2019,2026
IIT Roorkee,Rajat Agrawal,Management Studies,iit_roorkee:541,roster,62,814,0,17,21,Benchmarking: An International Journal,2016,2026
IIT Roorkee,Vishal Kumar,Electrical Engineering,iit_roorkee:390,roster,94,757,0,17,24,IEEE Transactions on Industry Applications,2016,2026
IIT Roorkee,B. V. Manoj Kumar,Metallurgical and Materials Engineering,iit_roorkee:688,roster,46,637,0,17,28,Ceramics International,2016,2026
IIT Roorkee,Barjeev Tyagi,Electrical Engineering,iit_roorkee:365,roster,75,626,0,17,21,IEEE Transactions on Industry Applications,2016,2026
IIT Roorkee,Ranjana Pathania,Biosciences and Bioengineering,iit_roorkee:52,roster,44,1668,0,16,34,ACS Infectious Diseases,2016,2026
IIT Roorkee,Ramesh Anbanandam,Management Studies,iit_roorkee:544,roster,44,1049,0,16,22,Benchmarking: An International Journal,2016,2026
IIT Roorkee,Manoj Kr. Jain,Hydrology,iit_roorkee:521,roster,36,1017,0,16,20,Journal of Hydrologic Engineering,2018,2026
IIT Roorkee,Arun Kumar,Hydro and Renewable Energy,iit_roorkee:492,roster,50,860,0,16,18,"Energy Sources, Part A: Recovery, Utilization, and Environmental Effects",2016,2026
IIT Roorkee,Ravi Kumar,Mechanical and Industrial Engineering,iit_roorkee:653,roster,73,846,0,16,34,International Journal of Refrigeration,2016,2026
IIT Roorkee,Mukesh Kr. Pathak,Electrical Engineering,iit_roorkee:377,roster,73,799,0,16,16,IETE Journal of Research,2016,2026
IIT Roorkee,Moumita Maiti,Physics,iit_roorkee:765,roster,61,794,0,16,32,Physical Review C,2016,2026
IIT Roorkee,Bhaskar Jyoti Deka,Hydrology,iit_roorkee:518,roster,29,732,0,16,24,Desalination,2021,2026
IIT Roorkee,U. P. Singh,Chemistry,iit_roorkee:161,roster,55,665,0,16,14,ChemistrySelect,2016,2026
IIT Roorkee,Pratham Arora,Hydro and Renewable Energy,iit_roorkee:499,roster,45,639,0,16,30,Journal of Environmental Management,2020,2026
IIT Roorkee,Mohd. Ashraf Iqbal,Civil Engineering,iit_roorkee:201,roster,59,608,0,16,33,International Journal of Structural Stability and Dynamics,2016,2026
IIT Roorkee,Millie Pant,Applied Mathematics and Scientific Computing (Saharanpur),iit_roorkee:1,roster,92,2964,0,15,30,International Journal of System Assurance Engineering and Management,2016,2026
IIT Roorkee,R. N. Goyal,Chemistry,iit_roorkee:174,roster,27,1144,0,15,23,Sensors and Actuators B: Chemical,2016,2022
IIT Roorkee,Prakriti K. Ghosh,Metallurgical and Materials Engineering,iit_roorkee:715,roster,33,997,0,15,20,Materials Research Express,2016,2022
IIT Roorkee,Sivamohan N. Reddy,Chemical Engineering,iit_roorkee:orcid:0000-0002-6627-013X,ORCID record,39,898,0,15,27,Waste Management,2016,2026
IIT Roorkee,Pradeep Kr. Jha,Mechanical and Industrial Engineering,iit_roorkee:650,roster,62,842,0,15,20,Journal of Manufacturing Processes,2016,2026
IIT Roorkee,Mala Nath,Chemistry,iit_roorkee:172,roster,32,808,0,15,15,Applied Organometallic Chemistry,2016,2024
IIT Roorkee,Sumit Sen,Hydrology,iit_roorkee:523,roster,66,744,0,15,34,Journal of Hydrology,2016,2026
IIT Roorkee,Manoj Tripathy,Electrical Engineering,iit_roorkee:376,roster,134,743,0,15,36,IEEE Transactions on Industry Applications,2016,2026
IIT Roorkee,M. L. Kansal,Water Resources Development and Management,iit_roorkee:831,roster,73,715,0,15,22,Environmental Monitoring and Assessment,2016,2026
IIT Roorkee,P. M. Pathak,Mechanical and Industrial Engineering,iit_roorkee:649,roster,68,689,0,15,18,Mechanism and Machine Theory,2016,2026
IIT Roorkee,Sanjoy Ghosh,Biosciences and Bioengineering,iit_roorkee:55,roster,28,669,0,15,14,Biomass Conversion and Biorefinery,2017,2026
IIT Roorkee,Ram Yadav,Biosciences and Bioengineering,iit_roorkee:51,roster,21,662,0,15,19,Plant and Cell Physiology,2019,2024
IIT Roorkee,Vishwas A. Sawant,Civil Engineering,iit_roorkee:231,roster,120,652,0,15,30,Indian Geotechnical Journal,2016,2026
IIT Roorkee,Nikhil Saboo,Civil Engineering,iit_roorkee:203,roster,58,642,0,15,39,Journal of Materials in Civil Engineering,2021,2026
IIT Roorkee,Prakash Biswas,Chemical Engineering,iit_roorkee:111,roster,45,617,0,15,34,Catalysis Today,2016,2026
IIT Roorkee,Rama Krishna Peddinti,Chemistry,iit_roorkee:152,roster,66,601,0,15,33,Organic & Biomolecular Chemistry,2016,2026
IIT Roorkee,Varun Sharma,Mechanical and Industrial Engineering,iit_roorkee:664,roster,39,559,0,15,19,Journal of Manufacturing Processes,2019,2026
IIT Roorkee,Mukesh Kumar Barua,Management Studies,iit_roorkee:539,roster,30,1712,0,14,13,Global Business Review,2016,2026
IIT Roorkee,Indra M. Mishra,Chemical Engineering,iit_roorkee:125,roster,17,1025,0,14,15,Powder Technology,2016,2019
IIT Roorkee,Vipul Rastogi,Physics,iit_roorkee:778,roster,79,817,0,14,22,Optik,2016,2026
IIT Roorkee,Pravindra Kumar,Biosciences and Bioengineering,iit_roorkee:47,roster,74,795,0,14,34,International Journal of Biological Macromolecules,2021,2026
IIT Roorkee,Neetesh Kumar,Computer Science and Engineering,iit_roorkee:261,roster,61,771,0,14,29,IEEE Transactions on Intelligent Transportation Systems,2021,2026
IIT Roorkee,Ameeya K. Nayak,Mathematics,iit_roorkee:577,roster,73,710,0,14,40,Physics of Fluids,2016,2026
IIT Roorkee,Naveen Kumar Navani,Biosciences and Bioengineering,iit_roorkee:orcid:0000-0003-1147-4431,ORCID record,39,706,0,14,23,International Journal of Biological Macromolecules,2016,2025
IIT Roorkee,Amalendu Patnaik,Electronics and Communication Engineering,iit_roorkee:411,roster,103,655,0,14,11,International Journal of RF and Microwave Computer-Aided Engineering,2016,2026
IIT Roorkee,Sudeb Dasgupta,Electronics and Communication Engineering,iit_roorkee:441,roster,121,640,0,14,22,IEEE Transactions on Electron Devices,2016,2026
IIT Roorkee,Nachiketa Rai,Earth Sciences,iit_roorkee:305,roster,41,638,0,14,18,Environmental Earth Sciences,2018,2026
IIT Roorkee,Amit Agarwal,Civil Engineering,iit_roorkee:184,roster,44,625,0,14,20,Transportation Letters,2019,2026
IIT Roorkee,Bhanu Prakash Vellanki,Civil Engineering,iit_roorkee:188,roster,33,596,0,14,20,Science of The Total Environment,2018,2026
IIT Roorkee,Ganesh B. Kumbhar,Electrical Engineering,iit_roorkee:395,roster,49,564,0,14,13,IETE Technical Review,2016,2026
IIT Roorkee,Rhythm Singh,Hydro and Renewable Energy,iit_roorkee:501,roster,40,556,0,14,21,Sustainable Energy Technologies and Assessments,2017,2026
IIT Roorkee,Vinod Kumar,Biosciences and Bioengineering,iit_roorkee:74,roster,27,555,0,14,21,ACS Sustainable Chemistry & Engineering,2016,2026
IIT Roorkee,Pradeep Bhargava,Civil Engineering,iit_roorkee:204,roster,32,555,0,14,17,Construction and Building Materials,2016,2025
IIT Roorkee,B. Prasad,Chemical Engineering,iit_roorkee:99,roster,21,550,0,14,15,Journal of Environmental Chemical Engineering,2016,2025
IIT Roorkee,Chhaya Sharma,Paper Technology,iit_roorkee:720,roster,46,540,0,14,20,Biomass Conversion and Biorefinery,2016,2026
IIT Roorkee,Satish C. Sharma,Mechanical and Industrial Engineering,iit_roorkee:676,roster,57,524,0,14,12,Journal of Tribology,2016,2026
IIT Roorkee,Ravi Bhushan,Chemistry,iit_roorkee:175,roster,33,421,0,14,6,Biomedical Chromatography,2016,2021
IIT Roorkee,Navneet Arora,Mechanical and Industrial Engineering,iit_roorkee:645,roster,33,345,0,14,15,Materials Letters,2016,2026
IIT Roorkee,Anil Kumar,Mechanical and Industrial Engineering,iit_roorkee:624,roster,43,704,0,13,24,International Journal of Structural Stability and Dynamics,2016,2026
IIT Roorkee,Rajan Arora,Applied Mathematics and Scientific Computing (Saharanpur),iit_roorkee:3,roster,80,652,0,13,30,Physics of Fluids,2017,2026
IIT Roorkee,Karun Rawat,Electronics and Communication Engineering,iit_roorkee:428,roster,83,596,0,13,27,IEEE Transactions on Circuits and Systems II: Express Briefs,2016,2026
IIT Roorkee,Pramod Kumar Sharma,Civil Engineering,iit_roorkee:207,roster,61,591,0,13,13,ISH Journal of Hydraulic Engineering,2016,2026
IIT Roorkee,Sanjeev Kumar,Mathematics,iit_roorkee:597,roster,60,581,0,13,21,Multimedia Tools and Applications,2016,2026
IIT Roorkee,Ankit Bansal,Mechanical and Industrial Engineering,iit_roorkee:625,roster,34,581,0,13,17,Ceramics International,2016,2026
IIT Roorkee,Pranita P. Sarangi,Biosciences and Bioengineering,iit_roorkee:46,roster,29,578,0,13,19,Inflammation Research,2016,2026
IIT Roorkee,Manil T. Mohan,Mathematics,iit_roorkee:588,roster,118,562,0,13,52,Stochastics and Partial Differential Equations: Analysis and Computations,2018,2026
IIT Roorkee,Himanshu Joshi,Hydrology,iit_roorkee:524,roster,33,561,0,13,16,"Journal of Hazardous, Toxic, and Radioactive Waste",2019,2026
IIT Roorkee,Ashutosh Sharma,Hydrology,iit_roorkee:517,roster,38,531,0,13,28,Journal of Hydrology,2021,2026
IIT Roorkee,Pradeep Kumar Garg,Civil Engineering,iit_roorkee:246,roster,93,517,0,13,10,"The International Archives of the Photogrammetry, Remote Sensing and Spatial Information Sciences",2016,2026
IIT Roorkee,Zulfequar Ahmad,Civil Engineering,iit_roorkee:232,roster,69,484,0,13,10,Journal of Irrigation and Drainage Engineering,2016,2026
IIT Roorkee,Puneet Gupta,Chemistry,iit_roorkee:149,roster,63,480,0,13,40,Chemistry – A European Journal,2020,2026
IIT Roorkee,Ramachandran C. N.,Chemistry,iit_roorkee:153,roster,47,468,0,13,25,Physical Chemistry Chemical Physics,2016,2026
IIT Roorkee,Bal Krishna Maheshwari,Earthquake Engineering,iit_roorkee:330,roster,42,467,0,13,14,Indian Geotechnical Journal,2016,2026
IIT Roorkee,Kiran Ambatipudi,Biosciences and Bioengineering,iit_roorkee:orcid:0000-0001-7611-3579,ORCID record,29,462,0,13,21,Journal of Proteomics,2016,2026
IIT Roorkee,K. S. Kasiviswanathan,Water Resources Development and Management,iit_roorkee:829,roster,42,416,0,13,25,Journal of Hydrology,2019,2026
IIT Roorkee,Tulika Maitra,Physics,iit_roorkee:777,roster,48,375,0,13,32,Physical Review B,2016,2026
IIT Roorkee,Ritu Barthwal,Biosciences and Bioengineering,iit_roorkee:65,roster,27,370,0,13,18,International Journal of Biological Macromolecules,2016,2023
IIT Roorkee,P. Arumugam,Physics,iit_roorkee:767,roster,64,1630,0,12,42,Physical Review C,2016,2026
IIT Roorkee,Biplab Sarkar,Electronics and Communication Engineering,iit_roorkee:418,roster,45,972,0,12,19,IEEE Transactions on Electron Devices,2020,2026
IIT Roorkee,Vibhore Kumar Rastogi,Paper Technology,iit_roorkee:725,roster,28,692,0,12,20,International Journal of Biological Macromolecules,2022,2026
IIT Roorkee,U. K. Ghosh,Polymer and Process Engineering,iit_roorkee:815,roster,25,673,0,12,9,Environmental Science and Pollution Research,2017,2024
IIT Roorkee,Pramod Agarwal,Electrical Engineering,iit_roorkee:381,roster,87,646,0,12,26,IEEE Transactions on Industry Applications,2016,2026
IIT Roorkee,Meenakshi Rawat,Electronics and Communication Engineering,iit_roorkee:430,roster,93,600,0,12,26,IEEE Transactions on Circuits and Systems II: Express Briefs,2016,2026
IIT Roorkee,Pyari Mohan Pradhan,Electronics and Communication Engineering,iit_roorkee:433,roster,92,598,0,12,14,IEEE Signal Processing Letters,2016,2026
IIT Roorkee,Rajib Kumar Panigrahi,Electronics and Communication Engineering,iit_roorkee:434,roster,49,578,0,12,12,"IET Radar, Sonar & Navigation",2016,2026
IIT Roorkee,Anirban Mitra,Physics,iit_roorkee:750,roster,38,555,0,12,13,Journal of Applied Physics,2016,2026
IIT Roorkee,Pushpa Choudhary,Civil Engineering,iit_roorkee:210,roster,34,554,0,12,25,Transportation Research Part F: Traffic Psychology and Behaviour,2020,2026
IIT Roorkee,A. Bandyopadhyay,Polymer and Process Engineering,iit_roorkee:794,roster,28,539,0,12,18,New Journal of Chemistry,2018,2026
IIT Roorkee,G. D. Ransinchung R. N.,Civil Engineering,iit_roorkee:193,roster,25,493,0,12,15,Journal of Materials in Civil Engineering,2016,2026
IIT Roorkee,Harsh Chauhan,Biosciences and Bioengineering,iit_roorkee:38,roster,28,489,0,12,19,Plant Physiology and Biochemistry,2017,2026
IIT Roorkee,Vivek Kumar Malik,Physics,iit_roorkee:779,roster,53,473,0,12,26,Journal of Physics: Condensed Matter,2017,2026
IIT Roorkee,Sumeer K. Nath,Metallurgical and Materials Engineering,iit_roorkee:719,roster,27,471,0,12,11,Materials Performance and Characterization,2016,2024
IIT Roorkee,Sanjeev Manhas,Electronics and Communication Engineering,iit_roorkee:435,roster,67,450,0,12,11,IEEE Transactions on Electron Devices,2016,2026
IIT Roorkee,Ram Prakash Bharti,Chemical Engineering,iit_roorkee:114,roster,38,428,0,12,19,Journal of the Taiwan Institute of Chemical Engineers,2016,2026
IIT Roorkee,Anil Kumar,Chemistry,iit_roorkee:166,roster,24,426,0,12,22,The Journal of Physical Chemistry C,2016,2024
IIT Roorkee,Dheerendra Kr. Dwivedi,Mechanical and Industrial Engineering,iit_roorkee:636,roster,33,421,0,12,14,Materials and Manufacturing Processes,2016,2026
IIT Roorkee,P. Jeevanandam,Chemistry,iit_roorkee:145,roster,37,413,0,12,8,ChemistrySelect,2016,2026
IIT Roorkee,Bina Gupta,Chemistry,iit_roorkee:168,roster,12,401,0,12,9,Hydrometallurgy,2016,2021
IIT Roorkee,K. K. Pant,Chemical Engineering,iit_roorkee:104,roster,33,375,0,12,28,Industrial & Engineering Chemistry Research,2023,2026
IIT Roorkee,N. Sukavanam,Mathematics,iit_roorkee:607,roster,47,372,0,12,6,Cogent Mathematics,2016,2025
IIT Roorkee,P. K. Jain,Mechanical and Industrial Engineering,iit_roorkee:648,roster,28,370,0,12,8,The International Journal of Advanced Manufacturing Technology,2016,2025
IIT Roorkee,Naseem Ahmed,Chemistry,iit_roorkee:144,roster,27,368,0,12,9,ChemistrySelect,2016,2026
IIT Roorkee,Andallib Tariq,Mechanical and Industrial Engineering,iit_roorkee:623,roster,45,342,0,12,19,Journal of Heat Transfer,2016,2026
IIT Roorkee,R. C. Mittal,Mathematics,iit_roorkee:609,roster,14,329,0,12,3,International Journal of Computer Mathematics,2017,2023
IIT Roorkee,Sohom Chakrabarty,Electrical Engineering,iit_roorkee:387,roster,65,1082,0,11,14,IFAC-PapersOnLine,2016,2026
IIT Roorkee,Vinay Pant,Electrical Engineering,iit_roorkee:408,roster,25,687,0,11,16,Electric Power Systems Research,2016,2025
IIT Roorkee,Rajesh Srivastava,Physics,iit_roorkee:790,roster,45,660,0,11,13,Plasma Sources Science and Technology,2016,2026
IIT Roorkee,Rachita Gulati,Humanities and Social Sciences,iit_roorkee:475,roster,48,634,0,11,16,Socio-Economic Planning Sciences,2016,2026
IIT Roorkee,Sudhakar Subudhi,Mechanical and Industrial Engineering,iit_roorkee:661,roster,47,621,0,11,10,Heat and Mass Transfer,2016,2026
IIT Roorkee,E. Rajasekar,Architecture and Planning,iit_roorkee:9,roster,52,533,0,11,21,Advances in Building Energy Research,2019,2026
IIT Roorkee,Basant Yadav,Water Resources Development and Management,iit_roorkee:825,roster,41,485,0,11,19,Journal of Hydrology: Regional Studies,2019,2026
IIT Roorkee,Kaushik Parida,Polymer and Process Engineering,iit_roorkee:798,roster,28,485,0,11,24,Nanoscale,2022,2026
IIT Roorkee,Anil Kumar Gourishetty,Physics,iit_roorkee:749,roster,36,442,0,11,10,"Nuclear Instruments and Methods in Physics Research Section A: Accelerators, Spectrometers, Detectors and Associated Equipment",2016,2026
IIT Roorkee,B. K. Patra,Physics,iit_roorkee:753,roster,35,439,0,11,23,Physical Review D,2016,2026
IIT Roorkee,Mohit Prakash Mohanty,Water Resources Development and Management,iit_roorkee:832,roster,38,438,0,11,25,Science of The Total Environment,2021,2026
IIT Roorkee,Bulusu Anand,Electronics and Communication Engineering,iit_roorkee:422,roster,93,424,0,11,16,IEEE Transactions on Circuits and Systems II: Express Briefs,2017,2026
IIT Roorkee,Anubrata Dey,Electrical Engineering,iit_roorkee:358,roster,56,404,0,11,26,IEEE Transactions on Industrial Electronics,2019,2026
IIT Roorkee,Sushanta Dutta,Mechanical and Industrial Engineering,iit_roorkee:662,roster,38,403,0,11,13,Journal of Fluids Engineering,2016,2026
IIT Roorkee,Amit Kumar Dhiman,Chemical Engineering,iit_roorkee:95,roster,39,399,0,11,8,Journal of the Brazilian Society of Mechanical Sciences and Engineering,2016,2026
IIT Roorkee,A. K. Sharma,Management Studies,iit_roorkee:530,roster,22,396,0,11,3,Global Business Review,2016,2026
IIT Roorkee,Akhilesh Kumar Mishra,Physics,iit_roorkee:746,roster,50,394,0,11,13,Journal of Optics,2019,2026
IIT Roorkee,Rajdeep Niyogi,Computer Science and Engineering,iit_roorkee:270,roster,64,386,0,11,7,International Journal of Pervasive Computing and Communications,2016,2026
IIT Roorkee,Soma Rohatgi,Biosciences and Bioengineering,iit_roorkee:70,roster,19,368,0,11,16,The Journal of Immunology,2017,2024
IIT Roorkee,Rajesh Kumar,Physics,iit_roorkee:772,roster,24,356,0,11,14,Applied Optics,2018,2026
IIT Roorkee,D. N. Pandey,Mathematics,iit_roorkee:583,roster,38,353,0,11,10,Mathematical Methods in the Applied Sciences,2016,2026
IIT Roorkee,Jagdish Prasad Sahoo,Civil Engineering,iit_roorkee:238,roster,25,326,0,11,13,International Journal of Geomechanics,2016,2022
IIT Roorkee,Avik Bhattacharya,Electrical Engineering,iit_roorkee:363,roster,80,288,0,11,12,IETE Journal of Research,2016,2026
IIT Roorkee,Pankaj Agarwal,Earthquake Engineering,iit_roorkee:orcid:0000-0001-5653-7120,ORCID record,35,274,0,11,16,Journal of Earthquake Engineering,2016,2026
IIT Roorkee,V. Huzur Saran,Mechanical and Industrial Engineering,iit_roorkee:663,roster,23,263,0,11,9,International Journal of Vehicle Noise and Vibration,2016,2026
IIT Roorkee,Sumanta Sarkhel,Physics,iit_roorkee:776,roster,45,262,0,11,19,Advances in Space Research,2018,2026
IIT Roorkee,Sunil Bajpai,Earth Sciences,iit_roorkee:317,roster,35,254,0,11,21,Historical Biology,2016,2026
IIT Roorkee,Sai Ramudu Meka,Metallurgical and Materials Engineering,iit_roorkee:702,roster,29,242,0,11,12,Transactions of the Indian Institute of Metals,2016,2026
IIT Roorkee,G. N. Pillai,Electrical Engineering,iit_roorkee:371,roster,31,1279,0,10,7,Applied Soft Computing,2016,2026
IIT Roorkee,Sonal K. Thengane,Hydro and Renewable Energy,iit_roorkee:504,roster,23,824,0,10,17,"Biofuels, Bioproducts and Biorefining",2020,2026
IIT Roorkee,Anurag Kulshreshtha,Paper Technology,iit_roorkee:727,roster,15,729,0,10,9,International Journal of Biological Macromolecules,2018,2023
IIT Roorkee,Ajay Gairola,Civil Engineering,iit_roorkee:233,roster,12,572,0,10,9,Journal of Building Engineering,2016,2019
IIT Roorkee,K. C. Gupta,Chemistry,iit_roorkee:169,roster,13,515,0,10,7,Biomaterials Research,2016,2022
IIT Roorkee,Sandeep Singh,Earth Sciences,iit_roorkee:313,roster,41,432,0,10,8,Journal of the Geological Society of India,2016,2026
IIT Roorkee,R. S. Anand,Electrical Engineering,iit_roorkee:383,roster,44,427,0,10,8,IET Image Processing,2016,2026
IIT Roorkee,Sourajeet Roy,Electronics and Communication Engineering,iit_roorkee:439,roster,70,425,0,10,17,IEEE Transactions on Electron Devices,2019,2026
IIT Roorkee,Mahua Mukherjee,Architecture and Planning,iit_roorkee:12,roster,47,377,0,10,19,Progress in Disaster Science,2017,2026
IIT Roorkee,Vivek Pancholi,Metallurgical and Materials Engineering,iit_roorkee:711,roster,17,376,0,10,9,Journal of Alloys and Compounds,2016,2026
IIT Roorkee,Anshul Jaiswal,Electronics and Communication Engineering,iit_roorkee:413,roster,41,371,0,10,23,IEEE Transactions on Communications,2020,2026
IIT Roorkee,A. K. Singh,Chemistry,iit_roorkee:165,roster,13,367,0,10,11,Materials Science and Engineering: C,2016,2020
IIT Roorkee,Dibakar Roychowdhury,Physics,iit_roorkee:755,roster,61,354,0,10,33,Journal of High Energy Physics,2019,2026
IIT Roorkee,Akhilesh Mohan,Electronics and Communication Engineering,iit_roorkee:410,roster,77,351,0,10,26,IEEE Access,2021,2026
IIT Roorkee,Sudip Roy,Computer Science and Engineering,iit_roorkee:274,roster,60,340,0,10,9,IEEE Transactions on Computer-Aided Design of Integrated Circuits and Systems,2016,2026
IIT Roorkee,M. L. Sharma,Earthquake Engineering,iit_roorkee:334,roster,41,318,0,10,14,Bulletin of the Seismological Society of America,2016,2026
IIT Roorkee,Ambalika Sharma,Electrical Engineering,iit_roorkee:392,roster,14,314,0,10,6,IEEE Transactions on Instrumentation and Measurement,2018,2024
IIT Roorkee,Josodhir Das,Earthquake Engineering,iit_roorkee:333,roster,32,312,0,10,6,Natural Hazards Research,2016,2026
IIT Roorkee,Amit Bhosale,Hydro and Renewable Energy,iit_roorkee:491,roster,31,308,0,10,21,Sustainable Energy Technologies and Assessments,2021,2026
IIT Roorkee,Sourav Das,Metallurgical and Materials Engineering,iit_roorkee:704,roster,26,298,0,10,18,Materials Science and Technology,2018,2026
IIT Roorkee,Shubhajit Sadhukhan,Architecture and Planning,iit_roorkee:19,roster,47,274,0,10,20,Journal of Urban Planning and Development,2021,2026
IIT Roorkee,Tharun Kumar Reddy Bollu,Electronics and Communication Engineering,iit_roorkee:443,roster,50,272,0,10,6,IEEE Sensors Letters,2021,2026
IIT Roorkee,M. V. Sunil Krishna,Physics,iit_roorkee:761,roster,45,264,0,10,22,Advances in Space Research,2017,2026
IIT Roorkee,Roshan Lal,Mathematics,iit_roorkee:611,roster,14,244,0,10,7,Journal of Vibration and Control,2016,2023
IIT Roorkee,Taraknath Das,Chemical Engineering,iit_roorkee:119,roster,21,243,0,10,17,Fuel,2016,2025
IIT Roorkee,Krishnan Murugesan,Mechanical and Industrial Engineering,iit_roorkee:671,roster,25,236,0,10,8,Journal of Thermal Science and Engineering Applications,2017,2025
IIT Roorkee,S. N. Rangnekar,Management Studies,iit_roorkee:545,roster,41,233,0,10,3,Global Business Review,2016,2026
IIT Roorkee,Rajdeep Chatterjee,Physics,iit_roorkee:771,roster,29,232,0,10,17,Physical Review C,2016,2026
IIT Roorkee,Abhayanand Singh Maurya,Earth Sciences,iit_roorkee:293,roster,40,220,0,10,21,Historical Biology,2018,2026
IIT Roorkee,K. S. Suresh,Metallurgical and Materials Engineering,iit_roorkee:695,roster,27,657,0,9,12,Journal of Materials Engineering and Performance,2018,2026
IIT Roorkee,Pravendra Singh,Computer Science and Engineering,iit_roorkee:265,roster,51,616,0,9,26,Neurocomputing,2021,2026
IIT Roorkee,Lalita Sharma,Physics,iit_roorkee:760,roster,42,532,0,9,4,Atoms,2016,2026
IIT Roorkee,Rajib Lochan Dhar,Management Studies,iit_roorkee:542,roster,22,503,0,9,12,Journal of Public Affairs,2016,2026
IIT Roorkee,R. P. Singh,Biosciences and Bioengineering,iit_roorkee:63,roster,18,457,0,9,9,International Journal of Biological Macromolecules,2016,2026
IIT Roorkee,Avirup Dasgupta,Electronics and Communication Engineering,iit_roorkee:417,roster,70,433,0,9,15,IEEE Transactions on Electron Devices,2021,2026
IIT Roorkee,Bikash Mohanty,Chemical Engineering,iit_roorkee:123,roster,14,403,0,9,6,Chemical Engineering Communications,2016,2023
IIT Roorkee,Jeevanand Seshadrinath,Electrical Engineering,iit_roorkee:orcid:0000-0002-2072-7317,ORCID record,40,387,0,9,19,IEEE Transactions on Industry Applications,2021,2026
IIT Roorkee,N. P. Pathak,Electronics and Communication Engineering,iit_roorkee:431,roster,75,356,0,9,9,Microwave and Optical Technology Letters,2016,2026
IIT Roorkee,Narendra Kumar Samadhiya,Civil Engineering,iit_roorkee:202,roster,36,347,0,9,12,International Journal of Geotechnical Engineering,2016,2026
IIT Roorkee,Ashish A. Kadam,Paper Technology,iit_roorkee:728,roster,15,347,0,9,7,BioResources,2018,2023
IIT Roorkee,Prateek Kumar Jha,Chemical Engineering,iit_roorkee:113,roster,26,323,0,9,13,Molecular Pharmaceutics,2017,2026
IIT Roorkee,Dhanashri M. Joglekar,Mechanical and Industrial Engineering,iit_roorkee:635,roster,28,317,0,9,13,Journal of Applied Mechanics,2016,2026
IIT Roorkee,E. Fernandez,Electrical Engineering,iit_roorkee:394,roster,51,313,0,9,6,"Energy Sources, Part A: Recovery, Utilization, and Environmental Effects",2017,2024
IIT Roorkee,Anjan Sil,Metallurgical and Materials Engineering,iit_roorkee:684,roster,19,302,0,9,10,Ionics,2016,2026
IIT Roorkee,Akhilesh Gupta,Mechanical and Industrial Engineering,iit_roorkee:667,roster,25,297,0,9,7,Journal of Thermal Analysis and Calorimetry,2016,2025
IIT Roorkee,Anish Karmakar,Metallurgical and Materials Engineering,iit_roorkee:683,roster,35,275,0,9,14,Metallurgical and Materials Transactions A,2019,2026
IIT Roorkee,Surendra Kumar,Chemical Engineering,iit_roorkee:131,roster,13,273,0,9,7,Chemical Engineering Communications,2016,2019
IIT Roorkee,Pitambar Pati,Earth Sciences,iit_roorkee:307,roster,23,263,0,9,14,Journal of Asian Earth Sciences,2017,2026
IIT Roorkee,Kaustav Chatterjee,Civil Engineering,iit_roorkee:198,roster,49,252,0,9,18,International Journal of Geomechanics,2017,2026
IIT Roorkee,P. Sumathi,Electrical Engineering,iit_roorkee:379,roster,41,246,0,9,18,IEEE Transactions on Instrumentation and Measurement,2016,2026
IIT Roorkee,Arindam Biswas,Architecture and Planning,iit_roorkee:6,roster,44,239,0,9,8,Smart and Sustainable Built Environment,2017,2026
IIT Roorkee,Indra D. Mall,Chemical Engineering,iit_roorkee:124,roster,9,217,0,9,3,Journal of Environmental Management,2016,2020
IIT Roorkee,Anshu Anand,Chemical Engineering,iit_roorkee:96,roster,16,212,0,9,14,Powder Technology,2021,2026
IIT Roorkee,Maya S. Nair,Biosciences and Bioengineering,iit_roorkee:41,roster,20,206,0,9,7,Journal of Biomolecular Structure and Dynamics,2017,2025
IIT Roorkee,Premananda Bera,Mathematics,iit_roorkee:591,roster,23,206,0,9,16,Physics of Fluids,2018,2026
IIT Roorkee,Abhishek Tewari,Metallurgical and Materials Engineering,iit_roorkee:682,roster,27,204,0,9,17,Computational Materials Science,2020,2026
IIT Roorkee,Aalok Misra,Physics,iit_roorkee:741,roster,20,188,0,9,12,Journal of High Energy Physics,2016,2026
IIT Roorkee,Yadagiri Dongari,Chemistry,iit_roorkee:164,roster,22,181,0,9,14,Organic Letters,2021,2026
IIT Roorkee,Kalyan Kumar Sadhu,Chemistry,iit_roorkee:141,roster,37,171,0,9,23,Chemistry – A European Journal,2017,2026
IIT Roorkee,Dheeraj K. Khatod,Electrical Engineering,iit_roorkee:370,roster,25,168,0,9,7,IEEE Transactions on Power Delivery,2016,2026
IIT Roorkee,Garima Agrawal,Polymer and Process Engineering,iit_roorkee:807,roster,10,636,0,8,8,Polymer,2017,2022
IIT Roorkee,Peddoju Sateesh Kumar,Computer Science and Engineering,iit_roorkee:263,roster,45,524,0,8,16,Multimedia Tools and Applications,2016,2026
IIT Roorkee,Vaskar Raychoudhury,Computer Science and Engineering,iit_roorkee:283,roster,14,523,0,8,5,Journal of Network and Computer Applications,2016,2019
IIT Roorkee,Sonalisa Ray,Civil Engineering,iit_roorkee:224,roster,15,398,0,8,9,Engineering Fracture Mechanics,2018,2026
IIT Roorkee,M. K. Singhal,Hydro and Renewable Energy,iit_roorkee:496,roster,15,334,0,8,5,International Journal of Green Energy,2017,2026
IIT Roorkee,V. Singh,Physics,iit_roorkee:793,roster,12,294,0,8,5,Advances in Space Research,2017,2025
IIT Roorkee,Subir Sen,Humanities and Social Sciences,iit_roorkee:484,roster,24,294,0,8,12,Asia-Pacific Journal of Risk and Insurance,2019,2026
IIT Roorkee,Debashis Ghosh,Electronics and Communication Engineering,iit_roorkee:424,roster,63,291,0,8,8,Physical Communication,2016,2026
IIT Roorkee,Suhrit Mula,Metallurgical and Materials Engineering,iit_roorkee:705,roster,18,291,0,8,12,Journal of Alloys and Compounds,2017,2025
IIT Roorkee,Gaurav Dixit,Management Studies,iit_roorkee:535,roster,28,271,0,8,13,Journal of Cleaner Production,2019,2026
IIT Roorkee,DEBIDAS KUNDU,Electronics and Communication Engineering,iit_roorkee:450,roster,24,271,0,8,7,IEEE Transactions on Electromagnetic Compatibility,2019,2024
IIT Roorkee,Satyendra Mittal,Civil Engineering,iit_roorkee:253,roster,29,261,0,8,9,Indian Geotechnical Journal,2018,2024
IIT Roorkee,Ravi Sankar Jakka,Earthquake Engineering,iit_roorkee:339,roster,64,256,0,8,18,Indian Geotechnical Journal,2016,2026
IIT Roorkee,R. Jayaganthan,Metallurgical and Materials Engineering,iit_roorkee:716,roster,14,254,0,8,6,Surface Engineering,2016,2020
IIT Roorkee,Ashish Yadav,Chemical Engineering,iit_roorkee:97,roster,19,251,0,8,11,Energy & Fuels,2020,2026
IIT Roorkee,Shiv Kumar Gupta,Mathematics,iit_roorkee:599,roster,42,250,0,8,10,Annals of Operations Research,2016,2026
IIT Roorkee,Priti Maheshwari,Civil Engineering,iit_roorkee:209,roster,40,249,0,8,11,Indian Geotechnical Journal,2017,2026
IIT Roorkee,Pradumn K. Pandey,Computer Science and Engineering,iit_roorkee:264,roster,32,249,0,8,21,IEEE Transactions on Computational Social Systems,2019,2026
IIT Roorkee,Deepak Sharma,Biosciences and Bioengineering,iit_roorkee:35,roster,20,248,0,8,8,Combinatorial Chemistry & High Throughput Screening,2016,2025
IIT Roorkee,Bhal Chandra Joshi,Physics,iit_roorkee:783,roster,23,246,0,8,14,Publications of the Astronomical Society of Australia,2021,2026
IIT Roorkee,Vijay Kumar,Electronics and Communication Engineering,iit_roorkee:459,roster,11,238,0,8,7,International Journal of Biological Macromolecules,2017,2019
IIT Roorkee,M. K. Rao,Management Studies,iit_roorkee:565,roster,12,234,0,8,1,Global Business Review,2016,2019
IIT Roorkee,Mayank Goswami,Physics,iit_roorkee:763,roster,51,233,0,8,12,Journal of Signal Processing Systems,2017,2026
IIT Roorkee,Diptimayee Nayak,Humanities and Social Sciences,iit_roorkee:467,roster,23,223,0,8,9,Groundwater for Sustainable Development,2018,2025
IIT Roorkee,Mahendra Singh,Civil Engineering,iit_roorkee:243,roster,28,219,0,8,14,Indian Geotechnical Journal,2017,2026
IIT Roorkee,Brijesh Kumar,Electronics and Communication Engineering,iit_roorkee:421,roster,24,216,0,8,11,IEEE Transactions on Electron Devices,2017,2026
IIT Roorkee,Sagarika Mukhopadhyay,Earth Sciences,iit_roorkee:orcid:0000-0003-1581-1474,ORCID record,17,205,0,8,10,Physics of the Earth and Planetary Interiors,2016,2023
IIT Roorkee,Sneha Singh,Mechanical and Industrial Engineering,iit_roorkee:660,roster,15,204,0,8,7,Applied Acoustics,2019,2026
IIT Roorkee,Venkatesh V,Chemistry,iit_roorkee:163,roster,20,200,0,8,13,Inorganic Chemistry,2020,2026
IIT Roorkee,Ramanuja Panigrahi,Electrical Engineering,iit_roorkee:384,roster,21,200,0,8,13,IEEE Transactions on Geoscience and Remote Sensing,2022,2026
IIT Roorkee,Arnab Datta,Electronics and Communication Engineering,iit_roorkee:415,roster,44,192,0,8,13,IEEE Transactions on Electron Devices,2018,2026
IIT Roorkee,Ujjwal Prakash,Metallurgical and Materials Engineering,iit_roorkee:708,roster,19,191,0,8,11,Journal of Materials Engineering and Performance,2016,2026
IIT Roorkee,D. K. Saxena,Mechanical and Industrial Engineering,iit_roorkee:634,roster,16,179,0,8,6,IEEE Transactions on Evolutionary Computation,2019,2026
IIT Roorkee,Sukhpal Singh,Humanities and Social Sciences,iit_roorkee:485,roster,19,176,0,8,10,Agricultural Water Management,2016,2026
IIT Roorkee,Sachin Kumar Srivastava,Physics,iit_roorkee:773,roster,40,174,0,8,13,IEEE Sensors Journal,2021,2026
IIT Roorkee,Raja Chowdhury,Civil Engineering,iit_roorkee:213,roster,12,173,0,8,7,Sustainability,2017,2024
IIT Roorkee,Ganpule Shailesh Govind,Mechanical and Industrial Engineering,iit_roorkee:637,roster,28,166,0,8,10,Journal of Biomechanical Engineering,2017,2026
IIT Roorkee,K. S. Hari Prasad,Civil Engineering,iit_roorkee:197,roster,29,163,0,8,4,Journal of Irrigation and Drainage Engineering,2016,2026
IIT Roorkee,Renu Rastogi,Humanities and Social Sciences,iit_roorkee:489,roster,12,163,0,8,1,Journal of Health Management,2016,2021
IIT Roorkee,Sunita Gakkhar,Mathematics,iit_roorkee:614,roster,20,157,0,8,2,Journal of Applied Mathematics and Computing,2016,2025
IIT Roorkee,Sanjay Palsule,Polymer and Process Engineering,iit_roorkee:803,roster,16,142,0,8,1,Journal of Natural Fibers,2016,2026
IIT Roorkee,Bijan Choudhury,Biosciences and Bioengineering,iit_roorkee:33,roster,13,140,0,8,9,International Journal of Biological Macromolecules,2017,2026
IIT Roorkee,Shiv Prasad Yadav,Mathematics,iit_roorkee:613,roster,16,123,0,8,0,International Journal of System Assurance Engineering and Management,2016,2025
IIT Roorkee,Himanshu Fulara,Physics,iit_roorkee:758,roster,15,731,0,7,11,Applied Physics Letters,2021,2025
IIT Roorkee,E. Gnanamani,Chemistry,iit_roorkee:138,roster,14,345,0,7,11,Journal of the American Chemical Society,2022,2026
IIT Roorkee,S H Upadhyay,Mechanical and Industrial Engineering,iit_roorkee:654,roster,20,312,0,7,6,Mechanics Based Design of Structures and Machines,2016,2026
IIT Roorkee,S. K. Singal,Hydro and Renewable Energy,iit_roorkee:502,roster,24,268,0,7,5,International Journal of River Basin Management,2016,2026
IIT Roorkee,Vidit Gaur,Mechanical and Industrial Engineering,iit_roorkee:665,roster,14,261,0,7,12,Materials Science and Engineering: A,2020,2026
IIT Roorkee,Hem C. Kandpal,Chemistry,iit_roorkee:139,roster,30,248,0,7,13,Journal of Physics: Condensed Matter,2016,2026
IIT Roorkee,Deepak Ronanki,Hydro and Renewable Energy,iit_roorkee:508,roster,17,214,0,7,3,IET Electric Power Applications,2020,2023
IIT Roorkee,Nayan Sharma,Water Resources Development and Management,iit_roorkee:839,roster,28,205,0,7,4,ISH Journal of Hydraulic Engineering,2016,2021
IIT Roorkee,N. K. Goel,Hydrology,iit_roorkee:527,roster,28,202,0,7,11,Theoretical and Applied Climatology,2019,2026
IIT Roorkee,Ravindra Pandey,Chemistry,iit_roorkee:157,roster,25,196,0,7,14,Physical Chemistry Chemical Physics,2018,2026
IIT Roorkee,D. S. Arya,Hydrology,iit_roorkee:520,roster,29,192,0,7,11,International Journal of Climatology,2016,2026
IIT Roorkee,P. S. Chani,Architecture and Planning,iit_roorkee:15,roster,41,190,0,7,15,Building and Environment,2017,2026
IIT Roorkee,Anindya Jayanta Mishra,Humanities and Social Sciences,iit_roorkee:461,roster,22,189,0,7,8,Diabetes & Metabolic Syndrome: Clinical Research & Reviews,2016,2026
IIT Roorkee,Aditya Singh,Civil Engineering,iit_roorkee:180,roster,25,187,0,7,17,Rock Mechanics and Rock Engineering,2020,2026
IIT Roorkee,Ekant Sharma,Electronics and Communication Engineering,iit_roorkee:427,roster,41,185,0,7,15,IEEE Transactions on Communications,2021,2026
IIT Roorkee,Ashok Kumar,Earthquake Engineering,iit_roorkee:350,roster,11,181,0,7,4,Arabian Journal of Geosciences,2016,2021
IIT Roorkee,R. R. Bhargava,Mathematics,iit_roorkee:610,roster,23,164,0,7,5,Heat Transfer,2016,2023
IIT Roorkee,Rajat Rastogi,Civil Engineering,iit_roorkee:214,roster,34,163,0,7,9,Transportation Research Procedia,2016,2026
IIT Roorkee,Jayanta Kumar Ghosh,Civil Engineering,iit_roorkee:239,roster,15,163,0,7,5,Geocarto International,2016,2024
IIT Roorkee,Pramod Kumar Gupta,Civil Engineering,iit_roorkee:206,roster,19,152,0,7,10,Structural Concrete,2016,2025
IIT Roorkee,Vikram Vasant Dabhade,Metallurgical and Materials Engineering,iit_roorkee:710,roster,26,150,0,7,9,Journal of Materials Engineering and Performance,2016,2026
IIT Roorkee,Satish Chandra,Civil Engineering,iit_roorkee:220,roster,18,145,0,7,5,Transportation Research Record: Journal of the Transportation Research Board,2016,2026
IIT Roorkee,M. Felix Orlando,Electrical Engineering,iit_roorkee:375,roster,39,141,0,7,8,IEEE Transactions on Medical Robotics and Bionics,2019,2026
IIT Roorkee,Sumeet Mishra,Metallurgical and Materials Engineering,iit_roorkee:706,roster,22,137,0,7,9,Materials Science and Technology,2019,2026
IIT Roorkee,P. N. Agrawal,Mathematics,iit_roorkee:608,roster,29,128,0,7,9,Mathematical Methods in the Applied Sciences,2017,2025
IIT Roorkee,Pratap Chandra Mohanty,Humanities and Social Sciences,iit_roorkee:474,roster,22,127,0,7,4,Clinical Epidemiology and Global Health,2019,2026
IIT Roorkee,B. Bhattacharya,Earth Sciences,iit_roorkee:298,roster,12,122,0,7,2,Geological Journal,2016,2026
IIT Roorkee,Vinod Pankajakshan,Electronics and Communication Engineering,iit_roorkee:445,roster,25,117,0,7,6,IEEE Signal Processing Letters,2016,2026
IIT Roorkee,D. Benny Karunakar,Mechanical and Industrial Engineering,iit_roorkee:633,roster,17,114,0,7,5,SN Applied Sciences,2016,2023
IIT Roorkee,Abinash Kumar Swain,Mechanical and Industrial Engineering,iit_roorkee:617,roster,19,103,0,7,8,The International Journal of Advanced Manufacturing Technology,2017,2026
IIT Roorkee,M. M. Mahapatra,Mechanical and Industrial Engineering,iit_roorkee:672,roster,7,537,0,6,2,International Journal of Steel Structures,2016,2017
IIT Roorkee,S. P. Singh,Electrical Engineering,iit_roorkee:405,roster,22,340,0,6,3,IETE Journal of Research,2016,2024
IIT Roorkee,B. S. Sundar Daniel,Metallurgical and Materials Engineering,iit_roorkee:687,roster,16,234,0,6,5,Journal of Nuclear Materials,2016,2026
IIT Roorkee,G. J. Chakrapani,Earth Sciences,iit_roorkee:301,roster,7,229,0,6,5,Hydrological Sciences Journal,2016,2026
IIT Roorkee,Swastika Banerjee,Chemistry,iit_roorkee:159,roster,22,228,0,6,20,The Journal of Physical Chemistry C,2022,2026
IIT Roorkee,Shabina Khanam,Chemical Engineering,iit_roorkee:115,roster,11,224,0,6,8,Sustainable Chemistry for Climate Action,2017,2026
IIT Roorkee,Ashu Khanna,Management Studies,iit_roorkee:533,roster,15,200,0,6,4,Journal of Research in Marketing and Entrepreneurship,2016,2026
IIT Roorkee,Manish Kumar Asthana,Humanities and Social Sciences,iit_roorkee:470,roster,26,185,0,6,12,PLOS ONE,2019,2026
IIT Roorkee,Vijay Kumar Agarwal,Chemical Engineering,iit_roorkee:132,roster,8,183,0,6,1,Science and Engineering of Composite Materials,2016,2020
IIT Roorkee,Abhisek Kumar Behera,Electrical Engineering,iit_roorkee:357,roster,16,180,0,6,9,Automatica,2020,2026
IIT Roorkee,Akanksha Tyagi,Civil Engineering,iit_roorkee:181,roster,31,171,0,6,12,Indian Geotechnical Journal,2020,2026
IIT Roorkee,Bhupinder Singh,Civil Engineering,iit_roorkee:190,roster,13,166,0,6,3,Journal of Sustainable Cement-Based Materials,2016,2026
IIT Roorkee,A. K. Saraf,Earth Sciences,iit_roorkee:319,roster,12,163,0,6,1,Journal of the Indian Society of Remote Sensing,2017,2025
IIT Roorkee,Abhishek,Civil Engineering,iit_roorkee:178,roster,21,161,0,6,15,Environmental Research Letters,2018,2026
IIT Roorkee,Tripti Mahara,Polymer and Process Engineering,iit_roorkee:814,roster,9,153,0,6,1,Global Business Review,2017,2023
IIT Roorkee,Srinivas Kiran Ambatipudi,Biosciences and Bioengineering,iit_roorkee:59,roster,12,145,0,6,4,Preparative Biochemistry & Biotechnology,2019,2026
IIT Roorkee,Jaydev Dabas,Applied Mathematics and Scientific Computing (Saharanpur),iit_roorkee:0,roster,28,144,0,6,10,Nonlinear Analysis: Hybrid Systems,2016,2026
IIT Roorkee,Tashi Nautiyal,Physics,iit_roorkee:792,roster,18,141,0,6,9,Journal of Physics: Condensed Matter,2016,2026
IIT Roorkee,V. Devadas,Architecture and Planning,iit_roorkee:25,roster,11,139,0,6,5,International Journal of Built Environment and Sustainability,2016,2025
IIT Roorkee,Chaman Kumar,Mathematics,iit_roorkee:582,roster,11,130,0,6,7,Journal of Computational and Applied Mathematics,2019,2025
IIT Roorkee,Pradeep Srivastava,Earth Sciences,iit_roorkee:308,roster,18,130,0,6,8,Geological Journal,2021,2025
IIT Roorkee,M. P. Sharma,Hydro and Renewable Energy,iit_roorkee:509,roster,8,128,0,6,2,"Energy Sources, Part A: Recovery, Utilization, and Environmental Effects",2017,2023
IIT Roorkee,Bishnu Prasad Das,Electronics and Communication Engineering,iit_roorkee:419,roster,27,123,0,6,7,IEEE Transactions on Very Large Scale Integration (VLSI) Systems,2016,2026
IIT Roorkee,Prabhat Kumar Mandal,Biosciences and Bioengineering,iit_roorkee:45,roster,10,123,0,6,4,Mobile DNA,2016,2025
IIT Roorkee,Saurabh Sharma,Mechanical and Industrial Engineering,iit_roorkee:657,roster,10,123,0,6,5,Journal of Applied Physics,2019,2025
IIT Roorkee,Anumita Mishra,Civil Engineering,iit_roorkee:186,roster,34,117,0,6,11,"Journal of Hazardous, Toxic, and Radioactive Waste",2022,2026
IIT Roorkee,A. K. Jain,Physics,iit_roorkee:781,roster,14,113,0,6,4,Physical Review C,2016,2022
IIT Roorkee,Ankik Kumar Giri,Mathematics,iit_roorkee:579,roster,44,112,0,6,20,Journal of Inverse and Ill-posed Problems,2018,2026
IIT Roorkee,Falguni Pattanaik,Humanities and Social Sciences,iit_roorkee:468,roster,18,106,0,6,5,Millennial Asia,2016,2026
IIT Roorkee,Ravi Sharma,Earth Sciences,iit_roorkee:311,roster,36,99,0,6,13,Journal Of The Geological Society Of India,2017,2026
IIT Roorkee,R. N. Dubey,Earthquake Engineering,iit_roorkee:338,roster,17,96,0,6,5,Journal of Performance of Constructed Facilities,2018,2025
IIT Roorkee,Dheeraj Kumar,Electronics and Communication Engineering,iit_roorkee:426,roster,22,92,0,6,9,IEEE Sensors Journal,2020,2026
IIT Roorkee,Arup Samanta,Physics,iit_roorkee:752,roster,36,90,0,6,18,Applied Physics Letters,2022,2026
IIT Roorkee,Tanmoy Pramanik,Electronics and Communication Engineering,iit_roorkee:442,roster,25,89,0,6,5,IEEE Transactions on Magnetics,2022,2026
IIT Roorkee,M. L. Dewal,Electrical Engineering,iit_roorkee:400,roster,6,86,0,6,1,International Journal of Biomedical Imaging,2016,2020
IIT Roorkee,M. Perumal,Hydrology,iit_roorkee:526,roster,7,83,0,6,5,Water Resources Research,2017,2023
IIT Roorkee,Shubhankar Roy Chowdhury,Civil Engineering,iit_roorkee:222,roster,8,61,0,6,7,Composite Structures,2020,2026
IIT Roorkee,Pallavi Chattopadhyay,Earth Sciences,iit_roorkee:306,roster,12,59,0,6,9,Groundwater for Sustainable Development,2022,2026
IIT Roorkee,Avlokita Agrawal,Architecture and Planning,iit_roorkee:7,roster,18,472,0,5,4,International Journal of Energy Research,2018,2026
IIT Roorkee,Sanhita Das,Civil Engineering,iit_roorkee:218,roster,17,340,0,5,7,Transport Policy,2021,2026
IIT Roorkee,Shushil Kumar,Chemical Engineering,iit_roorkee:117,roster,14,272,0,5,9,Biomass Conversion and Biorefinery,2023,2026
IIT Roorkee,Gargi Singh,Civil Engineering,iit_roorkee:194,roster,17,201,0,5,10,Environmental Science: Water Research & Technology,2016,2026
IIT Roorkee,Dinesh Kumar,Mechanical and Industrial Engineering,iit_roorkee:670,roster,7,176,0,5,6,Expert Review of Vaccines,2017,2026
IIT Roorkee,A. Swaminathan,Mathematics,iit_roorkee:575,roster,24,161,0,5,5,Bulletin of the Malaysian Mathematical Sciences Society,2016,2026
IIT Roorkee,R. Balasubramanian,Computer Science and Engineering,iit_roorkee:266,roster,13,147,0,5,2,Multimedia Tools and Applications,2016,2025
IIT Roorkee,Idhayachandhiran Ilampooranan,Water Resources Development and Management,iit_roorkee:orcid:0000-0003-0819-376X,ORCID record,19,138,0,5,8,Water Resources Research,2020,2026
IIT Roorkee,Komal Tripathi,Chemical Engineering,iit_roorkee:105,roster,10,129,0,5,8,Small,2024,2026
IIT Roorkee,D. K. Nauriyal,Humanities and Social Sciences,iit_roorkee:466,roster,15,126,0,5,4,Millennial Asia,2016,2025
IIT Roorkee,Shamik Basak,Mechanical and Industrial Engineering,iit_roorkee:658,roster,15,117,0,5,4,Transactions of the Indian Institute of Metals,2022,2026
IIT Roorkee,K. M. Singh,Mechanical and Industrial Engineering,iit_roorkee:640,roster,26,112,0,5,5,"Numerical Heat Transfer, Part B: Fundamentals",2016,2026
IIT Roorkee,Siddhartha Khare,Civil Engineering,iit_roorkee:223,roster,20,100,0,5,9,Ecological Informatics,2022,2026
IIT Roorkee,Saurabh Vijay,Civil Engineering,iit_roorkee:221,roster,29,100,0,5,11,Journal of Glaciology,2022,2026
IIT Roorkee,Gaurav Raheja,Architecture and Planning,iit_roorkee:10,roster,22,99,0,5,5,International Journal of Built Environment and Sustainability,2016,2026
IIT Roorkee,Sugata Gangopadhyay,Computer Science and Engineering,iit_roorkee:275,roster,42,98,0,5,5,Discrete Applied Mathematics,2016,2026
IIT Roorkee,Umesh Kumar Sharma,Civil Engineering,iit_roorkee:228,roster,21,98,0,5,9,Construction and Building Materials,2021,2026
IIT Roorkee,Niwesh Ojha,Chemical Engineering,iit_roorkee:108,roster,9,98,0,5,7,Industrial & Engineering Chemistry Research,2023,2026
IIT Roorkee,Sujata Kar,Management Studies,iit_roorkee:547,roster,9,93,0,5,1,Global Business Review,2018,2024
IIT Roorkee,Abhinava Tripathi,Management Studies,iit_roorkee:552,roster,6,88,0,5,3,Finance Research Letters,2021,2025
IIT Roorkee,Ravita Lamba,Hydro and Renewable Energy,iit_roorkee:500,roster,30,88,0,5,9,Clean Technologies and Environmental Policy,2024,2026
IIT Roorkee,Gaurav Sharma,Chemical Engineering,iit_roorkee:102,roster,7,86,0,5,7,Physics of Fluids,2017,2025
IIT Roorkee,Dharmendra Pratap Singh,Earth Sciences,iit_roorkee:300,roster,12,84,0,5,10,Biodiversity and Conservation,2020,2026
IIT Roorkee,Deepak Kumar Ojha,Chemical Engineering,iit_roorkee:101,roster,11,80,0,5,6,International Journal of Green Energy,2021,2026
IIT Roorkee,Himanshu Jain,Hydro and Renewable Energy,iit_roorkee:495,roster,20,79,0,5,6,Buildings,2022,2026
IIT Roorkee,Gowrish Basavarajappa,Electronics and Communication Engineering,iit_roorkee:orcid:0000-0003-0031-1346,ORCID record,38,77,0,5,9,IEEE Microwave and Wireless Technology Letters,2021,2026
IIT Roorkee,S. P. Srivastava,Electrical Engineering,iit_roorkee:406,roster,7,76,0,5,1,Electric Power Components and Systems,2016,2019
IIT Roorkee,Arbaz Khan,Mathematics,iit_roorkee:580,roster,28,76,0,5,18,IMA Journal of Numerical Analysis,2020,2026
IIT Roorkee,Nikhil Kumar Singh,Mechanical and Industrial Engineering,iit_roorkee:646,roster,11,76,0,5,10,Physics of Fluids,2023,2026
IIT Roorkee,B. D. Indu,Physics,iit_roorkee:782,roster,29,74,0,5,2,Modern Physics Letters B,2016,2023
IIT Roorkee,Sulakshana P. Mukherjee,Biosciences and Bioengineering,iit_roorkee:71,roster,10,71,0,5,6,Biomolecular NMR Assignments,2017,2025
IIT Roorkee,Abdul Saleem Mir,Electrical Engineering,iit_roorkee:356,roster,23,71,0,5,12,IEEE Transactions on Power Systems,2022,2026
IIT Roorkee,Jitin Singla,Biosciences and Bioengineering,iit_roorkee:39,roster,23,71,0,5,9,Structure,2022,2026
IIT Roorkee,Ajay Yashavant Deo,Physics,iit_roorkee:745,roster,14,69,0,5,12,Physical Review C,2016,2026
IIT Roorkee,Indu Mehrotra,Civil Engineering,iit_roorkee:237,roster,8,69,0,5,2,Sustainable Water Resources Management,2016,2023
IIT Roorkee,Surendra P Singh,Paper Technology,iit_roorkee:734,roster,7,67,0,5,2,Biomass Conversion and Biorefinery,2016,2023
IIT Roorkee,Sadhan Ghosh,Metallurgical and Materials Engineering,iit_roorkee:701,roster,8,67,0,5,5,Metallurgical and Materials Transactions A,2019,2026
IIT Roorkee,Narayan Mohanta,Physics,iit_roorkee:766,roster,16,66,0,5,13,Physical Review B,2022,2026
IIT Roorkee,S. S. Jain,Civil Engineering,iit_roorkee:250,roster,8,65,0,5,1,International Journal of Crashworthiness,2016,2023
IIT Roorkee,Abhay Kumar Sah,Electronics and Communication Engineering,iit_roorkee:409,roster,32,65,0,5,12,IEEE Transactions on Communications,2022,2026
IIT Roorkee,Uaday Singh,Mathematics,iit_roorkee:603,roster,19,64,0,5,4,The Journal of Analysis,2016,2026
IIT Roorkee,Anand Joshi,Earth Sciences,iit_roorkee:295,roster,16,62,0,5,3,Journal of the Geological Society of India,2016,2024
IIT Roorkee,Biswarup Das,Electrical Engineering,iit_roorkee:367,roster,15,62,0,5,10,Electric Power Systems Research,2023,2026
IIT Roorkee,M Israil,Earth Sciences,iit_roorkee:323,roster,8,56,0,5,1,Pure and Applied Geophysics,2019,2025
IIT Roorkee,Supriyo Ghosh,Metallurgical and Materials Engineering,iit_roorkee:707,roster,8,56,0,5,8,The Journal of Chemical Physics,2024,2025
IIT Roorkee,Santanu Pradhan,Centre for Nanotechnology,iit_roorkee:82,roster,12,55,0,5,8,Advanced Optical Materials,2022,2026
IIT Roorkee,Darshak Bhatt,Electronics and Communication Engineering,iit_roorkee:423,roster,17,51,0,5,7,IEEE Access,2022,2026
IIT Roorkee,RAJAGOPAL KRISHNAMURTHI,Earth Sciences,iit_roorkee:orcid:0000-0001-7165-6937,ORCID record,15,50,0,5,4,Journal of the Geological Society of India,2016,2026
IIT Roorkee,Kamal,Earth Sciences,iit_roorkee:orcid:0000-0003-0856-759X,ORCID record,19,48,0,5,3,First Break,2018,2025
IIT Roorkee,R. Anbalagan,Earth Sciences,iit_roorkee:325,roster,5,370,0,4,2,Journal of the Geological Society of India,2016,2020
IIT Roorkee,Ravindra Bhargava,Chemical Engineering,iit_roorkee:128,roster,5,254,0,4,2,Innovative Food Science & Emerging Technologies,2016,2017
IIT Roorkee,S. N. Singh,Hydro and Renewable Energy,iit_roorkee:514,roster,4,254,0,4,1,"IET Science, Measurement & Technology",2017,2018
IIT Roorkee,Sandip Banerjee,Mathematics,iit_roorkee:596,roster,4,178,0,4,1,Mathematical Biosciences,2017,2022
IIT Roorkee,G. S. Randhawa,Biosciences and Bioengineering,iit_roorkee:60,roster,4,150,0,4,4,Frontiers in Plant Science,2017,2019
IIT Roorkee,Srikrishnan Siva Subramanian,Centre of Excellence in Disaster Mitigation and Management,iit_roorkee:orcid:0000-0003-4004-0894,ORCID record,29,149,0,4,9,Science of The Total Environment,2022,2026
IIT Roorkee,Saurav Datta,Biosciences and Bioengineering,iit_roorkee:69,roster,5,146,0,4,2,ACS Omega,2016,2019
IIT Roorkee,H. R. Wason,Earthquake Engineering,iit_roorkee:352,roster,5,139,0,4,2,Bulletin of the Seismological Society of America,2016,2018
IIT Roorkee,Harshit Sosan Lakra,Architecture and Planning,iit_roorkee:11,roster,17,135,0,4,8,International Journal of Disaster Risk Reduction,2022,2026
IIT Roorkee,Manoj Kumar,Electronics and Communication Engineering,iit_roorkee:429,roster,17,120,0,4,6,IEEE Microwave and Wireless Technology Letters,2021,2026
IIT Roorkee,Uttam Kumar Roy,Architecture and Planning,iit_roorkee:24,roster,25,114,0,4,8,Journal of Contemporary Urban Affairs,2019,2026
IIT Roorkee,Alok Bhardwaj,Civil Engineering,iit_roorkee:183,roster,26,102,0,4,9,Natural Hazards,2021,2026
IIT Roorkee,V. K. Katiyar,Mathematics,iit_roorkee:616,roster,4,91,0,4,1,Journal of Thermophysics and Heat Transfer,2016,2018
IIT Roorkee,Satish Kumar,Paper Technology,iit_roorkee:733,roster,6,88,0,4,1,Plant Molecular Biology Reporter,2016,2017
IIT Roorkee,Ritesh Kumar,Earthquake Engineering,iit_roorkee:340,roster,13,87,0,4,8,Geotechnical and Geological Engineering,2021,2026
IIT Roorkee,Rajesh Kumar,Biosciences and Bioengineering,iit_roorkee:50,roster,20,74,0,4,7,Biochimie,2023,2026
IIT Roorkee,Binod Mishra,Humanities and Social Sciences,iit_roorkee:464,roster,46,71,0,4,17,Journal for Cultural Research,2020,2026
IIT Roorkee,Vivek Kumar,Paper Technology,iit_roorkee:739,roster,9,70,0,4,1,Dental Research Journal,2016,2023
IIT Roorkee,Maheshanand Bhaintwal,Mathematics,iit_roorkee:orcid:0000-0002-1471-5512,ORCID record,24,67,0,4,9,"Designs, Codes and Cryptography",2016,2026
IIT Roorkee,Nishi Kant Bhardwaj,Paper Technology,iit_roorkee:729,roster,6,65,0,4,5,Carbohydrate Polymers,2020,2026
IIT Roorkee,Devesh Bhimsaria,Biosciences and Bioengineering,iit_roorkee:36,roster,8,62,0,4,4,PNAS Nexus,2022,2026
IIT Roorkee,Pooja Garg,Humanities and Social Sciences,iit_roorkee:473,roster,9,60,0,4,0,"The International Archives of the Photogrammetry, Remote Sensing and Spatial Information Sciences",2016,2025
IIT Roorkee,Pramod Kumar,Civil Engineering,iit_roorkee:248,roster,6,57,0,4,4,Journal of Water Process Engineering,2016,2020
IIT Roorkee,Sharmili Das,Electrical Engineering,iit_roorkee:407,roster,18,57,0,4,5,IEEE Transactions on Industry Applications,2022,2026
IIT Roorkee,Aditi Gangopadhyay,Mathematics,iit_roorkee:576,roster,31,56,0,4,2,American Journal of Mathematical and Management Sciences,2017,2026
IIT Roorkee,Anshul Tyagi,Electronics and Communication Engineering,iit_roorkee:414,roster,12,54,0,4,1,IET Communications,2016,2026
IIT Roorkee,J. P. Narayan,Earthquake Engineering,iit_roorkee:332,roster,10,54,0,4,3,Pure and Applied Geophysics,2018,2026
IIT Roorkee,Siba Kumar Patro,Electrical Engineering,iit_roorkee:386,roster,33,52,0,4,2,IETE Journal of Research,2022,2026
IIT Roorkee,Vishvendra Singh Poonia,Electronics and Communication Engineering,iit_roorkee:446,roster,22,51,0,4,4,Physical Review A,2019,2026
IIT Roorkee,Rahul Thakur,Computer Science and Engineering,iit_roorkee:268,roster,21,49,0,4,6,Vehicular Communications,2021,2026
IIT Roorkee,R. P. Gakkhar,Mechanical and Industrial Engineering,iit_roorkee:674,roster,5,48,0,4,0,International Journal of Ambient Energy,2017,2019
IIT Roorkee,Daya Shanker,Earthquake Engineering,iit_roorkee:331,roster,18,41,0,4,1,Journal of Seismology,2016,2025
IIT Roorkee,Smita Jha,Humanities and Social Sciences,iit_roorkee:483,roster,35,41,0,4,24,Journal of Graphic Novels and Comics,2019,2026
IIT Roorkee,Apurv Kumar Yadav,Electrical Engineering,iit_roorkee:359,roster,28,41,0,4,7,IEEE Transactions on Industrial Electronics,2022,2026
IIT Roorkee,Ram Jiwari,Mathematics,iit_roorkee:593,roster,8,41,0,4,4,Applied Numerical Mathematics,2022,2026
IIT Roorkee,Raksha Sharma,Computer Science and Engineering,iit_roorkee:271,roster,9,41,0,4,3,IEEE Geoscience and Remote Sensing Letters,2022,2026
IIT Roorkee,Amit Upadhyay,Management Studies,iit_roorkee:531,roster,7,39,0,4,3,IEEE Transactions on Engineering Management,2021,2025
IIT Roorkee,Ashutosh Chamoli,Earth Sciences,iit_roorkee:297,roster,5,39,0,4,2,Tectonophysics,2023,2026
IIT Roorkee,Sayanti Chatterjee,Chemistry,iit_roorkee:158,roster,6,36,0,4,5,Journal of the American Chemical Society,2024,2026
IIT Roorkee,Ram Sateesh Pasupuleti,Architecture and Planning,iit_roorkee:16,roster,13,35,0,4,3,International Review for Spatial Planning and Sustainable Development,2021,2026
IIT Roorkee,Ram Manohar Singh,Humanities and Social Sciences,iit_roorkee:476,roster,12,31,0,4,4,Metacognition and Learning,2021,2026
IIT Roorkee,Arnab Dey,Electrical Engineering,iit_roorkee:360,roster,10,31,0,4,3,Automatica,2022,2026
IIT Roorkee,Sampat Singh Bhati,Paper Technology,iit_roorkee:732,roster,12,27,0,4,4,Journal of Inorganic and Organometallic Polymers and Materials,2023,2026
IIT Roorkee,Kirat Pal,Earthquake Engineering,iit_roorkee:354,roster,3,160,0,3,1,Applied Soft Computing,2016,2019
IIT Roorkee,V. K. Gupta,Civil Engineering,iit_roorkee:254,roster,5,144,0,3,2,Global Journal of Environmental Science and Management,2016,2022
IIT Roorkee,J. P. Singh,Management Studies,iit_roorkee:561,roster,5,132,0,3,1,Audit Financiar,2017,2021
IIT Roorkee,Siladitya Pal,Mechanical and Industrial Engineering,iit_roorkee:659,roster,5,130,0,3,3,Journal of Biomechanics,2016,2021
IIT Roorkee,N. M Bhandari,Civil Engineering,iit_roorkee:244,roster,4,111,0,3,1,Journal of Materials in Civil Engineering,2016,2017
IIT Roorkee,U. C. Chaube,Water Resources Development and Management,iit_roorkee:847,roster,3,107,0,3,2,Hydrological Sciences Journal,2016,2017
IIT Roorkee,R. P. Maheshwari,Electrical Engineering,iit_roorkee:402,roster,6,96,0,3,0,IET Renewable Power Generation,2016,2022
IIT Roorkee,S. M. Sondhi,Chemistry,iit_roorkee:176,roster,3,82,0,3,1,Medicinal Chemistry Research,2016,2017
IIT Roorkee,M. K. Arora,Civil Engineering,iit_roorkee:241,roster,4,79,0,3,2,"Geological Society, London, Special Publications",2016,2019
IIT Roorkee,Ashok Kumar Ahuja,Civil Engineering,iit_roorkee:235,roster,3,69,0,3,3,Structures,2016,2022
IIT Roorkee,Shiladitya Sengupta,Physics,iit_roorkee:774,roster,8,66,0,3,5,The Journal of Chemical Physics,2020,2026
IIT Roorkee,Surendra Saini,Biosciences and Bioengineering,iit_roorkee:72,roster,3,62,0,3,1,Stem Cell Reviews and Reports,2020,2022
IIT Roorkee,D. K. Mukhopadhyay,Earth Sciences,iit_roorkee:322,roster,5,52,0,3,2,Journal of the Geological Society of India,2016,2023
IIT Roorkee,Nagendra Kumar,Humanities and Social Sciences,iit_roorkee:472,roster,67,52,0,3,22,Rupkatha Journal on Interdisciplinary Studies in Humanities,2016,2026
IIT Roorkee,Sanjay Chikermane,Civil Engineering,iit_roorkee:219,roster,4,51,0,3,2,Measurement,2019,2024
IIT Roorkee,Sumit GhatakChoudhuri,Electrical Engineering,iit_roorkee:389,roster,21,50,0,3,5,IETE Technical Review,2022,2026
IIT Roorkee,Tarun Sharma,Management Studies,iit_roorkee:549,roster,12,50,0,3,8,Energy Policy,2022,2026
IIT Roorkee,Satya Prakash,Metallurgical and Materials Engineering,iit_roorkee:717,roster,6,49,0,3,1,Advanced Materials Research,2016,2020
IIT Roorkee,Manish Shrikhande,Earthquake Engineering,iit_roorkee:335,roster,15,47,0,3,4,ISET Journal of Earthquake Technology,2016,2026
IIT Roorkee,S. C. Gupta,Earthquake Engineering,iit_roorkee:341,roster,7,45,0,3,4,Geoscience Letters,2018,2024
IIT Roorkee,D. C. Srivastava,Earth Sciences,iit_roorkee:321,roster,9,44,0,3,6,Geological Magazine,2016,2026
IIT Roorkee,A. K. Chaudhary,Unknown unit (institute-wide list 2019),iit_roorkee:818,roster,3,44,0,3,0,Journal of the Geological Society of India,2018,2020
IIT Roorkee,P. K. Gupta,Earth Sciences,iit_roorkee:324,roster,4,44,0,3,0,Pure and Applied Geophysics,2019,2020
IIT Roorkee,ROLUAHPUIA,Humanities and Social Sciences,iit_roorkee:orcid:0000-0002-9103-397X,ORCID record,13,43,0,3,10,Sociological Bulletin,2021,2026
IIT Roorkee,A. K. Sharma,Biosciences and Bioengineering,iit_roorkee:32,roster,6,41,0,3,4,Scientific Reports,2024,2026
IIT Roorkee,Vinod Kumar Shahi,Polymer and Process Engineering,iit_roorkee:816,roster,4,41,0,3,4,Science of The Total Environment,2025,2026
IIT Roorkee,Rishman Jot Kaur Chahal,Humanities and Social Sciences,iit_roorkee:478,roster,9,40,0,3,5,Research in International Business and Finance,2021,2026
IIT Roorkee,Saravana Manivannan,Electronics and Communication Engineering,iit_roorkee:orcid:0000-0001-7975-0186,ORCID record,8,39,0,3,3,IEEE Transactions on Circuits and Systems I: Regular Papers,2022,2026
IIT Roorkee,Tarun Gangwar,Civil Engineering,iit_roorkee:227,roster,9,39,0,3,6,Computer Methods in Applied Mechanics and Engineering,2023,2026
IIT Roorkee,Shahbaz Khan,Computer Science and Engineering,iit_roorkee:273,roster,11,38,0,3,4,ACM Transactions on Algorithms,2022,2026
IIT Roorkee,Utpal Dey,Electronics and Communication Engineering,iit_roorkee:444,roster,18,38,0,3,5,IEEE Transactions on Microwave Theory and Techniques,2022,2026
IIT Roorkee,Naveen Kumar,Biosciences and Bioengineering,iit_roorkee:42,roster,4,35,0,3,2,Materials Science and Engineering: A,2020,2022
IIT Roorkee,Bodhibrata Mukhopadhyay,Electronics and Communication Engineering,iit_roorkee:420,roster,12,34,0,3,8,IEEE Transactions on Vehicular Technology,2024,2026
IIT Roorkee,H. S. Nataraj,Physics,iit_roorkee:757,roster,8,32,0,3,1,"Journal of Physics B: Atomic, Molecular and Optical Physics",2018,2026
IIT Roorkee,Kritika Kothari,Water Resources Development and Management,iit_roorkee:830,roster,10,32,0,3,6,Climate Risk Management,2022,2026
IIT Roorkee,Anjani Kumar Tiwari,Physics,iit_roorkee:751,roster,16,31,0,3,5,Scientific Reports,2022,2026
IIT Roorkee,Hemant Jibhau Sagar,Hydro and Renewable Energy,iit_roorkee:494,roster,5,31,0,3,4,Fluids,2024,2026
IIT Roorkee,Pratibha,Mathematics,iit_roorkee:orcid:0000-0002-1152-6847,ORCID record,14,29,0,3,1,International Journal of Applied and Computational Mathematics,2016,2021
IIT Roorkee,Rashmi Gaur,Humanities and Social Sciences,iit_roorkee:477,roster,21,27,0,3,10,Journal of Exclusion Studies,2017,2026
IIT Roorkee,D. K. Paul,Earthquake Engineering,iit_roorkee:351,roster,4,27,0,3,0,Journal of Earthquake and Tsunami,2017,2019
IIT Roorkee,P. C. Ashwin Kumar,Earthquake Engineering,iit_roorkee:336,roster,11,27,0,3,3,Earthquake Engineering & Structural Dynamics,2018,2026
IIT Roorkee,Tina Pujara,Architecture and Planning,iit_roorkee:23,roster,9,27,0,3,5,Cities & Health,2023,2026
IIT Roorkee,Deep Kiran,Electrical Engineering,iit_roorkee:369,roster,26,26,0,3,5,"IET Generation, Transmission & Distribution",2019,2026
IIT Roorkee,Avanish Tripathi,Electrical Engineering,iit_roorkee:393,roster,10,26,0,3,3,IEEE Transactions on Industry Applications,2022,2026
IIT Roorkee,Abhishek Nag,Physics,iit_roorkee:742,roster,7,26,0,3,7,Physical Review Research,2024,2026
IIT Roorkee,Puneet Jain,Physics,iit_roorkee:770,roster,7,25,0,3,3,Journal of Micromanufacturing,2021,2026
IIT Roorkee,T. R. Gulati,Mathematics,iit_roorkee:615,roster,4,23,0,3,1,Journal of Testing and Evaluation,2016,2019
IIT Roorkee,Rajesh Kumar Ulaganathan,Centre for Nanotechnology,iit_roorkee:81,roster,13,23,0,3,12,Physical Review B,2025,2026
IIT Roorkee,Amita Giri,Electronics and Communication Engineering,iit_roorkee:412,roster,6,23,0,3,3,IEEE Canadian Journal of Electrical and Computer Engineering,2025,2026
IIT Roorkee,Alankrita Singh,Mechanical and Industrial Engineering,iit_roorkee:620,roster,6,22,0,3,2,Heat Transfer Engineering,2023,2026
IIT Roorkee,Ram Krishna Pandey,Mathematics,iit_roorkee:594,roster,12,21,0,3,0,Mathematica Slovaca,2018,2026
IIT Roorkee,O. P. Dubey,Civil Engineering,iit_roorkee:245,roster,4,21,0,3,0,Sādhanā,2019,2021
IIT Roorkee,Chandra Shekhar Pant,Hydro and Renewable Energy,iit_roorkee:493,roster,12,21,0,3,10,Physics of Fluids,2024,2026
IIT Roorkee,Ram Kumar Singh,Mechanical and Industrial Engineering,iit_roorkee:675,roster,3,19,0,3,1,Combustion Science and Technology,2017,2018
IIT Roorkee,Varun A Baheti,Metallurgical and Materials Engineering,iit_roorkee:709,roster,7,19,0,3,4,Scripta Materialia,2020,2026
IIT Roorkee,Ambrish Pandey,Physics,iit_roorkee:748,roster,7,18,0,3,7,Journal of Fluid Mechanics,2024,2026
IIT Roorkee,R. Vinnarasi,Civil Engineering,iit_roorkee:211,roster,9,11,0,3,5,Journal of Climate,2023,2026
IIT Roorkee,S. K. Tripathi,Water Resources Development and Management,iit_roorkee:843,roster,2,85,0,2,0,Hydrology Research,2017,2018
IIT Roorkee,Akhil Upadhyay,Civil Engineering,iit_roorkee:182,roster,5,68,0,2,1,Journal of Materials in Civil Engineering,2016,2026
IIT Roorkee,V. K. Nangia,Management Studies,iit_roorkee:571,roster,2,54,0,2,0,Quality Assurance in Education,2016,2017
IIT Roorkee,Sandeep Kumar,Mechanical Engineering,iit_roorkee:orcid:0000-0003-1991-7401,ORCID record,4,54,0,2,1,International Journal of Research in Engineering and Technology,2016,2018
IIT Roorkee,P. K. Sahoo,Mechanical and Industrial Engineering,iit_roorkee:673,roster,5,53,0,2,2,International Journal of Air-Conditioning and Refrigeration,2017,2021
IIT Roorkee,Pradipta Banerji,Civil Engineering,iit_roorkee:247,roster,2,40,0,2,2,Measurement,2019,2019
IIT Roorkee,Palas Kumar Farsoiya,Chemical Engineering,iit_roorkee:109,roster,5,40,0,2,4,Physical Review Fluids,2024,2026
IIT Roorkee,Sahil Bansal,Civil Engineering,iit_roorkee:251,roster,2,39,0,2,2,Journal of Engineering Mechanics,2020,2023
IIT Roorkee,Ashish Mishra,Civil Engineering,iit_roorkee:orcid:0000-0002-4510-7990,ORCID record,4,35,0,2,1,"Environment, Development and Sustainability",2021,2023
IIT Roorkee,Deepak Kumar,Mathematics,iit_roorkee:584,roster,8,34,0,2,1,International Journal of Modern Physics E,2021,2026
IIT Roorkee,Nitin Khandelwal,Hydrology,iit_roorkee:522,roster,10,33,0,2,6,Science of The Total Environment,2024,2026
IIT Roorkee,Dhaval Patel,Computer Science and Engineering,iit_roorkee:280,roster,4,31,0,2,2,Molecular BioSystems,2016,2018
IIT Roorkee,Aparajita Singh,Humanities and Social Sciences,iit_roorkee:462,roster,4,31,0,2,1,Environmental Monitoring and Assessment,2024,2026
IIT Roorkee,P. P. Thankachan,Chemistry,iit_roorkee:173,roster,2,30,0,2,2,The Journal of Physical Chemistry A,2016,2016
IIT Roorkee,Anil Kumar Mishra,Chemistry,iit_roorkee:167,roster,7,29,0,2,3,ChemistrySelect,2024,2026
IIT Roorkee,M. N. Viladkar,Civil Engineering,iit_roorkee:242,roster,6,24,0,2,2,International Journal of Rock Mechanics and Mining Sciences,2017,2022
IIT Roorkee,Vijay Victor,Humanities and Social Sciences,iit_roorkee:orcid:0000-0002-0885-5578,ORCID record,8,23,0,2,5,International Journal of Consumer Studies,2024,2026
IIT Roorkee,A. K. Sen,Earth Sciences,iit_roorkee:320,roster,3,22,0,2,2,Journal of Petrology,2018,2022
IIT Roorkee,Sourav Kumar Sasmal,Applied Mathematics and Scientific Computing (Saharanpur),iit_roorkee:4,roster,9,22,0,2,3,Journal of Biological Systems,2023,2026
IIT Roorkee,Anil Kumar Gupta,Water Resources Development and Management,iit_roorkee:822,roster,9,22,0,2,4,Discover Applied Sciences,2025,2026
IIT Roorkee,Vinay Sharma,Management Studies,iit_roorkee:551,roster,6,20,0,2,2,International Journal of Environment and Sustainable Development,2017,2025
IIT Roorkee,Daljit K. Mehra,Electronics and Communication Engineering,iit_roorkee:451,roster,3,19,0,2,1,Physical Communication,2016,2017
IIT Roorkee,Rakesh Kumar Saunthwal,Chemistry,iit_roorkee:151,roster,4,18,0,2,4,Organic Chemistry Frontiers,2025,2026
IIT Roorkee,Parikshit Pareek,Electrical Engineering,iit_roorkee:380,roster,7,18,0,2,2,"Sustainable Energy, Grids and Networks",2025,2026
IIT Roorkee,Jishnu K. Kambrath,Electrical Engineering,iit_roorkee:398,roster,8,17,0,2,4,IEEE Transactions on Power Electronics,2022,2026
IIT Roorkee,Ashish Kumar Chowdhary,Electronics and Communication Engineering,iit_roorkee:416,roster,4,15,0,2,1,Journal of Physics D: Applied Physics,2025,2026
IIT Roorkee,Chandra Prakash Gupta,Electrical Engineering,iit_roorkee:368,roster,2,15,0,2,2,Engineering Applications of Artificial Intelligence,2025,2025
IIT Roorkee,Indra Vir Singh,Mechanical and Industrial Engineering,iit_roorkee:639,roster,8,14,0,2,0,Applied Mechanics and Materials,2016,2024
IIT Roorkee,R. G. S. Sastry,Earth Sciences,iit_roorkee:326,roster,21,14,0,2,2,Geophysics,2016,2021
IIT Roorkee,Vipul Prakash,Civil Engineering,iit_roorkee:230,roster,3,14,0,2,2,Innovative Infrastructure Solutions,2021,2025
IIT Roorkee,Ajay Wasan,Physics,iit_roorkee:744,roster,5,13,0,2,2,Journal of Optics,2018,2026
IIT Roorkee,Sonal Atreya,Architecture and Planning,iit_roorkee:21,roster,12,13,0,2,2,Frontiers in Engineering and Built Environment,2021,2026
IIT Roorkee,Tomasz Paterek,Centre for Photonics and Quantum Communication Technology,iit_roorkee:87,roster,7,13,0,2,4,Quantum,2021,2026
IIT Roorkee,Poonam Choudhary,Biosciences and Bioengineering,iit_roorkee:44,roster,4,13,0,2,1,Frontiers in Water,2024,2026
IIT Roorkee,Ellora Padhi,Water Resources Development and Management,iit_roorkee:827,roster,7,13,0,2,5,Physics of Fluids,2025,2026
IIT Roorkee,I. D. Gupta,Earthquake Engineering,iit_roorkee:353,roster,3,12,0,2,3,Bulletin of the Seismological Society of America,2017,2018
IIT Roorkee,Vipul Silwal,Earth Sciences,iit_roorkee:318,roster,16,12,0,2,5,Geophysical Journal International,2022,2026
IIT Roorkee,Bibhuti Ranjan Bhattacharjya,Design,iit_roorkee:287,roster,5,12,0,2,1,Foresight and STI Governance,2023,2026
IIT Roorkee,Gautam Agarwal,Metallurgical and Materials Engineering,iit_roorkee:693,roster,3,11,0,2,3,Metallurgical and Materials Transactions A,2024,2025
IIT Roorkee,Naveen K. R.,Polymer and Process Engineering,iit_roorkee:800,roster,4,10,0,2,3,Chemical Communications,2025,2026
IIT Roorkee,Ranita Biswas,Computer Science and Engineering,iit_roorkee:281,roster,2,9,0,2,1,Journal of Mathematical Imaging and Vision,2017,2018
IIT Roorkee,Lopamudra Saha,Earth Sciences,iit_roorkee:304,roster,4,9,0,2,0,Journal Of The Geological Society Of India,2020,2025
IIT Roorkee,Saurabh Shiradhonkar,Earthquake Engineering,iit_roorkee:342,roster,5,9,0,2,3,Bulletin of Earthquake Engineering,2023,2026
IIT Roorkee,Sachin Suresh Tiwari,Biosciences and Bioengineering,iit_roorkee:54,roster,8,9,0,2,2,Rapid Prototyping Journal,2023,2026
IIT Roorkee,Arun Singh,Earth Sciences,iit_roorkee:296,roster,4,9,0,2,3,Geophysical Journal International,2024,2026
IIT Roorkee,Chetan Gupta,Computer Science and Engineering,iit_roorkee:257,roster,7,9,0,2,0,Information Processing Letters,2024,2026
IIT Roorkee,Prashant Surana,Hydro and Renewable Energy,iit_roorkee:498,roster,8,9,0,2,3,IEEE Transactions on Industrial Electronics,2024,2026
IIT Roorkee,M. L. Mittal,Mathematics,iit_roorkee:605,roster,2,8,0,2,0,Journal of Mathematics,2016,2016
IIT Roorkee,Manu Kumar Gupta,Management Studies,iit_roorkee:538,roster,6,8,0,2,0,INFOR: Information Systems and Operational Research,2023,2025
IIT Roorkee,Hemant Kumar,Civil Engineering,iit_roorkee:195,roster,3,8,0,2,3,Agricultural Water Management,2023,2026
IIT Roorkee,A. K. Ray,Paper Technology,iit_roorkee:726,roster,3,7,0,2,0,BioResources,2016,2019
IIT Roorkee,Biplab Banerjee,Computer Science and Engineering,iit_roorkee:278,roster,2,7,0,2,0,IETE Journal of Research,2016,2018
IIT Roorkee,Rajat Sadhukhan,Computer Science and Engineering,iit_roorkee:269,roster,3,7,0,2,0,IEEE Embedded Systems Letters,2024,2026
IIT Roorkee,Deepak Kashyap,Civil Engineering,iit_roorkee:236,roster,2,6,0,2,2,Journal of Hydrologic Engineering,2016,2016
IIT Roorkee,Pallavi Debnath,Chemistry,iit_roorkee:146,roster,3,6,0,2,1,Soft Matter,2016,2021
IIT Roorkee,Udit Choudhury,Polymer and Process Engineering,iit_roorkee:805,roster,2,6,0,2,1,Nanoscale,2023,2025
IIT Roorkee,Ila Gupta,Architecture and Planning,iit_roorkee:27,roster,3,5,0,2,0,Journal of Heritage Management,2016,2019
IIT Roorkee,Saurabh Khanna,Electronics and Communication Engineering,iit_roorkee:437,roster,3,5,0,2,0,,2023,2024
IIT Roorkee,Subrata Biswas,Paper Technology,iit_roorkee:724,roster,2,5,0,2,1,RSC Sustainability,2025,2025
IIT Roorkee,Rakesh Padhan,Management Studies,iit_roorkee:543,roster,6,4,0,2,1,Asian Economics Letters,2023,2026
IIT Roorkee,Avik Samanta,Centre for Nanotechnology,iit_roorkee:83,roster,1,81,0,1,1,Nature Reviews Chemistry,2024,2024
IIT Roorkee,Hugo Germain,Biosciences and Bioengineering,iit_roorkee:61,roster,1,41,0,1,1,Planta,2020,2020
IIT Roorkee,Alok Kumar,Hydro and Renewable Energy,iit_roorkee:505,roster,1,40,0,1,1,Applied and Environmental Microbiology,2019,2019
IIT Roorkee,Anshul Yadav,Water Resources Development and Management,iit_roorkee:823,roster,1,33,0,1,1,Science of The Total Environment,2025,2025
IIT Roorkee,Rajeshwar R. Eleti,Metallurgical and Materials Engineering,iit_roorkee:700,roster,2,22,0,1,2,Scripta Materialia,2024,2025
IIT Roorkee,Gargi Ghosh,Mathematics,iit_roorkee:585,roster,1,21,0,1,0,ACS Applied Bio Materials,2019,2019
IIT Roorkee,Sandeep Bhatt,Earth Sciences,iit_roorkee:312,roster,1,21,0,1,1,Environmental Research,2022,2022
IIT Roorkee,Prakhar Misra,Civil Engineering,iit_roorkee:205,roster,4,19,0,1,2,npj Climate and Atmospheric Science,2024,2026
IIT Roorkee,Ashwani Kumar,Centre for Nanotechnology,iit_roorkee:80,roster,2,15,0,1,1,Journal of Physics and Chemistry of Solids,2023,2026
IIT Roorkee,Rajarshi Chakravarti,Earth Sciences,iit_roorkee:310,roster,5,14,0,1,3,Mineralium Deposita,2022,2026
IIT Roorkee,Sumit Kumar Yadav,Management Studies,iit_roorkee:548,roster,2,12,0,1,0,Stochastic Models,2022,2023
IIT Roorkee,Subodh Sharma,Hydro and Renewable Energy,iit_roorkee:515,roster,4,12,0,1,2,Sustainable Chemistry One World,2024,2026
IIT Roorkee,Sugandha Maheshwary,Mathematics,iit_roorkee:600,roster,6,11,0,1,3,Forum Mathematicum,2023,2026
IIT Roorkee,Gaurav Kumar Nayak,Mehta Family School of Data Science and Artificial Intelligence,iit_roorkee:678,roster,2,10,0,1,1,IEEE Access,2025,2025
IIT Roorkee,Kirti Bhushan Mishra,Mechanical and Industrial Engineering,iit_roorkee:642,roster,1,9,0,1,1,Journal of Hazardous Materials,2019,2019
IIT Roorkee,Pankaj Agrawal,Earthquake Engineering,iit_roorkee:337,roster,1,9,0,1,0,,2023,2023
IIT Roorkee,Tanuja Srivastava,Mathematics,iit_roorkee:602,roster,7,8,0,1,0,International Journal of Computer Mathematics,2022,2026
IIT Roorkee,Sandeep Kumar Singh,Electronics and Communication Engineering,iit_roorkee:456,roster,4,8,0,1,1,Journal of Lightwave Technology,2024,2026
IIT Roorkee,Ram Kumar,Paper Technology,iit_roorkee:730,roster,1,7,0,1,0,Electronics,2022,2022
IIT Roorkee,Rishikesh Pandey,Biosciences and Bioengineering,iit_roorkee:53,roster,3,7,0,1,2,Photonics,2025,2026
IIT Roorkee,P. Sanyal,Physics,iit_roorkee:788,roster,1,6,0,1,0,ChemistrySelect,2019,2019
IIT Roorkee,Devendra Singh,Metallurgical and Materials Engineering,iit_roorkee:713,roster,2,6,0,1,1,Metals and Materials International,2019,2020
IIT Roorkee,Raj Deva Singh,Water Resources Development and Management,iit_roorkee:841,roster,2,6,0,1,1,Water Resources Management,2020,2023
IIT Roorkee,Navjit Gaurav,Architecture and Planning,iit_roorkee:14,roster,2,6,0,1,1,Disabilities,2024,2026
IIT Roorkee,Subhankar Mishra,Computer Science and Engineering,iit_roorkee:282,roster,2,5,0,1,0,Procedia Computer Science,2017,2017
IIT Roorkee,Sarbani Banerjee,Humanities and Social Sciences,iit_roorkee:481,roster,31,5,0,1,16,English Academy Review,2021,2026
IIT Roorkee,Bharat D,Humanities and Social Sciences,iit_roorkee:orcid:0000-0001-8895-9467,ORCID record,6,5,0,1,3,Economic Change and Restructuring,2025,2026
IIT Roorkee,Saptarshi Kolay,Architecture and Planning,iit_roorkee:18,roster,10,4,0,1,2,Geocarto International,2018,2026
IIT Roorkee,Shruti Sengupta,Humanities and Social Sciences,iit_roorkee:482,roster,8,4,0,1,0,Oxford Economic Papers,2023,2026
IIT Roorkee,Bihu Suchetana,Civil Engineering,iit_roorkee:191,roster,1,4,0,1,0,,2023,2023
IIT Roorkee,Aparna Tripathi,Metallurgical and Materials Engineering,iit_roorkee:685,roster,1,4,0,1,0,Materials Letters,2024,2024
IIT Roorkee,Aparajita Khan,Computer Science and Engineering,iit_roorkee:277,roster,5,4,0,1,3,"Cancer Immunology, Immunotherapy",2024,2026
IIT Roorkee,Ankush Kumar,Centre for Nanotechnology,iit_roorkee:79,roster,22,4,0,1,10,BMC Artificial Intelligence,2025,2026
IIT Roorkee,Debadutta Parida,Architecture and Planning,iit_roorkee:8,roster,1,4,0,1,0,Regional Environmental Change,2025,2025
IIT Roorkee,Amit Choudhary,Mechanical and Industrial Engineering,iit_roorkee:621,roster,2,4,0,1,1,Welding in the World,2026,2026
IIT Roorkee,Simanchal Padhy,Earth Sciences,iit_roorkee:315,roster,5,3,0,1,3,Geophysical Journal International,2021,2026
IIT Roorkee,Sudheer Kumar Tiwari,Earth Sciences,iit_roorkee:316,roster,2,3,0,1,0,Lithosphere,2022,2023
IIT Roorkee,Champoungam Panmei,Earth Sciences,iit_roorkee:299,roster,1,3,0,1,1,Earth and Space Science,2022,2022
IIT Roorkee,Debiprasanna Sahoo,Computer Science and Engineering,iit_roorkee:279,roster,2,3,0,1,1,IEEE Transactions on Computer-Aided Design of Integrated Circuits and Systems,2023,2025
IIT Roorkee,Priyansha Kaurav,Electronics and Communication Engineering,iit_roorkee:432,roster,8,3,0,1,1,Physica Scripta,2024,2026
IIT Roorkee,Satish Belkhode,Electrical Engineering,iit_roorkee:385,roster,8,3,0,1,1,IEEE Journal of Emerging and Selected Topics in Power Electronics,2024,2026
IIT Roorkee,Peayush Kumar Choubey,Physics,iit_roorkee:769,roster,2,3,0,1,2,Physical Review B,2024,2026
IIT Roorkee,Anuj Bisht,Mechanical and Industrial Engineering,iit_roorkee:626,roster,1,3,0,1,0,MATERIALS TRANSACTIONS,2025,2025
IIT Roorkee,Pinku Roy,Metallurgical and Materials Engineering,iit_roorkee:698,roster,2,3,0,1,2,Wear,2025,2026
IIT Roorkee,Madhan Kumar Vasudevan,Design,iit_roorkee:288,roster,1,3,0,1,0,,2025,2025
IIT Roorkee,Marianna Obrist,Design,iit_roorkee:290,roster,1,3,0,1,0,,2025,2025
IIT Roorkee,Tanaya Sarmah,Architecture and Planning,iit_roorkee:22,roster,2,3,0,1,2,Climate Services,2025,2026
IIT Roorkee,Abhiraj Sharma,Civil Engineering,iit_roorkee:177,roster,3,3,0,1,1,Physics of Plasmas,2026,2026
IIT Roorkee,Ajit Kumar Chaturvedi,Electronics and Communication Engineering,iit_roorkee:447,roster,2,2,0,1,0,IET Signal Processing,2018,2019
IIT Roorkee,Sarit Kumar Das,Civil Engineering,iit_roorkee:252,roster,2,2,0,1,1,Dynamics of Atmospheres and Oceans,2019,2021
IIT Roorkee,G. D. Verma,Physics,iit_roorkee:756,roster,1,2,0,1,0,,2023,2023
IIT Roorkee,Tony Thomas,Humanities and Social Sciences,iit_roorkee:486,roster,2,2,0,1,2,Collabra: Psychology,2023,2024
IIT Roorkee,Pankaj Gautam,Applied Mathematics and Scientific Computing (Saharanpur),iit_roorkee:2,roster,2,2,0,1,2,Annals of Operations Research,2024,2026
IIT Roorkee,Veeramani Chidambaranathan,Chemical Engineering,iit_roorkee:121,roster,2,2,0,1,1,Catalysis Today,2024,2026
IIT Roorkee,Sham Sundar R,Polymer and Process Engineering,iit_roorkee:804,roster,1,2,0,1,0,Biomass Conversion and Biorefinery,2024,2024
IIT Roorkee,Prachi Jain,Management Studies,iit_roorkee:540,roster,1,2,0,1,0,Journal of Futures Markets,2025,2025
IIT Roorkee,Anamika Kumar Kulbhaskar,Management Studies,iit_roorkee:532,roster,2,2,0,1,0,Review of Behavioral Finance,2025,2026
IIT Roorkee,Sameer Ali,Architecture and Planning,iit_roorkee:17,roster,2,2,0,1,0,Sustainable Transport and Livability,2025,2026
IIT Roorkee,Surojit Ghosh,Mathematics,iit_roorkee:601,roster,2,2,0,1,0,Transactions of the Indian Institute of Metals,2026,2026
IIT Roorkee,V. P. Singh,Water Resources Development and Management,iit_roorkee:848,roster,1,1,0,1,0,,2022,2022
IIT Roorkee,Sandipan Paul,Civil Engineering,iit_roorkee:217,roster,1,1,0,1,0,Acta Mechanica,2023,2023
IIT Roorkee,Varun Kumar Singla,Earthquake Engineering,iit_roorkee:346,roster,1,1,0,1,0,International Journal of Advances in Engineering Sciences and Applied Mathematics,2023,2023
IIT Roorkee,Amit Maji,Mathematics,iit_roorkee:578,roster,2,1,0,1,1,Complex Analysis and Operator Theory,2024,2025
IIT Roorkee,Kishor Bhaskarrao Nandapurkar,Electrical Engineering,iit_roorkee:374,roster,2,1,0,1,0,IEEE Sensors Letters,2025,2025
IIT Roorkee,Digvijay Singh,Metallurgical and Materials Engineering,iit_roorkee:691,roster,2,1,0,1,2,Labor History,2025,2026
IIT Roorkee,Smriti Saraswat,Architecture and Planning,iit_roorkee:20,roster,2,1,0,1,0,,2025,2026
IIT Roorkee,Satyanarayan Rao,Biosciences and Bioengineering,iit_roorkee:56,roster,6,1,0,1,1,Current Drug Targets,2026,2026
IIT Roorkee,P. K. Suresh,Water Resources Development and Management,iit_roorkee:840,roster,1,1,0,1,1,Journal of Water and Climate Change,2026,2026
IIT Roorkee,Prince Tiwari,Biosciences and Bioengineering,iit_roorkee:48,roster,1,1,0,1,1,Biophysical Reviews,2026,2026
IIT Roorkee,Rahul K. Gairola,Humanities and Social Sciences,iit_roorkee:488,roster,2,0,0,0,0,South Asian Review,2016,2016
IIT Roorkee,Saumik Bhattacharya,Electronics and Communication Engineering,iit_roorkee:457,roster,2,0,0,0,0,,2020,2020
IIT Roorkee,Rita Ahuja,Architecture and Planning,iit_roorkee:30,roster,1,0,0,0,0,,2022,2022
IIT Roorkee,Ashish Kothyari,Electrical Engineering,iit_roorkee:362,roster,6,0,0,0,0,International Journal of Control,2022,2025
IIT Roorkee,Sohom Ray,Earthquake Engineering,iit_roorkee:344,roster,2,0,0,0,0,,2023,2023
IIT Roorkee,R. N. Patel,Electrical Engineering,iit_roorkee:401,roster,2,0,0,0,0,,2024,2025
IIT Roorkee,Mahendra Kumar Verma,Mathematics,iit_roorkee:586,roster,1,0,0,0,0,Journal of Algebra and Its Applications,2024,2024
IIT Roorkee,Lalatendu Keshari Das,Humanities and Social Sciences,iit_roorkee:469,roster,4,0,0,0,2,Indian Journal of Gender Studies,2024,2026
IIT Roorkee,Sourabh Arora,Management Studies,iit_roorkee:546,roster,1,0,0,0,0,Management and Labour Studies,2024,2024
IIT Roorkee,Hemant Kumar Suman,Centre for Transportation Systems,iit_roorkee:93,roster,3,0,0,0,0,"Air Quality, Atmosphere & Health",2025,2025
IIT Roorkee,Akshay Bhatnagar,Physics,iit_roorkee:747,roster,2,0,0,0,1,Soft Matter,2025,2026
IIT Roorkee,Asha Sharma,Electrical Engineering,iit_roorkee:361,roster,1,0,0,0,0,,2025,2025
IIT Roorkee,Aruni Mahapatra,Humanities and Social Sciences,iit_roorkee:463,roster,2,0,0,0,2,The Journal of Men’s Studies,2025,2026
IIT Roorkee,Ishan Bajaj,Chemical Engineering,iit_roorkee:126,roster,1,0,0,0,0,,2025,2025
IIT Roorkee,Saikat Saha,Mathematics,iit_roorkee:595,roster,1,0,0,0,0,EPJ Web of Conferences,2025,2025
IIT Roorkee,Subhash Chand Yogi,Electrical Engineering,iit_roorkee:388,roster,1,0,0,0,0,International Journal of Adaptive Control and Signal Processing,2025,2025
IIT Roorkee,Robert Hänsch,Biosciences and Bioengineering,iit_roorkee:66,roster,2,0,0,0,2,Plant Biotechnology Journal,2025,2026
IIT Roorkee,Raghvendra Singh Rohit,Computer Science and Engineering,iit_roorkee:267,roster,1,0,0,0,1,IEEE Access,2026,2026
IIT Roorkee,Awanish Pandey,Computer Science and Engineering,iit_roorkee:256,roster,1,0,0,0,0,,2026,2026
IIT Roorkee,Arunava Mandal,Mathematics,iit_roorkee:581,roster,2,0,0,0,1,Journal of Lie Theory,2026,2026
IIT Roorkee,Ketan Arora,Civil Engineering,iit_roorkee:199,roster,1,0,0,0,1,Rock Mechanics and Rock Engineering,2026,2026
IIT Roorkee,Amritesh Kumar,Mechanical and Industrial Engineering,iit_roorkee:622,roster,2,0,0,0,2,Polymer Testing,2026,2026
IIT Roorkee,Jagnyashini Debadarshini,Computer Science and Engineering,iit_roorkee:259,roster,2,0,0,0,1,IEEE Internet of Things Journal,2026,2026
IIT Roorkee,Sabu Thomas,Polymer and Process Engineering,iit_roorkee:811,roster,2,0,0,0,1,Sultan Qaboos University Journal For Science,2026,2026
IIT Roorkee,Sumana Ghosh,Chemical Engineering,iit_roorkee:118,roster,2,0,0,0,2,Chemical Engineering and Processing - Process Intensification,2026,2026
IIT Roorkee,Ajit Kumar Dubey,Mechanical and Industrial Engineering,iit_roorkee:618,roster,1,0,0,0,1,Journal of Analytical and Applied Pyrolysis,2026,2026
IIT Roorkee,Niladri Sekhar Mandal,Chemical Engineering,iit_roorkee:107,roster,1,0,0,0,1,Small,2026,2026
IIT Roorkee,Rahul Kumar,Mathematics,iit_roorkee:592,roster,1,0,0,0,0,Frontiers in Combinatorics and Number Theory,2026,2026
IIT Roorkee,Ravi Yadav,Chemistry,iit_roorkee:156,roster,1,0,0,0,1,Chemical Science,2026,2026
IIT Roorkee,Kalpak Kulkarni,Management Studies,iit_roorkee:537,roster,1,0,0,0,1,International Journal of Consumer Studies,2026,2026
