institution,rank_by_shared_papers,partner,shared_papers,citations_of_shared_papers,citations_from_partner,citations_to_partner,cluster,cross_cluster,jaccard_top20,partner_openalex
IIT Kharagpur,1,Jadavpur University,361,5449,1973,3702,Central Universities,True,0.667,I170979836
IIT Kharagpur,2,Indian Institute of Science Bangalore,358,6723,1828,6787,IISc / TIFR / IISERs,True,0.739,I59270414
IIT Kharagpur,3,Indian Institute of Technology Bombay,342,6101,2266,4688,Old & large IITs,False,0.739,I162827531
IIT Kharagpur,4,National Institute of Technology Rourkela,318,5220,2253,1857,NITs,True,0.739,I16292982
IIT Kharagpur,5,Indian Institute of Technology Delhi,290,4484,2552,4312,Old & large IITs,False,0.667,I68891433
IIT Kharagpur,6,Indian Institute of Technology Kanpur,283,4647,1606,3982,Old & large IITs,False,0.6,I94234084
IIT Kharagpur,7,Indian Institute of Technology Roorkee,252,3083,3105,3434,Old & large IITs,False,0.739,I154851008
IIT Kharagpur,8,"Indian Institute of Engineering Science and Technology, Shibpur",241,3344,972,1054,Not a course cluster,True,0.667,I98365261
IIT Kharagpur,9,Indian Institute of Technology Dhanbad,214,4174,1685,1788,Not a course cluster,True,0.818,I189109744
IIT Kharagpur,10,Indian Institute of Technology Madras,212,3598,1938,3875,Old & large IITs,False,0.667,I24676775
IIT Kharagpur,11,University of Calcutta,207,3277,1025,1636,Not a course cluster,True,0.379,I106542073
IIT Kharagpur,12,"Birla Institute of Technology, Mesra",205,2801,977,626,Not a course cluster,True,0.667,I115715567
IIT Kharagpur,13,Indian Statistical Institute,199,2848,595,1470,Premier science institutes,True,0.176,I6498739
IIT Kharagpur,14,National Institute of Technology Durgapur,191,2867,934,764,NITs,True,0.667,I155837530
IIT Kharagpur,15,"Birla Institute of Technology and Science, Pilani",172,3231,1696,903,Not a course cluster,True,0.6,I74796645
IIT Kharagpur,16,Indian Space Research Organisation,172,1948,532,1121,Not a course cluster,True,0.429,I1289461252
IIT Kharagpur,17,Tata Steel (India),160,2571,256,656,Not a course cluster,True,0.481,I87816474
IIT Kharagpur,18,Indian Institute of Technology Guwahati,158,3298,2791,2360,Old & large IITs,False,0.667,I1317621060
IIT Kharagpur,19,Vellore Institute of Technology University,146,2324,3022,1691,Not a course cluster,True,0.6,I876193797
IIT Kharagpur,20,Council of Scientific and Industrial Research,144,3999,1554,4168,CSIR labs,True,0.379,I66760702
IIT Kharagpur,21,Homi Bhabha National Institute,140,1914,1078,708,Not a course cluster,True,0.333,I200207707
IIT Kharagpur,22,Indian Institute of Technology Bhubaneswar,140,2229,877,668,Newer IITs,True,0.667,I99729588
IIT Kharagpur,23,Bhabha Atomic Research Centre,140,2102,816,1964,DAE institutes,True,0.429,I1329621470
IIT Kharagpur,24,S.N. Bose National Centre for Basic Sciences,137,2474,182,571,Premier science institutes,True,0.25,I77430839
IIT Kharagpur,25,Indian Institute of Technology BHU,136,2924,1524,924,Newer IITs,True,0.667,I56404289
IIT Kharagpur,26,Indian Institute of Science Education and Research Kolkata,136,1766,668,902,IISc / TIFR / IISERs,True,,I127439422
IIT Kharagpur,27,KIIT University,130,1251,1155,522,Not a course cluster,True,,I67357951
IIT Kharagpur,28,Banaras Hindu University,128,3508,2012,2348,Central Universities,True,,I91357014
IIT Kharagpur,29,Vidyasagar University,126,2370,600,568,Not a course cluster,True,,I41549804
IIT Kharagpur,30,Academy of Scientific and Innovative Research,121,4060,2885,1970,Not a course cluster,True,,I99364266
IIT Kharagpur,31,Indian Institute of Technology Patna,119,1029,962,664,Newer IITs,True,,I132153292
IIT Kharagpur,32,Indian Institute of Technology Gandhinagar,114,2554,640,814,Newer IITs,True,,I27674431
IIT Kharagpur,33,Indian Institute of Technology Jodhpur,105,710,752,374,Newer IITs,True,,I154549908
IIT Kharagpur,34,Indian Association for the Cultivation of Science,104,2337,550,1559,Not a course cluster,True,,I165998391
IIT Kharagpur,35,Space Applications Centre,103,951,186,430,Not a course cluster,True,,I4405268392
IIT Kharagpur,36,Indian Institute of Technology Ropar,100,1663,634,514,Not a course cluster,True,,I119241673
IIT Kharagpur,37,Indian Institute of Technology Hyderabad,99,1596,940,739,Old & large IITs,False,,I65181880
IIT Kharagpur,38,Tata Consultancy Services (India),95,799,135,197,Not a course cluster,True,,I55215948
IIT Kharagpur,39,Indian Council of Agricultural Research,91,1982,1136,973,Not a course cluster,True,,I179420787
IIT Kharagpur,40,Institute of Chemical Technology,90,1541,535,904,Not a course cluster,True,,I167751958
IIT Kharagpur,41,Amity University,89,2102,1358,655,Not a course cluster,True,,I191972202
IIT Kharagpur,42,National Institute of Technology Warangal,87,963,995,532,NITs,True,,I121750182
IIT Kharagpur,43,Indian Institute of Management Mumbai,85,3236,283,437,Not a course cluster,True,,I864998749
IIT Kharagpur,44,SRM Institute of Science and Technology,84,2067,2347,891,Not a course cluster,True,,I145286018
IIT Kharagpur,45,Indian Institute of Technology Indore,83,1273,1173,721,Newer IITs,True,,I64295750
IIT Kharagpur,46,Wadia Institute of Himalayan Geology,83,1582,403,630,Not a course cluster,True,,I1337471766
IIT Kharagpur,47,Indian Institute of Technology Mandi,79,980,547,406,Newer IITs,True,,I9579091
IIT Kharagpur,48,Central Mechanical Engineering Research Institute,75,1370,242,351,CSIR labs,True,,I70735523
IIT Kharagpur,49,Bidhan Chandra Krishi Viswavidyalaya,75,3492,195,355,Not a course cluster,True,,I109963156
IIT Kharagpur,50,National Institute of Technology Karnataka,69,952,883,599,NITs,True,,I11880225
IIT Kharagpur,51,Tata Institute of Fundamental Research,69,1078,261,1209,IISc / TIFR / IISERs,True,,I11947397
IIT Kharagpur,52,University of Engineering & Management,67,569,224,89,Not a course cluster,True,,I1296725772
IIT Kharagpur,53,University of Petroleum and Energy Studies,65,803,1089,410,Not a course cluster,True,,I5847235
IIT Kharagpur,54,Ministry of Earth Sciences,63,990,815,895,Not a course cluster,True,,I4210100914
IIT Kharagpur,55,National Institute Of Technology Silchar,63,647,806,445,Not a course cluster,True,,I151903974
IIT Kharagpur,56,Siksha O Anusandhan University,62,510,805,448,Not a course cluster,True,,I193073490
IIT Kharagpur,57,"Medical College and Hospital, Kolkata",62,555,21,110,Not a course cluster,True,,I68428275
IIT Kharagpur,58,Indian Institute of Management Ranchi,61,1422,256,175,Not a course cluster,True,,I4210162014
IIT Kharagpur,59,Christ University,59,798,624,137,Not a course cluster,True,,I48018076
IIT Kharagpur,60,Visva-Bharati University,58,643,463,337,Not a course cluster,True,,I130291710
IIT Kharagpur,61,Indian Institute of Technology Jammu,58,603,258,92,Newer IITs,True,,I4210127441
IIT Kharagpur,62,Saha Institute of Nuclear Physics,58,1291,177,489,Premier science institutes,True,,I16019930
IIT Kharagpur,63,University of Delhi,57,759,1662,2063,Central Universities,True,,I110166357
IIT Kharagpur,64,Central Glass and Ceramic Research Institute,57,1145,201,503,CSIR labs,True,,I1309307044
IIT Kharagpur,65,National Metallurgical Laboratory,57,996,192,437,CSIR labs,True,,I4210111921
IIT Kharagpur,66,West Bengal University of Animal and Fishery Sciences,57,1273,168,106,Not a course cluster,True,,I75444546
IIT Kharagpur,67,"SRM University, Andhra Pradesh",56,375,481,165,Not a course cluster,True,,I4210100463
IIT Kharagpur,68,Presidency University,55,1388,447,671,Not a course cluster,True,,I157674215
IIT Kharagpur,69,Defence Research and Development Organisation,55,556,173,297,Not a course cluster,True,,I1340206300
IIT Kharagpur,70,Birla Institute of Technology and Science - Hyderabad Campus,53,605,816,322,Not a course cluster,True,,I4210101034
IIT Kharagpur,71,North Bengal University,53,836,325,204,Not a course cluster,True,,I56090587
IIT Kharagpur,72,Tata Medical Center,53,481,24,34,Not a course cluster,True,,I4210089010
IIT Kharagpur,73,Jawaharlal Nehru University,51,1778,777,1259,Central Universities,True,,I152429107
IIT Kharagpur,74,GITAM University,51,649,599,204,Not a course cluster,True,,I885392262
IIT Kharagpur,75,National Geophysical Research Institute,51,683,465,1399,Not a course cluster,True,,I22716965
IIT Kharagpur,76,Thapar Institute of Engineering & Technology,50,599,728,672,Not a course cluster,True,,I162030827
IIT Kharagpur,77,National Institute of Technology Meghalaya,50,723,278,134,NITs,True,,I9523339
IIT Kharagpur,78,National Institute of Technology Calicut,49,746,946,324,NITs,True,,I114845381
IIT Kharagpur,79,Government of West Bengal,48,685,226,260,Not a course cluster,True,,I2801424531
IIT Kharagpur,80,Institute of Minerals and Materials Technology,47,1354,361,478,Not a course cluster,True,,I4210107015
IIT Kharagpur,81,Indian Institute of Tropical Meteorology,46,1526,553,1454,Not a course cluster,True,,I1333651918
IIT Kharagpur,82,National Institute of Technology Agartala,46,564,442,274,NITs,True,,I196486160
IIT Kharagpur,83,SRM University,46,436,344,197,Not a course cluster,True,,I4210131147
IIT Kharagpur,84,"Birla Institute of Technology and Science, Pilani - Goa Campus",46,1872,314,187,Not a course cluster,True,,I4210148827
IIT Kharagpur,85,Indian Institute of Chemical Biology,46,1086,149,406,Not a course cluster,True,,I160344538
IIT Kharagpur,86,National Institute of Hydrology,45,1264,341,462,Not a course cluster,True,,I4210147361
IIT Kharagpur,87,Tezpur University,44,1012,576,632,Not a course cluster,True,,I126601174
IIT Kharagpur,88,"International Institute of Information Technology, Hyderabad",44,1371,355,588,IIITs,True,,I64189192
IIT Kharagpur,89,Defence Metallurgical Research Laboratory,44,339,114,491,Not a course cluster,True,,I202429437
IIT Kharagpur,90,Midnapore College,44,773,67,104,Not a course cluster,True,,I4405274353
IIT Kharagpur,91,Manipal Academy of Higher Education,43,653,1348,547,Not a course cluster,True,,I164861460
IIT Kharagpur,92,Midnapore Medical College and Hospital,43,751,2,35,Not a course cluster,True,,I251397004
IIT Kharagpur,93,University of Hyderabad,42,1107,485,1106,Central Universities,True,,I36893310
IIT Kharagpur,94,All India Institute of Medical Sciences,42,646,234,380,Not a course cluster,True,,I63739035
IIT Kharagpur,95,Visvesvaraya National Institute of Technology,41,357,433,441,NITs,True,,I167153416
IIT Kharagpur,96,National Institute of Science Education and Research,41,497,329,317,IISc / TIFR / IISERs,True,,I163389970
IIT Kharagpur,97,"Institute of Physics, Bhubaneshwar",41,1165,107,253,Not a course cluster,True,,I40912709
IIT Kharagpur,98,XIM University,39,784,137,58,Not a course cluster,True,,I4210137468
IIT Kharagpur,99,North Bengal Agricultural University,39,833,96,151,Not a course cluster,True,,I4210116187
IIT Kharagpur,100,Institute of Reproductive Medicine,39,468,2,52,Not a course cluster,True,,I4210127825
IIT Kharagpur,101,Indian Agricultural Research Institute,37,841,746,949,Not a course cluster,True,,I45509622
IIT Kharagpur,102,Maulana Azad National Institute of Technology,37,610,453,318,NITs,True,,I91277730
IIT Kharagpur,103,"Indian Institute of Science Education and Research, Bhopal",37,583,429,489,IISc / TIFR / IISERs,True,,I288749910
IIT Kharagpur,104,Indian Institute of Technology Bhilai,37,603,333,78,Newer IITs,True,,I4210121466
IIT Kharagpur,105,Indian Institute of Technology Tirupati,37,634,250,55,Newer IITs,True,,I4210109292
IIT Kharagpur,106,International Crops Research Institute for the Semi-Arid Tropics,37,945,116,348,Not a course cluster,True,,I4210163774
IIT Kharagpur,107,Sardar Vallabhbhai National Institute of Technology Surat,36,505,604,416,NITs,True,,I42014448
IIT Kharagpur,108,Assam University,36,629,393,244,Not a course cluster,True,,I49278261
IIT Kharagpur,109,Central University of Jharkhand,36,432,249,190,Not a course cluster,True,,I175970653
IIT Kharagpur,110,JIS University,36,405,169,45,Not a course cluster,True,,I4405256552
IIT Kharagpur,111,National Institute of Technology Jamshedpur,35,320,429,185,NITs,True,,I187761245
IIT Kharagpur,112,Government of India,35,1147,263,474,Not a course cluster,True,,I2799351866
IIT Kharagpur,113,Adamas University,35,359,183,75,Not a course cluster,True,,I3130244785
IIT Kharagpur,114,Indian National Centre for Ocean Information Services,35,703,180,495,Not a course cluster,True,,I1333738725
IIT Kharagpur,115,Energy and Resources Institute,35,418,139,342,Not a course cluster,True,,I1286858202
IIT Kharagpur,116,TCG Crest,35,468,61,20,Not a course cluster,True,,I4210159890
IIT Kharagpur,117,University of Burdwan,34,701,617,493,Not a course cluster,True,,I132359460
IIT Kharagpur,118,Physical Research Laboratory,34,716,323,870,Not a course cluster,True,,I121502294
IIT Kharagpur,119,"Maulana Abul Kalam Azad University of Technology, West Bengal",34,431,289,164,Not a course cluster,True,,I99601430
IIT Kharagpur,120,Sidho-Kanho-Birsha University,34,557,206,137,Not a course cluster,True,,I261330113
IIT Kharagpur,121,National Institute for Interdisciplinary Science and Technology,33,1556,247,598,CSIR labs,True,,I146682468
IIT Kharagpur,122,Haldia Institute of Technology,33,275,212,114,Not a course cluster,True,,I175399479
IIT Kharagpur,123,National Institute of Technology Patna,32,621,583,234,NITs,True,,I11793825
IIT Kharagpur,124,Pandit Deendayal Energy University,32,294,517,304,Not a course cluster,True,,I33586908
IIT Kharagpur,125,Cochin University of Science and Technology,32,425,514,595,Not a course cluster,True,,I20497027
IIT Kharagpur,126,Indian Council of Medical Research,32,766,282,272,Not a course cluster,True,,I37048141
IIT Kharagpur,127,National Remote Sensing Centre,32,922,174,481,Not a course cluster,True,,I1311524620
IIT Kharagpur,128,Amrita Vishwa Vidyapeetham,31,423,1072,550,Not a course cluster,True,,I81556334
IIT Kharagpur,129,Veer Surendra Sai University of Technology,31,414,326,196,Not a course cluster,True,,I185065464
IIT Kharagpur,130,TERI University,31,338,84,287,Not a course cluster,True,,I118315836
IIT Kharagpur,131,Chandigarh University,30,1061,1336,330,Not a course cluster,True,,I101407740
IIT Kharagpur,132,National Centre for Radio Astrophysics,30,530,129,520,Not a course cluster,True,,I147602599
IIT Kharagpur,133,Central Ground Water Board,29,1049,155,246,Not a course cluster,True,,I4210113437
IIT Kharagpur,134,Indraprastha Institute of Information Technology Delhi,29,537,149,164,IIITs,True,,I119939252
IIT Kharagpur,135,International Management Institute,29,722,113,83,Not a course cluster,True,,I158867519
IIT Kharagpur,136,Heritage Institute of Technology,29,378,71,58,Not a course cluster,True,,I4405272644
IIT Kharagpur,137,National Institute of Technology Tiruchirappalli,28,1037,981,817,NITs,True,,I122964287
IIT Kharagpur,138,"Anna University, Chennai",28,514,940,1372,Not a course cluster,True,,I33585257
IIT Kharagpur,139,Aliah University,28,322,269,86,Not a course cluster,True,,I180765649
IIT Kharagpur,140,Central Agricultural University,28,159,239,149,Not a course cluster,True,,I76253773
IIT Kharagpur,141,Techno India University,28,340,139,65,Not a course cluster,True,,I1288043984
IIT Kharagpur,142,Microsoft (India),28,560,24,46,Not a course cluster,True,,I4210162141
IIT Kharagpur,143,Intel (India),28,174,17,37,Not a course cluster,True,,I4210146682
IIT Kharagpur,144,National Institute of Technology Raipur,27,345,596,306,NITs,True,,I38335241
IIT Kharagpur,145,National Institute of Oceanography,27,412,297,1370,Not a course cluster,True,,I75093019
IIT Kharagpur,146,Brainware University,27,150,203,20,Not a course cluster,True,,I4405266301
IIT Kharagpur,147,Inter-University Accelerator Centre,27,267,192,187,Not a course cluster,True,,I4210089002
IIT Kharagpur,148,National Botanical Research Institute,27,548,98,188,Not a course cluster,True,,I170396143
IIT Kharagpur,149,IBM (India),27,117,22,67,Not a course cluster,True,,I4210129961
IIT Kharagpur,150,Indian Institute of Chemical Technology,26,585,361,865,CSIR labs,True,,I55664587
IIT Kharagpur,151,O. P. Jindal Global University,26,341,341,153,Not a course cluster,True,,I4210129200
IIT Kharagpur,152,Govind Ballabh Pant University of Agriculture and Technology,26,456,313,378,Not a course cluster,True,,I252758333
IIT Kharagpur,153,Geological Survey of India,26,290,252,731,Not a course cluster,True,,I64389444
IIT Kharagpur,154,Indira Gandhi Centre for Atomic Research,26,396,174,675,DAE institutes,True,,I2802630050
IIT Kharagpur,155,Indian Institute of Space Science and Technology,26,382,162,218,Not a course cluster,True,,I882761360
IIT Kharagpur,156,Vikram Sarabhai Space Centre,26,308,124,383,Not a course cluster,True,,I71374576
IIT Kharagpur,157,Oil and Natural Gas Corporation (India),26,124,51,119,Not a course cluster,True,,I172790451
IIT Kharagpur,158,Central Institute of Agricultural Engineering,25,497,179,254,Not a course cluster,True,,I138367206
IIT Kharagpur,159,Variable Energy Cyclotron Centre,25,616,62,172,Not a course cluster,True,,I1279672703
IIT Kharagpur,160,North Eastern Hill University,24,256,209,224,Not a course cluster,True,,I197465736
IIT Kharagpur,161,Odisha University of Agriculture and Technology,24,350,185,99,Not a course cluster,True,,I13567498
IIT Kharagpur,162,Fortis Hospital,24,185,6,37,Not a course cluster,True,,I4210141555
IIT Kharagpur,163,GLA University,23,1138,794,189,Not a course cluster,True,,I82571370
IIT Kharagpur,164,Symbiosis International University,23,277,612,369,Not a course cluster,True,,I244572783
IIT Kharagpur,165,Malaviya National Institute of Technology Jaipur,23,219,539,508,NITs,True,,I83205935
IIT Kharagpur,166,University of Kalyani,23,284,321,429,Not a course cluster,True,,I77501641
IIT Kharagpur,167,Indian Institute of Remote Sensing,23,746,237,508,Not a course cluster,True,,I51281103
IIT Kharagpur,168,Central Plantation Crops Research Institute,23,1050,130,134,Not a course cluster,True,,I4210142041
IIT Kharagpur,169,Bose Institute,23,795,129,260,Premier science institutes,True,,I152754861
IIT Kharagpur,170,ICAR Research Complex for NEH Region,23,209,102,138,Not a course cluster,True,,I4210111975
IIT Kharagpur,171,"Kerala University of Digital Sciences, Innovation and Technology",23,91,35,3,Not a course cluster,True,,I4405263365
IIT Kharagpur,172,Nil Ratan Sircar Medical College and Hospital,23,235,7,8,Not a course cluster,True,,I158908536
IIT Kharagpur,173,Sharda University,22,457,647,230,Not a course cluster,True,,I74885063
IIT Kharagpur,174,University of Kashmir,22,1281,592,502,Not a course cluster,True,,I135388327
IIT Kharagpur,175,Motilal Nehru National Institute of Technology,22,598,527,404,NITs,True,,I152869788
IIT Kharagpur,176,National Institute of Food Technology Entrepreneurship and Management,22,961,346,255,Not a course cluster,True,,I342702707
IIT Kharagpur,177,North Eastern Regional Institute of Science and Technology,22,1068,116,249,Not a course cluster,True,,I160302567
IIT Kharagpur,178,Post Graduate Institute of Medical Education and Research,22,337,74,281,Not a course cluster,True,,I45294948
IIT Kharagpur,179,Indian Institute of Plantation Management,22,62,11,14,Not a course cluster,True,,I99383213
IIT Kharagpur,180,Chaudhary Charan Singh Haryana Agricultural University,21,329,241,188,Not a course cluster,True,,I24927338
IIT Kharagpur,181,Lovely Professional University,20,230,1508,458,Not a course cluster,True,,I110360157
IIT Kharagpur,182,National Chemical Laboratory,20,2591,274,1059,CSIR labs,True,,I3125981224
IIT Kharagpur,183,Indian Institute of Technology Palakkad,20,105,197,66,Newer IITs,True,,I4210113248
IIT Kharagpur,184,Indian Institute of Pulses Research,20,474,104,163,Not a course cluster,True,,I2800609603
IIT Kharagpur,185,Indian Institute of Information Technology Guwahati,20,166,99,31,IIITs,True,,I4210089896
IIT Kharagpur,186,Flame University,20,134,88,32,Not a course cluster,True,,I2802865875
IIT Kharagpur,187,Indian Institute of Water Management,20,561,73,116,Not a course cluster,True,,I4210133751
IIT Kharagpur,188,Indian Institute of Management Indore,20,190,53,90,Not a course cluster,True,,I33003672
IIT Kharagpur,189,Ashoka University,20,51,34,36,Not a course cluster,True,,I347237974
IIT Kharagpur,190,U. R. Rao Satellite Centre,20,117,25,15,Not a course cluster,True,,I4405258076
IIT Kharagpur,191,Delhi Technological University,19,1799,606,387,Not a course cluster,True,,I863896202
IIT Kharagpur,192,University of Allahabad,19,170,471,361,Not a course cluster,True,,I168893459
IIT Kharagpur,193,Sant Longowal Institute of Engineering and Technology,19,513,217,272,Not a course cluster,True,,I63568130
IIT Kharagpur,194,National Institute of Technology Andhra Pradesh,19,203,167,60,NITs,True,,I4210153924
IIT Kharagpur,195,Ramakrishna Mission Vivekananda Educational and Research Institute,19,284,117,241,Not a course cluster,True,,I34034455
IIT Kharagpur,196,Saveetha University,18,1116,2613,560,Not a course cluster,True,,I85461943
IIT Kharagpur,197,National Institute of Technology Srinagar,18,225,584,143,NITs,True,,I8778637
IIT Kharagpur,198,Alliance University,18,60,319,28,Not a course cluster,True,,I144614875
IIT Kharagpur,199,Guru Ghasidas Vishwavidyalaya,18,669,245,94,Not a course cluster,True,,I26285277
IIT Kharagpur,200,Atal Bihari Vajpayee Indian Institute of Information Technology and Management,18,65,127,74,IIITs,True,,I9747756
IIT Kharagpur,201,Raman Research Institute,18,168,79,426,Not a course cluster,True,,I119598438
IIT Kharagpur,202,Indian Institute of Information Technology Lucknow,18,59,67,16,IIITs,True,,I4405256517
IIT Kharagpur,203,Institute of Post Graduate Medical Education and Research,18,259,11,94,Not a course cluster,True,,I4210100047
IIT Kharagpur,204,Centre For Development Studies,18,760,9,81,Not a course cluster,True,,I157886920
IIT Kharagpur,205,Integrated Test Range,18,51,4,21,Not a course cluster,True,,I4210125378
IIT Kharagpur,206,Chitkara University,17,220,941,191,Not a course cluster,True,,I74319210
IIT Kharagpur,207,Jamia Millia Islamia,17,907,807,860,Central Universities,True,,I59475050
IIT Kharagpur,208,Nirma University,17,202,275,135,Not a course cluster,True,,I165831266
IIT Kharagpur,209,Indian Institute of Science Education and Research Mohali,17,207,264,303,IISc / TIFR / IISERs,True,,I165916956
IIT Kharagpur,210,Central Institute of Mining and Fuel Research,17,159,165,271,CSIR labs,True,,I4210127669
IIT Kharagpur,211,UGC DAE Consortium for Scientific Research,17,161,112,245,Not a course cluster,True,,I4210132317
IIT Kharagpur,212,International Advanced Research Centre for Powder Metallurgy and New Materials,17,230,107,189,Not a course cluster,True,,I4210103291
IIT Kharagpur,213,International Institute of Information Technology,17,373,144,88,IIITs,True,,I4210097016
IIT Kharagpur,214,Central Road Research Institute,17,253,54,67,CSIR labs,True,,I4210106426
IIT Kharagpur,215,Indian Institute of Information Technology Kalyani,17,384,39,26,IIITs,True,,I4405259730
IIT Kharagpur,216,Ministry of Agriculture & Farmers Welfare,17,771,20,15,Not a course cluster,True,,I4210105197
IIT Kharagpur,217,Graphic Era University,16,615,948,219,Not a course cluster,True,,I60054993
IIT Kharagpur,218,Panjab University,16,995,655,868,Not a course cluster,True,,I51452335
IIT Kharagpur,219,Savitribai Phule Pune University,16,351,629,822,Not a course cluster,True,,I878213199
IIT Kharagpur,220,Dr. B. R. Ambedkar National Institute of Technology Jalandhar,16,284,562,308,NITs,True,,I70971781
IIT Kharagpur,221,Indian Institute of Science Education and Research Pune,16,151,183,583,IISc / TIFR / IISERs,True,,I181996519
IIT Kharagpur,222,Utkal University,16,615,159,169,Not a course cluster,True,,I70699430
IIT Kharagpur,223,Rajiv Gandhi Institute of Petroleum Technology,16,65,135,99,Not a course cluster,True,,I98210582
IIT Kharagpur,224,Jawaharlal Nehru Centre for Advanced Scientific Research,16,202,131,929,Not a course cluster,True,,I147481903
IIT Kharagpur,225,Indian Institute of Management Raipur,16,240,92,83,Not a course cluster,True,,I111245572
IIT Kharagpur,226,Raja Narendra Lal Khan Women's College,16,411,65,40,Not a course cluster,True,,I4405282785
IIT Kharagpur,227,National Institute of Cholera and Enteric Diseases,16,196,8,58,Not a course cluster,True,,I4210101909
IIT Kharagpur,228,Calcutta National Medical College and Hospital,16,207,0,32,Not a course cluster,True,,I111058918
IIT Kharagpur,229,Jain University,15,83,704,257,Not a course cluster,True,,I106826634
IIT Kharagpur,230,University of Madras,15,514,300,434,Not a course cluster,True,,I215927
IIT Kharagpur,231,"Vignan's Foundation for Science, Technology & Research",15,166,283,108,Not a course cluster,True,,I149313025
IIT Kharagpur,232,Centurion University of Technology and Management,15,241,280,86,Not a course cluster,True,,I47639616
IIT Kharagpur,233,Shiv Nadar University,15,247,164,229,Not a course cluster,True,,I26604189
IIT Kharagpur,234,Dhirubhai Ambani University,15,190,48,41,Not a course cluster,True,,I98389781
IIT Kharagpur,235,Netaji Subhash Engineering College,15,97,27,34,Not a course cluster,True,,I4405276829
IIT Kharagpur,236,Robert Bosch (India),15,318,21,53,Not a course cluster,True,,I4210151956
IIT Kharagpur,237,Pondicherry University,14,122,545,571,Not a course cluster,True,,I175691731
IIT Kharagpur,238,SASTRA University,14,252,417,321,Not a course cluster,True,,I932239252
IIT Kharagpur,239,National Environmental Engineering Research Institute,14,885,366,480,Not a course cluster,True,,I170347488
IIT Kharagpur,240,Defence Institute of Advanced Technology,14,299,197,273,Not a course cluster,True,,I156406944
IIT Kharagpur,241,Chaudhary Charan Singh University,14,670,170,91,Not a course cluster,True,,I303593345
IIT Kharagpur,242,Raja Ramanna Centre for Advanced Technology,14,179,110,312,DAE institutes,True,,I1289303365
IIT Kharagpur,243,Sanjay Gandhi Post Graduate Institute of Medical Sciences,14,432,101,98,Not a course cluster,True,,I161370692
IIT Kharagpur,244,LNM Institute of Information Technology,14,280,78,63,IIITs,True,,I33552525
IIT Kharagpur,245,Harish-Chandra Research Institute,14,124,68,268,Premier science institutes,True,,I35409948
IIT Kharagpur,246,Indian Institute of Foreign Trade,14,42,54,44,Not a course cluster,True,,I38919395
IIT Kharagpur,247,Maharaj Vijayaram Gajapathi Raj College of Engineering,14,190,51,30,Not a course cluster,True,,I4210094866
IIT Kharagpur,248,Hari Shankar Singhania Elastomer And Tyre Research Institute,14,209,39,38,Not a course cluster,True,,I4210099537
IIT Kharagpur,249,Naval Materials Research Laboratory,14,97,27,67,Not a course cluster,True,,I4210151674
IIT Kharagpur,250,National Brain Research Centre,14,270,5,138,Not a course cluster,True,,I85332549
IIT Kharagpur,251,Jaypee University of Information Technology,13,437,170,127,IIITs,True,,I153954893
IIT Kharagpur,252,National Centre for Polar and Ocean Research,13,180,169,191,Not a course cluster,True,,I106814784
IIT Kharagpur,253,Sambalpur University,13,162,134,87,Not a course cluster,True,,I112754052
IIT Kharagpur,254,Woxsen School of Business,13,103,109,34,Not a course cluster,True,,I3131870445
IIT Kharagpur,255,Sikkim Manipal University,13,227,108,78,Not a course cluster,True,,I81433678
IIT Kharagpur,256,Centre of Biomedical Research,13,396,92,53,Not a course cluster,True,,I4210161010
IIT Kharagpur,257,Central Arid Zone Research Institute,13,713,85,125,Not a course cluster,True,,I138570494
IIT Kharagpur,258,ICFAI Business School,13,231,84,75,Not a course cluster,True,,I4210102611
IIT Kharagpur,259,Indian Institute of Technology Goa,13,186,77,12,Newer IITs,True,,I4210112052
IIT Kharagpur,260,Diamond Harbour Women's University,13,147,73,34,Not a course cluster,True,,I3130807960
IIT Kharagpur,261,Sister Nivedita University,13,55,68,7,Not a course cluster,True,,I4405259629
IIT Kharagpur,262,Assam Agricultural University,13,145,67,80,Not a course cluster,True,,I35839044
IIT Kharagpur,263,Ramakrishna Mission Vidyamandira,13,361,63,59,Not a course cluster,True,,I2799306724
IIT Kharagpur,264,Centre for Development of Advanced Computing,13,114,58,135,Not a course cluster,True,,I1331500379
IIT Kharagpur,265,Institute of Mathematical Sciences,13,76,43,146,Premier science institutes,True,,I59611059
IIT Kharagpur,266,Central Institute For Subtropical Horticulture,13,745,18,12,Not a course cluster,True,,I4210099926
IIT Kharagpur,267,Koneru Lakshmaiah Education Foundation,12,441,582,183,Not a course cluster,True,,I875944469
IIT Kharagpur,268,National Centre for Earth Science Studies,12,174,248,162,Not a course cluster,True,,I84913233
IIT Kharagpur,269,University of Mumbai,12,134,239,331,Not a course cluster,True,,I169877490
IIT Kharagpur,270,Mizoram University,12,295,236,168,Not a course cluster,True,,I195459967
IIT Kharagpur,271,Central Leather Research Institute,12,754,171,496,Not a course cluster,True,,I112576028
IIT Kharagpur,272,Kazi Nazrul University,12,101,156,43,Not a course cluster,True,,I3131729800
IIT Kharagpur,273,Institute of Advanced Study in Science and Technology,12,223,125,104,Not a course cluster,True,,I4210148816
IIT Kharagpur,274,Indian Institute of Technology Dharwad,12,188,120,20,Newer IITs,True,,I4210152718
IIT Kharagpur,275,National Institute of Pharmaceutical Education and Research,12,137,609,533,Not a course cluster,True,,I4210161501
IIT Kharagpur,276,Indian Institute of Petroleum and Energy,12,141,101,31,Not a course cluster,True,,I4405263468
IIT Kharagpur,277,National Institute of Technology Arunachal Pradesh,12,322,101,34,NITs,True,,I57496824
IIT Kharagpur,278,ICFAI Foundation for Higher Education,12,160,92,67,Not a course cluster,True,,I4210138731
IIT Kharagpur,279,National Institute of Technology Sikkim,12,210,86,25,NITs,True,,I101326570
IIT Kharagpur,280,Institute of Medical Sciences,12,67,67,188,Not a course cluster,True,,I51317819
IIT Kharagpur,281,"St. Xavier's College (Autonomous), Kolkata",12,49,65,36,Not a course cluster,True,,I4405256019
IIT Kharagpur,282,National Aerospace Laboratories,12,133,46,207,Not a course cluster,True,,I1286499117
IIT Kharagpur,283,Indian Institute of Management Calcutta,12,181,44,165,Not a course cluster,True,,I71495548
IIT Kharagpur,284,Defence Materials and Stores Research and Development Establishment,12,151,35,82,Not a course cluster,True,,I4210113972
IIT Kharagpur,285,Indian Institute of Management Tiruchirappalli,12,78,33,35,Not a course cluster,True,,I2802990396
IIT Kharagpur,286,Aligarh Muslim University,11,426,786,878,Not a course cluster,True,,I171210897
IIT Kharagpur,287,Bharathidasan University,11,775,404,404,Not a course cluster,True,,I4076070
IIT Kharagpur,288,Central University of Rajasthan,11,76,286,155,Not a course cluster,True,,I76777374
IIT Kharagpur,289,Gauhati University,11,407,258,251,Not a course cluster,True,,I138537684
IIT Kharagpur,290,SR University,11,101,256,34,Not a course cluster,True,,I4405263155
IIT Kharagpur,291,India Meteorological Department,11,79,226,812,Not a course cluster,True,,I2802599571
IIT Kharagpur,292,Osmania University,11,64,179,240,Not a course cluster,True,,I8975392
IIT Kharagpur,293,Bennett University,11,221,179,69,Not a course cluster,True,,I3129773123
IIT Kharagpur,294,Gautam Buddha University,11,532,138,105,Not a course cluster,True,,I72769676
IIT Kharagpur,295,Jaipuria Institute of Management,11,263,135,71,Not a course cluster,True,,I26771391
IIT Kharagpur,296,Bihar Agricultural University,11,177,105,57,Not a course cluster,True,,I2800696116
IIT Kharagpur,297,Indira Gandhi Institute of Technology,11,65,98,39,Not a course cluster,True,,I20791572
IIT Kharagpur,298,National Institute of Science and Technology,11,87,47,46,Not a course cluster,True,,I4210098947
IIT Kharagpur,299,Rajiv Gandhi University of Knowledge Technologies,11,80,44,44,Not a course cluster,True,,I46700001
IIT Kharagpur,300,Institute of Rural Management Anand,11,210,39,31,Not a course cluster,True,,I180801515
IIT Kharagpur,301,Wipro (India),11,478,26,37,Not a course cluster,True,,I4210090636
IIT Kharagpur,302,ITM University,11,811,22,27,Not a course cluster,True,,I191366470
IIT Kharagpur,303,IBM Research - India,11,304,14,64,Not a course cluster,True,,I4210103279
IIT Kharagpur,304,Apollo Gleneagles Hospitals,11,176,0,6,Not a course cluster,True,,I2801225794
IIT Kharagpur,305,Punjab Agricultural University,10,279,388,632,Not a course cluster,True,,I899646
IIT Kharagpur,306,Dr. Hari Singh Gour University,10,332,274,228,Not a course cluster,True,,I8977528
IIT Kharagpur,307,CSIR National Physical Laboratory of India,10,376,249,745,CSIR labs,True,,I88910343
IIT Kharagpur,308,Chaitanya Bharathi Institute of Technology,10,86,186,49,Not a course cluster,True,,I134892692
IIT Kharagpur,309,National Institute of Technology Delhi,10,68,176,88,NITs,True,,I44635919
IIT Kharagpur,310,Amity University Mumbai,10,58,137,67,Not a course cluster,True,,I4405262953
IIT Kharagpur,311,Indian Institute of Soil and Water Conservation,10,362,89,110,Not a course cluster,True,,I4210158105
IIT Kharagpur,312,Indian Institute of Soil Science,10,133,69,123,Not a course cluster,True,,I173432400
IIT Kharagpur,313,Lalit Narayan Mithila University,10,321,55,3,Not a course cluster,True,,I3130357712
IIT Kharagpur,314,Indian Institute of Management Kashipur,10,281,47,63,Not a course cluster,True,,I2799289540
IIT Kharagpur,315,Microsoft Research (India),10,53,34,112,Not a course cluster,True,,I4210124949
IIT Kharagpur,316,Chennai Mathematical Institute,10,35,31,129,Premier science institutes,True,,I19149307
IIT Kharagpur,317,NIIT University,10,65,24,13,Not a course cluster,True,,I4210123960
IIT Kharagpur,318,All India Institute of Medical Sciences Bhopal,10,65,19,15,Not a course cluster,True,,I4210106490
IIT Kharagpur,319,Hindustan Aeronautics Limited (India),10,105,12,15,Not a course cluster,True,,I4210088939
IIT Kharagpur,320,Bankura Sammilani Medical College,10,320,10,12,Not a course cluster,True,,I127174594
IIT Kharagpur,321,Central Salt and Marine Chemicals Research Institute,9,224,371,541,Not a course cluster,True,,I128420443
IIT Kharagpur,322,Uttaranchal University,9,256,363,97,Not a course cluster,True,,I3132702812
IIT Kharagpur,323,Babasaheb Bhimrao Ambedkar University,9,257,359,212,Not a course cluster,True,,I143247161
IIT Kharagpur,324,University of Lucknow,9,167,262,305,Not a course cluster,True,,I186246823
IIT Kharagpur,325,MIT World Peace University,9,59,227,45,Not a course cluster,True,,I4210088227
IIT Kharagpur,326,Indian Institute of Science Education and Research Thiruvananthapuram,9,152,210,247,IISc / TIFR / IISERs,True,,I50557253
IIT Kharagpur,327,North East Institute of Science and Technology,9,58,207,255,Not a course cluster,True,,I2800857658
IIT Kharagpur,328,Sher-e-Kashmir University of Agricultural Sciences and Technology of Kashmir,9,152,204,181,Not a course cluster,True,,I1306687154
IIT Kharagpur,329,Cotton University,9,47,193,94,Not a course cluster,True,,I4210102512
IIT Kharagpur,330,Inter-University Centre for Astronomy and Astrophysics,9,253,165,342,Not a course cluster,True,,I59781447
IIT Kharagpur,331,Kumaun University,9,264,159,257,Not a course cluster,True,,I119311299
IIT Kharagpur,332,Central University of South Bihar,9,132,117,74,Not a course cluster,True,,I343503978
IIT Kharagpur,333,Institute of Management Technology,9,117,93,77,Not a course cluster,True,,I166533956
IIT Kharagpur,334,Central Building Research Institute,9,98,77,120,CSIR labs,True,,I2801347850
IIT Kharagpur,335,Institute of Infrastructure Technology Research and Management,9,66,74,82,Not a course cluster,True,,I3130511786
IIT Kharagpur,336,Ministry of Defence,9,301,74,100,Not a course cluster,True,,I4210150591
IIT Kharagpur,337,Central Drug Research Institute,9,53,69,195,CSIR labs,True,,I185249246
IIT Kharagpur,338,Central Institute of Post-Harvest Engineering and Technology,9,112,67,149,Not a course cluster,True,,I4210104382
IIT Kharagpur,339,Institute of Seismological Research,9,193,60,121,Not a course cluster,True,,I4210095987
IIT Kharagpur,340,Jogesh Chandra Chaudhuri College,9,211,51,31,Not a course cluster,True,,I4405261212
IIT Kharagpur,341,Azim Premji University,9,129,39,56,Not a course cluster,True,,I14716724
IIT Kharagpur,342,National Institute of Technical Teachers’ Training and Research,9,206,38,23,Not a course cluster,True,,I4210094264
IIT Kharagpur,343,Seacom Skills University,9,186,27,10,Not a course cluster,True,,I4405265952
IIT Kharagpur,344,Department of Atomic Energy,9,104,26,62,Not a course cluster,True,,I3149292468
IIT Kharagpur,345,International Centre for Theoretical Sciences,9,93,21,187,Not a course cluster,True,,I4210090503
IIT Kharagpur,346,"All India Institute of Medical Sciences, Patna",9,42,15,21,Not a course cluster,True,,I4405266460
IIT Kharagpur,347,Texas Instruments (India),9,20,14,10,Not a course cluster,True,,I4210109535
IIT Kharagpur,348,Durgadevi Saraf Institute of Management Studies,9,91,12,36,Not a course cluster,True,,I4405260332
IIT Kharagpur,349,Naval Science & Technological Laboratory,9,81,2,15,Not a course cluster,True,,I4210125896
IIT Kharagpur,350,Sathyabama Institute of Science and Technology,8,108,485,252,Not a course cluster,True,,I43814544
IIT Kharagpur,351,Mahatma Gandhi University,8,279,369,450,Not a course cluster,True,,I177436651
IIT Kharagpur,352,Banasthali University,8,227,298,157,Not a course cluster,True,,I102117144
IIT Kharagpur,353,Guru Gobind Singh Indraprastha University,8,114,254,185,Not a course cluster,True,,I105454292
IIT Kharagpur,354,"Maharishi Markandeshwar University, Mullana",8,99,244,120,Not a course cluster,True,,I155284866
IIT Kharagpur,355,B.S. Abdur Rahman Crescent Institute of Science & Technology,8,222,201,109,Not a course cluster,True,,I94948490
IIT Kharagpur,356,Rajiv Gandhi University,8,204,156,48,Not a course cluster,True,,I4210102005
IIT Kharagpur,357,Dehradun Institute of Technology University,8,55,155,40,Not a course cluster,True,,I933318745
IIT Kharagpur,358,Goa University,8,94,149,139,Not a course cluster,True,,I140887281
IIT Kharagpur,359,National Dairy Research Institute,8,173,137,177,Not a course cluster,True,,I187279525
IIT Kharagpur,360,Indian Institute of Management Visakhapatnam,8,119,136,11,Not a course cluster,True,,I4210156205
IIT Kharagpur,361,Sri Sathya Sai Institute of Higher Learning,8,326,133,116,Not a course cluster,True,,I4819740
IIT Kharagpur,362,Central Rice Research Institute,8,342,109,145,Not a course cluster,True,,I77541275
IIT Kharagpur,363,International Maize and Wheat Improvement Center,8,396,83,247,Not a course cluster,True,,I4210158324
IIT Kharagpur,364,ICAR - Central Institute for Research on Cotton Technology,8,350,73,76,Not a course cluster,True,,I4210094422
IIT Kharagpur,365,Dayalbagh Educational Institute,8,52,66,88,Not a course cluster,True,,I178254495
IIT Kharagpur,366,Indian Institute of Management Ahmedabad,8,71,65,192,Not a course cluster,True,,I150870154
IIT Kharagpur,367,Indian Institute of Science Education and Research Berhampur,8,121,53,20,IISc / TIFR / IISERs,True,,I4210115612
IIT Kharagpur,368,National Centre for Cell Science,8,178,48,89,Not a course cluster,True,,I4210104670
IIT Kharagpur,369,Indian Grassland and Fodder Research Institute,8,176,45,63,Not a course cluster,True,,I1296611117
IIT Kharagpur,370,Reliance Industries (India),8,53,37,68,Not a course cluster,True,,I4210136064
IIT Kharagpur,371,"Shiv Nadar University, Chennai",8,64,27,5,Not a course cluster,True,,I4405255682
IIT Kharagpur,372,Ministry of Jal Shakti,8,67,27,7,Not a course cluster,True,,I4405270522
IIT Kharagpur,373,Haldia Government College,8,95,22,21,Not a course cluster,True,,I4405275834
IIT Kharagpur,374,Indian Oil Corporation (India),8,47,20,98,Not a course cluster,True,,I173709673
IIT Kharagpur,375,"All India Institute of Medical Sciences, Deoghar",8,19,16,10,Not a course cluster,True,,I4396570500
IIT Kharagpur,376,Defence Research and Development Laboratory,8,92,16,45,Not a course cluster,True,,I2800689258
IIT Kharagpur,377,Bharat Electronics (India),8,57,16,7,Not a course cluster,True,,I114602248
IIT Kharagpur,378,STMicroelectronics (India),8,34,1,2,Not a course cluster,True,,I4210094169
IIT Kharagpur,379,Sri Sivasubramaniya Nadar College of Engineering,7,421,430,286,Not a course cluster,True,,I916357946
IIT Kharagpur,380,Netaji Subhas University of Technology,7,27,341,179,Not a course cluster,True,,I36090812
IIT Kharagpur,381,Galgotias University,7,30,337,76,Not a course cluster,True,,I155125381
IIT Kharagpur,382,Birbal Sahni Institute of Palaeosciences,7,183,284,279,Not a course cluster,True,,I4405261827
IIT Kharagpur,383,Marwadi University,7,163,274,40,Not a course cluster,True,,I3132999081
IIT Kharagpur,384,KPR Institute of Engineering and Technology,7,290,223,66,Not a course cluster,True,,I4210133257
IIT Kharagpur,385,Narsee Monjee Institute of Management Studies,7,128,215,124,Not a course cluster,True,,I226983648
IIT Kharagpur,386,Jaypee Institute of Information Technology,7,86,206,98,IIITs,True,,I154970844
IIT Kharagpur,387,Andhra University,7,67,176,410,Not a course cluster,True,,I100887729
IIT Kharagpur,388,Kerala University of Fisheries and Ocean Studies,7,42,171,67,Not a course cluster,True,,I221342038
IIT Kharagpur,389,COEP Technological University,7,48,123,67,Not a course cluster,True,,I4405273661
IIT Kharagpur,390,Raiganj University,7,168,119,46,Not a course cluster,True,,I275778967
IIT Kharagpur,391,Sikkim University,7,311,114,98,Not a course cluster,True,,I43475992
IIT Kharagpur,392,Shree Guru Gobind Singh Tricentenary University,7,58,113,28,Not a course cluster,True,,I3130021832
IIT Kharagpur,393,NIMS University,7,158,104,8,Not a course cluster,True,,I2800157045
IIT Kharagpur,394,Sam Higginbottom Institute of Agriculture,7,135,87,105,Not a course cluster,True,,I223959643
IIT Kharagpur,395,"Kasturba Medical College, Manipal",7,88,77,88,Not a course cluster,True,,I76414455
IIT Kharagpur,396,Institute for Plasma Research,7,66,66,65,Not a course cluster,True,,I4210106276
IIT Kharagpur,397,Mahindra University,7,52,63,17,Not a course cluster,True,,I4210164565
IIT Kharagpur,398,Tamil Nadu Dr. J Jayalalitha Fisheries University,7,100,51,15,Not a course cluster,True,,I304343950
IIT Kharagpur,399,Central University of Kashmir,7,6,51,26,Not a course cluster,True,,I76202665
IIT Kharagpur,400,Chaitanya,7,17,49,5,Not a course cluster,True,,I4405266258
IIT Kharagpur,401,Sree Chitra Thirunal Institute for Medical Sciences and Technology,7,66,46,119,Not a course cluster,True,,I2800373951
IIT Kharagpur,402,Banwarilal Bhalotia College,7,107,34,36,Not a course cluster,True,,I4405277887
IIT Kharagpur,403,Vidyasagar College,7,43,30,19,Not a course cluster,True,,I4405275147
IIT Kharagpur,404,Institute of Microbial Technology,7,69,28,155,CSIR labs,True,,I4210147764
IIT Kharagpur,405,"Christian Medical College, Vellore",7,83,27,74,Not a course cluster,True,,I172917736
IIT Kharagpur,406,Ranchi University,7,311,23,31,Not a course cluster,True,,I112700253
IIT Kharagpur,407,Deccan College Post Graduate and Research Institute,7,166,19,35,Not a course cluster,True,,I352274
IIT Kharagpur,408,Solid State Physics Laboratory,7,99,14,33,Not a course cluster,True,,I140777494
IIT Kharagpur,409,Coal India (India),7,39,14,22,Not a course cluster,True,,I4210091699
IIT Kharagpur,410,ABB (India),7,367,14,14,Not a course cluster,True,,I4210141791
IIT Kharagpur,411,Indo Korea Science and Technology,7,69,11,7,Not a course cluster,True,,I4210152052
IIT Kharagpur,412,Society for Applied Microwave Electronics Engineering & Research,7,14,11,10,Not a course cluster,True,,I4210137186
IIT Kharagpur,413,"National Institute of Technical Teachers Training and Research, Chennai",7,205,8,4,Not a course cluster,True,,I4405272818
IIT Kharagpur,414,Bhabha Atomic Research Center Hospital,7,60,7,21,DAE institutes,True,,I4210091849
IIT Kharagpur,415,Hewlett-Packard (India),7,21,6,12,Not a course cluster,True,,I4210117576
IIT Kharagpur,416,Power Grid Corporation (India),7,77,4,2,Not a course cluster,True,,I867306930
IIT Kharagpur,417,Indian Army,7,47,3,11,Not a course cluster,True,,I2800341339
IIT Kharagpur,418,"National Institute of Homoeopathy , Kolkata",7,24,0,3,Not a course cluster,True,,I4405258703
IIT Kharagpur,419,All India Institute of Hygiene and Public Health,7,35,0,28,Not a course cluster,True,,I137794331
IIT Kharagpur,420,National Law University Meghalaya,7,7,0,0,Not a course cluster,True,,I4405270315
IIT Kharagpur,421,Vel Tech Rangarajan Dr. Sagunthala R&D Institute of Science and Technology,6,134,434,121,Not a course cluster,True,,I1330855593
IIT Kharagpur,422,Guru Nanak Dev University,6,47,310,569,Not a course cluster,True,,I165682329
IIT Kharagpur,423,Bharathiar University,6,115,303,392,Not a course cluster,True,,I111575329
IIT Kharagpur,424,Karunya University,6,102,290,192,Not a course cluster,True,,I119668213
IIT Kharagpur,425,Central University of Haryana,6,183,264,132,Not a course cluster,True,,I4210133503
IIT Kharagpur,426,Madan Mohan Malaviya University of Technology,6,191,224,47,Not a course cluster,True,,I2799532815
IIT Kharagpur,427,Hemwati Nandan Bahuguna Garhwal University,6,217,173,197,Not a course cluster,True,,I185052938
IIT Kharagpur,428,National Institute of Pharmaceutical Education and Research,6,26,609,533,Not a course cluster,True,,I4210146715
IIT Kharagpur,429,Cooch Behar Panchanan Barma University,6,26,156,61,Not a course cluster,True,,I2611379103
IIT Kharagpur,430,PES University,6,29,153,88,Not a course cluster,True,,I196608512
IIT Kharagpur,431,Tripura University,6,97,149,80,Not a course cluster,True,,I72677176
IIT Kharagpur,432,Ravenshaw University,6,115,138,76,Not a course cluster,True,,I6013171
IIT Kharagpur,433,Dr. Rajendra Prasad Central Agriculture University,6,55,133,78,Not a course cluster,True,,I205665586
IIT Kharagpur,434,"Jawaharlal Nehru Technological University, Hyderabad",6,138,127,197,Not a course cluster,True,,I10874241
IIT Kharagpur,435,Islamic University of Science and Technology,6,26,127,77,Not a course cluster,True,,I4264650
IIT Kharagpur,436,Dayananda Sagar University,6,66,122,23,Not a course cluster,True,,I4400573291
IIT Kharagpur,437,"Indian Institute of Information Technology, Design and Manufacturing, Kancheepuram",6,37,102,56,IIITs,True,,I39244652
IIT Kharagpur,438,"Centre for Incubation, Innovation, Research and Consultancy",6,38,77,22,Not a course cluster,True,,I4405272881
IIT Kharagpur,439,"Rani Lakshmi Bai Central Agricultural University, Jhansi",6,24,77,11,Not a course cluster,True,,I4405253351
IIT Kharagpur,440,West Bengal State University,6,44,77,90,Not a course cluster,True,,I55862774
IIT Kharagpur,441,Indian Institute of Management Kozhikode,6,72,77,82,Not a course cluster,True,,I132357854
IIT Kharagpur,442,Central Soil Salinity Research Institute,6,244,74,178,Not a course cluster,True,,I1342238530
IIT Kharagpur,443,Xavier School of Management,6,50,64,59,Not a course cluster,True,,I301324184
IIT Kharagpur,444,Kavayitri Bahinabai Chaudhari North Maharashtra University,6,117,53,126,Not a course cluster,True,,I157117621
IIT Kharagpur,445,Gangadhar Meher University,6,17,52,10,Not a course cluster,True,,I4405277957
IIT Kharagpur,446,Mahavir Cancer Institute and Research Centre,6,65,51,18,Not a course cluster,True,,I4210125216
IIT Kharagpur,447,Aryabhatta Research Institute of Observational Sciences,6,135,50,116,Not a course cluster,True,,I2803025293
IIT Kharagpur,448,Central Inland Fisheries Research Institute,6,114,48,46,Not a course cluster,True,,I4210136827
IIT Kharagpur,449,Vivekananda Parvatiya Krishi Anusandhan Sansthan,6,79,43,43,Not a course cluster,True,,I4210139489
IIT Kharagpur,450,Scottish Church College,6,29,41,34,Not a course cluster,True,,I4405275758
IIT Kharagpur,451,Tamil Nadu Veterinary and Animal Sciences University,6,153,36,23,Not a course cluster,True,,I82452031
IIT Kharagpur,452,National Institute of Mental Health and Neurosciences,6,68,29,95,Not a course cluster,True,,I699696
IIT Kharagpur,453,Techno India Group (India),6,32,27,20,Not a course cluster,True,,I4210132326
IIT Kharagpur,454,The Neotia University,6,90,26,5,Not a course cluster,True,,I4405266546
IIT Kharagpur,455,Samsung (India),6,57,25,55,Not a course cluster,True,,I4210139030
IIT Kharagpur,456,Government College of Engineering and Leather Technology,6,28,24,23,Not a course cluster,True,,I4405277890
IIT Kharagpur,457,Dr. Babasaheb Ambedkar Technological University,6,85,18,19,Not a course cluster,True,,I132157868
IIT Kharagpur,458,"All India Institute of Medical Sciences, Kalyani",6,19,16,0,Not a course cluster,True,,I4405255515
IIT Kharagpur,459,Indian Institute of Social Welfare and Business Management,6,33,14,55,Not a course cluster,True,,I166580119
IIT Kharagpur,460,ICAR - Agricultural Technology Application Research Institute,6,70,13,4,Not a course cluster,True,,I4405255076
IIT Kharagpur,461,R. G. Kar Medical College and Hospital,6,21,10,24,Not a course cluster,True,,I336022086
IIT Kharagpur,462,Dr. Reddy's Foundation,6,55,7,1,Not a course cluster,True,,I4210126655
IIT Kharagpur,463,Terminal Ballistics Research Laboratory,6,27,5,11,Not a course cluster,True,,I56365517
IIT Kharagpur,464,Indian Register of Shipping,6,51,4,4,Not a course cluster,True,,I2802879718
IIT Kharagpur,465,Dr. R. Ahmed Dental College and Hospital,6,50,3,10,Not a course cluster,True,,I189266452
IIT Kharagpur,466,Advanced Systems Laboratory,6,44,3,35,Not a course cluster,True,,I4210101698
IIT Kharagpur,467,Rajiv Gandhi National University of Law,6,3,1,0,Not a course cluster,True,,I2801696903
IIT Kharagpur,468,Tata Main Hospital,6,29,0,1,Not a course cluster,True,,I4210145015
IIT Kharagpur,469,College of Medicine & Sagore Dutta Hospital,6,17,0,9,Not a course cluster,True,,I265637623
IIT Kharagpur,470,Parul University,5,4,345,58,Not a course cluster,True,,I9694494
IIT Kharagpur,471,Central University of Punjab,5,63,336,153,Not a course cluster,True,,I114724429
IIT Kharagpur,472,Hindustan Institute of Technology and Science,5,6,254,102,Not a course cluster,True,,I43663321
IIT Kharagpur,473,Kurukshetra University,5,33,244,227,Not a course cluster,True,,I178000100
IIT Kharagpur,474,Chettinad Academy of Research and Education,5,132,219,71,Not a course cluster,True,,I220840466
IIT Kharagpur,475,Dibrugarh University,5,14,179,122,Not a course cluster,True,,I64128412
IIT Kharagpur,476,Punjab Engineering College,5,53,140,103,Not a course cluster,True,,I860003557
IIT Kharagpur,477,Central Institute of Technology Kokrajhar,5,72,137,69,Not a course cluster,True,,I4210128956
IIT Kharagpur,478,Indian Institute of Toxicology Research,5,85,134,249,Not a course cluster,True,,I85145500
IIT Kharagpur,479,National Institute of Technology Manipur,5,97,130,47,NITs,True,,I265627732
IIT Kharagpur,480,Biju Patnaik University of Technology,5,81,116,47,Not a course cluster,True,,I4028839
IIT Kharagpur,481,ICAR-National Bureau of Soil Survey and Land Use Planning,5,53,112,122,Not a course cluster,True,,I4210162299
IIT Kharagpur,482,Ahmedabad University,5,82,103,54,Not a course cluster,True,,I52527943
IIT Kharagpur,483,National Institute of Technology Goa,5,16,101,30,NITs,True,,I4210109276
IIT Kharagpur,484,Dr. B.C. Roy Engineering College,5,4,99,37,Not a course cluster,True,,I4405278150
IIT Kharagpur,485,Swami Vivekananda University,5,42,97,9,Not a course cluster,True,,I4405254891
IIT Kharagpur,486,"University of Science and Technology, Meghalaya",5,105,93,39,Not a course cluster,True,,I4210133150
IIT Kharagpur,487,"Ministry of Environment, Forests and Climate Change",5,270,81,69,Not a course cluster,True,,I1291012402
IIT Kharagpur,488,Dr. Babasaheb Ambedkar Marathwada University,5,43,79,100,Not a course cluster,True,,I165259314
IIT Kharagpur,489,Yeshwantrao Chavan College of Engineering,5,17,75,27,Not a course cluster,True,,I4405284321
IIT Kharagpur,490,"MIT Art, Design and Technology University",5,165,75,16,Not a course cluster,True,,I4210162439
IIT Kharagpur,491,International Centre for Genetic Engineering and Biotechnology,5,61,71,115,Not a course cluster,True,,I4210142124
IIT Kharagpur,492,Indian Institute of Management Shillong,5,59,66,29,Not a course cluster,True,,I2800084297
IIT Kharagpur,493,Asutosh College,5,29,62,33,Not a course cluster,True,,I4405271698
IIT Kharagpur,494,Kakatiya University,5,128,60,44,Not a course cluster,True,,I28210344
IIT Kharagpur,495,Department of Science and Technology,5,43,59,97,Not a course cluster,True,,I4210098748
IIT Kharagpur,496,National Institute of Ocean Technology,5,104,56,111,Not a course cluster,True,,I25592554
IIT Kharagpur,497,Indian Institute of Astrophysics,5,134,55,106,Not a course cluster,True,,I140717209
IIT Kharagpur,498,Indian Institute of Management Rohtak,5,72,53,60,Not a course cluster,True,,I56308077
IIT Kharagpur,499,Acharya Narendra Deva University of Agriculture and Technology,5,23,47,21,Not a course cluster,True,,I4210097692
IIT Kharagpur,500,Indian Institute of Information Technology Ranchi,5,31,40,10,IIITs,True,,I4405284359
IIT Kharagpur,501,"Banda University of Agriculture and Technology, Banda",5,68,39,6,Not a course cluster,True,,I4405259818
IIT Kharagpur,502,Vivekananda Institute of Professional Studies,5,6,37,11,Not a course cluster,True,,I4405263740
IIT Kharagpur,503,Anand Agricultural University,5,31,30,111,Not a course cluster,True,,I34750443
IIT Kharagpur,504,Birsa Agricultural University,5,39,24,29,Not a course cluster,True,,I205478545
IIT Kharagpur,505,Tata Memorial Hospital,5,53,18,106,Not a course cluster,True,,I2800098698
IIT Kharagpur,506,West Bengal National University of Juridical Sciences,5,2,18,31,Not a course cluster,True,,I3129450392
IIT Kharagpur,507,Sacred Heart College,5,19,16,12,Not a course cluster,True,,I4210115584
IIT Kharagpur,508,Naval Physical & Oceanographic Laboratory,5,33,16,99,Not a course cluster,True,,I4210101705
IIT Kharagpur,509,Jhargram Raj College,5,39,14,10,Not a course cluster,True,,I4405256066
IIT Kharagpur,510,TIFR Centre for Interdisciplinary Sciences,5,82,13,82,Not a course cluster,True,,I4210112849
IIT Kharagpur,511,Maulana Azad Medical College,5,45,12,38,Not a course cluster,True,,I39190216
IIT Kharagpur,512,"Indian Statistical Institute, Delhi Centre",5,22,11,67,Premier science institutes,True,,I4405279484
IIT Kharagpur,513,"Advanced Centre for Treatment, Research and Education in Cancer",5,50,10,56,Not a course cluster,True,,I4210157422
IIT Kharagpur,514,"Krishi Vigyan Kendra, Narayangaon",5,5,9,0,Not a course cluster,True,,I4405277191
IIT Kharagpur,515,Centre for Artificial Intelligence and Robotics,5,24,9,5,Not a course cluster,True,,I4210121405
IIT Kharagpur,516,Poornaprajna Institute of Scientific Research,5,32,6,28,Not a course cluster,True,,I4210097624
IIT Kharagpur,517,Munger University,5,219,6,3,Not a course cluster,True,,I4210103923
IIT Kharagpur,518,Ruby Hall Clinic,5,163,5,2,Not a course cluster,True,,I2801897644
IIT Kharagpur,519,Rajasthan University of Veterinary and Animal Sciences,5,59,4,1,Not a course cluster,True,,I4210128267
IIT Kharagpur,520,Gandhi Medical College,5,44,4,6,Not a course cluster,True,,I4210151372
IIT Kharagpur,521,Maharaja Manindra Chandra College,5,27,3,16,Not a course cluster,True,,I4405265876
IIT Kharagpur,522,Aravind Eye Hospital,5,23,3,29,Not a course cluster,True,,I2800958399
IIT Kharagpur,523,University of Kerala,4,19,300,254,Not a course cluster,True,,I158338959
IIT Kharagpur,524,Kalasalingam Academy of Research and Education,4,80,289,162,Not a course cluster,True,,I98499257
IIT Kharagpur,525,University of Jammu,4,376,224,208,Not a course cluster,True,,I145846420
IIT Kharagpur,526,Harcourt Butler Technical University,4,6,183,81,Not a course cluster,True,,I4210090456
IIT Kharagpur,527,"National Institute of Food Technology, Entrepreneurship and Management - Thanjavur",4,45,166,231,Not a course cluster,True,,I116132077
IIT Kharagpur,528,Jamia Hamdard,4,34,166,164,Not a course cluster,True,,I19716509
IIT Kharagpur,529,Himachal Pradesh University,4,23,163,127,Not a course cluster,True,,I904467727
IIT Kharagpur,530,National Institute of Pharmaceutical Education and Research,4,55,609,533,Not a course cluster,True,,I4210152674
IIT Kharagpur,531,M S Ramaiah University of Applied Sciences,4,8,131,35,Not a course cluster,True,,I302410947
IIT Kharagpur,532,Maharana Pratap University of Agriculture and Technology,4,68,104,120,Not a course cluster,True,,I253568910
IIT Kharagpur,533,Dr. A.P.J. Abdul Kalam Technical University,4,12,103,47,Not a course cluster,True,,I116943215
IIT Kharagpur,534,Amity University Jaipur,4,96,100,76,Not a course cluster,True,,I4405263076
IIT Kharagpur,535,Kannur University,4,18,71,19,Not a course cluster,True,,I52703040
IIT Kharagpur,536,JSPM University,4,67,70,4,Not a course cluster,True,,I4405285342
IIT Kharagpur,537,Shobhit University,4,6,57,11,Not a course cluster,True,,I191247993
IIT Kharagpur,538,Datta Meghe Institute of Higher Education and Research,4,8,56,31,Not a course cluster,True,,I4210130476
IIT Kharagpur,539,Poornima University,4,8,55,9,Not a course cluster,True,,I4210126659
IIT Kharagpur,540,Parala Maharaja Engineering College,4,19,55,7,Not a course cluster,True,,I4405275678
IIT Kharagpur,541,Maharaja Sriram Chandra Bhanja Deo University,4,18,52,18,Not a course cluster,True,,I58782413
IIT Kharagpur,542,Institute of Chartered Financial Analysts of India,4,138,50,36,Not a course cluster,True,,I78663439
IIT Kharagpur,543,Indrashil University,4,59,48,16,Not a course cluster,True,,I4210162019
IIT Kharagpur,544,Prasad V. Potluri Siddhartha Institute of Technology,4,26,45,4,Not a course cluster,True,,I4405259151
IIT Kharagpur,545,International Institute of Information Technology Bangalore,4,8,35,31,IIITs,True,,I181514455
IIT Kharagpur,546,Acharya N. G. Ranga Agricultural University,4,60,34,62,Not a course cluster,True,,I12419238
IIT Kharagpur,547,"Sri Karan Narendra Agriculture University, Jobner",4,26,33,12,Not a course cluster,True,,I4210128752
IIT Kharagpur,548,All India Institute of Medical Sciences Bhubaneswar,4,12,32,25,Not a course cluster,True,,I4210117092
IIT Kharagpur,549,Sri Ramachandra Institute of Higher Education and Research,4,57,32,80,Not a course cluster,True,,I20107917
IIT Kharagpur,550,Central Pollution Control Board,4,17,29,53,Not a course cluster,True,,I14467051
IIT Kharagpur,551,Trivenidevi Bhalotia College,4,11,28,17,Not a course cluster,True,,I4405261412
IIT Kharagpur,552,"National Institute of Technical Teachers' Training and Research, Kolkata",4,4,27,20,Not a course cluster,True,,I4405270689
IIT Kharagpur,553,Guru Nanak Institute of Technology,4,0,26,5,Not a course cluster,True,,I4405260978
IIT Kharagpur,554,National Centre for Sustainable Coastal Management,4,138,25,49,Not a course cluster,True,,I4210152768
IIT Kharagpur,555,Indian Institute of Information Technology Kottayam,4,17,24,9,IIITs,True,,I4405285013
IIT Kharagpur,556,Shyampur Siddheswari Mahavidyalaya,4,34,23,5,Not a course cluster,True,,I4405264775
IIT Kharagpur,557,Institute of Life Sciences,4,15,19,45,Not a course cluster,True,,I4210118921
IIT Kharagpur,558,National Institute of Immunology,4,52,18,69,Not a course cluster,True,,I4210156726
IIT Kharagpur,559,Institute of Public Enterprise,4,92,18,7,Not a course cluster,True,,I3131387778
IIT Kharagpur,560,Marwadi Education Foundation,4,146,16,15,Not a course cluster,True,,I4210094966
IIT Kharagpur,561,JK Lakshmipat University,4,78,14,9,Not a course cluster,True,,I912344705
IIT Kharagpur,562,Center for Excellence in Basic Sciences,4,18,14,38,Not a course cluster,True,,I4210156819
IIT Kharagpur,563,Shell (India),4,26,13,3,Not a course cluster,True,,I4210094045
IIT Kharagpur,564,Behala College,4,95,11,33,Not a course cluster,True,,I4405276439
IIT Kharagpur,565,Midnapore City College,4,30,10,5,Not a course cluster,True,,I4405276176
IIT Kharagpur,566,Jagan Institute of Management Studies,4,29,8,4,Not a course cluster,True,,I4405284272
IIT Kharagpur,567,HCL Technologies (India),4,6,8,2,Not a course cluster,True,,I96211989
IIT Kharagpur,568,Gas Turbine Research Establishment,4,61,8,18,Not a course cluster,True,,I19144141
IIT Kharagpur,569,Department of Public,4,18,8,4,Not a course cluster,True,,I4210139346
IIT Kharagpur,570,National Institute of Public Finance and Policy,4,97,7,17,Not a course cluster,True,,I4899593
IIT Kharagpur,571,National Informatics Centre,4,141,6,13,Not a course cluster,True,,I4210160811
IIT Kharagpur,572,Christian Medical College,4,17,5,14,Not a course cluster,True,,I4210108783
IIT Kharagpur,573,Rajendra Institute of Medical Sciences,4,8,5,8,Not a course cluster,True,,I304662888
IIT Kharagpur,574,Indian Railways,4,3,4,14,Not a course cluster,True,,I4405266058
IIT Kharagpur,575,Aditya Birla (India),4,27,3,14,Not a course cluster,True,,I4210145126
IIT Kharagpur,576,World Health Organization - India,4,9,3,26,Not a course cluster,True,,I4210162279
IIT Kharagpur,577,"All India Institute of Medical Sciences, Nagpur",4,17,3,11,Not a course cluster,True,,I4401200305
IIT Kharagpur,578,Central Institute of Psychiatry,4,243,2,2,Not a course cluster,True,,I84356168
IIT Kharagpur,579,Indian Air Force,4,14,2,5,Not a course cluster,True,,I2801959050
IIT Kharagpur,580,Fortis Healthcare,4,9,2,14,Not a course cluster,True,,I264201830
IIT Kharagpur,581,National JALMA Institute for Leprosy & Other Mycobacterial Diseases,4,32,2,8,Not a course cluster,True,,I4210132386
IIT Kharagpur,582,South Eastern Railway,4,10,0,3,Not a course cluster,True,,I2803054517
IIT Kharagpur,583,Tamil Nadu Agricultural University,3,9,329,254,Not a course cluster,True,,I134900695
IIT Kharagpur,584,National Institute of Technology Kurukshetra,3,0,291,246,NITs,True,,I105094715
IIT Kharagpur,585,Central Electrochemical Research Institute,3,321,209,412,CSIR labs,True,,I106349282
IIT Kharagpur,586,Maharaja Sayajirao University of Baroda,3,8,206,286,Not a course cluster,True,,I110116418
IIT Kharagpur,587,VIT Bhopal University,3,54,177,25,Not a course cluster,True,,I4405263090
IIT Kharagpur,588,Central University of Tamil Nadu,3,2,171,88,Not a course cluster,True,,I112471378
IIT Kharagpur,589,Indian Institute of Information Technology Design and Manufacturing Jabalpur,3,99,170,105,IIITs,True,,I207223250
IIT Kharagpur,590,University of Calicut,3,66,154,82,Not a course cluster,True,,I114176345
IIT Kharagpur,591,Aditya University,3,15,152,30,Not a course cluster,True,,I4405262389
IIT Kharagpur,592,Rama Devi Women's University,3,95,148,23,Not a course cluster,True,,I3132208328
IIT Kharagpur,593,Deen Dayal Upadhyaya Gorakhpur University,3,42,146,77,Not a course cluster,True,,I886702836
IIT Kharagpur,594,Mepco Schlenk Engineering College,3,78,143,59,Not a course cluster,True,,I4405268244
IIT Kharagpur,595,JSS Academy of Higher Education and Research,3,7,140,70,Not a course cluster,True,,I126824641
IIT Kharagpur,596,Fakir Mohan University,3,10,135,49,Not a course cluster,True,,I108526665
IIT Kharagpur,597,Indian Institute of Information Technology Allahabad,3,49,131,91,IIITs,True,,I26072440
IIT Kharagpur,598,Nagaland University,3,119,131,54,Not a course cluster,True,,I61198380
IIT Kharagpur,599,Mohanlal Sukhadia University,3,14,130,160,Not a course cluster,True,,I43218427
IIT Kharagpur,600,Central Scientific Instruments Organisation,3,48,123,147,CSIR labs,True,,I42095658
IIT Kharagpur,601,Punjab Technical University,3,14,121,105,Not a course cluster,True,,I94616015
IIT Kharagpur,602,G.B. Pant Institute of Himalayan Environment and Development,3,47,112,120,Not a course cluster,True,,I4210163968
IIT Kharagpur,603,Advanced Materials and Processes Research Institute,3,50,111,154,CSIR labs,True,,I115635661
IIT Kharagpur,604,Yenepoya University,3,9,109,25,Not a course cluster,True,,I158688498
IIT Kharagpur,605,APJ Abdul Kalam Technological University,3,124,107,26,Not a course cluster,True,,I3129367976
IIT Kharagpur,606,Berhampur University,3,84,103,96,Not a course cluster,True,,I90752740
IIT Kharagpur,607,Indian Institute of Management Lucknow,3,28,98,180,Not a course cluster,True,,I91699865
IIT Kharagpur,608,Indira Gandhi National Tribal University,3,12,93,40,Not a course cluster,True,,I296362101
IIT Kharagpur,609,Sona College of Technology,3,12,91,26,Not a course cluster,True,,I4405257457
IIT Kharagpur,610,"Kanhai Lal Sahu College, Nawada",3,158,90,0,Not a course cluster,True,,I4405271187
IIT Kharagpur,611,Bangalore University,3,17,87,155,Not a course cluster,True,,I53465836
IIT Kharagpur,612,National Centre for Medium Range Weather Forecasting,3,3,86,196,Not a course cluster,True,,I1329084839
IIT Kharagpur,613,Manipur University,3,10,83,47,Not a course cluster,True,,I16471300
IIT Kharagpur,614,Institute of Medical Sciences and Sum Hospital,3,35,79,20,Not a course cluster,True,,I4210133319
IIT Kharagpur,615,IITB-Monash Research Academy,3,13,78,178,Not a course cluster,True,,I2802772015
IIT Kharagpur,616,Indian Institute of Management Jammu,3,79,72,22,Not a course cluster,True,,I4405255249
IIT Kharagpur,617,D.Y. Patil University,3,25,72,57,Not a course cluster,True,,I4210153931
IIT Kharagpur,618,CMR University,3,26,71,33,Not a course cluster,True,,I4210104573
IIT Kharagpur,619,Fore School of Management,3,56,70,35,Not a course cluster,True,,I27878738
IIT Kharagpur,620,"Indian Institute of Science Education and Research, Tirupati",3,5,69,39,IISc / TIFR / IISERs,True,,I4210140410
IIT Kharagpur,621,Central Research Institute for Dryland Agriculture,3,141,68,116,Not a course cluster,True,,I141953991
IIT Kharagpur,622,Central University of Karnataka,3,17,68,33,Not a course cluster,True,,I106053113
IIT Kharagpur,623,ICAR-National Bureau Of Plant Genetic Resources,3,48,66,68,Not a course cluster,True,,I4210097415
IIT Kharagpur,624,Centre for Water Resources Development and Management,3,19,66,35,Not a course cluster,True,,I4210147492
IIT Kharagpur,625,National Institute of Technology Nagaland,3,33,66,51,NITs,True,,I3131484930
IIT Kharagpur,626,Shri Ramswaroop Memorial University,3,3,64,26,Not a course cluster,True,,I4210106473
IIT Kharagpur,627,Centre for Nano and Soft Matter Sciences,3,23,61,52,Not a course cluster,True,,I4210115714
IIT Kharagpur,628,Krantiguru Shyamji Krishna Verma Kachchh University,3,36,58,32,Not a course cluster,True,,I3129616761
IIT Kharagpur,629,Indira Gandhi Agricultural University,3,67,58,65,Not a course cluster,True,,I20632288
IIT Kharagpur,630,Puducherry Technological University,3,41,58,50,Not a course cluster,True,,I4405254494
IIT Kharagpur,631,"Government College of Engineering, Kalahandi",3,31,58,14,Not a course cluster,True,,I4405263709
IIT Kharagpur,632,Meenakshi Academy of Higher Education and Research,3,0,53,11,Not a course cluster,True,,I290407205
IIT Kharagpur,633,National Council Of Educational Research And Training,3,0,53,7,Not a course cluster,True,,I15949855
IIT Kharagpur,634,Central Institute of Fisheries Education,3,15,52,67,Not a course cluster,True,,I581031
IIT Kharagpur,635,Tata Institute of Social Sciences,3,53,51,80,Not a course cluster,True,,I79741504
IIT Kharagpur,636,Sardar Swaran Singh National Institute of Bio-Energy,3,57,50,27,Not a course cluster,True,,I4210158177
IIT Kharagpur,637,"Kerala State Council for Science, Technology and Environment",3,19,50,6,Not a course cluster,True,,I1284637955
IIT Kharagpur,638,BML Munjal University,3,6,43,38,Not a course cluster,True,,I1323093577
IIT Kharagpur,639,National Institute of Construction Management and Research,3,0,42,20,Not a course cluster,True,,I4210092165
IIT Kharagpur,640,Indian Institute of Wheat and Barley Research,3,35,40,41,Not a course cluster,True,,I4210141360
IIT Kharagpur,641,Indian Institute of Information Technology Una,3,35,40,8,IIITs,True,,I4210127244
IIT Kharagpur,642,Bankura University,3,45,39,9,Not a course cluster,True,,I2801141804
IIT Kharagpur,643,Larsen & Toubro (India),3,15,36,17,Not a course cluster,True,,I4210116539
IIT Kharagpur,644,Government of Andhra Pradesh,3,59,34,20,Not a course cluster,True,,I2800401362
IIT Kharagpur,645,Central University of Odisha,3,64,32,20,Not a course cluster,True,,I4210129043
IIT Kharagpur,646,Institute of Genomics and Integrative Biology,3,13,31,110,CSIR labs,True,,I177828482
IIT Kharagpur,647,AISECT University,3,3,31,15,Not a course cluster,True,,I4210111553
IIT Kharagpur,648,Sri Padmavati Mahila Visvavidyalayam,3,40,30,30,Not a course cluster,True,,I94415630
IIT Kharagpur,649,Great Lakes Institute of Management,3,52,30,66,Not a course cluster,True,,I81020251
IIT Kharagpur,650,National Centre for Biological Sciences,3,33,29,105,Premier science institutes,True,,I194223965
IIT Kharagpur,651,Centre for Cellular and Molecular Biology,3,1,28,98,CSIR labs,True,,I185638415
IIT Kharagpur,652,Institute for Development and Research in Banking Technology,3,21,28,24,Not a course cluster,True,,I150312865
IIT Kharagpur,653,Chittaranjan National Cancer Institute,3,20,27,35,Not a course cluster,True,,I2802271162
IIT Kharagpur,654,Bangabasi Evening College,3,55,26,10,Not a course cluster,True,,I4405264965
IIT Kharagpur,655,Gati Shakti Vishwavidyalaya,3,23,26,0,Not a course cluster,True,,I4405258170
IIT Kharagpur,656,Bhubaneswar Borooah Cancer Institute,3,102,25,6,Not a course cluster,True,,I2800073537
IIT Kharagpur,657,Dr. Bhimrao Ambedkar University,3,65,25,61,Not a course cluster,True,,I147727580
IIT Kharagpur,658,Atomic Minerals Directorate for Exploration and Research,3,111,24,58,Not a course cluster,True,,I1327905553
IIT Kharagpur,659,King George's Medical University,3,21,24,66,Not a course cluster,True,,I280994
IIT Kharagpur,660,Bharat Heavy Electricals (India),3,54,22,47,Not a course cluster,True,,I25547181
IIT Kharagpur,661,Guru Angad Dev Veterinary and Animal Sciences University,3,7,22,42,Not a course cluster,True,,I223471776
IIT Kharagpur,662,School of Planning and Architecture Delhi,3,4,19,30,Not a course cluster,True,,I1329536732
IIT Kharagpur,663,"Government College of Engineering, Keonjhar",3,15,19,4,Not a course cluster,True,,I4388446400
IIT Kharagpur,664,Public Health Foundation of India,3,51,19,188,Not a course cluster,True,,I74653059
IIT Kharagpur,665,Institute of Economic Growth,3,13,17,96,Not a course cluster,True,,I4210098828
IIT Kharagpur,666,Chandernagore College,3,23,16,14,Not a course cluster,True,,I4405276588
IIT Kharagpur,667,University Grants Commission,3,5,16,18,Not a course cluster,True,,I21131202
IIT Kharagpur,668,Jogamaya Devi College,3,5,16,8,Not a course cluster,True,,I4405261764
IIT Kharagpur,669,Directorate of Weed Research,3,23,15,27,Not a course cluster,True,,I4210131234
IIT Kharagpur,670,Birla Global University,3,11,15,5,Not a course cluster,True,,I4405266038
IIT Kharagpur,671,"Indian Statistical Institute, Bangalore Centre",3,4,15,22,Premier science institutes,True,,I4405280447
IIT Kharagpur,672,Indian Institute of Management Bangalore,3,45,14,113,Not a course cluster,True,,I44430492
IIT Kharagpur,673,Rabindra Bharati University,3,148,14,9,Not a course cluster,True,,I83916355
IIT Kharagpur,674,Vinoba Bhave University,3,17,13,24,Not a course cluster,True,,I71631882
IIT Kharagpur,675,Guru Kashi University,3,1,13,6,Not a course cluster,True,,I3129634530
IIT Kharagpur,676,Bangabasi Morning College,3,46,11,25,Not a course cluster,True,,I4405257178
IIT Kharagpur,677,Meenakshi Medical College Hospital and Research Institute,3,0,11,3,Not a course cluster,True,,I4210133582
IIT Kharagpur,678,INCLEN Trust International,3,274,11,14,Not a course cluster,True,,I4210164175
IIT Kharagpur,679,Government of Sikkim,3,101,10,7,Not a course cluster,True,,I2801028658
IIT Kharagpur,680,Keshava Deva Malaviya Institute of Petroleum Exploration,3,15,10,14,Not a course cluster,True,,I4405277128
IIT Kharagpur,681,All India Institute of Medical Sciences Rishikesh,3,27,10,18,Not a course cluster,True,,I4387152206
IIT Kharagpur,682,National Institute of Research in Tuberculosis,3,12,9,11,Not a course cluster,True,,I4210140595
IIT Kharagpur,683,Netaji Nagar Day College,3,485,8,12,Not a course cluster,True,,I4405261640
IIT Kharagpur,684,"City College, Kolkata",3,19,7,5,Not a course cluster,True,,I4405255523
IIT Kharagpur,685,Kalpavriksh,3,14,6,7,Not a course cluster,True,,I4210148176
IIT Kharagpur,686,"CR Rao Advanced Institute of Mathematics, Statistics and Computer Science",3,53,6,4,Not a course cluster,True,,I4210109466
IIT Kharagpur,687,Science and Engineering Research Board,3,92,5,5,Not a course cluster,True,,I2799536621
IIT Kharagpur,688,National Institute of Research on Jute and Allied Fibre Technology,3,170,5,42,Not a course cluster,True,,I4210122202
IIT Kharagpur,689,University College of Engineering and Technology,3,38,3,3,Not a course cluster,True,,I4405278070
IIT Kharagpur,690,Chhattisgarh Council of Science and Technology,3,70,3,9,Not a course cluster,True,,I4210148999
IIT Kharagpur,691,ICARE Institute of Medical Sciences and Research & Dr. Bidhan Chandra Roy Hospital,3,17,3,3,Not a course cluster,True,,I4210155216
IIT Kharagpur,692,Asian Paints (India),3,48,3,3,Not a course cluster,True,,I2803049109
IIT Kharagpur,693,National AIDS Research Institute,3,46,2,4,Not a course cluster,True,,I4210159305
IIT Kharagpur,694,National Law School of India University,3,0,2,5,Not a course cluster,True,,I4210127798
IIT Kharagpur,695,North Bengal Medical College and Hospital,3,12,1,16,Not a course cluster,True,,I40380974
IIT Kharagpur,696,Mahatma Gandhi Memorial Medical College,3,13,1,3,Not a course cluster,True,,I2801183603
IIT Kharagpur,697,Basirhat College,3,33,1,4,Not a course cluster,True,,I4405277784
IIT Kharagpur,698,Atomic Energy Regulatory Board,3,122,1,4,Not a course cluster,True,,I1283797469
IIT Kharagpur,699,GAIL (India),3,0,1,10,Not a course cluster,True,,I333900126
IIT Kharagpur,700,Madras Institute of Development Studies,3,62,1,17,Not a course cluster,True,,I224417259
IIT Kharagpur,701,Tripura Medical College & Dr. B.R. Ambedkar Memorial Teaching Hospital,3,2,0,1,Not a course cluster,True,,I3132316807
IIT Kharagpur,702,Nephro Care India Limited (India),3,37,0,0,Not a course cluster,True,,I4405254645
IIT Kharagpur,703,Shoolini University,2,24,464,349,Not a course cluster,True,,I4210133311
IIT Kharagpur,704,Visvesvaraya Technological University,2,8,354,149,Not a course cluster,True,,I65674248
IIT Kharagpur,705,Annamalai University,2,19,267,453,Not a course cluster,True,,I197081775
IIT Kharagpur,706,Alagappa University,2,17,238,277,Not a course cluster,True,,I131155284
IIT Kharagpur,707,REVA University,2,3,209,60,Not a course cluster,True,,I83737708
IIT Kharagpur,708,Madurai Kamaraj University,2,137,207,221,Not a course cluster,True,,I13268429
IIT Kharagpur,709,Ramaiah Institute of Technology,2,41,185,101,Not a course cluster,True,,I4405255153
IIT Kharagpur,710,Manonmaniam Sundaranar University,2,266,166,135,Not a course cluster,True,,I182997119
IIT Kharagpur,711,Amity University Gurugram,2,15,146,69,Not a course cluster,True,,I4405262955
IIT Kharagpur,712,Government of Tamil Nadu,2,49,144,112,Not a course cluster,True,,I148776243
IIT Kharagpur,713,University of Mysore,2,55,142,213,Not a course cluster,True,,I204743663
IIT Kharagpur,714,Central University of Himachal Pradesh,2,73,135,59,Not a course cluster,True,,I180952551
IIT Kharagpur,715,Sri Venkateswara University,2,4,131,206,Not a course cluster,True,,I170558118
IIT Kharagpur,716,Vels University,2,13,129,50,Not a course cluster,True,,I138876546
IIT Kharagpur,717,Kerala Agricultural University,2,255,120,89,Not a course cluster,True,,I54021868
IIT Kharagpur,718,Gujarat Technological University,2,16,120,40,Not a course cluster,True,,I29563240
IIT Kharagpur,719,Indian Council of Forestry Research and Education,2,2,118,50,Not a course cluster,True,,I1286922834
IIT Kharagpur,720,Jawaharlal Nehru Technological University Anantapur,2,8,117,43,Not a course cluster,True,,I52035452
IIT Kharagpur,721,Gujarat University,2,2,114,90,Not a course cluster,True,,I114173286
IIT Kharagpur,722,Doon University,2,42,112,66,Not a course cluster,True,,I44565152
IIT Kharagpur,723,Rashtrasant Tukadoji Maharaj Nagpur University,2,70,112,146,Not a course cluster,True,,I133978751
IIT Kharagpur,724,Siddhartha Academy of Higher Education,2,8,110,23,Not a course cluster,True,,I4405262028
IIT Kharagpur,725,Sardar Patel University,2,0,105,133,Not a course cluster,True,,I57085157
IIT Kharagpur,726,The Assam Royal Global University,2,0,101,14,Not a course cluster,True,,I4405256338
IIT Kharagpur,727,Government of Karnataka,2,5,99,66,Not a course cluster,True,,I2802584695
IIT Kharagpur,728,Siddaganga Institute of Technology,2,11,98,81,Not a course cluster,True,,I4387153738
IIT Kharagpur,729,PSG INSTITUTE OF TECHNOLOGY AND APPLIED RESEARCH,2,0,98,26,Not a course cluster,True,,I4210109528
IIT Kharagpur,730,Management Development Institute,2,24,97,140,Not a course cluster,True,,I110930757
IIT Kharagpur,731,Karnatak University,2,8,96,150,Not a course cluster,True,,I110083240
IIT Kharagpur,732,Dr. Yashwant Singh Parmar University of Horticulture and Forestry,2,0,96,51,Not a course cluster,True,,I211055903
IIT Kharagpur,733,Government of Gujarat,2,42,93,119,Not a course cluster,True,,I2802014819
IIT Kharagpur,734,Nalanda University,2,33,84,28,Not a course cluster,True,,I4210140720
IIT Kharagpur,735,"Islamic University of Science and Technology, Kashmir",2,13,83,56,Not a course cluster,True,,I4405256391
IIT Kharagpur,736,G.L. Bajaj Institute of Technology and Management Greater Noida,2,11,79,30,Not a course cluster,True,,I4405263758
IIT Kharagpur,737,National Institute of Pharmaceutical Education and Research,2,3,609,533,Not a course cluster,True,,I4210154014
IIT Kharagpur,738,Forest Research Institute,2,23,75,57,Not a course cluster,True,,I128076159
IIT Kharagpur,739,JSS Science and Technology University,2,45,73,9,Not a course cluster,True,,I4210137436
IIT Kharagpur,740,"ICFAI University, Tripura",2,26,72,29,Not a course cluster,True,,I173462786
IIT Kharagpur,741,Chhatrapati Shahu Ji Maharaj University,2,16,70,46,Not a course cluster,True,,I229991691
IIT Kharagpur,742,Wildlife Institute of India,2,98,70,159,Not a course cluster,True,,I31888360
IIT Kharagpur,743,AMET University,2,6,70,18,Not a course cluster,True,,I34628043
IIT Kharagpur,744,Professor Jayashankar Telangana Agricultural University,2,85,67,42,Not a course cluster,True,,I4210092736
IIT Kharagpur,745,Vishwakarma Institute of Technology,2,41,67,30,Not a course cluster,True,,I4405261743
IIT Kharagpur,746,The NorthCap University,2,27,64,74,Not a course cluster,True,,I129798099
IIT Kharagpur,747,Veer Bahadur Singh Purvanchal University,2,50,63,45,Not a course cluster,True,,I875728190
IIT Kharagpur,748,Coimbatore Institute of Technology,2,21,62,84,Not a course cluster,True,,I4405262155
IIT Kharagpur,749,KLE Academy of Higher Education and Research,2,7,61,46,Not a course cluster,True,,I4210125823
IIT Kharagpur,750,National Institute of Advanced Studies,2,291,58,36,Not a course cluster,True,,I22956069
IIT Kharagpur,751,"Jaypee University of Engineering and Technology, Guna",2,14,55,49,Not a course cluster,True,,I25205351
IIT Kharagpur,752,International Institute for Population Sciences,2,19,55,106,Not a course cluster,True,,I197882922
IIT Kharagpur,753,Delhi Pharmaceutical Science and Research University,2,1,54,22,Not a course cluster,True,,I39238937
IIT Kharagpur,754,Central Institute of Plastics Engineering and Technology,2,109,52,97,Not a course cluster,True,,I10640828
IIT Kharagpur,755,KCG College of Technology,2,6,52,13,Not a course cluster,True,,I4405266969
IIT Kharagpur,756,BRIC-National Agri-Food and Biomanufacturing Institute,2,24,52,61,Not a course cluster,True,,I4210164849
IIT Kharagpur,757,"UGC-DAE Consortium for Scientific Research, Mumbai Centre",2,10,52,47,Not a course cluster,True,,I4405260855
IIT Kharagpur,758,Sengunthar Engineering College (Autonomous),2,79,49,11,Not a course cluster,True,,I4405285548
IIT Kharagpur,759,Centre for Materials for Electronics Technology,2,30,48,64,Not a course cluster,True,,I4210118327
IIT Kharagpur,760,National Atmospheric Research Laboratory,2,3,48,173,Not a course cluster,True,,I152870717
IIT Kharagpur,761,Swami Ramanand Teerth Marathwada University,2,41,48,82,Not a course cluster,True,,I196652580
IIT Kharagpur,762,Sri Sri University,2,24,48,18,Not a course cluster,True,,I3129903175
IIT Kharagpur,763,Kaziranga University,2,76,44,21,Not a course cluster,True,,I332121957
IIT Kharagpur,764,Invertis University,2,37,42,12,Not a course cluster,True,,I19688894
IIT Kharagpur,765,Taki Government College,2,8,42,25,Not a course cluster,True,,I4405278067
IIT Kharagpur,766,Ramakrishna Mission Vivekananda Centenary College,2,23,40,28,Not a course cluster,True,,I4405270341
IIT Kharagpur,767,Mahatma Phule Krishi Vidyapeeth,2,61,37,36,Not a course cluster,True,,I167494164
IIT Kharagpur,768,Indian Institute of Millets Research,2,51,36,34,Not a course cluster,True,,I4210118419
IIT Kharagpur,769,Lady Brabourne College,2,1,34,15,Not a course cluster,True,,I4405271702
IIT Kharagpur,770,Indian Institute of Horticultural Research,2,53,34,48,Not a course cluster,True,,I1332470094
IIT Kharagpur,771,JSS College of Pharmacy,2,0,32,15,Not a course cluster,True,,I4405270214
IIT Kharagpur,772,Aditya Institute of Technology and Management,2,2,31,15,Not a course cluster,True,,I4405270565
IIT Kharagpur,773,"Technology Information, Forecasting and Assessment Council",2,10,30,13,Not a course cluster,True,,I4210154636
IIT Kharagpur,774,Meghnad Saha Institute of Technology,2,3,27,28,Premier science institutes,True,,I4405273617
IIT Kharagpur,775,Central Water and Power Research Station,2,4,27,41,Not a course cluster,True,,I2801092184
IIT Kharagpur,776,PRIST University,2,18,27,11,Not a course cluster,True,,I160682246
IIT Kharagpur,777,Navsari Agricultural University,2,3,27,24,Not a course cluster,True,,I152185767
IIT Kharagpur,778,Kamla Nehru Institute of Technology,2,24,25,20,Not a course cluster,True,,I4405277966
IIT Kharagpur,779,Central Research Institute for Jute and Allied Fibres,2,38,24,40,Not a course cluster,True,,I4210106876
IIT Kharagpur,780,Indian Institute of Management Amritsar,2,0,24,18,Not a course cluster,True,,I4210123047
IIT Kharagpur,781,Patanjali Research Foundation,2,2,23,18,Not a course cluster,True,,I4210145585
IIT Kharagpur,782,Dr. Balasaheb Sawant Konkan Krishi Vidyapeeth,2,90,23,31,Not a course cluster,True,,I2799533726
IIT Kharagpur,783,Junagadh Agricultural University,2,5,22,31,Not a course cluster,True,,I104917982
IIT Kharagpur,784,Chandragupt Institute of Management,2,203,21,24,Not a course cluster,True,,I2801293044
IIT Kharagpur,785,Rungta College,2,8,21,10,Not a course cluster,True,,I4405259702
IIT Kharagpur,786,Regional Medical Research Center,2,34,21,23,Not a course cluster,True,,I2802952153
IIT Kharagpur,787,Paavai Engineering College,2,30,21,9,Not a course cluster,True,,I4405258486
IIT Kharagpur,788,Jawaharlal Institute of Post Graduate Medical Education and Research,2,3,20,59,Not a course cluster,True,,I61923386
IIT Kharagpur,789,"International Management Institute, Bhubaneswar",2,7,20,9,Not a course cluster,True,,I4405276820
IIT Kharagpur,790,All India Institute of Medical Sciences Jodhpur,2,4,20,21,Not a course cluster,True,,I216021267
IIT Kharagpur,791,Central Sericultural Research and Training Institute,2,0,19,10,Not a course cluster,True,,I4210153341
IIT Kharagpur,792,"School of Planning and Architecture, Vijayawada",2,0,19,11,Not a course cluster,True,,I4405255821
IIT Kharagpur,793,Indian Institute for Human Settlements,2,0,18,26,Not a course cluster,True,,I4210136078
IIT Kharagpur,794,Dr. Y.S.R Horticultural University,2,30,18,7,Not a course cluster,True,,I3131536999
IIT Kharagpur,795,Translational Health Science and Technology Institute,2,28,18,30,Not a course cluster,True,,I2801880299
IIT Kharagpur,796,Lala Lajpat Rai University of Veterinary and Animal Sciences,2,133,17,25,Not a course cluster,True,,I233492666
IIT Kharagpur,797,JSS Medical College and Hospital,2,0,17,17,Not a course cluster,True,,I86826812
IIT Kharagpur,798,ICAR-Indian Institute of Agricultural Biotechnology,2,0,16,6,Not a course cluster,True,,I4210158390
IIT Kharagpur,799,Khallikote Unitary University,2,43,16,1,Not a course cluster,True,,I4405277609
IIT Kharagpur,800,Center for Study of Science Technology and Policy,2,42,16,25,Not a course cluster,True,,I2802876690
IIT Kharagpur,801,Gandhi Institute for Technological Advancement,2,43,15,3,Not a course cluster,True,,I4405274307
IIT Kharagpur,802,Indian Institute of Information Technology Vadodara,2,15,14,9,IIITs,True,,I4210100893
IIT Kharagpur,803,"Indian Institute of Information Technology, Pune",2,1,13,3,IIITs,True,,I4210113821
IIT Kharagpur,804,French Institute of Pondicherry,2,37,13,64,Not a course cluster,True,,I86713406
IIT Kharagpur,805,Surendranath College,2,0,13,12,Not a course cluster,True,,I4405272745
IIT Kharagpur,806,Indira Gandhi Institute of Development Research,2,40,13,129,Not a course cluster,True,,I16319596
IIT Kharagpur,807,S.P. Jain Institute of Management and Research,2,129,12,15,Not a course cluster,True,,I4405260915
IIT Kharagpur,808,Indian Institute of Oil Palm Research,2,81,11,3,Not a course cluster,True,,I4210135205
IIT Kharagpur,809,National Institute of Occupational Health,2,19,11,32,Not a course cluster,True,,I4210105310
IIT Kharagpur,810,Gokhale Institute of Politics and Economics,2,36,11,15,Not a course cluster,True,,I195377678
IIT Kharagpur,811,Murshidabad University,2,8,10,3,Not a course cluster,True,,I4405268342
IIT Kharagpur,812,High Energy Materials Research Laboratory,2,207,10,29,Not a course cluster,True,,I2800703609
IIT Kharagpur,813,"Institute of Pharmacy & Technology, Salipur",2,67,10,8,Not a course cluster,True,,I4405265529
IIT Kharagpur,814,Archaeological Survey of India,2,138,10,4,Not a course cluster,True,,I4405266383
IIT Kharagpur,815,School of Tropical Medicine,2,33,9,42,Not a course cluster,True,,I4405267645
IIT Kharagpur,816,Central Manufacturing Technology Institute,2,4,8,11,Not a course cluster,True,,I4210133459
IIT Kharagpur,817,Structural Engineering Research Centre,2,22,8,38,CSIR labs,True,,I1341020899
IIT Kharagpur,818,All India Institute of Medical Sciences Bibinagar,2,3,8,4,Not a course cluster,True,,I4405252828
IIT Kharagpur,819,All India Institute of Medical Sciences Gorakhpur,2,5,8,7,Not a course cluster,True,,I4405257162
IIT Kharagpur,820,Gujarat Institute of Development Research,2,19,7,26,Not a course cluster,True,,I4210092074
IIT Kharagpur,821,Dum Dum Motijheel College,2,13,7,8,Not a course cluster,True,,I4405276628
IIT Kharagpur,822,ICAR - Central Island Agricultural Research Institute,2,20,7,12,Not a course cluster,True,,I4210151296
IIT Kharagpur,823,"Government Engineering College, Banka",2,1,7,2,Not a course cluster,True,,I4405268831
IIT Kharagpur,824,University College of Medical Sciences,2,48,6,26,Not a course cluster,True,,I172982924
IIT Kharagpur,825,Hooghly Engineering & Technology College,2,6,6,3,Not a course cluster,True,,I4405255795
IIT Kharagpur,826,Marathwada Mitra Mandal's College of Engineering,2,6,6,2,Not a course cluster,True,,I4405261723
IIT Kharagpur,827,Government College of Engineering & Ceramic Technology,2,38,6,10,Not a course cluster,True,,I4405273204
IIT Kharagpur,828,Chilika Development Authority,2,6,6,33,Not a course cluster,True,,I4210130859
IIT Kharagpur,829,Ministry of Education,2,4,5,2,Not a course cluster,True,,I4405266223
IIT Kharagpur,830,Tata Motors (India),2,29,5,11,Not a course cluster,True,,I1301507905
IIT Kharagpur,831,IFMR Graduate School of Business,2,3,5,27,Not a course cluster,True,,I3130082100
IIT Kharagpur,832,King Edward Memorial Hospital and Seth G.S. Medical College,2,24,4,33,Not a course cluster,True,,I193353881
IIT Kharagpur,833,Aeronautical Development Agency,2,0,4,17,Not a course cluster,True,,I138535024
IIT Kharagpur,834,"Council on Energy, Environment and Water",2,26,4,12,Not a course cluster,True,,I4210111415
IIT Kharagpur,835,National Institute of Biomedical Genomics,2,17,4,12,Not a course cluster,True,,I4210158866
IIT Kharagpur,836,Oil India (India),2,13,4,10,Not a course cluster,True,,I884363091
IIT Kharagpur,837,Nistarini Women's College,2,2,4,9,Not a course cluster,True,,I4405283931
IIT Kharagpur,838,Oracle (India),2,3,3,3,Not a course cluster,True,,I4210165642
IIT Kharagpur,839,State Council of Science and Technology for Sikkim,2,86,3,9,Not a course cluster,True,,I4210162586
IIT Kharagpur,840,Rajiv Gandhi Cancer Institute and Research Centre,2,15,3,6,Not a course cluster,True,,I4210092995
IIT Kharagpur,841,National Bureau of Animal Genetic Resources,2,3,3,1,Not a course cluster,True,,I4210130815
IIT Kharagpur,842,Kempegowda Institute of Medical Sciences,2,12,3,5,Not a course cluster,True,,I169134981
IIT Kharagpur,843,College of Medicine & JNM Hospital,2,1,3,5,Not a course cluster,True,,I4210130977
IIT Kharagpur,844,Piramal (India),2,34,3,11,Not a course cluster,True,,I899992584
IIT Kharagpur,845,Central Institute of Freshwater Aquaculture,2,17,3,31,Not a course cluster,True,,I197888225
IIT Kharagpur,846,National Institute of Urban Affairs,2,45,3,15,Not a course cluster,True,,I4210129587
IIT Kharagpur,847,"All India Institute of Medical Sciences, Mangalagiri",2,5,3,0,Not a course cluster,True,,I4405257640
IIT Kharagpur,848,"All India Institute of Medical Sciences, Madurai",2,4,3,0,Not a course cluster,True,,I4405258468
IIT Kharagpur,849,Eastern Command Hospital,2,1,3,1,Not a course cluster,True,,I4210113612
IIT Kharagpur,850,Dr. Lal PathLabs Pvt Ltd (India),2,6,2,2,Not a course cluster,True,,I4405259595
IIT Kharagpur,851,B. J. Medical College & Sassoon Hospital,2,31,2,5,Not a course cluster,True,,I201202376
IIT Kharagpur,852,Directorate of Poultry Research,2,3,2,11,Not a course cluster,True,,I4210106975
IIT Kharagpur,853,Centre for Economic and Social Studies,2,7,2,18,Not a course cluster,True,,I75274968
IIT Kharagpur,854,Chhatrapati Shivaji Maharaj University,2,7,2,0,Not a course cluster,True,,I4405275343
IIT Kharagpur,855,NIIT (India),2,1,2,9,Not a course cluster,True,,I134140186
IIT Kharagpur,856,Institute of Neurosciences Kolkata,2,3,2,2,Not a course cluster,True,,I4210115788
IIT Kharagpur,857,Narayana Health,2,3,2,7,Not a course cluster,True,,I288496929
IIT Kharagpur,858,"National Law University, Delhi",2,3,1,1,Not a course cluster,True,,I866667741
IIT Kharagpur,859,LG (India),2,13,1,3,Not a course cluster,True,,I4210092541
IIT Kharagpur,860,Bijoy Krishna Girls' College,2,1,1,1,Not a course cluster,True,,I4405277170
IIT Kharagpur,861,Society for Applied Studies,2,32,1,4,Not a course cluster,True,,I4210095463
IIT Kharagpur,862,Deen Dayal Upadhyay Hospital,2,22,0,2,Not a course cluster,True,,I4210095530
IIT Kharagpur,863,Medtronic (India),2,0,0,3,Not a course cluster,True,,I4210097734
IIT Kharagpur,864,Institute of Livelihood Research and Training,2,94,0,3,Not a course cluster,True,,I4210128641
IIT Kharagpur,865,Peerless Hospital & B.K.Roy Research Centre,2,1,0,5,Not a course cluster,True,,I4210117605
IIT Kharagpur,866,Zenith Super Specialist Hospital,2,13,0,0,Not a course cluster,True,,I4405263577
IIT Kharagpur,867,Defence Electronics Research Laboratory,2,7,0,2,Not a course cluster,True,,I4210097327
IIT Kharagpur,868,Murshidabad Medical College and Hospital,2,10,0,0,Not a course cluster,True,,I4210136550
IIT Kharagpur,869,Karpagam Academy of Higher Education,1,0,451,82,Not a course cluster,True,,I65220239
IIT Kharagpur,870,Maharshi Dayanand University,1,94,256,184,Not a course cluster,True,,I905734797
IIT Kharagpur,871,Shivaji University,1,0,221,277,Not a course cluster,True,,I141641110
IIT Kharagpur,872,Integral University,1,0,215,107,Not a course cluster,True,,I189949046
IIT Kharagpur,873,Guru Jambheshwar University of Science and Technology,1,5,208,212,Not a course cluster,True,,I15896350
IIT Kharagpur,874,University of Gour Banga,1,32,207,191,Not a course cluster,True,,I33932797
IIT Kharagpur,875,Central University of Gujarat,1,29,198,95,Not a course cluster,True,,I89095802
IIT Kharagpur,876,Periyar University,1,6,187,181,Not a course cluster,True,,I141431873
IIT Kharagpur,877,Charotar University of Science and Technology,1,14,182,74,Not a course cluster,True,,I33459947
IIT Kharagpur,878,University of Rajasthan,1,120,173,261,Not a course cluster,True,,I99552915
IIT Kharagpur,879,Shri Mata Vaishno Devi University,1,7,169,90,Not a course cluster,True,,I59179055
IIT Kharagpur,880,Indian Institute of Petroleum,1,15,153,169,Not a course cluster,True,,I84279003
IIT Kharagpur,881,"J.C. Bose University of Science & Technology, YMCA",1,3,133,68,Not a course cluster,True,,I55124831
IIT Kharagpur,882,PSG College of Technology,1,8,132,165,Not a course cluster,True,,I4405254442
IIT Kharagpur,883,Nitte University,1,24,129,34,Not a course cluster,True,,I1333540553
IIT Kharagpur,884,Dayananda Sagar College of Engineering,1,0,123,38,Not a course cluster,True,,I4405260736
IIT Kharagpur,885,Bharath University,1,54,121,63,Not a course cluster,True,,I860813019
IIT Kharagpur,886,Shri Vile Parle Kelavani Mandal,1,0,117,37,Not a course cluster,True,,I4210132590
IIT Kharagpur,887,Gyan Vihar University,1,1,116,44,Not a course cluster,True,,I91894341
IIT Kharagpur,888,Central University of Kerala,1,3,112,60,Not a course cluster,True,,I35340524
IIT Kharagpur,889,GMR Institute of Technology,1,5,110,42,Not a course cluster,True,,I4405272215
IIT Kharagpur,890,TKM College of Engineering,1,19,93,44,Not a course cluster,True,,I4405253803
IIT Kharagpur,891,"Jawaharlal Nehru Technological University, Kakinada",1,5,92,60,Not a course cluster,True,,I142809039
IIT Kharagpur,892,Central Food Technological Research Institute,1,20,90,561,CSIR labs,True,,I150037166
IIT Kharagpur,893,Sri Sairam Engineering College,1,0,88,41,Not a course cluster,True,,I4405271589
IIT Kharagpur,894,Indian Agricultural Statistics Research Institute,1,0,88,71,Not a course cluster,True,,I1141210
IIT Kharagpur,895,M.J.P. Rohilkhand University,1,110,79,25,Not a course cluster,True,,I139858224
IIT Kharagpur,896,National Institute of Pharmaceutical Education and Research,1,0,609,533,Not a course cluster,True,,I4210103783
IIT Kharagpur,897,College of Engineering Trivandrum,1,5,78,37,Not a course cluster,True,,I4405254352
IIT Kharagpur,898,Maharaja Ranjit Singh Punjab Technical University,1,118,74,56,Not a course cluster,True,,I4210136518
IIT Kharagpur,899,Vivekananda Global University,1,0,73,6,Not a course cluster,True,,I4210125057
IIT Kharagpur,900,Indian Institute of Geomagnetism,1,15,70,115,Not a course cluster,True,,I4405266797
IIT Kharagpur,901,"National Institute of Technical Teachers Training and Research, Chandigarh",1,1,69,59,Not a course cluster,True,,I4210094717
IIT Kharagpur,902,"University of Agricultural Sciences, Bangalore",1,4,68,136,Not a course cluster,True,,I199921877
IIT Kharagpur,903,Bodoland University,1,22,68,11,Not a course cluster,True,,I2799638773
IIT Kharagpur,904,Indian Veterinary Research Institute,1,11,67,121,Not a course cluster,True,,I185790649
IIT Kharagpur,905,Government of Kerala,1,15,65,52,Not a course cluster,True,,I2800731441
IIT Kharagpur,906,Ganpat University,1,1,62,21,Not a course cluster,True,,I45372603
IIT Kharagpur,907,Chaudhary Devi Lal University,1,9,61,99,Not a course cluster,True,,I107539069
IIT Kharagpur,908,National Institute of Abiotic Stress Management,1,10,56,38,Not a course cluster,True,,I4210166936
IIT Kharagpur,909,Ashoka Trust for Research in Ecology and the Environment,1,90,55,135,Not a course cluster,True,,I4210116320
IIT Kharagpur,910,Eternal University,1,1,55,36,Not a course cluster,True,,I46781620
IIT Kharagpur,911,Pandit Ravishankar Shukla University,1,6,55,78,Not a course cluster,True,,I38192578
IIT Kharagpur,912,Uka Tarsadia University,1,2,54,15,Not a course cluster,True,,I140352217
IIT Kharagpur,913,Dr. Ram Manohar Lohia Avadh University,1,9,54,29,Not a course cluster,True,,I1337315214
IIT Kharagpur,914,Bundelkhand University,1,0,53,96,Not a course cluster,True,,I190570697
IIT Kharagpur,915,Government of Maharashtra,1,0,53,39,Not a course cluster,True,,I1315184752
IIT Kharagpur,916,Assam Don Bosco University,1,0,53,18,Not a course cluster,True,,I10767319
IIT Kharagpur,917,IMS Ghaziabad,1,146,53,18,Not a course cluster,True,,I4405274630
IIT Kharagpur,918,Babasaheb Bhimrao Ambedkar Bihar University,1,33,53,5,Not a course cluster,True,,I236004819
IIT Kharagpur,919,Sher-e-Kashmir University of Agricultural Sciences and Technology of Jammu,1,11,50,72,Not a course cluster,True,,I235110982
IIT Kharagpur,920,Sardar Vallabhbhai Patel University of Agriculture & Technology,1,19,49,39,Not a course cluster,True,,I4210098184
IIT Kharagpur,921,National Institute of Pharmaceutical Education and Research,1,0,609,533,Not a course cluster,True,,I4210098333
IIT Kharagpur,922,Priyadarshini College of Engineering,1,2,47,28,Not a course cluster,True,,I4405278111
IIT Kharagpur,923,Indo Soviet Friendship College of Pharmacy,1,0,47,30,Not a course cluster,True,,I4210092982
IIT Kharagpur,924,Jawaharlal Nehru Krishi Vishwa Vidyalaya,1,0,46,53,Not a course cluster,True,,I290859477
IIT Kharagpur,925,Indian Institute of Integrative Medicine,1,18,46,100,Not a course cluster,True,,I4210108071
IIT Kharagpur,926,Career Point University,1,40,45,14,Not a course cluster,True,,I4210091899
IIT Kharagpur,927,Devi Ahilya Vishwavidyalaya,1,7,45,94,Not a course cluster,True,,I138272832
IIT Kharagpur,928,T A Pai Management Institute,1,0,43,34,Not a course cluster,True,,I213512949
IIT Kharagpur,929,International Institute of Information Technology,1,1,144,88,IIITs,True,,I188963388
IIT Kharagpur,930,Somaiya Vidyavihar University,1,6,41,13,Not a course cluster,True,,I4405262393
IIT Kharagpur,931,Akal University,1,0,41,11,Not a course cluster,True,,I3132890203
IIT Kharagpur,932,Ministry of Science and Technology,1,0,40,24,Not a course cluster,True,,I4210134808
IIT Kharagpur,933,JECRC University,1,5,39,14,Not a course cluster,True,,I3131927718
IIT Kharagpur,934,National Centre for Coastal Research,1,4,39,52,Not a course cluster,True,,I4210117185
IIT Kharagpur,935,ICAR-Indian Institute of Farming Systems Research,1,0,38,58,Not a course cluster,True,,I4405271402
IIT Kharagpur,936,"Dr. D.Y. Patil Vidyapeeth, Pune",1,20,38,20,Not a course cluster,True,,I4210103194
IIT Kharagpur,937,Mudra Institute of Communications Ahmedabad,1,22,38,37,Not a course cluster,True,,I4210147161
IIT Kharagpur,938,Netaji Subhas Open University,1,0,38,9,Not a course cluster,True,,I20238315
IIT Kharagpur,939,P P Savani University,1,5,37,11,Not a course cluster,True,,I4405258421
IIT Kharagpur,940,IPS Academy,1,0,37,9,Not a course cluster,True,,I4210113021
IIT Kharagpur,941,National Academy of Agricultural Research Management,1,2,36,47,Not a course cluster,True,,I174979866
IIT Kharagpur,942,Vallurupalli Nageswara Rao Vignana Jyothi Institute of Engineering and Technology,1,0,36,4,Not a course cluster,True,,I4405263215
IIT Kharagpur,943,Marathwada Agricultural University,1,0,35,34,Not a course cluster,True,,I120386524
IIT Kharagpur,944,Central Institute of Fisheries Technology,1,3,35,56,Not a course cluster,True,,I1304743227
IIT Kharagpur,945,Assam Science and Technology University,1,24,35,1,Not a course cluster,True,,I4405257221
IIT Kharagpur,946,Madras Christian College,1,18,34,21,Not a course cluster,True,,I4405277150
IIT Kharagpur,947,Zoological Survey of India,1,4,34,19,Not a course cluster,True,,I1338006420
IIT Kharagpur,948,Borlaug Institute for South Asia,1,6,33,67,Not a course cluster,True,,I4210105543
IIT Kharagpur,949,T.K.M Institute of Technology,1,41,33,11,Not a course cluster,True,,I4405258373
IIT Kharagpur,950,Mahatma Gandhi University,1,3,369,450,Not a course cluster,True,,I4405260745
IIT Kharagpur,951,Shri Jagdishprasad Jhabarmal Tibrewala University,1,0,31,13,Not a course cluster,True,,I341451707
IIT Kharagpur,952,South Asian University,1,0,31,32,Not a course cluster,True,,I90425906
IIT Kharagpur,953,Regional Centre for Biotechnology,1,1,31,26,Not a course cluster,True,,I4210094671
IIT Kharagpur,954,Durgapur Government College,1,10,31,67,Not a course cluster,True,,I4405273294
IIT Kharagpur,955,Sri Pratap College,1,49,30,22,Not a course cluster,True,,I4405274834
IIT Kharagpur,956,Indian Maritime University,1,1,30,10,Not a course cluster,True,,I47885761
IIT Kharagpur,957,Department of Biotechnology,1,4,30,31,Not a course cluster,True,,I3141573830
IIT Kharagpur,958,Medi-Caps University,1,1,30,15,Not a course cluster,True,,I4210119567
IIT Kharagpur,959,Sacred Heart College (Autonomous),1,0,30,14,Not a course cluster,True,,I4405259747
IIT Kharagpur,960,RCC Institute of Information Technology,1,0,30,22,IIITs,True,,I4405278573
IIT Kharagpur,961,"Agriculture University, Jodhpur",1,29,30,5,Not a course cluster,True,,I4405256963
IIT Kharagpur,962,Sant Gadge Baba Amravati University,1,56,29,103,Not a course cluster,True,,I150513749
IIT Kharagpur,963,Ramakrishna Mission Residential College,1,15,28,17,Not a course cluster,True,,I4405271030
IIT Kharagpur,964,Bihar Engineering University,1,0,28,2,Not a course cluster,True,,I4405262542
IIT Kharagpur,965,Jiwaji University,1,10,27,71,Not a course cluster,True,,I102471911
IIT Kharagpur,966,Chhattisgarh Swami Vivekanand Technical University,1,2,26,21,Not a course cluster,True,,I2800818028
IIT Kharagpur,967,Dwarkadas J. Sanghvi College of Engineering,1,32,25,8,Not a course cluster,True,,I212738717
IIT Kharagpur,968,Cluster University of Jammu,1,21,25,8,Not a course cluster,True,,I4405252910
IIT Kharagpur,969,Budge Budge Institute of Technology,1,30,25,7,Not a course cluster,True,,I3131908327
IIT Kharagpur,970,CSIR-National Institute of Science Communication and Policy Research,1,4,24,5,CSIR labs,True,,I4405279894
IIT Kharagpur,971,SCMS Group of Educational Institutions,1,5,24,10,Not a course cluster,True,,I4210116159
IIT Kharagpur,972,Guru Nanak Institutions,1,4,24,7,Not a course cluster,True,,I4210130653
IIT Kharagpur,973,National Institute of Plant Genome Research,1,76,24,42,Not a course cluster,True,,I4210153536
IIT Kharagpur,974,Kadi Sarva Vishwavidyalaya,1,21,23,18,Not a course cluster,True,,I333550923
IIT Kharagpur,975,Kasturba Medical College Hospital,1,0,23,14,Not a course cluster,True,,I4210094269
IIT Kharagpur,976,Indian Institute of Sugarcane Research,1,10,23,30,Not a course cluster,True,,I38395295
IIT Kharagpur,977,Punjab Remote Sensing Centre,1,4,23,27,Not a course cluster,True,,I4210131364
IIT Kharagpur,978,National Institute of Disaster Management,1,5,23,20,Not a course cluster,True,,I242113363
IIT Kharagpur,979,Barkatullah University,1,1,22,39,Not a course cluster,True,,I464993
IIT Kharagpur,980,University of Trans-Disciplinary Health Sciences and Technology,1,7,22,14,Not a course cluster,True,,I3132239849
IIT Kharagpur,981,Rajendra Memorial National Institute of Health Research,1,5,22,52,Not a course cluster,True,,I134315084
IIT Kharagpur,982,Bhairab Ganguly College,1,0,22,10,Not a course cluster,True,,I4405277705
IIT Kharagpur,983,Amity University Chhatisgarh,1,1,22,13,Not a course cluster,True,,I4405266109
IIT Kharagpur,984,Indian Institute of Rice Research,1,249,22,39,Not a course cluster,True,,I1298986040
IIT Kharagpur,985,Department of Space,1,6,22,40,Not a course cluster,True,,I3148377317
IIT Kharagpur,986,Amrita Institute of Medical Sciences and Research Centre,1,0,22,66,Not a course cluster,True,,I1282879092
IIT Kharagpur,987,Indian Institute of Vegetable Research,1,10,21,9,Not a course cluster,True,,I4210126648
IIT Kharagpur,988,Indian Institute of Forest Management,1,69,21,37,Not a course cluster,True,,I176010741
IIT Kharagpur,989,Vignana Bharathi Institute of Technology,1,1,20,5,Not a course cluster,True,,I4405260224
IIT Kharagpur,990,Sugarcane Breeding Institute,1,5,20,13,Not a course cluster,True,,I4210142091
IIT Kharagpur,991,Kamdhenu University,1,0,20,9,Not a course cluster,True,,I3133099055
IIT Kharagpur,992,Gayatri Vidya Parishad College of Engineering for Women,1,15,19,6,Not a course cluster,True,,I4405263749
IIT Kharagpur,993,Indian Institute of Information Technology Kota,1,4,19,3,IIITs,True,,I4405265662
IIT Kharagpur,994,Patliputra University,1,33,18,9,Not a course cluster,True,,I3131743352
IIT Kharagpur,995,Institute of Bio-Resources and Sustainable Development,1,0,18,42,Not a course cluster,True,,I4210129117
IIT Kharagpur,996,Defence Research Laboratory,1,21,18,40,Not a course cluster,True,,I4210154459
IIT Kharagpur,997,Serampore College,1,1,18,36,Not a course cluster,True,,I94349332
IIT Kharagpur,998,K J Somaiya Institute of Management,1,6,17,18,Not a course cluster,True,,I4405279724
IIT Kharagpur,999,Ministry of Electronics and Information Technology,1,12,17,19,IIITs,True,,I4210121746
IIT Kharagpur,1000,National Institute of Animal Biotechnology,1,5,17,12,Not a course cluster,True,,I4210092980
IIT Kharagpur,1001,Poornima Institute of Engineering and Technology,1,3,17,6,Not a course cluster,True,,I4405274437
IIT Kharagpur,1002,L V Prasad Eye Institute,1,1,17,31,Not a course cluster,True,,I2801255070
IIT Kharagpur,1003,D Y Patil International University,1,0,17,2,Not a course cluster,True,,I4210096567
IIT Kharagpur,1004,Jai Prakash University,1,13,17,6,Not a course cluster,True,,I2914622271
IIT Kharagpur,1005,"Dr. D. Y. Patil Medical College, Hospital and Research Centre",1,20,17,13,Not a course cluster,True,,I4210089305
IIT Kharagpur,1006,Swarnandhra College of Engineering and Technology,1,5,16,2,Not a course cluster,True,,I4405278262
IIT Kharagpur,1007,"Institute of Science, Nagpur",1,0,16,0,Not a course cluster,True,,I4405277029
IIT Kharagpur,1008,"Regional Institute of Education, Bhubaneswar",1,3,16,2,Not a course cluster,True,,I4405272889
IIT Kharagpur,1009,ISRO Propulsion Complex,1,11,15,31,Not a course cluster,True,,I4210095388
IIT Kharagpur,1010,Netaji Nagar College for Women,1,0,15,43,Not a course cluster,True,,I4405271299
IIT Kharagpur,1011,Sanaka Educational Trust’s Group of Institutions,1,0,15,8,Not a course cluster,True,,I4405252868
IIT Kharagpur,1012,Calcutta Institute of Pharmaceutical Technology & Allied Health Sciences,1,2,15,2,Not a course cluster,True,,I4405283056
IIT Kharagpur,1013,Meerut College,1,19,14,1,Not a course cluster,True,,I4405266925
IIT Kharagpur,1014,Advanced Center for Water Resources Development and Management,1,62,14,12,Not a course cluster,True,,I4210159060
IIT Kharagpur,1015,Adikavi Nannaya University,1,4,14,4,Not a course cluster,True,,I247375439
IIT Kharagpur,1016,Rungta College of Engineering and Technology,1,15,14,13,Not a course cluster,True,,I4405258633
IIT Kharagpur,1017,Defence Laboratory Jodhpur,1,37,14,25,Not a course cluster,True,,I4210099439
IIT Kharagpur,1018,"University of Engineering & Management, Jaipur",1,0,13,3,Not a course cluster,True,,I4405257789
IIT Kharagpur,1019,"Engineering College, Ajmer",1,11,13,9,Not a course cluster,True,,I4405279953
IIT Kharagpur,1020,IMS Unison University,1,0,13,6,Not a course cluster,True,,I2800301432
IIT Kharagpur,1021,RV University,1,0,13,4,Not a course cluster,True,,I4405257909
IIT Kharagpur,1022,"IIMT College of Engineering, Greater Noida",1,6,13,0,Not a course cluster,True,,I4405260563
IIT Kharagpur,1023,St. Xavier's College,1,1,30,34,Not a course cluster,True,,I4405282102
IIT Kharagpur,1024,Amicable Knowledge Solution University,1,0,12,11,Not a course cluster,True,,I4210147242
IIT Kharagpur,1025,Maulana Azad College,1,0,12,9,Not a course cluster,True,,I4405272376
IIT Kharagpur,1026,Institute for Stem Cell Biology and Regenerative Medicine,1,12,12,22,Not a course cluster,True,,I4210087873
IIT Kharagpur,1027,Bidhannagar College,1,19,12,7,Not a course cluster,True,,I4405270405
IIT Kharagpur,1028,Department of Science and Technology and Biotechnology,1,0,12,7,Not a course cluster,True,,I4210133337
IIT Kharagpur,1029,Shroff S.R. Rotary Institute of Chemical Technology,1,5,12,9,Not a course cluster,True,,I4405269504
IIT Kharagpur,1030,TCG Lifesciences (India),1,26,11,9,Not a course cluster,True,,I4210118991
IIT Kharagpur,1031,Tea Research Association,1,1,11,26,Not a course cluster,True,,I4210144812
IIT Kharagpur,1032,Veer Kunwar Singh University,1,0,11,3,Not a course cluster,True,,I116130893
IIT Kharagpur,1033,Sir Syed College,1,10,11,1,Not a course cluster,True,,I4405262160
IIT Kharagpur,1034,Gurudas College,1,0,11,11,Not a course cluster,True,,I4405276635
IIT Kharagpur,1035,Central Muga Eri Research and Training Institute,1,44,11,8,Not a course cluster,True,,I4210161565
IIT Kharagpur,1036,Arid Forest Research Institute,1,1,11,7,Not a course cluster,True,,I140470919
IIT Kharagpur,1037,"Dharanidhar University, Keonjhar",1,7,11,4,Not a course cluster,True,,I4405253117
IIT Kharagpur,1038,Kerala Forest Research Institute,1,14,10,6,Not a course cluster,True,,I98944809
IIT Kharagpur,1039,Krishna University,1,79,10,13,Not a course cluster,True,,I221092938
IIT Kharagpur,1040,Botanical Survey of India,1,56,10,13,Not a course cluster,True,,I1282638777
IIT Kharagpur,1041,Reserve Bank of India,1,23,10,54,Not a course cluster,True,,I1287339526
IIT Kharagpur,1042,Rashtriya Raksha University,1,0,10,3,Not a course cluster,True,,I3132447494
IIT Kharagpur,1043,"College of Engineering and Management, Kolaghat",1,10,10,8,Not a course cluster,True,,I4405256050
IIT Kharagpur,1044,Maharshi Dayanand Saraswati University,1,11,10,20,Not a course cluster,True,,I56287899
IIT Kharagpur,1045,National Institution for Transforming India Aayog,1,6,10,9,Not a course cluster,True,,I4210137148
IIT Kharagpur,1046,Kolhan University,1,0,10,5,Not a course cluster,True,,I3130993272
IIT Kharagpur,1047,Assam Science Technology and Environment Council,1,24,9,0,Not a course cluster,True,,I4405270762
IIT Kharagpur,1048,Sai University,1,4,9,2,Not a course cluster,True,,I4405259325
IIT Kharagpur,1049,St.John's Medical College Hospital,1,7,9,24,Not a course cluster,True,,I4210145302
IIT Kharagpur,1050,ICMR-National Institute of Virology,1,21,9,40,Not a course cluster,True,,I60374024
IIT Kharagpur,1051,CEPT University,1,0,9,77,Not a course cluster,True,,I25880638
IIT Kharagpur,1052,National Bureau of Fish Genetic Resources,1,12,9,21,Not a course cluster,True,,I4210090005
IIT Kharagpur,1053,Chanakya University,1,0,8,0,Not a course cluster,True,,I4405278643
IIT Kharagpur,1054,Darjeeling Government College,1,25,8,13,Not a course cluster,True,,I4405271790
IIT Kharagpur,1055,Sarguja University,1,40,8,10,Not a course cluster,True,,I3132343680
IIT Kharagpur,1056,Vignana Jyothi Institute of Management,1,2,8,1,Not a course cluster,True,,I2801452159
IIT Kharagpur,1057,JSW Group (India),1,10,8,10,Not a course cluster,True,,I160856166
IIT Kharagpur,1058,Shri Shankaracharya Professional University,1,1,8,2,Not a course cluster,True,,I4405264754
IIT Kharagpur,1059,Centre for Development of Telematics,1,3,8,1,Not a course cluster,True,,I43909382
IIT Kharagpur,1060,Kerala Veterinary and Animal Sciences University,1,15,8,8,Not a course cluster,True,,I335685885
IIT Kharagpur,1061,Central Power Research Institute,1,4,8,29,Not a course cluster,True,,I109493002
IIT Kharagpur,1062,Centre for DNA Fingerprinting and Diagnostics,1,9,8,31,Not a course cluster,True,,I78270026
IIT Kharagpur,1063,DKTE Society's Textile and Engineering Institute,1,0,8,4,Not a course cluster,True,,I4210103544
IIT Kharagpur,1064,Gujarat Vidyapith,1,19,8,17,Not a course cluster,True,,I347335806
IIT Kharagpur,1065,Tropical Forest Research Institute,1,1,8,1,Not a course cluster,True,,I1284847757
IIT Kharagpur,1066,National Institute of Epidemiology,1,2,8,23,Not a course cluster,True,,I4210100069
IIT Kharagpur,1067,Sriram Chandra Bhanja Medical College Hospital,1,2,8,17,Not a course cluster,True,,I3133213366
IIT Kharagpur,1068,Antara,1,0,7,11,Not a course cluster,True,,I4210119153
IIT Kharagpur,1069,St. Anthony's College,1,7,7,4,Not a course cluster,True,,I4405265874
IIT Kharagpur,1070,Maharaja Bir Bikram University,1,11,6,5,Not a course cluster,True,,I4210156902
IIT Kharagpur,1071,"Indian Institute of Information Technology, Sonepat",1,9,6,2,IIITs,True,,I4405255737
IIT Kharagpur,1072,Alipurduar University,1,33,6,0,Not a course cluster,True,,I4405273222
IIT Kharagpur,1073,Centre of Plasma Physics - Institute for Plasma Research,1,15,6,4,Not a course cluster,True,,I4210118770
IIT Kharagpur,1074,Arya Vaidya Sala,1,17,6,3,Not a course cluster,True,,I4210160885
IIT Kharagpur,1075,Acharya Brojendra Nath Seal College,1,8,6,17,Not a course cluster,True,,I4405271780
IIT Kharagpur,1076,Jorhat Institute of Science and Technology,1,1,6,5,Not a course cluster,True,,I4405261314
IIT Kharagpur,1077,Berger Paints (India),1,0,6,0,Not a course cluster,True,,I4210149480
IIT Kharagpur,1078,Pandit Bhagwat Dayal Sharma Post Graduate Institute of Medical Sciences,1,1,6,16,Not a course cluster,True,,I13529149
IIT Kharagpur,1079,Acharya Jagadish Chandra Bose College,1,2,6,2,Not a course cluster,True,,I4405277603
IIT Kharagpur,1080,Ananda Mohan College,1,16,5,6,Not a course cluster,True,,I4405271948
IIT Kharagpur,1081,Biocon (India),1,11,5,12,Not a course cluster,True,,I4210143327
IIT Kharagpur,1082,Asian Institute of Public Health,1,15,5,11,Not a course cluster,True,,I4210115110
IIT Kharagpur,1083,Wockhardt (India),1,3,5,0,Not a course cluster,True,,I4210102159
IIT Kharagpur,1084,Institute of Development Studies Kolkata,1,5,5,28,Not a course cluster,True,,I4405262774
IIT Kharagpur,1085,Srishti Institute of Art Design and Technology,1,14,5,1,Not a course cluster,True,,I4210124303
IIT Kharagpur,1086,Vikas College of Engineering and Technology,1,0,5,3,Not a course cluster,True,,I4405260459
IIT Kharagpur,1087,Atal Bihari Vajpayee Institute of Medical Sciences and Dr. Ram Manohar Lohia Hospital,1,0,5,11,Not a course cluster,True,,I2800585909
IIT Kharagpur,1088,Raja Peary Mohan College,1,0,5,2,Not a course cluster,True,,I4405278364
IIT Kharagpur,1089,Shibli National College,1,2,5,2,Not a course cluster,True,,I4405262478
IIT Kharagpur,1090,Garden City University,1,0,5,1,Not a course cluster,True,,I4405259915
IIT Kharagpur,1091,Saroj Mohan Institute of Technology,1,53,5,24,Not a course cluster,True,,I4405282084
IIT Kharagpur,1092,Dayanand Medical College & Hospital,1,4,5,11,Not a course cluster,True,,I4210088867
IIT Kharagpur,1093,Centre for Chronic Disease Control,1,1,5,17,Not a course cluster,True,,I4210119988
IIT Kharagpur,1094,Estuarine and Coastal Studies Foundation,1,4,5,0,Not a course cluster,True,,I4405258051
IIT Kharagpur,1095,Tezpur Medical College & Hospital,1,14,4,1,Not a course cluster,True,,I4210097972
IIT Kharagpur,1096,Hi-Tech Medical College & Hospital,1,0,4,0,Not a course cluster,True,,I4210141550
IIT Kharagpur,1097,Krupajal Engineering College,1,40,4,2,Not a course cluster,True,,I4405276997
IIT Kharagpur,1098,Swami Vivekananda Yoga Anusandhana Samsthana,1,10,4,19,Not a course cluster,True,,I2800348719
IIT Kharagpur,1099,Maharashtra National Law University,1,1,4,0,Not a course cluster,True,,I4405261059
IIT Kharagpur,1100,Bureau of Indian Standards,1,18,4,3,Not a course cluster,True,,I4405266059
IIT Kharagpur,1101,Rajiv Gandhi National Aviation University,1,0,4,0,Not a course cluster,True,,I4405268448
IIT Kharagpur,1102,Professional Assistance for Development Action,1,7,4,4,Not a course cluster,True,,I2802247371
IIT Kharagpur,1103,Janta Vedic College,1,1,4,0,Not a course cluster,True,,I4405260039
IIT Kharagpur,1104,General Electric (India),1,4,4,45,Not a course cluster,True,,I4210142581
IIT Kharagpur,1105,New Alipore College,1,19,4,2,Not a course cluster,True,,I4405272584
IIT Kharagpur,1106,Apollo Hospitals,1,6,7,46,Not a course cluster,True,,I1327930874
IIT Kharagpur,1107,Netaji Subhas Chandra Bose Cancer Research Institute,1,16,3,0,Not a course cluster,True,,I4210104904
IIT Kharagpur,1108,PSG College of Pharmacy,1,1,3,4,Not a course cluster,True,,I4405275187
IIT Kharagpur,1109,Central Council for Research in Homoeopathy,1,1,3,3,Not a course cluster,True,,I4210155405
IIT Kharagpur,1110,Ministry of Mines,1,1,3,6,Not a course cluster,True,,I4405256676
IIT Kharagpur,1111,"Indian Institute of Information Technology Senapati, Manipur",1,0,3,1,IIITs,True,,I4210161644
IIT Kharagpur,1112,TVS Motor Company (India),1,0,3,6,Not a course cluster,True,,I1589757
IIT Kharagpur,1113,Guru Teg Bahadur Hospital,1,2,3,19,Not a course cluster,True,,I2802539864
IIT Kharagpur,1114,Maharaja Krishna Chandra Gajapati Medical College and Hospital,1,3,3,1,Not a course cluster,True,,I250200457
IIT Kharagpur,1115,Kalinga Institute of Social Sciences,1,4,3,2,Not a course cluster,True,,I4405262510
IIT Kharagpur,1116,Max Super Speciality Hospital,1,3,3,9,Not a course cluster,True,,I2802464703
IIT Kharagpur,1117,Scientific Analysis Group,1,3,3,7,Not a course cluster,True,,I4210120887
IIT Kharagpur,1118,Department of Chemicals and Petrochemicals,1,5,3,0,Not a course cluster,True,,I4210104156
IIT Kharagpur,1119,Praj (India),1,1,2,1,Not a course cluster,True,,I4210093169
IIT Kharagpur,1120,Hester,1,31,2,2,Not a course cluster,True,,I4210144873
IIT Kharagpur,1121,Debra Thana Sahid Kshudiram Smriti Mahavidyalaya,1,0,2,2,Not a course cluster,True,,I4405263240
IIT Kharagpur,1122,Centre for Interdisciplinary Research and Education,1,0,2,5,Not a course cluster,True,,I4210089539
IIT Kharagpur,1123,Goa Medical College,1,0,2,6,Not a course cluster,True,,I238597064
IIT Kharagpur,1124,Udaipur Solar Observatory,1,29,2,2,Not a course cluster,True,,I2799756756
IIT Kharagpur,1125,Saroj Gupta Cancer Centre & Research Institute,1,6,2,14,Not a course cluster,True,,I4210151504
IIT Kharagpur,1126,Silchar Medical College and Hospital,1,8,2,5,Not a course cluster,True,,I2802488231
IIT Kharagpur,1127,Haldia Institute of Health Sciences,1,1,2,0,Not a course cluster,True,,I4405285202
IIT Kharagpur,1128,Adani Institute of Infrastructure Engineering,1,5,2,8,Not a course cluster,True,,I4210102401
IIT Kharagpur,1129,Yashoda Hospital,1,6,2,1,Not a course cluster,True,,I4210129842
IIT Kharagpur,1130,Surendranath Evening College,1,0,2,5,Not a course cluster,True,,I4405276959
IIT Kharagpur,1131,Manipal Hospital,1,0,2,3,Not a course cluster,True,,I4210165321
IIT Kharagpur,1132,Society For Development Alternatives,1,1,2,1,Not a course cluster,True,,I4210138833
IIT Kharagpur,1133,Virus Unit,1,24,2,5,Not a course cluster,True,,I4210093260
IIT Kharagpur,1134,Adani Group (India),1,0,2,6,Not a course cluster,True,,I4405272148
IIT Kharagpur,1135,"Mahatma Gandhi College, Darbhanga",1,8,2,0,Not a course cluster,True,,I4405284410
IIT Kharagpur,1136,West Bengal University of Health Sciences,1,0,2,4,Not a course cluster,True,,I226431899
IIT Kharagpur,1137,Fortis Hospital,1,0,6,37,Not a course cluster,True,,I4210122382
IIT Kharagpur,1138,Veer Surendra Sai Medical College and Hospital,1,3,2,0,Not a course cluster,True,,I2803056085
IIT Kharagpur,1139,Government Medical College,1,18,33,88,Not a course cluster,True,,I4210164371
IIT Kharagpur,1140,Gokhale Education Society,1,7,2,1,Not a course cluster,True,,I4405266106
IIT Kharagpur,1141,Kirloskar Group (India),1,24,2,0,Not a course cluster,True,,I4210157906
IIT Kharagpur,1142,Aarupadai Veedu Medical College & Hospital,1,11,2,1,Not a course cluster,True,,I222471920
IIT Kharagpur,1143,KPC Medical College and Hospital,1,0,2,15,Not a course cluster,True,,I243989293
IIT Kharagpur,1144,India International University of Legal Education and Research,1,0,1,0,Not a course cluster,True,,I4405270547
IIT Kharagpur,1145,Icon (India),1,11,1,0,Not a course cluster,True,,I4210089292
IIT Kharagpur,1146,Aeronautical Development Establishment,1,0,1,3,Not a course cluster,True,,I4210093458
IIT Kharagpur,1147,Centre For Research & Education in Science & Technology,1,2,1,1,Not a course cluster,True,,I4405276109
IIT Kharagpur,1148,Jaypee Group (India),1,1,1,3,Not a course cluster,True,,I2800623768
IIT Kharagpur,1149,Basanti Devi College,1,0,1,8,Not a course cluster,True,,I4405274977
IIT Kharagpur,1150,"Samanta Chandra Sekhar Autonomous College, Puri",1,1,1,3,Not a course cluster,True,,I4405280434
IIT Kharagpur,1151,Martin Luther Christian University,1,2,1,0,Not a course cluster,True,,I3133174604
IIT Kharagpur,1152,Vehicles Research Development Establishment,1,22,1,1,Not a course cluster,True,,I4210086389
IIT Kharagpur,1153,Research & Development Establishment (Engrs.),1,6,1,16,Not a course cluster,True,,I4210099971
IIT Kharagpur,1154,Central Institute of Indian Languages,1,0,1,1,Not a course cluster,True,,I2801245514
IIT Kharagpur,1155,Al-Ameen College of Pharmacy,1,1,1,7,Not a course cluster,True,,I70922119
IIT Kharagpur,1156,Sitaram Bhartia Institute of Science and Research,1,7,1,1,Not a course cluster,True,,I4210118890
IIT Kharagpur,1157,Medanta The Medicity,1,0,2,17,Not a course cluster,True,,I4210115207
IIT Kharagpur,1158,Abhedananda Mahavidyalaya,1,3,1,1,Not a course cluster,True,,I4405277156
IIT Kharagpur,1159,Engineers India (India),1,0,1,6,Not a course cluster,True,,I46308248
IIT Kharagpur,1160,Central India Institute of Medical Sciences,1,2,1,1,Not a course cluster,True,,I4210135505
IIT Kharagpur,1161,Torrent Pharma (India),1,9,1,1,Not a course cluster,True,,I4210137505
IIT Kharagpur,1162,Maharashtra National Law University Mumbai,1,1,1,0,Not a course cluster,True,,I2801938406
IIT Kharagpur,1163,King George Hospital,1,36,1,0,Not a course cluster,True,,I4210162863
IIT Kharagpur,1164,Medanta The Medicity,1,0,2,17,Not a course cluster,True,,I1291450037
IIT Kharagpur,1165,Al-Ameen Medical College,1,0,1,1,Not a course cluster,True,,I157458207
IIT Kharagpur,1166,Indas Mahavidyalaya,1,0,1,2,Not a course cluster,True,,I4405273145
IIT Kharagpur,1167,Bejoy Narayan Mahavidyalaya,1,24,1,8,Not a course cluster,True,,I4405283970
IIT Kharagpur,1168,National University of Study and Research in Law,1,3,1,2,Not a course cluster,True,,I3129248420
IIT Kharagpur,1169,Apollo Institute of Medical Sciences & Research,1,0,1,3,Not a course cluster,True,,I4210118361
IIT Kharagpur,1170,Uluberia College,1,3,1,7,Not a course cluster,True,,I4405270095
IIT Kharagpur,1171,Mylan (India),1,31,1,2,Not a course cluster,True,,I4210132119
IIT Kharagpur,1172,Topiwala National Medical College & BYL Nair Charitable Hospital,1,0,1,14,Not a course cluster,True,,I3024917321
IIT Kharagpur,1173,Karnataka Health Promotion Trust,1,7,0,5,Not a course cluster,True,,I4210116282
IIT Kharagpur,1174,Ministry of Culture,1,0,0,1,Not a course cluster,True,,I1314849024
IIT Kharagpur,1175,Vedanta Resources (India),1,0,0,0,Not a course cluster,True,,I4210093935
IIT Kharagpur,1176,Voluntary Health Association of Goa,1,5,0,0,Not a course cluster,True,,I4210124092
IIT Kharagpur,1177,Travancore medicity medical College hospital,1,20,0,0,Not a course cluster,True,,I4405262442
IIT Kharagpur,1178,Kusum Devi Sunderlal Dugar Jain Dental College & Hospital,1,0,0,0,Not a course cluster,True,,I4405274607
IIT Kharagpur,1179,National Institute of Financial Management,1,5,0,6,Not a course cluster,True,,I4210122998
IIT Kharagpur,1180,Defence Institute of Psychological Research,1,10,0,5,Not a course cluster,True,,I72008476
IIT Kharagpur,1181,Navdanya,1,38,0,0,Not a course cluster,True,,I4210112880
IIT Kharagpur,1182,Indian Institute of Art & Design,1,0,0,0,Not a course cluster,True,,I4210133633
IIT Kharagpur,1183,Honeywell (India),1,1,0,6,Not a course cluster,True,,I4210101534
IIT Kharagpur,1184,Canara Bank,1,11,0,1,Not a course cluster,True,,I4405283699
IIT Kharagpur,1185,Association for Socially Applicable Research,1,20,0,0,Not a course cluster,True,,I4405263513
IIT Kharagpur,1186,Indian Institute of Advanced Study,1,41,0,1,Not a course cluster,True,,I2830045
IIT Kharagpur,1187,ITPEnergised Group (India),1,0,0,0,Not a course cluster,True,,I4210144604
IIT Kharagpur,1188,Dr. B.R. Ambedkar State Institute of Medical Sciences,1,2,0,1,Not a course cluster,True,,I4405268885
IIT Kharagpur,1189,National Tea Research Foundation,1,8,0,5,Not a course cluster,True,,I4405268689
IIT Kharagpur,1190,Sri Ramachandra Medical Centre,1,0,0,7,Not a course cluster,True,,I4210107332
IIT Kharagpur,1191,Artemis Hospitals,1,1,0,1,Not a course cluster,True,,I4210165151
IIT Kharagpur,1192,A. R. College of Pharmacy & G. H. Patel Institute of Pharmacy,1,0,0,0,Not a course cluster,True,,I4405284862
IIT Kharagpur,1193,Centre for Science and Environment,1,3,0,7,Not a course cluster,True,,I75971999
IIT Kharagpur,1194,Maaruti College of Dental sciences & Research Center,1,5,0,2,Not a course cluster,True,,I4210130611
IIT Kharagpur,1195,Fortis Hospital,1,0,6,37,Not a course cluster,True,,I4210153334
IIT Kharagpur,1196,Fortis Hospital,1,0,6,37,Not a course cluster,True,,I4210152136
IIT Kharagpur,1197,National Research Centre on Equines,1,9,0,3,Not a course cluster,True,,I17539415
IIT Kharagpur,1198,Pratham,1,16,0,1,Not a course cluster,True,,I4210122899
IIT Kharagpur,1199,Goa Dental College and Hospital,1,5,0,0,Not a course cluster,True,,I2800979047
IIT Kharagpur,1200,ESI - Post Graduate Institute of Medical Science and Research,1,1,0,5,Not a course cluster,True,,I4210105251
IIT Kharagpur,1201,Government Ayurvedic College and Hospital,1,1,0,0,Not a course cluster,True,,I4210114849
IIT Kharagpur,1202,Cancer Foundation of India,1,7,0,0,Not a course cluster,True,,I4210111345
IIT Kharagpur,1203,GVK (India),1,30,0,3,Not a course cluster,True,,I4210091129
IIT Kharagpur,1204,Lok Nayak Jai Prakash Narayan Hospital,1,21,0,3,Not a course cluster,True,,I4210096873
IIT Kharagpur,1205,"Government Institute of Medical Sciences, Greater Noida",1,0,0,0,Not a course cluster,True,,I4405273197
IIT Kharagpur,1206,United Nations Children's Fund India,1,16,0,42,Not a course cluster,True,,I4210159699
IIT Kharagpur,1207,Ismail National Mahila P.G. College,1,19,0,1,Not a course cluster,True,,I4405283832
IIT Kharagpur,1208,Population Council Institute,1,27,0,0,Not a course cluster,True,,I4210155942
IIT Kharagpur,1209,Vivekananda Institute of Medical Sciences,1,0,0,9,Not a course cluster,True,,I4210131107
IIT Kharagpur,1210,Mithila Minority Dental College And Hospital,1,0,0,0,Not a course cluster,True,,I2801980077
IIT Kharagpur,1211,Dr. Baba Saheb Ambedkar Medical College and Hospital,1,4,0,0,Not a course cluster,True,,I4405278595
IIT Kharagpur,1212,Defence Terrain Research Laboratory,1,4,0,7,Not a course cluster,True,,I4210112953
IIT Kharagpur,1213,NTPC Consultancy (India),1,0,0,1,Not a course cluster,True,,I4210096798
IIT Kharagpur,1214,Gandhi Medical College & Hospital,1,2,0,3,Not a course cluster,True,,I15853019
IIT Kharagpur,1215,Kakatiya Medical College,1,1,0,5,Not a course cluster,True,,I4405262917
IIT Kharagpur,1216,KLE Technological University,0,0,243,113,Not a course cluster,True,,I3132975163
IIT Kharagpur,1217,Punjabi University,0,0,195,162,Not a course cluster,True,,I79161377
IIT Kharagpur,1218,St. Joseph’s College of Engineering,0,0,160,85,Not a course cluster,True,,I4387154592
IIT Kharagpur,1219,Magadh University,0,0,160,26,Not a course cluster,True,,I127727965
IIT Kharagpur,1220,New Horizon College of Engineering,0,0,153,16,Not a course cluster,True,,I4405256925
IIT Kharagpur,1221,Central University of Jammu,0,0,148,71,Not a course cluster,True,,I4210142231
IIT Kharagpur,1222,Deenbandhu Chhotu Ram University of Science and Technology,0,0,148,97,Not a course cluster,True,,I253188195
IIT Kharagpur,1223,Gurukul Kangri Vishwavidyalaya,0,0,143,72,Not a course cluster,True,,I114796046
IIT Kharagpur,1224,Bharati Vidyapeeth (Deemed to be University),0,0,132,75,Not a course cluster,True,,I887998513
IIT Kharagpur,1225,Manav Rachna International Institute of Research and Studies,0,0,127,39,Not a course cluster,True,,I55016150
IIT Kharagpur,1226,Mohan Babu University,0,0,124,9,Not a course cluster,True,,I4405270480
IIT Kharagpur,1227,Institute of Himalayan Bioresource Technology,0,0,118,131,Not a course cluster,True,,I4210128326
IIT Kharagpur,1228,GIET University,0,0,114,25,Not a course cluster,True,,I4210139271
IIT Kharagpur,1229,Nitte Meenakshi Institute of Technology,0,0,111,26,Not a course cluster,True,,I4405268608
IIT Kharagpur,1230,Gandhigram Rural Institute,0,0,110,221,Not a course cluster,True,,I880551032
IIT Kharagpur,1231,Indira Gandhi Delhi Technical University for Women,0,0,110,48,Not a course cluster,True,,I4210143260
IIT Kharagpur,1232,KR Mangalam University,0,0,102,17,Not a course cluster,True,,I4210114149
IIT Kharagpur,1233,Thiagarajar College of Engineering,0,0,100,82,Not a course cluster,True,,I21234101
IIT Kharagpur,1234,Indira Gandhi National Open University,0,0,99,81,Not a course cluster,True,,I51969498
IIT Kharagpur,1235,Mangalore University,0,0,97,113,Not a course cluster,True,,I19008122
IIT Kharagpur,1236,Teerthanker Mahaveer University,0,0,97,24,Not a course cluster,True,,I134705546
IIT Kharagpur,1237,Yogi Vemana University,0,0,93,67,Not a course cluster,True,,I83073037
IIT Kharagpur,1238,Vinayaka Missions University,0,0,93,25,Not a course cluster,True,,I175548057
IIT Kharagpur,1239,Mahaveer University,0,0,88,23,Not a course cluster,True,,I4405260859
IIT Kharagpur,1240,PSG College of Arts & Science,0,0,84,35,Not a course cluster,True,,I4405260672
IIT Kharagpur,1241,Noida Institute of Engineering and Technology,0,0,67,15,Not a course cluster,True,,I4405260775
IIT Kharagpur,1242,Amity University Madhya Pradesh,0,0,66,13,Not a course cluster,True,,I4405263094
IIT Kharagpur,1243,Calcutta Institute of Technology,0,0,65,7,Not a course cluster,True,,I4405275047
IIT Kharagpur,1244,DAV University,0,0,65,50,Not a course cluster,True,,I1341847395
IIT Kharagpur,1245,Central Coastal Agricultural Research Institute,0,0,63,37,Not a course cluster,True,,I4210094289
IIT Kharagpur,1246,Maulana Azad National Urdu University,0,0,61,27,Not a course cluster,True,,I3133391162
IIT Kharagpur,1247,Assam Down Town University,0,0,60,14,Not a course cluster,True,,I49068896
IIT Kharagpur,1248,Davangere University,0,0,60,24,Not a course cluster,True,,I214657376
IIT Kharagpur,1249,Acharya Nagarjuna University,0,0,60,66,Not a course cluster,True,,I177001074
IIT Kharagpur,1250,Noorul Islam University,0,0,59,22,Not a course cluster,True,,I96797292
IIT Kharagpur,1251,Ajay Kumar Garg Engineering College,0,0,58,11,Not a course cluster,True,,I4405257060
IIT Kharagpur,1252,Thiruvalluvar University,0,0,58,78,Not a course cluster,True,,I117381506
IIT Kharagpur,1253,Loyola College,0,0,58,87,Not a course cluster,True,,I4405274569
IIT Kharagpur,1254,National Forensic Sciences University,0,0,57,26,Not a course cluster,True,,I1331084196
IIT Kharagpur,1255,Kuvempu University,0,0,57,58,Not a course cluster,True,,I178319760
IIT Kharagpur,1256,Solapur University,0,0,56,41,Not a course cluster,True,,I155907036
IIT Kharagpur,1257,Noida International University,0,0,56,6,Not a course cluster,True,,I4210086299
IIT Kharagpur,1258,Rajasthan Technical University,0,0,55,27,Not a course cluster,True,,I159219196
IIT Kharagpur,1259,Chaudhary Sarwan Kumar Himachal Pradesh Krishi Vishvavidyalaya,0,0,55,30,Not a course cluster,True,,I377099284
IIT Kharagpur,1260,Rayat Bahra University,0,0,54,16,Not a course cluster,True,,I2801240201
IIT Kharagpur,1261,Velammal Educational Trust,0,0,54,20,Not a course cluster,True,,I4210105562
IIT Kharagpur,1262,Sardar Patel University Mandi,0,0,54,23,Not a course cluster,True,,I4405284406
IIT Kharagpur,1263,Swami Rama Himalayan University,0,0,54,25,Not a course cluster,True,,I2802000655
IIT Kharagpur,1264,Government of Uttar Pradesh,0,0,54,23,Not a course cluster,True,,I2801491316
IIT Kharagpur,1265,Ministry of Food Processing Industries,0,0,54,70,Not a course cluster,True,,I4210160388
IIT Kharagpur,1266,Rajagiri College of Social Sciences (Autonomous),0,0,53,5,Not a course cluster,True,,I4388891759
IIT Kharagpur,1267,Shri Guru Ram Rai University,0,0,51,6,Not a course cluster,True,,I4405261556
IIT Kharagpur,1268,Kalinga University,0,0,51,5,Not a course cluster,True,,I2800614057
IIT Kharagpur,1269,Gokhale Memorial Girls' College,0,0,51,13,Not a course cluster,True,,I4405274146
IIT Kharagpur,1270,Veer Narmad South Gujarat University,0,0,51,33,Not a course cluster,True,,I10926426
IIT Kharagpur,1271,Dr. Homi Bhabha State University,0,0,51,11,Not a course cluster,True,,I4405271898
IIT Kharagpur,1272,Sri Guru Granth Sahib World University,0,0,51,49,Not a course cluster,True,,I199140397
IIT Kharagpur,1273,Bishop Heber College,0,0,50,23,Not a course cluster,True,,I4405261969
IIT Kharagpur,1274,IIMT University,0,0,50,9,Not a course cluster,True,,I4405262983
IIT Kharagpur,1275,Dr. M.G.R. Educational and Research Institute,0,0,49,14,Not a course cluster,True,,I19926482
IIT Kharagpur,1276,Manav Rachna University,0,0,49,15,Not a course cluster,True,,I4405253735
IIT Kharagpur,1277,St. Joseph's Institute of Technology,0,0,48,9,Not a course cluster,True,,I4210101093
IIT Kharagpur,1278,Rajiv Gandhi Technical University,0,0,48,58,Not a course cluster,True,,I196622127
IIT Kharagpur,1279,"Indira Gandhi University, Meerpur",0,0,47,11,Not a course cluster,True,,I4210142013
IIT Kharagpur,1280,Yenepoya Research Centre,0,0,47,17,Not a course cluster,True,,I4405268903
IIT Kharagpur,1281,Raisoni Group of Institutions,0,0,47,29,Not a course cluster,True,,I4210146358
IIT Kharagpur,1282,D.Y. Patil Education Society,0,0,46,16,Not a course cluster,True,,I4210145115
IIT Kharagpur,1283,Central Electronics Engineering Research Institute,0,0,46,40,CSIR labs,True,,I41763900
IIT Kharagpur,1284,Agharkar Research Institute,0,0,45,40,Not a course cluster,True,,I151205615
IIT Kharagpur,1285,Patna University,0,0,44,57,Not a course cluster,True,,I2534966
IIT Kharagpur,1286,Government of Haryana,0,0,44,28,Not a course cluster,True,,I2799795791
IIT Kharagpur,1287,Sri Venkateswara College of Engineering Tirupati,0,0,44,10,Not a course cluster,True,,I4405261004
IIT Kharagpur,1288,Fourth Paradigm Institute,0,0,43,151,Not a course cluster,True,,I2799463389
IIT Kharagpur,1289,Adichunchanagiri University,0,0,43,4,Not a course cluster,True,,I4405285236
IIT Kharagpur,1290,Baba Ghulam Shah Badshah University,0,0,43,17,Not a course cluster,True,,I299920578
IIT Kharagpur,1291,North Eastern Space Applications Centre,0,0,42,73,Not a course cluster,True,,I4210130634
IIT Kharagpur,1292,Government of Himachal Pradesh,0,0,42,27,Not a course cluster,True,,I4210098857
IIT Kharagpur,1293,National Engineering College,0,0,41,27,Not a course cluster,True,,I4405269433
IIT Kharagpur,1294,IFTM University,0,0,41,28,Not a course cluster,True,,I2801192375
IIT Kharagpur,1295,Central Institute of Medicinal and Aromatic Plants,0,0,40,75,Not a course cluster,True,,I68145777
IIT Kharagpur,1296,National Institute of Pharmaceutical Education and Research - Ahmedabad,0,0,40,31,Not a course cluster,True,,I4210102411
IIT Kharagpur,1297,Mody University of Science and Technology,0,0,39,32,Not a course cluster,True,,I72563045
IIT Kharagpur,1298,Sri Krishnadevaraya University,0,0,38,83,Not a course cluster,True,,I4031970
IIT Kharagpur,1299,Glocal University,0,0,38,34,Not a course cluster,True,,I3130698519
IIT Kharagpur,1300,Baba Mastnath University,0,0,38,3,Not a course cluster,True,,I4210134754
IIT Kharagpur,1301,Avinashilingam University,0,0,37,28,Not a course cluster,True,,I161045824
IIT Kharagpur,1302,Gurugram University,0,0,37,1,Not a course cluster,True,,I4390039362
IIT Kharagpur,1303,Tilka Manjhi Bhagalpur University,0,0,37,37,Not a course cluster,True,,I96307353
IIT Kharagpur,1304,Kashi Naresh Government Post Graduate College,0,0,36,5,Not a course cluster,True,,I4405282218
IIT Kharagpur,1305,Dayananda Sagar Academy of Technology and Management,0,0,35,7,Not a course cluster,True,,I4405277151
IIT Kharagpur,1306,DES Pune University,0,0,35,36,Not a course cluster,True,,I4405260121
IIT Kharagpur,1307,Vijayanagara Sri Krishnadevaraya University,0,0,35,6,Not a course cluster,True,,I4210124025
IIT Kharagpur,1308,"Bharati Vidyapeeth's College of Engineering, Delhi",0,0,34,15,Not a course cluster,True,,I4405259495
IIT Kharagpur,1309,Ramakrishna Mission Vidyalaya,0,0,34,24,Not a course cluster,True,,I4210141018
IIT Kharagpur,1310,Sir Padampat Singhania University,0,0,34,5,Not a course cluster,True,,I94511900
IIT Kharagpur,1311,Dr. C. V. Raman University,0,0,33,8,Not a course cluster,True,,I3129960170
IIT Kharagpur,1312,Malla Reddy University,0,0,33,5,Not a course cluster,True,,I4405254961
IIT Kharagpur,1313,Dhanalakshmi Srinivasan Group of Institutions,0,0,33,10,Not a course cluster,True,,I4210146157
IIT Kharagpur,1314,National Institute of Nutrition,0,0,33,58,Not a course cluster,True,,I53421241
IIT Kharagpur,1315,Jai Narain Vyas University,0,0,32,33,Not a course cluster,True,,I59100879
IIT Kharagpur,1316,GD Goenka University,0,0,32,20,Not a course cluster,True,,I2802922787
IIT Kharagpur,1317,"American College, Madurai",0,0,32,4,Not a course cluster,True,,I2800849556
IIT Kharagpur,1318,Periyar Maniammai Institute of Science & Technology,0,0,32,21,Not a course cluster,True,,I207025910
IIT Kharagpur,1319,Deen Dayal Upadhyaya College,0,0,31,17,Not a course cluster,True,,I4405276378
IIT Kharagpur,1320,Government Engineering College Thrissur,0,0,31,28,Not a course cluster,True,,I4405276907
IIT Kharagpur,1321,Acharya Institute of Technology,0,0,31,4,Not a course cluster,True,,I4405261980
IIT Kharagpur,1322,Veer Chandra Singh Garhwali Uttarakhand University of Horticulture & Forestry,0,0,31,13,Not a course cluster,True,,I4210095517
IIT Kharagpur,1323,Sri Ramakrishna College of Arts and Science,0,0,31,15,Not a course cluster,True,,I4405258780
IIT Kharagpur,1324,Central Marine Fisheries Research Institute,0,0,30,57,Not a course cluster,True,,I899802
IIT Kharagpur,1325,Shri Govindram Seksaria Institute of Technology and Science,0,0,30,40,Not a course cluster,True,,I4405278167
IIT Kharagpur,1326,Kongunadu Arts and Science College,0,0,30,30,Not a course cluster,True,,I4405268639
IIT Kharagpur,1327,Maharaja Surajmal Institute of Technology,0,0,30,17,Not a course cluster,True,,I4405277354
IIT Kharagpur,1328,Institute for Social and Economic Change,0,0,30,58,Not a course cluster,True,,I4210092443
IIT Kharagpur,1329,Uttarakhand Technical University,0,0,30,19,Not a course cluster,True,,I201750527
IIT Kharagpur,1330,Indian Institute of Advanced Research,0,0,29,36,Not a course cluster,True,,I4210091027
IIT Kharagpur,1331,Nagaon University,0,0,29,15,Not a course cluster,True,,I4405278019
IIT Kharagpur,1332,Soban Singh Jeena University,0,0,29,6,Not a course cluster,True,,I4405260884
IIT Kharagpur,1333,Uttarakhand Government,0,0,29,16,Not a course cluster,True,,I4210124730
IIT Kharagpur,1334,Indus University,0,0,28,18,Not a course cluster,True,,I70764227
IIT Kharagpur,1335,The Madura College,0,0,28,15,Not a course cluster,True,,I4405255910
IIT Kharagpur,1336,Presidency College,0,0,28,40,Not a course cluster,True,,I4405281587
IIT Kharagpur,1337,GNA University,0,0,27,3,Not a course cluster,True,,I4210097606
IIT Kharagpur,1338,Institute of Nuclear Medicine & Allied Sciences,0,0,27,42,Not a course cluster,True,,I4210114989
IIT Kharagpur,1339,NSS College of Engineering Palakkad,0,0,27,8,Not a course cluster,True,,I4405253093
IIT Kharagpur,1340,University of Ladakh,0,0,27,7,Not a course cluster,True,,I4405272573
IIT Kharagpur,1341,SAGE University Indore,0,0,26,5,Not a course cluster,True,,I4405261040
IIT Kharagpur,1342,Jaipur National University,0,0,26,35,Not a course cluster,True,,I9223067
IIT Kharagpur,1343,Sankalchand Patel University,0,0,26,13,Not a course cluster,True,,I4387154200
IIT Kharagpur,1344,Velalar College of Engineering and Technology,0,0,26,3,Not a course cluster,True,,I4405256405
IIT Kharagpur,1345,Tumkur University,0,0,26,18,Not a course cluster,True,,I53508799
IIT Kharagpur,1346,Dr Panjabrao Deshmukh Krishi Vidyapeeth,0,0,26,32,Not a course cluster,True,,I223781097
IIT Kharagpur,1347,RKDF University,0,0,26,3,Not a course cluster,True,,I2801027606
IIT Kharagpur,1348,Nalla Narasimha Reddy Education Society's Group of Institutions,0,0,26,1,Not a course cluster,True,,I4405257354
IIT Kharagpur,1349,Central Council for Research in Ayurvedic Science,0,0,26,8,Not a course cluster,True,,I4210089662
IIT Kharagpur,1350,"Khwaja Moinuddin Chishti Language University, Lucknow, U.P.",0,0,25,5,Not a course cluster,True,,I4405261701
IIT Kharagpur,1351,Institute of Forest Productivity,0,0,25,4,Not a course cluster,True,,I4210136636
IIT Kharagpur,1352,St. Joseph's College,0,0,25,14,Not a course cluster,True,,I4405272038
IIT Kharagpur,1353,Swami Vivekanand Subharti University,0,0,25,6,Not a course cluster,True,,I2799707979
IIT Kharagpur,1354,All India Council for Technical Education,0,0,25,6,Not a course cluster,True,,I162289562
IIT Kharagpur,1355,Sri Balaji Vidyapeeth University,0,0,25,6,Not a course cluster,True,,I4210115345
IIT Kharagpur,1356,RajaRajeswari College of Engineering,0,0,25,8,Not a course cluster,True,,I4405256669
IIT Kharagpur,1357,Alagappa Government Arts College,0,0,24,15,Not a course cluster,True,,I4405278107
IIT Kharagpur,1358,Central Potato Research Institute,0,0,24,50,Not a course cluster,True,,I4210100544
IIT Kharagpur,1359,Anil Neerukonda Institute of Technology & Sciences,0,0,24,11,Not a course cluster,True,,I4405284298
IIT Kharagpur,1360,PSG Institute of Advanced Studies,0,0,24,58,Not a course cluster,True,,I4210154029
IIT Kharagpur,1361,Saurashtra University,0,0,24,45,Not a course cluster,True,,I197181853
IIT Kharagpur,1362,Bengaluru City University,0,0,24,5,Not a course cluster,True,,I4405260856
IIT Kharagpur,1363,University of Agricultural Sciences Raichur,0,0,24,42,Not a course cluster,True,,I61553790
IIT Kharagpur,1364,"University of Agricultural Sciences, Dharwad",0,0,23,49,Not a course cluster,True,,I139046659
IIT Kharagpur,1365,Hemchandracharya North Gujarat University,0,0,23,11,Not a course cluster,True,,I335036346
IIT Kharagpur,1366,"Army Institute of Technology, Pune",0,0,23,7,Not a course cluster,True,,I4405285474
IIT Kharagpur,1367,University of Kota,0,0,23,17,Not a course cluster,True,,I200561399
IIT Kharagpur,1368,Central Institute for Cotton Research,0,0,23,22,Not a course cluster,True,,I185412522
IIT Kharagpur,1369,"Kasturba Medical College, Mangalore",0,0,23,17,Not a course cluster,True,,I4387153400
IIT Kharagpur,1370,Atria Institute of Technology,0,0,23,16,Not a course cluster,True,,I4405256893
IIT Kharagpur,1371,East West Institute of Technology,0,0,23,6,Not a course cluster,True,,I4405264359
IIT Kharagpur,1372,D.A.V. College Chandigarh,0,0,23,18,Not a course cluster,True,,I4405276032
IIT Kharagpur,1373,Sant Baba Bhag Singh University,0,0,23,2,Not a course cluster,True,,I4405259092
IIT Kharagpur,1374,"Sanskriti University, Mathura",0,0,22,5,Not a course cluster,True,,I4405258449
IIT Kharagpur,1375,Chandigarh University Uttar Pradesh,0,0,22,0,Not a course cluster,True,,I4405271645
IIT Kharagpur,1376,Jerusalem College of Engineering,0,0,22,1,Not a course cluster,True,,I4405271358
IIT Kharagpur,1377,"Government College of Engineering, Tirunelveli",0,0,22,2,Not a course cluster,True,,I4390039373
IIT Kharagpur,1378,Chettinad Health City,0,0,22,17,Not a course cluster,True,,I2801758192
IIT Kharagpur,1379,West Bengal State Council of Technical Education,0,0,22,13,Not a course cluster,True,,I3130133132
IIT Kharagpur,1380,Defence Food Research Laboratory,0,0,22,102,Not a course cluster,True,,I2802608988
IIT Kharagpur,1381,Fortune Institute of International Business,0,0,22,17,Not a course cluster,True,,I4210105362
IIT Kharagpur,1382,Infosys (India),0,0,22,20,Not a course cluster,True,,I110675161
IIT Kharagpur,1383,JSPM's Rajarshi Shahu College of Engineering,0,0,21,4,Not a course cluster,True,,I4405285498
IIT Kharagpur,1384,Rain Forest Research Institute,0,0,21,10,Not a course cluster,True,,I1291714003
IIT Kharagpur,1385,"P.E.S. College of Engineering, Mandya",0,0,21,10,Not a course cluster,True,,I4405283756
IIT Kharagpur,1386,Bajkul Milani Mahavidyalaya,0,0,21,5,Not a course cluster,True,,I4405259813
IIT Kharagpur,1387,COER University,0,0,21,12,Not a course cluster,True,,I4405265151
IIT Kharagpur,1388,LJ University,0,0,21,7,Not a course cluster,True,,I4405257251
IIT Kharagpur,1389,St. Peter's Institute of Higher Education and Research,0,0,21,13,Not a course cluster,True,,I3133098998
IIT Kharagpur,1390,Vaagdevi College of Engineering,0,0,20,10,Not a course cluster,True,,I4387152492
IIT Kharagpur,1391,Karnataka Veterinary Animal and Fisheries Sciences University,0,0,20,24,Not a course cluster,True,,I244504473
IIT Kharagpur,1392,Ambedkar University Delhi,0,0,20,26,Not a course cluster,True,,I190765188
IIT Kharagpur,1393,Rajkiya Engineering College Banda,0,0,20,4,Not a course cluster,True,,I4405260200
IIT Kharagpur,1394,Ministry of AYUSH,0,0,20,12,Not a course cluster,True,,I4210124368
IIT Kharagpur,1395,Rathinam Technical Campus,0,0,20,2,Not a course cluster,True,,I4405261689
IIT Kharagpur,1396,Krishnagar Government College,0,0,20,12,Not a course cluster,True,,I4405271444
IIT Kharagpur,1397,Sandip Institute of Technology & Research Centre,0,0,20,15,Not a course cluster,True,,I4405263547
IIT Kharagpur,1398,Dhanalakshmi Srinivasan University,0,0,20,4,Not a course cluster,True,,I4405253460
IIT Kharagpur,1399,Vikram University,0,0,20,28,Not a course cluster,True,,I86381314
IIT Kharagpur,1400,Malla Reddy Engineering College for Women,0,0,20,4,Not a course cluster,True,,I4405256248
IIT Kharagpur,1401,ICAR-Indian Institute of Maize Research,0,0,20,24,Not a course cluster,True,,I4210155935
IIT Kharagpur,1402,G H Raisoni University,0,0,20,9,Not a course cluster,True,,I4405262502
IIT Kharagpur,1403,Sandip University Sijoul Madhubani Bihar,0,0,20,1,Not a course cluster,True,,I4405263055
IIT Kharagpur,1404,Shreemati Nathibai Damodar Thackersey Women's University,0,0,20,14,Not a course cluster,True,,I19986915
IIT Kharagpur,1405,University of Agricultural and Horticultural Sciences,0,0,19,40,Not a course cluster,True,,I4210150675
IIT Kharagpur,1406,"Shrikrishna Mahavidyalaya, Gunjoti",0,0,19,4,Not a course cluster,True,,I4405272631
IIT Kharagpur,1407,Sanjay Ghodawat University,0,0,19,6,Not a course cluster,True,,I4210097370
IIT Kharagpur,1408,Adani University,0,0,19,3,Not a course cluster,True,,I4405258911
IIT Kharagpur,1409,Raniganj Girls' College,0,0,19,0,Not a course cluster,True,,I4405279348
IIT Kharagpur,1410,Directorate of Groundnut Research,0,0,19,9,Not a course cluster,True,,I2801342896
IIT Kharagpur,1411,CT University,0,0,19,5,Not a course cluster,True,,I4405258160
IIT Kharagpur,1412,Shri Venkateshwara University,0,0,19,9,Not a course cluster,True,,I15517640
IIT Kharagpur,1413,Rajiv Gandhi Centre for Biotechnology,0,0,19,54,Not a course cluster,True,,I89324447
IIT Kharagpur,1414,Ministry of Health and Family Welfare,0,0,19,25,Not a course cluster,True,,I4210148677
IIT Kharagpur,1415,Ballari Institute of Technology & Management,0,0,19,3,Not a course cluster,True,,I4405264803
IIT Kharagpur,1416,Sri Manakula Vinayagar Educational Trust,0,0,19,2,Not a course cluster,True,,I4210116967
IIT Kharagpur,1417,Sardarkrushinagar Dantiwada Agricultural University,0,0,18,18,Not a course cluster,True,,I271267010
IIT Kharagpur,1418,Chandra Shekhar Azad University of Agriculture and Technology,0,0,18,27,Not a course cluster,True,,I4210143625
IIT Kharagpur,1419,Pragjyotish College,0,0,18,2,Not a course cluster,True,,I4405274032
IIT Kharagpur,1420,Nanda Nath Saikia College,0,0,18,7,Not a course cluster,True,,I4405263612
IIT Kharagpur,1421,Kovai Medical Center and Hospital,0,0,18,4,Not a course cluster,True,,I4210111349
IIT Kharagpur,1422,St. Stephen's College,0,0,18,8,Not a course cluster,True,,I4405274875
IIT Kharagpur,1423,A. Veeriya Vandayar Memorial Sri Pushpam College,0,0,18,19,Not a course cluster,True,,I4405260489
IIT Kharagpur,1424,RK University,0,0,18,10,Not a course cluster,True,,I137674396
IIT Kharagpur,1425,"Indian Institute of Information Technology, Nagpur",0,0,18,10,IIITs,True,,I4210138251
IIT Kharagpur,1426,Dr. Dayaram Patel Pharmacy College,0,0,18,0,Not a course cluster,True,,I4405255592
IIT Kharagpur,1427,"St Joseph's University, Bengaluru, India",0,0,18,11,Not a course cluster,True,,I4403928339
IIT Kharagpur,1428,Ministry of Home Affairs,0,0,18,9,Not a course cluster,True,,I4405266773
IIT Kharagpur,1429,Abasaheb Garware College,0,0,18,23,Not a course cluster,True,,I183970581
IIT Kharagpur,1430,Palamuru University,0,0,18,17,Not a course cluster,True,,I210116565
IIT Kharagpur,1431,Gaya College,0,0,18,1,Not a course cluster,True,,I4405278187
IIT Kharagpur,1432,Mother Teresa Women's University,0,0,18,12,Not a course cluster,True,,I106841677
IIT Kharagpur,1433,Federal Institute of Science and Technology,0,0,18,4,Not a course cluster,True,,I4405263975
IIT Kharagpur,1434,Fergusson College,0,0,18,64,Not a course cluster,True,,I126227178
IIT Kharagpur,1435,"Indian Institute of Information Technology and Management, Kerala",0,0,17,16,IIITs,True,,I68695296
IIT Kharagpur,1436,"Rajendra University, Balangir",0,0,17,0,Not a course cluster,True,,I4405275895
IIT Kharagpur,1437,St. Thomas College (Autonomous),0,0,17,7,Not a course cluster,True,,I4405254056
IIT Kharagpur,1438,Guru Nanak Institute of Pharmaceutical Science and Technology,0,0,17,1,Not a course cluster,True,,I4405277074
IIT Kharagpur,1439,National Institute of Fashion Technology,0,0,17,5,Not a course cluster,True,,I25621075
IIT Kharagpur,1440,Vikrama Simhapuri University,0,0,17,2,Not a course cluster,True,,I219774598
IIT Kharagpur,1441,St Xavier’s College,0,0,17,11,Not a course cluster,True,,I906608882
IIT Kharagpur,1442,"Sri Balaji University, Pune",0,0,17,14,Not a course cluster,True,,I4405260961
IIT Kharagpur,1443,Tamil Nadu Dr. M.G.R. Medical University,0,0,17,4,Not a course cluster,True,,I2800701874
IIT Kharagpur,1444,Bhagwant University,0,0,17,13,Not a course cluster,True,,I3132145264
IIT Kharagpur,1445,Central Tuber Crops Research Institute,0,0,17,27,Not a course cluster,True,,I1322336093
IIT Kharagpur,1446,India Habitat Centre,0,0,17,82,Not a course cluster,True,,I4210155917
IIT Kharagpur,1447,"Rani Channamma University, Belagavi",0,0,17,10,Not a course cluster,True,,I4210133707
IIT Kharagpur,1448,RIMT University,0,0,17,5,Not a course cluster,True,,I4405281987
IIT Kharagpur,1449,Lady Doak College,0,0,17,6,Not a course cluster,True,,I4405265954
IIT Kharagpur,1450,Dharmsinh Desai University,0,0,17,16,Not a course cluster,True,,I10008193
IIT Kharagpur,1451,National Research Centre for Banana,0,0,17,7,Not a course cluster,True,,I4210095875
IIT Kharagpur,1452,IILM Institute for Higher Education,0,0,17,5,Not a course cluster,True,,I2801787918
IIT Kharagpur,1453,Desh Bhagat University,0,0,16,2,Not a course cluster,True,,I3129196102
IIT Kharagpur,1454,Nehru Arts and Science College,0,0,16,3,Not a course cluster,True,,I4405272783
IIT Kharagpur,1455,Babu Banarasi Das University,0,0,16,19,Not a course cluster,True,,I276256525
IIT Kharagpur,1456,Mangalayatan University,0,0,16,2,Not a course cluster,True,,I244923355
IIT Kharagpur,1457,Cluster University Srinagar,0,0,16,20,Not a course cluster,True,,I4210099876
IIT Kharagpur,1458,Gulbarga University,0,0,16,61,Not a course cluster,True,,I201958307
IIT Kharagpur,1459,Pandit Deendayal Upadhyaya Adarsha Mahavidyalaya,0,0,16,3,Not a course cluster,True,,I4405278300
IIT Kharagpur,1460,University of Horticultural Sciences Bagalkote,0,0,16,8,Not a course cluster,True,,I102458738
IIT Kharagpur,1461,Rajah Serfoji Government College (Autonomous),0,0,16,1,Not a course cluster,True,,I4405255148
IIT Kharagpur,1462,Centre for Marine Living Resources and Ecology,0,0,16,50,Not a course cluster,True,,I4405269523
IIT Kharagpur,1463,Gopal Narayan Singh University,0,0,16,0,Not a course cluster,True,,I4405283740
IIT Kharagpur,1464,Women's Christian College,0,0,16,11,Not a course cluster,True,,I4405265746
IIT Kharagpur,1465,Vardhman Mahavir Medical College & Safdarjung Hospital,0,0,15,24,Not a course cluster,True,,I17972996
IIT Kharagpur,1466,"Centre for Fire, Explosive and Environment Safety",0,0,15,28,Not a course cluster,True,,I4210153539
IIT Kharagpur,1467,Rani Durgavati University,0,0,15,35,Not a course cluster,True,,I234615573
IIT Kharagpur,1468,Fatima Mata National College,0,0,15,8,Not a course cluster,True,,I2802738084
IIT Kharagpur,1469,Arya Vidyapeeth College,0,0,15,11,Not a course cluster,True,,I4405271691
IIT Kharagpur,1470,Atria University,0,0,15,0,Not a course cluster,True,,I4405253771
IIT Kharagpur,1471,"Maharaja's College, Ernakulam",0,0,15,7,Not a course cluster,True,,I4405277199
IIT Kharagpur,1472,"Shri Vaishnav Vidyapeeth Vishwavidyalaya, Indore",0,0,15,7,Not a course cluster,True,,I4405260892
IIT Kharagpur,1473,SRM University Sikkim,0,0,15,0,Not a course cluster,True,,I4405260625
IIT Kharagpur,1474,Cancer Institute (WIA),0,0,15,5,Not a course cluster,True,,I2801345345
IIT Kharagpur,1475,Baba Farid University of Health Sciences,0,0,15,4,Not a course cluster,True,,I340869894
IIT Kharagpur,1476,Apeejay Stya University,0,0,15,2,Not a course cluster,True,,I3130994624
IIT Kharagpur,1477,Jagdish Sheth School of Management,0,0,15,4,Not a course cluster,True,,I4405262366
IIT Kharagpur,1478,Rama University,0,0,15,14,Not a course cluster,True,,I2799634920
IIT Kharagpur,1479,Sai Nath University,0,0,15,3,Not a course cluster,True,,I2801209558
IIT Kharagpur,1480,Jeppiaar Institute of Technology,0,0,15,6,Not a course cluster,True,,I4405277505
IIT Kharagpur,1481,Central Institute of Brackishwater Aquaculture,0,0,15,36,Not a course cluster,True,,I2800988382
IIT Kharagpur,1482,Mahatma Gandhi Medical College and Research Institute,0,0,15,9,Not a course cluster,True,,I1302623664
IIT Kharagpur,1483,Sahyadri College of Engineering & Management,0,0,14,10,Not a course cluster,True,,I4405272456
IIT Kharagpur,1484,Bharatiya Vidya Bhavan,0,0,14,10,Not a course cluster,True,,I2800445823
IIT Kharagpur,1485,Atmiya University,0,0,14,2,Not a course cluster,True,,I4210105737
IIT Kharagpur,1486,Narasaraopeta Engineering College,0,0,14,8,Not a course cluster,True,,I4405268323
IIT Kharagpur,1487,Government Institute of Forensic Science,0,0,14,2,Not a course cluster,True,,I4405281637
IIT Kharagpur,1488,"Gurucharan University, Silchar",0,0,14,9,Not a course cluster,True,,I4405274744
IIT Kharagpur,1489,Lingaya's Vidyapeeth,0,0,14,10,Not a course cluster,True,,I182663762
IIT Kharagpur,1490,National Research Centre for Grapes,0,0,14,15,Not a course cluster,True,,I4210091646
IIT Kharagpur,1491,Jagannath University,0,0,14,2,Not a course cluster,True,,I150263970
IIT Kharagpur,1492,Karnataka State Open University,0,0,14,2,Not a course cluster,True,,I342246540
IIT Kharagpur,1493,Mahaveer Academy of Technology and Science University,0,0,14,9,Not a course cluster,True,,I179760745
IIT Kharagpur,1494,St. Xavier's College,0,0,30,34,Not a course cluster,True,,I4405276825
IIT Kharagpur,1495,Central Institute of Temperate Horticulture,0,0,14,3,Not a course cluster,True,,I4210125584
IIT Kharagpur,1496,Materials Research Center,0,0,13,10,Not a course cluster,True,,I4210145824
IIT Kharagpur,1497,Indian Institute of Information Technology Bhopal,0,0,13,3,IIITs,True,,I4405259253
IIT Kharagpur,1498,Danish Hydraulic Institute (India),0,0,13,10,Not a course cluster,True,,I4210137866
IIT Kharagpur,1499,Indian Institute of Oilseeds Research,0,0,13,2,Not a course cluster,True,,I4210099769
IIT Kharagpur,1500,Delhi Development Authority,0,0,13,4,Not a course cluster,True,,I4210124192
IIT Kharagpur,1501,Kanchi Mamunivar Centre for Post Graduate Studies,0,0,13,4,Not a course cluster,True,,I4210089590
IIT Kharagpur,1502,Indian Council of Social Science Research,0,0,13,6,Not a course cluster,True,,I2801047287
IIT Kharagpur,1503,Nagarjuna College of Engineering and Technology,0,0,13,4,Not a course cluster,True,,I4405271520
IIT Kharagpur,1504,All India Shri Shivaji Memorial Society College of Engineering,0,0,13,11,Not a course cluster,True,,I4405259125
IIT Kharagpur,1505,Greater Noida Institute of Technology (MBA Institute),0,0,13,4,Not a course cluster,True,,I4405262806
IIT Kharagpur,1506,United University,0,0,13,1,Not a course cluster,True,,I4405260193
IIT Kharagpur,1507,"Bharati Vidyapeeth College of Pharmacy, Kolhapur",0,0,13,7,Not a course cluster,True,,I4405265460
IIT Kharagpur,1508,Research Centre Imarat,0,0,13,27,Not a course cluster,True,,I4210138561
IIT Kharagpur,1509,Noida Institute of Engineering and Technology Pharmacy Institute,0,0,13,1,Not a course cluster,True,,I4405260680
IIT Kharagpur,1510,Gnanamani College of Technology,0,0,13,2,Not a course cluster,True,,I4387154320
IIT Kharagpur,1511,Indian School of Business,0,0,13,62,Not a course cluster,True,,I122328836
IIT Kharagpur,1512,Bankim Sardar College,0,0,13,11,Not a course cluster,True,,I4405259705
IIT Kharagpur,1513,Inspiration Innovation Synergy University,0,0,13,8,Not a course cluster,True,,I4210154633
IIT Kharagpur,1514,Kerala State Disaster Management Authority,0,0,13,7,Not a course cluster,True,,I4405267468
IIT Kharagpur,1515,"Karmaveer Bhaurao Patil University, Satara",0,0,12,0,Not a course cluster,True,,I4405284596
IIT Kharagpur,1516,IEC University,0,0,12,3,Not a course cluster,True,,I4210127512
IIT Kharagpur,1517,Meenakshi Ammal Dental College and Hospital,0,0,12,8,Not a course cluster,True,,I4210109571
IIT Kharagpur,1518,Vivekananda Satavarshiki Mahavidyalaya,0,0,12,8,Not a course cluster,True,,I4405260577
IIT Kharagpur,1519,Gour Mahavidyalaya,0,0,12,6,Not a course cluster,True,,I4405255597
IIT Kharagpur,1520,Shri Vishwakarma Skill University,0,0,12,4,Not a course cluster,True,,I4210137508
IIT Kharagpur,1521,SRM Medical College Hospital and Research Centre,0,0,12,9,Not a course cluster,True,,I4405266173
IIT Kharagpur,1522,Defence Institute of High Altitude Research,0,0,12,6,Not a course cluster,True,,I4210090935
IIT Kharagpur,1523,Dolphin (PG) Institute of Bio Medical and Natural Science,0,0,12,13,Not a course cluster,True,,I4210138733
IIT Kharagpur,1524,Aryabhatta Knowledge University,0,0,12,4,Not a course cluster,True,,I3133415137
IIT Kharagpur,1525,Sher-i-Kashmir Institute of Medical Sciences,0,0,12,31,Not a course cluster,True,,I206040828
IIT Kharagpur,1526,Shri Madhwa Vadiraja Institute of Technology and Management,0,0,12,6,Not a course cluster,True,,I4405276349
IIT Kharagpur,1527,Arunai Engineering College,0,0,12,18,Not a course cluster,True,,I4210093364
IIT Kharagpur,1528,Trident Academy of Technology,0,0,12,3,Not a course cluster,True,,I4405277697
IIT Kharagpur,1529,Bhavnagar University,0,0,12,21,Not a course cluster,True,,I119336924
IIT Kharagpur,1530,Central Tasar Research & Training Institute,0,0,12,4,Not a course cluster,True,,I4210162611
IIT Kharagpur,1531,Gayatri Vidya Parishad College for Degree and PG Courses (Autonomous),0,0,12,1,Not a course cluster,True,,I4405265901
IIT Kharagpur,1532,Vidya Prathishthan,0,0,11,3,Not a course cluster,True,,I4210108681
IIT Kharagpur,1533,Central Sheep and Wool Research Institute,0,0,11,12,Not a course cluster,True,,I103109029
IIT Kharagpur,1534,Vijaygarh Jyotish Ray College,0,0,11,12,Not a course cluster,True,,I4405277963
IIT Kharagpur,1535,Safdarjang Hospital,0,0,11,32,Not a course cluster,True,,I1312996466
IIT Kharagpur,1536,Indraprastha College for Women,0,0,11,6,Not a course cluster,True,,I4405264365
IIT Kharagpur,1537,Vijaya College,0,0,11,3,Not a course cluster,True,,I4387155977
IIT Kharagpur,1538,Nature Conservation Foundation,0,0,11,10,Not a course cluster,True,,I80883720
IIT Kharagpur,1539,KSCSTE - Institute for Climate Change Studies,0,0,11,3,Not a course cluster,True,,I4405255016
IIT Kharagpur,1540,Suamandeep Vidyapeeth University,0,0,11,7,Not a course cluster,True,,I4210119093
IIT Kharagpur,1541,Bethune College,0,0,11,13,Not a course cluster,True,,I4405270080
IIT Kharagpur,1542,Vasireddy Venkatadri International Technological University,0,0,11,4,Not a course cluster,True,,I4405285014
IIT Kharagpur,1543,Institute of Wood Science and Technology,0,0,11,7,Not a course cluster,True,,I4210153472
IIT Kharagpur,1544,National Bureau of Agriculturally Important Microorganisms,0,0,11,28,Not a course cluster,True,,I4210123061
IIT Kharagpur,1545,WWF-India,0,0,11,38,Not a course cluster,True,,I1329578906
IIT Kharagpur,1546,Newman College,0,0,11,4,Not a course cluster,True,,I4405254459
IIT Kharagpur,1547,Sarojini Naidu College for Women,0,0,11,2,Not a course cluster,True,,I4405277847
IIT Kharagpur,1548,Indian Institute of Spices Research,0,0,11,8,Not a course cluster,True,,I1296400463
IIT Kharagpur,1549,Indian Institute of Packaging,0,0,11,12,Not a course cluster,True,,I4210088751
IIT Kharagpur,1550,Pushpagiri Medical College,0,0,11,9,Not a course cluster,True,,I2802498779
IIT Kharagpur,1551,Malla Reddy Vishwavidyapeeth,0,0,11,3,Not a course cluster,True,,I4405267936
IIT Kharagpur,1552,"Remote Sensing Applications Centre, Uttar Pradesh",0,0,11,1,Not a course cluster,True,,I4405262547
IIT Kharagpur,1553,Hooghly Mohsin College,0,0,11,14,Not a course cluster,True,,I4405274499
IIT Kharagpur,1554,All India Institute of Medical Sciences Raipur,0,0,11,16,Not a course cluster,True,,I129734738
IIT Kharagpur,1555,National Institute of Biologicals,0,0,11,2,Not a course cluster,True,,I4405257039
IIT Kharagpur,1556,Mewar University,0,0,11,15,Not a course cluster,True,,I49702814
IIT Kharagpur,1557,GM University Davanagere Karnataka,0,0,11,5,Not a course cluster,True,,I4405256143
IIT Kharagpur,1558,Jabalpur Engineering College,0,0,10,13,Not a course cluster,True,,I4405253601
IIT Kharagpur,1559,LDRP Institute of Technology and Research,0,0,10,6,Not a course cluster,True,,I4405279395
IIT Kharagpur,1560,Centre for Advanced Bioenergy Research,0,0,10,36,Not a course cluster,True,,I4210141984
IIT Kharagpur,1561,Indian Institute of Soybean Research,0,0,10,11,Not a course cluster,True,,I4210166498
IIT Kharagpur,1562,Nalsar University of Law,0,0,10,10,Not a course cluster,True,,I2802231754
IIT Kharagpur,1563,Rayalaseema University,0,0,10,11,Not a course cluster,True,,I119068399
IIT Kharagpur,1564,"Post Graduate Government College, Sector 11, Chandigarh",0,0,10,9,Not a course cluster,True,,I4405278138
IIT Kharagpur,1565,M S Swaminathan Research Foundation,0,0,10,14,Not a course cluster,True,,I2799627270
IIT Kharagpur,1566,Dr D Y Patil Dental College & Hospital,0,0,10,4,Not a course cluster,True,,I4210162544
IIT Kharagpur,1567,Indian Institute of Public Health Gandhinagar,0,0,10,25,Not a course cluster,True,,I4210156591
IIT Kharagpur,1568,Ramachandra College of Engineering (A),0,0,10,1,Not a course cluster,True,,I4405261846
IIT Kharagpur,1569,Thermax (India),0,0,10,4,Not a course cluster,True,,I2801392924
IIT Kharagpur,1570,National Institute of Solar Energy,0,0,10,16,Not a course cluster,True,,I4210155121
IIT Kharagpur,1571,MNR Medical College and Hospital,0,0,10,1,Not a course cluster,True,,I4210144026
IIT Kharagpur,1572,Rajkiya Engineering College Azamgarh,0,0,10,2,Not a course cluster,True,,I4387154860
IIT Kharagpur,1573,Shri Govind Guru University,0,0,10,0,Not a course cluster,True,,I4405263164
IIT Kharagpur,1574,St. Vincent Pallotti College of Engineering & Technology,0,0,10,4,Not a course cluster,True,,I4405275219
IIT Kharagpur,1575,Poornaprajna Institute of Management,0,0,10,1,Not a course cluster,True,,I4405259281
IIT Kharagpur,1576,"Vidya Pratishthan's Arts, Science and Commerce College",0,0,10,10,Not a course cluster,True,,I4405266031
IIT Kharagpur,1577,Abhilashi University,0,0,10,3,Not a course cluster,True,,I4405260938
IIT Kharagpur,1578,Chaudhary Ranbir Singh University,0,0,10,7,Not a course cluster,True,,I3129388638
IIT Kharagpur,1579,"ICFAI University, Dehradun",0,0,10,5,Not a course cluster,True,,I55124834
IIT Kharagpur,1580,CSMSS Chh. Shahu College of Engineering,0,0,10,1,Not a course cluster,True,,I4405261485
IIT Kharagpur,1581,Janardan Rai Nagar Rajasthan Vidyapeeth University,0,0,10,2,Not a course cluster,True,,I4210089973
IIT Kharagpur,1582,Uttarakhand State Council for Science and Technology,0,0,10,5,Not a course cluster,True,,I4210140820
IIT Kharagpur,1583,D. Y. Patil Agriculture and Technical University,0,0,10,1,Not a course cluster,True,,I4405273925
IIT Kharagpur,1584,Anand Engineering College,0,0,10,14,Not a course cluster,True,,I4405282443
IIT Kharagpur,1585,Madras Medical College,0,0,10,6,Not a course cluster,True,,I159337121
IIT Kharagpur,1586,Era's Lucknow Medical College and Hospital,0,0,10,3,Not a course cluster,True,,I4210107565
IIT Kharagpur,1587,Rayat Shikshan Sanstha,0,0,10,1,Not a course cluster,True,,I2801997238
IIT Kharagpur,1588,Hemchand Yadav Vishwavidyalaya,0,0,10,2,Not a course cluster,True,,I4405277257
IIT Kharagpur,1589,George Institute for Global Health,0,0,10,14,Not a course cluster,True,,I4210138609
IIT Kharagpur,1590,Baddi University of Emerging Sciences and Technologies,0,0,10,4,Not a course cluster,True,,I3131609308
IIT Kharagpur,1591,Bhartiya Skill Development University,0,0,9,8,Not a course cluster,True,,I3133421068
IIT Kharagpur,1592,Central Tobacco Research Institute,0,0,9,7,Not a course cluster,True,,I4210138307
IIT Kharagpur,1593,Sri Guru Gobind Singh College,0,0,9,5,Not a course cluster,True,,I4405277046
IIT Kharagpur,1594,Mahatma Gandhi Chitrakoot Gramodaya Vishwavidyalaya,0,0,9,8,Not a course cluster,True,,I2802348884
IIT Kharagpur,1595,Dr. Reddy's Laboratories (India),0,0,9,14,Not a course cluster,True,,I4210117495
IIT Kharagpur,1596,"Islamia College of Science and Commerce, Srinagar",0,0,9,3,Not a course cluster,True,,I4405255054
IIT Kharagpur,1597,Prin. L. N. Welingkar Institute of Management Development and Research,0,0,9,17,Not a course cluster,True,,I2802797706
IIT Kharagpur,1598,Government Engineering College Wayanad,0,0,9,7,Not a course cluster,True,,I4405263743
IIT Kharagpur,1599,Indian Navy,0,0,9,13,Not a course cluster,True,,I2800120229
IIT Kharagpur,1600,Sri Sathya Sai University for Human Excellence,0,0,9,1,Not a course cluster,True,,I4405268202
IIT Kharagpur,1601,Rani Rashmoni Green University,0,0,9,4,Not a course cluster,True,,I4405271215
IIT Kharagpur,1602,Rajkiya Engineering College Kannauj,0,0,9,0,Not a course cluster,True,,I4405253485
IIT Kharagpur,1603,Sri Devaraj Urs Academy of Higher Education and Research,0,0,9,5,Not a course cluster,True,,I4210137392
IIT Kharagpur,1604,Auro University,0,0,9,1,Not a course cluster,True,,I3131412830
IIT Kharagpur,1605,Sankara Nethralaya,0,0,9,19,Not a course cluster,True,,I118298837
IIT Kharagpur,1606,Entrepreneurship Development Institute of India,0,0,9,5,Not a course cluster,True,,I2801155476
IIT Kharagpur,1607,Goalpara College,0,0,9,2,Not a course cluster,True,,I4405260027
IIT Kharagpur,1608,Ramakrishna Mission Vivekananda College,0,0,9,4,Not a course cluster,True,,I4405279679
IIT Kharagpur,1609,Department of Higher Education,0,0,13,6,Not a course cluster,True,,I4210112446
IIT Kharagpur,1610,Sunrise University,0,0,9,4,Not a course cluster,True,,I2800472358
IIT Kharagpur,1611,BLDE (Deemed to be University),0,0,9,10,Not a course cluster,True,,I4210116054
IIT Kharagpur,1612,"CHRIST (Deemed to be) University, Delhi NCR",0,0,9,8,Not a course cluster,True,,I4405253679
IIT Kharagpur,1613,Seethalakshmi Ramaswami College,0,0,9,1,Not a course cluster,True,,I4405277279
IIT Kharagpur,1614,National Research Centre on Camel,0,0,9,6,Not a course cluster,True,,I4210126554
IIT Kharagpur,1615,Dr. Shakuntala Misra National Rehabilitation University,0,0,9,0,Not a course cluster,True,,I3131131421
IIT Kharagpur,1616,Government Medical College,0,0,33,88,Not a course cluster,True,,I4210104136
IIT Kharagpur,1617,Kanya Maha Vidyalaya,0,0,9,5,Not a course cluster,True,,I28630478
IIT Kharagpur,1618,Salim Ali Center for Ornithology and Natural History,0,0,9,40,Not a course cluster,True,,I4210113893
IIT Kharagpur,1619,Kalyan Post Graduate College,0,0,9,0,Not a course cluster,True,,I4405281848
IIT Kharagpur,1620,Fakir Chand College,0,0,9,2,Not a course cluster,True,,I4405276493
IIT Kharagpur,1621,Sardar Patel Renewable Energy Research Institute,0,0,9,10,Not a course cluster,True,,I4210142682
IIT Kharagpur,1622,Dr. D. Y. Patil B-School,0,0,9,0,Not a course cluster,True,,I4405257030
IIT Kharagpur,1623,Kanchrapara College,0,0,9,24,Not a course cluster,True,,I4405275283
IIT Kharagpur,1624,Silver Oak University,0,0,9,1,Not a course cluster,True,,I4405274074
IIT Kharagpur,1625,National Institute for Research in Reproductive Health,0,0,9,17,Not a course cluster,True,,I143929237
IIT Kharagpur,1626,National Institute of Malaria Research,0,0,9,37,Not a course cluster,True,,I76782289
IIT Kharagpur,1627,Hindustan Petroleum Corporation Limited (India),0,0,8,5,Not a course cluster,True,,I4210091106
IIT Kharagpur,1628,Swami Vivekanand College of Pharmacy,0,0,8,4,Not a course cluster,True,,I4210115326
IIT Kharagpur,1629,Madras Diabetes Research Foundation,0,0,8,37,Not a course cluster,True,,I4210092311
IIT Kharagpur,1630,Bastar University,0,0,8,1,Not a course cluster,True,,I4210135828
IIT Kharagpur,1631,Armed Forces Medical College,0,0,8,27,Not a course cluster,True,,I83878805
IIT Kharagpur,1632,Ragas Dental College & Hospital,0,0,8,5,Not a course cluster,True,,I893914191
IIT Kharagpur,1633,Swami Keshwanand Rajasthan Agricultural University,0,0,8,14,Not a course cluster,True,,I2801834944
IIT Kharagpur,1634,Regional Medical Research Centre,0,0,11,29,Not a course cluster,True,,I2802376228
IIT Kharagpur,1635,Sri Dev Suman Uttarakhand University,0,0,8,1,Not a course cluster,True,,I4405256247
IIT Kharagpur,1636,Gauhati Medical College and Hospital,0,0,8,14,Not a course cluster,True,,I134260573
IIT Kharagpur,1637,M.H. Saboo Siddik College Of Engineering,0,0,8,8,Not a course cluster,True,,I4405263063
IIT Kharagpur,1638,National Defence Academy,0,0,8,7,Not a course cluster,True,,I11414854
IIT Kharagpur,1639,"All India Institute of Medical Sciences, Bilaspur",0,0,8,3,Not a course cluster,True,,I4405280387
IIT Kharagpur,1640,Kamaraj College,0,0,8,3,Not a course cluster,True,,I4405260223
IIT Kharagpur,1641,M.S. Ramaiah Medical College,0,0,8,11,Not a course cluster,True,,I4210134671
IIT Kharagpur,1642,Regional Institute of Medical Sciences,0,0,8,9,Not a course cluster,True,,I43666680
IIT Kharagpur,1643,Deva Nagri College,0,0,8,4,Not a course cluster,True,,I4405262761
IIT Kharagpur,1644,National Institute Of Veterinary Epidemiology And Disease Informatics,0,0,8,8,Not a course cluster,True,,I4210160780
IIT Kharagpur,1645,IILM University Gurugram,0,0,8,0,Not a course cluster,True,,I4405263562
IIT Kharagpur,1646,Sovarani Memorial College,0,0,8,3,Not a course cluster,True,,I4405281182
IIT Kharagpur,1647,"Marwari College, Darbhanga",0,0,8,0,Not a course cluster,True,,I4405262933
IIT Kharagpur,1648,"D.B.S. (P.G.) College, Dehradun",0,0,8,3,Not a course cluster,True,,I4405278071
IIT Kharagpur,1649,Directorate of Medicinal and Aromatic Plants Research,0,0,8,9,Not a course cluster,True,,I4210147308
IIT Kharagpur,1650,Sri Chandrasekharendra Saraswathi Viswa Mahavidyalaya,0,0,8,26,Not a course cluster,True,,I180507071
IIT Kharagpur,1651,Sona College of Arts and Science,0,0,8,2,Not a course cluster,True,,I4405259958
IIT Kharagpur,1652,SAGE University Bhopal,0,0,8,1,Not a course cluster,True,,I4405258932
IIT Kharagpur,1653,MES Mampad College (Autonomous),0,0,8,5,Not a course cluster,True,,I4405263133
IIT Kharagpur,1654,Roland Institute of Pharmaceutical Sciences,0,0,8,4,Not a course cluster,True,,I4210099853
IIT Kharagpur,1655,C. Abdul Hakeem College (Autonomous),0,0,8,15,Not a course cluster,True,,I4405272241
IIT Kharagpur,1656,Pt. Jawahar Lal Nehru Memorial Medical College,0,0,8,3,Not a course cluster,True,,I2799791569
IIT Kharagpur,1657,Gujarat Biotechnology Research Centre,0,0,8,12,Not a course cluster,True,,I4405268643
IIT Kharagpur,1658,Acharya Prafulla Chandra Roy Government College,0,0,8,2,Not a course cluster,True,,I4405273554
IIT Kharagpur,1659,Raghunathpur College,0,0,8,11,Not a course cluster,True,,I4405272943
IIT Kharagpur,1660,Institute of Forest Genetics and Tree Breeding,0,0,8,1,Not a course cluster,True,,I4210133185
IIT Kharagpur,1661,Indian Institute of Information Technology Surat,0,0,8,3,IIITs,True,,I4405261310
IIT Kharagpur,1662,Jaihind College of Engineering,0,0,8,0,Not a course cluster,True,,I4405262704
IIT Kharagpur,1663,Starex University,0,0,8,1,Not a course cluster,True,,I4405261292
IIT Kharagpur,1664,Fatima College (Autonomous),0,0,8,4,Not a course cluster,True,,I4405271500
IIT Kharagpur,1665,Armament Research and Development Establishment,0,0,8,10,Not a course cluster,True,,I2801496733
IIT Kharagpur,1666,Madhav University,0,0,8,3,Not a course cluster,True,,I4405258338
IIT Kharagpur,1667,Directorate of Onion and Garlic Research,0,0,8,1,Not a course cluster,True,,I4210117699
IIT Kharagpur,1668,Mandsaur University,0,0,8,4,Not a course cluster,True,,I4405266177
IIT Kharagpur,1669,Thakur College of Engineering and Technology,0,0,8,3,Not a course cluster,True,,I4405260939
IIT Kharagpur,1670,IFIM Institutions,0,0,8,0,Not a course cluster,True,,I4405263315
IIT Kharagpur,1671,National Research Centre on Seed Spices,0,0,8,7,Not a course cluster,True,,I4210113425
IIT Kharagpur,1672,Central Citrus Research Institute,0,0,7,7,Not a course cluster,True,,I4210133365
IIT Kharagpur,1673,Society for AgroEnvironmental Sustainability,0,0,7,1,Not a course cluster,True,,I4405258013
IIT Kharagpur,1674,Pailan College of Management and Technology,0,0,7,22,Not a course cluster,True,,I4405271662
IIT Kharagpur,1675,Uttar Pradesh University of Medical Sciences,0,0,7,6,Not a course cluster,True,,I4405279234
IIT Kharagpur,1676,Mahatma Gandhi Kashi Vidyapith,0,0,7,7,Not a course cluster,True,,I2802997415
IIT Kharagpur,1677,Social Change and Development,0,0,7,6,Not a course cluster,True,,I4210144541
IIT Kharagpur,1678,Bhagat Phool Singh Mahila Vishwavidyalaya,0,0,7,4,Not a course cluster,True,,I3130411899
IIT Kharagpur,1679,Suri Vidyasagar College,0,0,7,8,Not a course cluster,True,,I4405276729
IIT Kharagpur,1680,Vision Research Foundation,0,0,7,8,Not a course cluster,True,,I4405267514
IIT Kharagpur,1681,Rishi Bankim Chandra College,0,0,7,5,Not a course cluster,True,,I4405262722
IIT Kharagpur,1682,Manipur International University,0,0,7,2,Not a course cluster,True,,I4405256854
IIT Kharagpur,1683,Usha Martin (India),0,0,7,2,Not a course cluster,True,,I4210150419
IIT Kharagpur,1684,Vivekanand Arts Sardar Dalipsingh Commerce and Science College,0,0,7,1,Not a course cluster,True,,I4405258230
IIT Kharagpur,1685,Vidyalankar Institute of Technology,0,0,7,1,Not a course cluster,True,,I4405277001
IIT Kharagpur,1686,Oxford Educational Institutions,0,0,7,0,Not a course cluster,True,,I2801583272
IIT Kharagpur,1687,Indian Council for Research on International Economic Relations,0,0,7,26,Not a course cluster,True,,I4210105909
IIT Kharagpur,1688,Jorhat Engineering College,0,0,7,2,Not a course cluster,True,,I4405264314
IIT Kharagpur,1689,"Maharana Pratap Horticultural University, Karnal",0,0,7,0,Not a course cluster,True,,I4405261572
IIT Kharagpur,1690,Himalayan University,0,0,7,1,Not a course cluster,True,,I3133268928
IIT Kharagpur,1691,C. U. Shah University,0,0,7,3,Not a course cluster,True,,I1320404931
IIT Kharagpur,1692,Sree Balaji Dental College and Hospital,0,0,7,5,Not a course cluster,True,,I4210131094
IIT Kharagpur,1693,Centre for Policy Research,0,0,7,17,Not a course cluster,True,,I1301844980
IIT Kharagpur,1694,Directorate of Cashew Research,0,0,7,6,Not a course cluster,True,,I4210111898
IIT Kharagpur,1695,Nansen Environmental Research Centre India,0,0,7,20,Not a course cluster,True,,I4210132485
IIT Kharagpur,1696,Sri Venkateswara Veterinary University,0,0,7,3,Not a course cluster,True,,I3130939756
IIT Kharagpur,1697,Institute of Engineering & Technology,0,0,7,4,Not a course cluster,True,,I4405277920
IIT Kharagpur,1698,Sri Sai University,0,0,7,4,Not a course cluster,True,,I338496084
IIT Kharagpur,1699,CT Group Of Institutions,0,0,7,8,Not a course cluster,True,,I4210094618
IIT Kharagpur,1700,Jawaharlal Nehru New College of Engineering,0,0,7,5,Not a course cluster,True,,I4405263325
IIT Kharagpur,1701,Dinabandhu Andrews College,0,0,7,8,Not a course cluster,True,,I4405273889
IIT Kharagpur,1702,Jaypee University Anoopshahr,0,0,7,3,Not a course cluster,True,,I4405262404
IIT Kharagpur,1703,Forest Survey of India,0,0,7,7,Not a course cluster,True,,I15426020
IIT Kharagpur,1704,Sambalpur University Institute of Information Technology,0,0,7,5,IIITs,True,,I4210146312
IIT Kharagpur,1705,MSN Laboratories (India),0,0,7,0,Not a course cluster,True,,I4210143183
IIT Kharagpur,1706,DST Centre for Policy Research,0,0,7,4,Not a course cluster,True,,I4210093969
IIT Kharagpur,1707,Sir Ganga Ram Hospital,0,0,7,19,Not a course cluster,True,,I4210113434
IIT Kharagpur,1708,National Research Centre for Integrated Pest Management,0,0,7,8,Not a course cluster,True,,I4210105200
IIT Kharagpur,1709,Jagran Lakecity University,0,0,7,3,Not a course cluster,True,,I3130958653
IIT Kharagpur,1710,Rubber Board,0,0,7,14,Not a course cluster,True,,I4210095491
IIT Kharagpur,1711,Bhattadev University,0,0,7,0,Not a course cluster,True,,I4405264016
IIT Kharagpur,1712,Central Institute for Research on Buffaloes,0,0,7,5,Not a course cluster,True,,I4210121957
IIT Kharagpur,1713,Amity University Bengaluru,0,0,7,1,Not a course cluster,True,,I4405261204
IIT Kharagpur,1714,Cognizant (India),0,0,7,8,Not a course cluster,True,,I4210117535
IIT Kharagpur,1715,Indian Institute of Management Udaipur,0,0,7,37,Not a course cluster,True,,I46130087
IIT Kharagpur,1716,"Science College, Kokrajhar",0,0,7,1,Not a course cluster,True,,I4405266001
IIT Kharagpur,1717,"All India Institute of Ayurveda, New Delhi",0,0,7,3,Not a course cluster,True,,I4405252805
IIT Kharagpur,1718,The Apollo University,0,0,7,3,Not a course cluster,True,,I4405254339
IIT Kharagpur,1719,Moti Ram Babu Ram Government Post Graduate College,0,0,6,0,Not a course cluster,True,,I4405279458
IIT Kharagpur,1720,Central Pulp & Paper Research Institute,0,0,6,10,Not a course cluster,True,,I4210125508
IIT Kharagpur,1721,Mother Theresa Institute Of Engineering And Technology,0,0,6,0,Not a course cluster,True,,I4405261114
IIT Kharagpur,1722,Dr. Mohan's Diabetes Specialities Centre,0,0,6,21,Not a course cluster,True,,I4210137848
IIT Kharagpur,1723,Assam Medical College,0,0,6,2,Not a course cluster,True,,I83844774
IIT Kharagpur,1724,Symbiosis University of Applied Sciences,0,0,6,0,Not a course cluster,True,,I4405256131
IIT Kharagpur,1725,Instruments Research & Development Establishment,0,0,6,1,Not a course cluster,True,,I21449664
IIT Kharagpur,1726,Madhya Pradesh Council of Science and Technology,0,0,6,11,Not a course cluster,True,,I4210162153
IIT Kharagpur,1727,Sri Sairam College of Engineering,0,0,6,4,Not a course cluster,True,,I4405254487
IIT Kharagpur,1728,"Annasaheb Magar Mahavidyalaya, Hadapsar, Pune",0,0,6,4,Not a course cluster,True,,I4405258223
IIT Kharagpur,1729,Pandit Sundarlal Sharma Open University,0,0,6,0,Not a course cluster,True,,I4210164645
IIT Kharagpur,1730,Agartala Government Medical College,0,0,6,6,Not a course cluster,True,,I4210167321
IIT Kharagpur,1731,Karnataka State Women's University,0,0,6,5,Not a course cluster,True,,I3130621514
IIT Kharagpur,1732,MES Ponnani College,0,0,6,3,Not a course cluster,True,,I4405263485
IIT Kharagpur,1733,Maharashtra Animal and Fishery Sciences University,0,0,6,2,Not a course cluster,True,,I3130477807
IIT Kharagpur,1734,Narasinha Dutt College,0,0,6,3,Not a course cluster,True,,I4405271234
IIT Kharagpur,1735,KSCSTE-National Transportation Planning And Research Centre,0,0,6,5,Not a course cluster,True,,I4405263267
IIT Kharagpur,1736,KSCSTE-Srinivasa Ramanujan Institute for Basic Sciences,0,0,6,0,Not a course cluster,True,,I4405262857
IIT Kharagpur,1737,National Institute for Research in Tribal Health,0,0,6,6,Not a course cluster,True,,I4210100515
IIT Kharagpur,1738,"P. R. Pote Patil College of Engineering & Management, Amravati",0,0,6,1,Not a course cluster,True,,I4405255841
IIT Kharagpur,1739,Tamilnadu State Council for Science and Technology,0,0,6,4,Not a course cluster,True,,I4405271011
IIT Kharagpur,1740,IMGENEX India (India),0,0,6,1,Not a course cluster,True,,I4210146179
IIT Kharagpur,1741,Kisan Post Graduate College,0,0,6,0,Not a course cluster,True,,I4405263092
IIT Kharagpur,1742,"Institute of Chartered Financial Analysts of India University, Jaipur",0,0,6,1,Not a course cluster,True,,I4210139590
IIT Kharagpur,1743,Maharaja Jitendra Narayan Medical College & Hospital,0,0,6,1,Not a course cluster,True,,I4405259535
IIT Kharagpur,1744,Survey of India,0,0,6,20,Not a course cluster,True,,I4405266064
IIT Kharagpur,1745,Vimal Jyothi Engineering College,0,0,6,4,Not a course cluster,True,,I4405262108
IIT Kharagpur,1746,Jain College of Engineering and Research,0,0,6,2,Not a course cluster,True,,I4405260778
IIT Kharagpur,1747,St. Francis Institute of Technology,0,0,6,3,Not a course cluster,True,,I4405260832
IIT Kharagpur,1748,Shriram Institute for Industrial Research,0,0,6,13,Not a course cluster,True,,I4210115767
IIT Kharagpur,1749,Loyola Institute of Technology and Science,0,0,6,0,Not a course cluster,True,,I4405260288
IIT Kharagpur,1750,S. G. Balekundri Institute of Technology Belagavi,0,0,6,1,Not a course cluster,True,,I4405257022
IIT Kharagpur,1751,DR. B.R.A. Institute Rotary Cancer Hospital,0,0,6,10,Not a course cluster,True,,I4210161040
IIT Kharagpur,1752,PSG Institute of Medical Sciences & Research,0,0,6,10,Not a course cluster,True,,I174404548
IIT Kharagpur,1753,Singhania University,0,0,6,9,Not a course cluster,True,,I76163968
IIT Kharagpur,1754,Nirmala College for Women,0,0,6,5,Not a course cluster,True,,I4405254926
IIT Kharagpur,1755,Government Vidarbha Institute of Science and Humanities,0,0,6,4,Not a course cluster,True,,I4210162990
IIT Kharagpur,1756,Administrative Staff College of India,0,0,6,47,Not a course cluster,True,,I187424834
IIT Kharagpur,1757,"RVS College of Engineering & Technology, Jamshedpur",0,0,6,4,Not a course cluster,True,,I4405256256
IIT Kharagpur,1758,Kerala University of Health Sciences,0,0,6,6,Not a course cluster,True,,I348718759
IIT Kharagpur,1759,Institute of Bioinformatics,0,0,6,13,Not a course cluster,True,,I4210148697
IIT Kharagpur,1760,Sree Sankaracharya University of Sanskrit,0,0,6,0,Not a course cluster,True,,I3131318560
IIT Kharagpur,1761,Budge Budge College,0,0,6,0,Not a course cluster,True,,I4405281649
IIT Kharagpur,1762,MVN University,0,0,6,0,Not a course cluster,True,,I3132695963
IIT Kharagpur,1763,KMEA Engineering College,0,0,6,4,Not a course cluster,True,,I4405257739
IIT Kharagpur,1764,Sri Muthukumaran Institute of Technology,0,0,6,0,Not a course cluster,True,,I4405261353
IIT Kharagpur,1765,Manipal Centre for Natural Sciences,0,0,6,13,Not a course cluster,True,,I4405256109
IIT Kharagpur,1766,Defence Research and Development Establishment,0,0,6,53,Not a course cluster,True,,I2800900741
IIT Kharagpur,1767,Maharishi University of Management and Technology,0,0,6,1,Not a course cluster,True,,I4210133689
IIT Kharagpur,1768,International Institute of Management Studies,0,0,6,0,Not a course cluster,True,,I4405266900
IIT Kharagpur,1769,Combat Vehicles Research and Development Establishment,0,0,6,24,Not a course cluster,True,,I4210162812
IIT Kharagpur,1770,Airbus (India),0,0,6,1,Not a course cluster,True,,I33375025
IIT Kharagpur,1771,Tamil Nadu Open University,0,0,6,3,Not a course cluster,True,,I4210098610
IIT Kharagpur,1772,Central Tribal University of Andhra Pradesh,0,0,5,2,Not a course cluster,True,,I4405259778
IIT Kharagpur,1773,Cadence Design Systems (India),0,0,5,1,Not a course cluster,True,,I4210111610
IIT Kharagpur,1774,General Hospital Ernakulam,0,0,5,0,Not a course cluster,True,,I2800816844
IIT Kharagpur,1775,Pub Kamrup College,0,0,5,0,Not a course cluster,True,,I4405277082
IIT Kharagpur,1776,Mahayogi Gorakhnath University Gorakhpur,0,0,5,0,Not a course cluster,True,,I4405271232
IIT Kharagpur,1777,Jubilee Mission Medical College and Research Institute,0,0,5,5,Not a course cluster,True,,I2800507371
IIT Kharagpur,1778,Pandu College,0,0,5,0,Not a course cluster,True,,I4405271476
IIT Kharagpur,1779,"Apex University, Jaipur",0,0,5,0,Not a course cluster,True,,I4405274318
IIT Kharagpur,1780,National Institute of Pathology,0,0,5,9,Not a course cluster,True,,I4210096777
IIT Kharagpur,1781,IIHMR University,0,0,5,17,Not a course cluster,True,,I183088076
IIT Kharagpur,1782,Ministry of Commerce and Industry,0,0,5,7,Not a course cluster,True,,I4405266119
IIT Kharagpur,1783,Vikramajit Singh Sanatan Dharma College,0,0,5,10,Not a course cluster,True,,I4405262937
IIT Kharagpur,1784,HLL Lifecare (India),0,0,5,10,Not a course cluster,True,,I4210092007
IIT Kharagpur,1785,Government Medical College,0,0,33,88,Not a course cluster,True,,I129862065
IIT Kharagpur,1786,Tamil University,0,0,5,9,Not a course cluster,True,,I125392429
IIT Kharagpur,1787,Ruxmaniben Deepchand Gardi Medical College,0,0,5,10,Not a course cluster,True,,I3130004915
IIT Kharagpur,1788,Biodiversity Conservation Foundation,0,0,5,0,Not a course cluster,True,,I4405262410
IIT Kharagpur,1789,Odisha Biodiversity Board,0,0,5,3,Not a course cluster,True,,I4405263530
IIT Kharagpur,1790,Nagpur Institute of Technology,0,0,5,1,Not a course cluster,True,,I206816349
IIT Kharagpur,1791,UPASI Tea Research Foundation,0,0,5,18,Not a course cluster,True,,I4210160079
IIT Kharagpur,1792,Sir H.N. Reliance Foundation Hospital and Research Centre,0,0,5,0,Not a course cluster,True,,I2799514748
IIT Kharagpur,1793,Qure.ai Technologies Private Limited (India),0,0,5,5,Not a course cluster,True,,I4405267437
IIT Kharagpur,1794,Gazole Mahavidyalaya,0,0,5,0,Not a course cluster,True,,I4405263166
IIT Kharagpur,1795,Bansal Institute Of Research Technology & Science,0,0,5,3,Not a course cluster,True,,I4210143989
IIT Kharagpur,1796,Uttar Pradesh Rajarshi Tandon Open University,0,0,5,0,Not a course cluster,True,,I4210153737
IIT Kharagpur,1797,Rathinam College of Arts & Science,0,0,5,2,Not a course cluster,True,,I4405261075
IIT Kharagpur,1798,"Government Engineering College, Rajkot",0,0,5,3,Not a course cluster,True,,I4405270285
IIT Kharagpur,1799,Jagannath Barooah University,0,0,5,2,Not a course cluster,True,,I4405262295
IIT Kharagpur,1800,Vidyasagar Metropolitan College,0,0,5,6,Not a course cluster,True,,I4405274705
IIT Kharagpur,1801,Bombay College of Pharmacy,0,0,5,11,Not a course cluster,True,,I4210111665
IIT Kharagpur,1802,SMS Medical College,0,0,5,18,Not a course cluster,True,,I164135366
IIT Kharagpur,1803,National Research Centre on Plant Biotechnology,0,0,5,29,Not a course cluster,True,,I4210091233
IIT Kharagpur,1804,Syngene International (India),0,0,5,8,Not a course cluster,True,,I4210149349
IIT Kharagpur,1805,Central Soil and Materials Research Station,0,0,5,6,Not a course cluster,True,,I4210111264
IIT Kharagpur,1806,National Council of Applied Economic Research,0,0,5,37,Not a course cluster,True,,I4210127254
IIT Kharagpur,1807,People’s University,0,0,5,5,Not a course cluster,True,,I4210144829
IIT Kharagpur,1808,Bhupendra Narayan Mandal University,0,0,5,5,Not a course cluster,True,,I3132435657
IIT Kharagpur,1809,Sister Nibedita Government General Degree College for Girls,0,0,5,5,Not a course cluster,True,,I4405254295
IIT Kharagpur,1810,Don Bosco Institute of Technology,0,0,9,2,Not a course cluster,True,,I4405264256
IIT Kharagpur,1811,Bharat Petroleum (India),0,0,5,9,Not a course cluster,True,,I125565006
IIT Kharagpur,1812,ATLAS SkillTech University,0,0,5,3,Not a course cluster,True,,I4405253011
IIT Kharagpur,1813,Meiji (India),0,0,5,0,Not a course cluster,True,,I4210132281
IIT Kharagpur,1814,Amala Institute of Medical Sciences,0,0,5,12,Not a course cluster,True,,I173894486
IIT Kharagpur,1815,Audisankara (Deemed to be University),0,0,5,4,Not a course cluster,True,,I4405268729
IIT Kharagpur,1816,Indira Gandhi Medical College,0,0,5,10,Not a course cluster,True,,I2799277952
IIT Kharagpur,1817,Rishihood University,0,0,5,0,Not a course cluster,True,,I4405256055
IIT Kharagpur,1818,Centre for Military Airworthiness and Certification,0,0,5,17,Not a course cluster,True,,I4210125149
IIT Kharagpur,1819,Sree Gokulam Medical College and Research Foundation,0,0,5,2,Not a course cluster,True,,I4210129408
IIT Kharagpur,1820,Ganesh Shankar Vidyarthi Memorial Medical College,0,0,5,12,Not a course cluster,True,,I2802359691
IIT Kharagpur,1821,Swarrnim Startup and Innovation University,0,0,5,2,Not a course cluster,True,,I4405284513
IIT Kharagpur,1822,Kandi Raj College,0,0,5,6,Not a course cluster,True,,I4405277422
IIT Kharagpur,1823,"ICAR-Directorate of Rapeseed-Mustard Research, Bharatpur",0,0,5,11,Not a course cluster,True,,I4210110189
IIT Kharagpur,1824,Maharaja Ganga Singh University,0,0,5,0,Not a course cluster,True,,I220911346
IIT Kharagpur,1825,Ananda Chandra College,0,0,5,5,Not a course cluster,True,,I4405272131
IIT Kharagpur,1826,Max Healthcare,0,0,5,5,Not a course cluster,True,,I307255591
IIT Kharagpur,1827,Jayoti Vidyapeeth Women's University,0,0,5,1,Not a course cluster,True,,I319193654
IIT Kharagpur,1828,Mary Matha Arts and Science College,0,0,5,3,Not a course cluster,True,,I4405259808
IIT Kharagpur,1829,SRM Dental College,0,0,5,7,Not a course cluster,True,,I4210101314
IIT Kharagpur,1830,B.E.S.T Innovation University,0,0,5,1,Not a course cluster,True,,I4405254720
IIT Kharagpur,1831,K S Hegde Medical Academy,0,0,5,13,Not a course cluster,True,,I60324483
IIT Kharagpur,1832,Unilever (India),0,0,5,19,Not a course cluster,True,,I4210124316
IIT Kharagpur,1833,Jawaharlal Nehru Medical College,0,0,7,16,Not a course cluster,True,,I4210104297
IIT Kharagpur,1834,All India Institute of Medical Sciences Guwahati,0,0,5,0,Not a course cluster,True,,I4387153078
IIT Kharagpur,1835,Netaji Subhas University,0,0,5,0,Not a course cluster,True,,I4405283299
IIT Kharagpur,1836,Urumu Dhanalakshmi College,0,0,5,2,Not a course cluster,True,,I4405274423
IIT Kharagpur,1837,Malla Reddy Institute Of Medical Sciences,0,0,5,0,Not a course cluster,True,,I4405261501
IIT Kharagpur,1838,Alphonsa College,0,0,4,1,Not a course cluster,True,,I4405277305
IIT Kharagpur,1839,KVG Dental College & Hospital,0,0,4,1,Not a course cluster,True,,I4210161346
IIT Kharagpur,1840,Care India,0,0,4,10,Not a course cluster,True,,I4210100472
IIT Kharagpur,1841,Institute of Pesticide Formulation Technology,0,0,4,4,Not a course cluster,True,,I4210132190
IIT Kharagpur,1842,Don Bosco Institute of Technology,0,0,9,2,Not a course cluster,True,,I4405265651
IIT Kharagpur,1843,Salbari College,0,0,4,0,Not a course cluster,True,,I4405275630
IIT Kharagpur,1844,Karimganj College,0,0,4,13,Not a course cluster,True,,I4405277338
IIT Kharagpur,1845,Government College for Women Anantnag,0,0,4,3,Not a course cluster,True,,I2801651121
IIT Kharagpur,1846,Motilal Nehru Medical College,0,0,4,7,Not a course cluster,True,,I3056136
IIT Kharagpur,1847,Dev Sanskriti Vishwavidyalaya,0,0,4,0,Not a course cluster,True,,I2801450391
IIT Kharagpur,1848,Asian School of Business,0,0,4,0,Not a course cluster,True,,I4405275363
IIT Kharagpur,1849,Telangana University,0,0,4,2,Not a course cluster,True,,I3133026063
IIT Kharagpur,1850,Lady Hardinge Medical College,0,0,4,21,Not a course cluster,True,,I114546181
IIT Kharagpur,1851,Adesh Medical College & Hospital,0,0,4,0,Not a course cluster,True,,I4405254729
IIT Kharagpur,1852,Vector Control Research Centre,0,0,4,7,Not a course cluster,True,,I4210144797
IIT Kharagpur,1853,"Toshniwal Arts, Commerce, and Science College",0,0,4,1,Not a course cluster,True,,I4405263630
IIT Kharagpur,1854,Bikaner Technical University,0,0,4,0,Not a course cluster,True,,I3131129740
IIT Kharagpur,1855,Observer Research Foundation,0,0,4,11,Not a course cluster,True,,I2802103719
IIT Kharagpur,1856,Gujarat National Law University,0,0,4,6,Not a course cluster,True,,I266678185
IIT Kharagpur,1857,Institute for Resource Analysis and Policy,0,0,4,12,Not a course cluster,True,,I4210131359
IIT Kharagpur,1858,"All India Institute of Medical Sciences, Vijaypur, Jammu",0,0,4,0,Not a course cluster,True,,I4405256279
IIT Kharagpur,1859,Institute of Bioinformatics and Applied Biotechnology,0,0,4,16,Not a course cluster,True,,I4210153885
IIT Kharagpur,1860,Centre for Studies in Social Sciences Calcutta,0,0,4,21,Not a course cluster,True,,I4210121529
IIT Kharagpur,1861,Department of Higher Education,0,0,13,6,Not a course cluster,True,,I4210108449
IIT Kharagpur,1862,University B.D.T College of Engineering,0,0,4,14,Not a course cluster,True,,I142253595
IIT Kharagpur,1863,Sandip Foundation,0,0,4,0,Not a course cluster,True,,I2802982682
IIT Kharagpur,1864,Bengaluru North University,0,0,4,2,Not a course cluster,True,,I4405262183
IIT Kharagpur,1865,Indian Institute of Teacher Education,0,0,4,1,Not a course cluster,True,,I3129229761
IIT Kharagpur,1866,Department of Scientific and Industrial Research,0,0,4,17,Not a course cluster,True,,I4210153020
IIT Kharagpur,1867,Doaba College,0,0,4,3,Not a course cluster,True,,I270449672
IIT Kharagpur,1868,Mahatma Gandhi Institute of Medical Sciences,0,0,4,11,Not a course cluster,True,,I90978372
IIT Kharagpur,1869,Asian Development Research Institute,0,0,4,9,Not a course cluster,True,,I2801208972
IIT Kharagpur,1870,King Institute of Preventive Medicine and Research,0,0,4,8,Not a course cluster,True,,I323874257
IIT Kharagpur,1871,GLS University,0,0,4,1,Not a course cluster,True,,I4210088600
IIT Kharagpur,1872,"Vivekanand Education Society's College of Arts, Science and Commerce (Autonomous)",0,0,4,0,Not a course cluster,True,,I4405262474
IIT Kharagpur,1873,ITC (India),0,0,4,20,Not a course cluster,True,,I4210142449
IIT Kharagpur,1874,Institute of Astronomy Space and Earth Science,0,0,4,0,Not a course cluster,True,,I4405261168
IIT Kharagpur,1875,National Institute of Cancer Prevention and Research,0,0,4,12,Not a course cluster,True,,I4210160993
IIT Kharagpur,1876,Urban Emissions Info,0,0,4,31,Not a course cluster,True,,I4210160135
IIT Kharagpur,1877,Bahona College,0,0,4,4,Not a course cluster,True,,I4405267063
IIT Kharagpur,1878,Hans Raj Mahila Maha Vidyalaya,0,0,4,0,Not a course cluster,True,,I3131378919
IIT Kharagpur,1879,Shri Shikshayatan College,0,0,4,0,Not a course cluster,True,,I4405280461
IIT Kharagpur,1880,"Dr. B. R. Ambedkar University, Srikakulam",0,0,4,0,Not a course cluster,True,,I4405269582
IIT Kharagpur,1881,Kongu Arts and Science College,0,0,4,1,Not a course cluster,True,,I4405269461
IIT Kharagpur,1882,Chhattisgarh Kamdhenu Vishwavidyalaya,0,0,4,4,Not a course cluster,True,,I2800089517
IIT Kharagpur,1883,Trichy SRM Medical College Hospital and Research Centre,0,0,4,2,Not a course cluster,True,,I4210115651
IIT Kharagpur,1884,"Government Engineering College, Bhavnagar",0,0,4,2,Not a course cluster,True,,I4405259196
IIT Kharagpur,1885,Binod Bihari Mahto Koyalanchal University,0,0,4,0,Not a course cluster,True,,I4405260549
IIT Kharagpur,1886,Campbell Collaboration,0,0,4,0,Not a course cluster,True,,I4210128352
IIT Kharagpur,1887,Cellworks Research (India),0,0,4,0,Not a course cluster,True,,I4210097570
IIT Kharagpur,1888,Directorate of Coldwater Fisheries Research,0,0,4,5,Not a course cluster,True,,I4210119432
IIT Kharagpur,1889,Institute of Liver and Biliary Sciences,0,0,4,9,Not a course cluster,True,,I4210123001
IIT Kharagpur,1890,Monark University,0,0,4,0,Not a course cluster,True,,I4405263756
IIT Kharagpur,1891,Institute of Environmental Studies & Wetland Management,0,0,4,23,Not a course cluster,True,,I4210132965
IIT Kharagpur,1892,Army Hospital Research and Referral,0,0,4,5,Not a course cluster,True,,I4210165779
IIT Kharagpur,1893,Indian Centre for Space Physics,0,0,4,2,Not a course cluster,True,,I2800614519
IIT Kharagpur,1894,Sadiya College,0,0,4,0,Not a course cluster,True,,I4405253726
IIT Kharagpur,1895,Medhavi Skills University,0,0,4,0,Not a course cluster,True,,I4405265053
IIT Kharagpur,1896,MNR Dental College and Hospital,0,0,4,3,Not a course cluster,True,,I4210142633
IIT Kharagpur,1897,"Zeal College of Engineering and Research, Pune",0,0,4,2,Not a course cluster,True,,I4405270557
IIT Kharagpur,1898,Mariammal Educational Trust,0,0,4,1,Not a course cluster,True,,I4405262936
IIT Kharagpur,1899,Chameli Devi Institute of Pharmacy,0,0,4,1,Not a course cluster,True,,I4210162688
IIT Kharagpur,1900,Regional Plant Resource Centre,0,0,4,7,Not a course cluster,True,,I4210128503
IIT Kharagpur,1901,“Tribhuvan” Sahkari University,0,0,4,0,Not a course cluster,True,,I4405277300
IIT Kharagpur,1902,Bharathiyar Institute of Engineering for Women,0,0,4,0,Not a course cluster,True,,I4405256908
IIT Kharagpur,1903,Hiralal Mazumdar Memorial College for Women,0,0,4,3,Not a course cluster,True,,I4405276101
IIT Kharagpur,1904,Central Council for Research in Unani Medicine,0,0,4,3,Not a course cluster,True,,I4210137253
IIT Kharagpur,1905,Dalmia Institute of Scientific & Industrial Research,0,0,4,0,Not a course cluster,True,,I4210098571
IIT Kharagpur,1906,Rajasthan Police Academy,0,0,4,0,Not a course cluster,True,,I4210140672
IIT Kharagpur,1907,"School of Management Sciences, Varanasi",0,0,4,1,Not a course cluster,True,,I4405257256
IIT Kharagpur,1908,Sri Venkateswara Institute of Medical Sciences,0,0,4,4,Not a course cluster,True,,I107740395
IIT Kharagpur,1909,Arni University,0,0,4,1,Not a course cluster,True,,I344636078
IIT Kharagpur,1910,Ashok Leyland (India),0,0,4,8,Not a course cluster,True,,I59574800
IIT Kharagpur,1911,"Jagannath International Management School, Kalkaji, New Delhi",0,0,4,0,Not a course cluster,True,,I4405255379
IIT Kharagpur,1912,Metro College of Health Sciences and Research,0,0,4,0,Not a course cluster,True,,I4405263434
IIT Kharagpur,1913,Nehru Gram Bharti University,0,0,4,3,Not a course cluster,True,,I4210150711
IIT Kharagpur,1914,Bangabasi College,0,0,4,17,Not a course cluster,True,,I4405271881
IIT Kharagpur,1915,Government Medical College,0,0,33,88,Not a course cluster,True,,I101786783
IIT Kharagpur,1916,Dr. Panjabrao Deshmukh Memorial Medical College,0,0,4,0,Not a course cluster,True,,I4210115678
IIT Kharagpur,1917,Defence Institute of Physiology and Allied Sciences,0,0,4,16,Not a course cluster,True,,I51313444
IIT Kharagpur,1918,Mahatma Gandhi Mission Institute of Health Sciences,0,0,4,4,Not a course cluster,True,,I4210107677
IIT Kharagpur,1919,Kishkinda University,0,0,4,0,Not a course cluster,True,,I4405274491
IIT Kharagpur,1920,Surya Sen Mahavidyalaya,0,0,4,1,Not a course cluster,True,,I4405257758
IIT Kharagpur,1921,Jagannath University Jaipur,0,0,4,2,Not a course cluster,True,,I4405261880
IIT Kharagpur,1922,Central Institute for Women in Agriculture,0,0,4,1,Not a course cluster,True,,I4210116406
IIT Kharagpur,1923,Uttar Pradesh Pandit Deen Dayal Upadhyaya Pashu Chikitsa Vigyan Vishwavidyalaya Evam Go-Anusandhan Sansthan,0,0,4,20,Not a course cluster,True,,I4210141180
IIT Kharagpur,1924,Jharkhand Rai University,0,0,4,0,Not a course cluster,True,,I3133455736
IIT Kharagpur,1925,Centre For Wildlife Studies,0,0,4,20,Not a course cluster,True,,I4210128182
IIT Kharagpur,1926,Central University of Andhra Pradesh,0,0,4,0,Not a course cluster,True,,I4405261357
IIT Kharagpur,1927,National Institute of Medical Statistics,0,0,4,9,Not a course cluster,True,,I4210098320
IIT Kharagpur,1928,Dr. B. R. Ambedkar Open University,0,0,4,0,Not a course cluster,True,,I4210091685
IIT Kharagpur,1929,Career Institute Of Medical & Dental Sciences and Hospital,0,0,4,1,Not a course cluster,True,,I4210152575
IIT Kharagpur,1930,Indraprastha Apollo Hospitals,0,0,4,23,Not a course cluster,True,,I1302839792
IIT Kharagpur,1931,Persistent Systems (India),0,0,3,6,Not a course cluster,True,,I2800727657
IIT Kharagpur,1932,"Sree Narayana College, Punalur",0,0,3,2,Not a course cluster,True,,I4405254405
IIT Kharagpur,1933,Biswa Bangla Biswabidyalay,0,0,3,0,Not a course cluster,True,,I4405268447
IIT Kharagpur,1934,Government Medical College,0,0,33,88,Not a course cluster,True,,I248710770
IIT Kharagpur,1935,Kaliyaganj College,0,0,3,0,Not a course cluster,True,,I4405253966
IIT Kharagpur,1936,Mannar Thirumalai Naicker College,0,0,3,0,Not a course cluster,True,,I4405265996
IIT Kharagpur,1937,Maulana Azad University Jodhpur,0,0,3,0,Not a course cluster,True,,I4405255144
IIT Kharagpur,1938,Maharashtra Forest Department,0,0,3,6,Not a course cluster,True,,I4210140994
IIT Kharagpur,1939,Hislop College,0,0,3,2,Not a course cluster,True,,I119204206
IIT Kharagpur,1940,NIILM University,0,0,3,1,Not a course cluster,True,,I3129898747
IIT Kharagpur,1941,Tech Mahindra (India),0,0,3,15,Not a course cluster,True,,I4210130378
IIT Kharagpur,1942,Jeppiaar University,0,0,3,1,Not a course cluster,True,,I4405278269
IIT Kharagpur,1943,St. John's National Academy of Health Sciences,0,0,3,5,Not a course cluster,True,,I4210129261
IIT Kharagpur,1944,Dakshin Foundation,0,0,3,3,Not a course cluster,True,,I4405258310
IIT Kharagpur,1945,Sido Kanhu Murmu University,0,0,3,0,Not a course cluster,True,,I3132909238
IIT Kharagpur,1946,Shri A.M.M. Murugappa Chettiar Research Centre,0,0,3,12,Not a course cluster,True,,I4210152587
IIT Kharagpur,1947,Novartis (India),0,0,3,4,Not a course cluster,True,,I4210090302
IIT Kharagpur,1948,Burdwan Medical College & Hospital,0,0,3,5,Not a course cluster,True,,I166813715
IIT Kharagpur,1949,"Jawaharlal Nehru Technological University-Gurajada, Vizianagaram",0,0,3,0,Not a course cluster,True,,I4405256783
IIT Kharagpur,1950,Central Sericultural Germplasm Resources Centre,0,0,3,0,Not a course cluster,True,,I4210089075
IIT Kharagpur,1951,"Shivharsh Kisan Post Graduate College, Basti",0,0,3,0,Not a course cluster,True,,I4405253305
IIT Kharagpur,1952,Emami (India),0,0,3,4,Not a course cluster,True,,I4210096895
IIT Kharagpur,1953,Bangalore Medical College and Research Institute,0,0,3,8,Not a course cluster,True,,I876098953
IIT Kharagpur,1954,Raiganj Surendranath Mahavidyalaya,0,0,3,11,Not a course cluster,True,,I4405275817
IIT Kharagpur,1955,Babu Banarasi Das Northern India Institute of Technology,0,0,3,0,Not a course cluster,True,,I4405258158
IIT Kharagpur,1956,ICAR - National Meat Research Institute,0,0,3,6,Not a course cluster,True,,I4210131297
IIT Kharagpur,1957,Bhagwan Mahaveer Cancer Hospital and Research Centre,0,0,3,1,Not a course cluster,True,,I4210113013
IIT Kharagpur,1958,National Institute of Science Communication and Information Resources,0,0,3,7,Not a course cluster,True,,I28700744
IIT Kharagpur,1959,Rajiv Gandhi University of Health Sciences,0,0,3,5,Not a course cluster,True,,I286135121
IIT Kharagpur,1960,Syamaprasad College,0,0,3,0,Not a course cluster,True,,I4405278083
IIT Kharagpur,1961,Uttarakhand Open University,0,0,3,3,Not a course cluster,True,,I185596852
IIT Kharagpur,1962,National Health Systems Resource Centre,0,0,3,9,Not a course cluster,True,,I4210138037
IIT Kharagpur,1963,Pacif Institute of Cosmology and Selfology,0,0,3,0,Not a course cluster,True,,I4405261414
IIT Kharagpur,1964,"St. John's College, Agra",0,0,3,10,Not a course cluster,True,,I4405277037
IIT Kharagpur,1965,Camellia Institute of Technology,0,0,3,1,Not a course cluster,True,,I4405277783
IIT Kharagpur,1966,University College for Women,0,0,3,0,Not a course cluster,True,,I2802287669
IIT Kharagpur,1967,BLK Super Speciality Hospital,0,0,3,9,Not a course cluster,True,,I4210122912
IIT Kharagpur,1968,Baba Raghav Das Medical College,0,0,3,5,Not a course cluster,True,,I2799408090
IIT Kharagpur,1969,Government Medical College,0,0,33,88,Not a course cluster,True,,I150956004
IIT Kharagpur,1970,Suven Life Sciences (India),0,0,3,0,Not a course cluster,True,,I4210097346
IIT Kharagpur,1971,Centre for Ecology Development and Research,0,0,3,5,Not a course cluster,True,,I4405261514
IIT Kharagpur,1972,NETES Institute of Pharmaceutical Science,0,0,3,1,Not a course cluster,True,,I4405263119
IIT Kharagpur,1973,K.S.R. Institute of Dental Science and Research,0,0,3,1,Not a course cluster,True,,I4405273479
IIT Kharagpur,1974,Healthcare Technology Innovation Centre,0,0,3,3,Not a course cluster,True,,I4210102197
IIT Kharagpur,1975,Sree Sevugan Annamalai College,0,0,3,3,Not a course cluster,True,,I4405267585
IIT Kharagpur,1976,National Centre for Compositional Characterisation of Materials,0,0,3,19,Not a course cluster,True,,I4210100447
IIT Kharagpur,1977,Deccan College of Medical Sciences,0,0,3,1,Not a course cluster,True,,I149145351
IIT Kharagpur,1978,North Eastern Indira Gandhi Regional Institute of Health and Medical Sciences,0,0,3,5,Not a course cluster,True,,I231543472
IIT Kharagpur,1979,Johnson & Johnson (India),0,0,3,6,Not a course cluster,True,,I4210163153
IIT Kharagpur,1980,Krishna Kanta Handiqui State Open University,0,0,3,0,Not a course cluster,True,,I4210087854
IIT Kharagpur,1981,Nivetha Institute of Earth and Environmental Sciences,0,0,3,0,Not a course cluster,True,,I4405284070
IIT Kharagpur,1982,"Jagannath International Management School, Vasant Kunj, New Delhi",0,0,3,1,Not a course cluster,True,,I4405254466
IIT Kharagpur,1983,Government Model Science College,0,0,3,2,Not a course cluster,True,,I4405273430
IIT Kharagpur,1984,Dr. Subhash University,0,0,3,0,Not a course cluster,True,,I4405256992
IIT Kharagpur,1985,Government of Mizoram,0,0,3,3,Not a course cluster,True,,I4210157823
IIT Kharagpur,1986,Rangaraya Medical College,0,0,3,1,Not a course cluster,True,,I30589939
IIT Kharagpur,1987,"Mahatma Gandhi Arts, Science & Late Nasaruddhinbhai Panjwani Commerce College",0,0,3,3,Not a course cluster,True,,I4405258434
IIT Kharagpur,1988,Advanced Numerical Research and Analysis Group,0,0,3,4,Not a course cluster,True,,I4210115222
IIT Kharagpur,1989,Nalla Malla Reddy Engineering College,0,0,3,2,Not a course cluster,True,,I4405274505
IIT Kharagpur,1990,Ispat General Hospital,0,0,3,7,Not a course cluster,True,,I4210106902
IIT Kharagpur,1991,Maharashtra University of Health Sciences,0,0,3,4,Not a course cluster,True,,I149766970
IIT Kharagpur,1992,Bineswar Brahma Engineering College,0,0,3,3,Not a course cluster,True,,I4405260155
IIT Kharagpur,1993,Pallium India,0,0,3,0,Not a course cluster,True,,I2800781119
IIT Kharagpur,1994,Mahindra and Mahindra Limited (India),0,0,3,3,Not a course cluster,True,,I4210104682
IIT Kharagpur,1995,Anusandhan National Research Foundation,0,0,3,1,Not a course cluster,True,,I4405276818
IIT Kharagpur,1996,Indira Gandhi Technological and Medical Sciences University,0,0,3,0,Not a course cluster,True,,I4405282821
IIT Kharagpur,1997,Gujarat Institute of Desert Ecology,0,0,3,8,Not a course cluster,True,,I4210159133
IIT Kharagpur,1998,Kendrapara Autonomous College,0,0,3,0,Not a course cluster,True,,I4405276246
IIT Kharagpur,1999,National Bureau of Agricultural Insect Resources,0,0,3,5,Not a course cluster,True,,I4210129780
IIT Kharagpur,2000,JSS Dental College and Hospital,0,0,3,4,Not a course cluster,True,,I70928359
IIT Kharagpur,2001,Defence Bioengineering and Electromedical Laboratory,0,0,3,12,Not a course cluster,True,,I4210093312
IIT Kharagpur,2002,SMBT College of Pharmacy,0,0,3,0,Not a course cluster,True,,I4405274066
IIT Kharagpur,2003,"G.S. Science, Arts And Commerce College",0,0,3,6,Not a course cluster,True,,I4210144496
IIT Kharagpur,2004,Sri Konda Laxman Telangana State Horticultural University,0,0,3,1,Not a course cluster,True,,I3132430671
IIT Kharagpur,2005,P. D. Hinduja Hospital and Medical Research Centre,0,0,3,12,Not a course cluster,True,,I2800474033
IIT Kharagpur,2006,Kedarnath Girdharilal Khatri Degree College,0,0,3,0,Not a course cluster,True,,I4405279864
IIT Kharagpur,2007,The Automotive Research Association of India,0,0,3,7,Not a course cluster,True,,I88213707
IIT Kharagpur,2008,Confederation of Indian Industry,0,0,3,8,Not a course cluster,True,,I2801105518
IIT Kharagpur,2009,"Loknete Vyankatrao Hiray Arts, Science and Commerce College",0,0,3,8,Not a course cluster,True,,I4405258260
IIT Kharagpur,2010,Dr. K.N.Modi University,0,0,3,0,Not a course cluster,True,,I3133069541
IIT Kharagpur,2011,Maulana Azad Institute of Dental Sciences,0,0,3,2,Not a course cluster,True,,I4210095482
IIT Kharagpur,2012,Shri Sathya Sai Medical College and Research Institute,0,0,3,3,Not a course cluster,True,,I4210112828
IIT Kharagpur,2013,Assumption College,0,0,3,1,Not a course cluster,True,,I4405255754
IIT Kharagpur,2014,Thai Moogambigai Dental College and Hospital,0,0,3,1,Not a course cluster,True,,I4210141999
IIT Kharagpur,2015,Kakaraparti Bhavanarayana College,0,0,3,0,Not a course cluster,True,,I4405261508
IIT Kharagpur,2016,National Institute of Design,0,0,3,6,Not a course cluster,True,,I5816614
IIT Kharagpur,2017,Ministry of New and Renewable Energy,0,0,3,8,Not a course cluster,True,,I4210159250
IIT Kharagpur,2018,Chameli Devi Group of Institutions,0,0,3,0,Not a course cluster,True,,I4210139833
IIT Kharagpur,2019,Sri Indu Institute of Engineering and Technology,0,0,3,1,Not a course cluster,True,,I4405273320
IIT Kharagpur,2020,Kammavari Sangham Institute of Technology,0,0,3,5,Not a course cluster,True,,I4405274789
IIT Kharagpur,2021,Indian Institute of Natural Resins and Gums,0,0,3,13,Not a course cluster,True,,I1307855090
IIT Kharagpur,2022,Pandit Bhagwat Dayal Sharma University of Health Sciences,0,0,3,7,Not a course cluster,True,,I4210140486
IIT Kharagpur,2023,St. Xavier's College,0,0,30,34,Not a course cluster,True,,I4405254408
IIT Kharagpur,2024,Gondwana University,0,0,3,4,Not a course cluster,True,,I3133345995
IIT Kharagpur,2025,"Multanimal Modi College, Modinagar",0,0,3,1,Not a course cluster,True,,I4405260752
IIT Kharagpur,2026,Maharashtra State Board of Technical Education,0,0,3,1,Not a course cluster,True,,I2799436172
IIT Kharagpur,2027,Sri Ramakrishna Institute of Paramedical Sciences,0,0,3,2,Not a course cluster,True,,I4210099837
IIT Kharagpur,2028,National Institute of Ayurveda,0,0,3,0,Not a course cluster,True,,I3133021252
IIT Kharagpur,2029,Kunthavai Naacchiyaar Government Arts College for Women (Autonomous),0,0,3,5,Not a course cluster,True,,I4405277739
IIT Kharagpur,2030,Tehatta Sadananda Mahavidyalaya,0,0,3,2,Not a course cluster,True,,I4405253084
IIT Kharagpur,2031,Shri Dharmasthala Manjunatheshwara University,0,0,3,10,Not a course cluster,True,,I4387152955
IIT Kharagpur,2032,Rajasthan University of Health Sciences,0,0,3,3,Not a course cluster,True,,I2802772831
IIT Kharagpur,2033,Rishi Bankim Chandra College for Women,0,0,3,3,Not a course cluster,True,,I4405261869
IIT Kharagpur,2034,University of Technology and Management,0,0,3,0,Not a course cluster,True,,I45533404
IIT Kharagpur,2035,Savoirs et Mondes Indiens,0,0,3,3,Not a course cluster,True,,I4387153201
IIT Kharagpur,2036,St. Andrews Institute of Technology and Management,0,0,3,2,Not a course cluster,True,,I4405255584
IIT Kharagpur,2037,"Government College of Engineering, Erode",0,0,3,6,Not a course cluster,True,,I4405263326
IIT Kharagpur,2038,Sustainable Futures Collaborative,0,0,3,2,Not a course cluster,True,,I4405257875
IIT Kharagpur,2039,Agilent Technologies (India),0,0,2,4,Not a course cluster,True,,I4210108186
IIT Kharagpur,2040,Vidyalankar School of Information Technology,0,0,2,0,IIITs,True,,I4405276725
IIT Kharagpur,2041,Vimta (India),0,0,2,0,Not a course cluster,True,,I4210103938
IIT Kharagpur,2042,Maharaja Chhatrasal Bundelkhand University,0,0,2,0,Not a course cluster,True,,I4210151682
IIT Kharagpur,2043,Kokilaben Dhirubhai Ambani Hospital,0,0,2,1,Not a course cluster,True,,I4210131938
IIT Kharagpur,2044,Sawai Man Singh Hospital,0,0,2,2,Not a course cluster,True,,I2802525668
IIT Kharagpur,2045,Asian Law College,0,0,2,0,Not a course cluster,True,,I4405263525
IIT Kharagpur,2046,Squad Medicine and Research (SMR),0,0,2,0,Not a course cluster,True,,I4405256514
IIT Kharagpur,2047,Don Bosco College of Engineering,0,0,2,1,Not a course cluster,True,,I4405271317
IIT Kharagpur,2048,TIFR Centre for Applicable Mathematics,0,0,2,6,Not a course cluster,True,,I94595606
IIT Kharagpur,2049,Murugappa (India),0,0,2,0,Not a course cluster,True,,I4210138020
IIT Kharagpur,2050,SVS Medical College,0,0,2,1,Not a course cluster,True,,I4210142847
IIT Kharagpur,2051,Dr. Rajendra Prasad Government Medical College,0,0,2,3,Not a course cluster,True,,I4210148181
IIT Kharagpur,2052,Maharaja Agrasen Institute of Management Studies,0,0,2,5,Not a course cluster,True,,I4405259335
IIT Kharagpur,2053,Krishna Institute of Medical Sciences,0,0,2,7,Not a course cluster,True,,I4210091132
IIT Kharagpur,2054,Apollo Hospitals Educational and Research Foundation,0,0,2,3,Not a course cluster,True,,I4405273104
IIT Kharagpur,2055,Himgiri Zee University,0,0,2,2,Not a course cluster,True,,I2800232979
IIT Kharagpur,2056,Shri Bhagubhai Mafatlal Polytechnic and College of Engineering,0,0,2,0,Not a course cluster,True,,I4405272901
IIT Kharagpur,2057,National Institute of Rock Mechanics,0,0,2,11,Not a course cluster,True,,I4405253853
IIT Kharagpur,2058,Asian Business School,0,0,2,0,Not a course cluster,True,,I4405270899
IIT Kharagpur,2059,Sikkim Alpine University,0,0,2,1,Not a course cluster,True,,I4405264292
IIT Kharagpur,2060,Vardhaman Mahaveer Open University,0,0,2,0,Not a course cluster,True,,I52496869
IIT Kharagpur,2061,Inventia (India),0,0,2,1,Not a course cluster,True,,I4210142905
IIT Kharagpur,2062,Kaloji Narayana Rao University of Health Sciences,0,0,2,0,Not a course cluster,True,,I4210126239
IIT Kharagpur,2063,"Regional Cancer Center, Thiruvananthapuram",0,0,2,25,Not a course cluster,True,,I2800611740
IIT Kharagpur,2064,Dharma Samaj College,0,0,2,4,Not a course cluster,True,,I4405278591
IIT Kharagpur,2065,BGS Global Hospital,0,0,2,0,Not a course cluster,True,,I4210150676
IIT Kharagpur,2066,Government Medical College and Hospital,0,0,3,24,Not a course cluster,True,,I4210136170
IIT Kharagpur,2067,Mohammad Ali Jauhar University,0,0,2,0,Not a course cluster,True,,I3129486212
IIT Kharagpur,2068,Wildlife Trust of India,0,0,2,1,Not a course cluster,True,,I4405254779
IIT Kharagpur,2069,National Institute of Health and Family Welfare,0,0,2,13,Not a course cluster,True,,I4210094607
IIT Kharagpur,2070,Government Medical College,0,0,33,88,Not a course cluster,True,,I180771373
IIT Kharagpur,2071,National Museum New Delhi,0,0,2,0,Not a course cluster,True,,I4210125305
IIT Kharagpur,2072,Kabi Samrat Upendra Bhanja College,0,0,2,1,Not a course cluster,True,,I4405285219
IIT Kharagpur,2073,Lakshmibai National Institute of Physical Education,0,0,2,1,Not a course cluster,True,,I1324220350
IIT Kharagpur,2074,NM Sadguru Water and Development Foundation,0,0,2,0,Not a course cluster,True,,I4210152555
IIT Kharagpur,2075,Bundelkhand Medical College,0,0,2,0,Not a course cluster,True,,I4405273646
IIT Kharagpur,2076,Seacom Engineering College,0,0,2,10,Not a course cluster,True,,I4405272842
IIT Kharagpur,2077,Apollo Adlux Hospital,0,0,2,0,Not a course cluster,True,,I4405283253
IIT Kharagpur,2078,Maa Manikeshwari University,0,0,2,1,Not a course cluster,True,,I4405263422
IIT Kharagpur,2079,"Sitabai Thite College of Pharmacy, Shirur",0,0,2,1,Not a course cluster,True,,I4405261843
IIT Kharagpur,2080,Maharashtra Hybrid Seeds (India),0,0,2,1,Not a course cluster,True,,I4210111342
IIT Kharagpur,2081,"Govt.W.W. Patankar Girls’ PG College, Durg",0,0,2,0,Not a course cluster,True,,I4405263452
IIT Kharagpur,2082,Central University of Tibetan Studies,0,0,2,1,Not a course cluster,True,,I2802930190
IIT Kharagpur,2083,Bagadhar Brahma Kishan College,0,0,2,0,Not a course cluster,True,,I4399657952
IIT Kharagpur,2084,"Azim Premji University, Bhopal",0,0,2,1,Not a course cluster,True,,I4405266510
IIT Kharagpur,2085,Karnataka Institute of Medical Sciences,0,0,2,3,Not a course cluster,True,,I77799889
IIT Kharagpur,2086,Gobardanga Hindu College,0,0,2,5,Not a course cluster,True,,I4405275311
IIT Kharagpur,2087,Charuchandra College,0,0,2,2,Not a course cluster,True,,I4405274187
IIT Kharagpur,2088,Government Medical College,0,0,33,88,Not a course cluster,True,,I4210089425
IIT Kharagpur,2089,Electronics and Radar Development Establishment,0,0,2,4,Not a course cluster,True,,I4210086621
IIT Kharagpur,2090,R. N. G. Patel Institute of Technology,0,0,2,0,Not a course cluster,True,,I4405254091
IIT Kharagpur,2091,Jhargram Government Medical College and Hospital,0,0,2,0,Not a course cluster,True,,I4405271779
IIT Kharagpur,2092,Translational Research Platform for Veterinary Biologicals (India),0,0,2,0,Not a course cluster,True,,I4210166246
IIT Kharagpur,2093,Malankara Orthodox Syrian Church Medical College Hospital,0,0,2,0,Not a course cluster,True,,I2802105490
IIT Kharagpur,2094,Bharti Hospital,0,0,2,3,Not a course cluster,True,,I4210153282
IIT Kharagpur,2095,Dumkal Institute of Engineering & Technology,0,0,2,0,Not a course cluster,True,,I4405282879
IIT Kharagpur,2096,Kanchi Kamakoti CHILDS Trust Hospital,0,0,2,2,Not a course cluster,True,,I4210135524
IIT Kharagpur,2097,Department of Telecommunications,0,0,2,1,Not a course cluster,True,,I4405271443
IIT Kharagpur,2098,"Guru Nanak Dev University College, Verka",0,0,2,0,Not a course cluster,True,,I4405275281
IIT Kharagpur,2099,Grant Medical College and Sir Jamshedjee Jeejeebhoy Group of Hospitals,0,0,2,2,Not a course cluster,True,,I169117269
IIT Kharagpur,2100,Central Forensic Science Laboratory,0,0,2,1,Not a course cluster,True,,I2800034660
IIT Kharagpur,2101,Cipla (India),0,0,2,3,Not a course cluster,True,,I4210133301
IIT Kharagpur,2102,B.V. Raju College,0,0,2,0,Not a course cluster,True,,I4405257069
IIT Kharagpur,2103,Stanley Medical College,0,0,2,2,Not a course cluster,True,,I25051037
IIT Kharagpur,2104,Sanskriti Samvardhan Mandal,0,0,2,0,Not a course cluster,True,,I4210093989
IIT Kharagpur,2105,Sun Pharma (India),0,0,2,0,Not a course cluster,True,,I4210133592
IIT Kharagpur,2106,Mamata Medical College,0,0,2,4,Not a course cluster,True,,I37012753
IIT Kharagpur,2107,Rajagiri Hospital,0,0,2,0,Not a course cluster,True,,I4210113677
IIT Kharagpur,2108,Ayurvet (India),0,0,2,1,Not a course cluster,True,,I4210157303
IIT Kharagpur,2109,Engineering Staff College of India,0,0,2,0,Not a course cluster,True,,I4405261761
IIT Kharagpur,2110,Christ Academy Institute for Advanced Studies,0,0,2,0,Not a course cluster,True,,I4405275767
IIT Kharagpur,2111,Pfizer (India),0,0,2,2,Not a course cluster,True,,I4210163853
IIT Kharagpur,2112,Smt. Kashibai Navale Medical College and General hospital,0,0,2,3,Not a course cluster,True,,I4210157510
IIT Kharagpur,2113,T. D. Medical College,0,0,2,1,Not a course cluster,True,,I2802466914
IIT Kharagpur,2114,Centre for Personnel Talent Management,0,0,2,1,Not a course cluster,True,,I4210091356
IIT Kharagpur,2115,Sri Sri Institute for Advanced Research,0,0,2,0,Not a course cluster,True,,I4405262849
IIT Kharagpur,2116,Tilak Dhari Post Graduate College,0,0,2,2,Not a course cluster,True,,I4210087875
IIT Kharagpur,2117,"Bansal Institute of Engineering And Technology, Lucknow",0,0,2,0,Not a course cluster,True,,I4405259534
IIT Kharagpur,2118,Wildlife Conservation Society India,0,0,2,15,Not a course cluster,True,,I4210154569
IIT Kharagpur,2119,KIRND Institute of Research and Development Pvt Ltd,0,0,2,1,Not a course cluster,True,,I4405261651
IIT Kharagpur,2120,Delhi Pollution Control Committee,0,0,2,6,Not a course cluster,True,,I4405272803
IIT Kharagpur,2121,Brahmananda Keshab Chandra College,0,0,2,2,Not a course cluster,True,,I4405277791
IIT Kharagpur,2122,Raja Rammohun Roy Mahavidyalaya,0,0,2,1,Not a course cluster,True,,I4405285329
IIT Kharagpur,2123,Hemwati Nandan Bahuguna Uttarakhand Medical Education University,0,0,2,1,Not a course cluster,True,,I4405263621
IIT Kharagpur,2124,Ministry of Railways,0,0,2,1,Not a course cluster,True,,I4405266390
IIT Kharagpur,2125,Institute of Health Management Research Bangalore,0,0,2,1,Not a course cluster,True,,I4405256990
IIT Kharagpur,2126,Uttarakhand Ayurved University,0,0,2,1,Not a course cluster,True,,I3131184031
IIT Kharagpur,2127,Quazar Technologies (India),0,0,2,0,Not a course cluster,True,,I4210139001
IIT Kharagpur,2128,National Center for Disease Control,0,0,2,22,Not a course cluster,True,,I103004294
IIT Kharagpur,2129,Shalby Hospitals,0,0,2,2,Not a course cluster,True,,I2801919287
IIT Kharagpur,2130,Indus Biotech (India),0,0,2,0,Not a course cluster,True,,I4210104831
IIT Kharagpur,2131,State Bank of India,0,0,2,2,Not a course cluster,True,,I4405270657
IIT Kharagpur,2132,Indira Gandhi Institute of Medical Sciences,0,0,2,5,Not a course cluster,True,,I238035932
IIT Kharagpur,2133,Centre for Policy Studies,0,0,2,0,Not a course cluster,True,,I4210157167
IIT Kharagpur,2134,B.J. Medical College,0,0,2,4,Not a course cluster,True,,I64157871
IIT Kharagpur,2135,Kandra Radhakanta Kundu Mahavidyalaya,0,0,2,0,Not a course cluster,True,,I4405284245
IIT Kharagpur,2136,Hindu College of Pharmacy,0,0,2,4,Not a course cluster,True,,I4210151968
IIT Kharagpur,2137,Central Institute for Research on Goats,0,0,2,5,Not a course cluster,True,,I4210108051
IIT Kharagpur,2138,Apollo Hospitals,0,0,7,46,Not a course cluster,True,,I4210130696
IIT Kharagpur,2139,Punjab State Council for Science & Technology,0,0,2,0,Not a course cluster,True,,I4210108378
IIT Kharagpur,2140,Jain hospital,0,0,2,2,Not a course cluster,True,,I4405259822
IIT Kharagpur,2141,Centre For Human Genetics,0,0,2,1,Not a course cluster,True,,I4210098597
IIT Kharagpur,2142,National Fisheries Development Board,0,0,2,0,Not a course cluster,True,,I4405271622
IIT Kharagpur,2143,Central Council for Research in Siddha,0,0,2,0,Not a course cluster,True,,I4210161912
IIT Kharagpur,2144,National Research Development Corporation,0,0,2,3,Not a course cluster,True,,I4210156257
IIT Kharagpur,2145,Spices Board India,0,0,2,2,Not a course cluster,True,,I4210134647
IIT Kharagpur,2146,National Institute of Animal Nutrition and Physiology,0,0,2,10,Not a course cluster,True,,I4210126702
IIT Kharagpur,2147,Seth Anandram Jaipuria College,0,0,2,9,Not a course cluster,True,,I4405280749
IIT Kharagpur,2148,"St. Philomena College, Puttur",0,0,2,0,Not a course cluster,True,,I4405259634
IIT Kharagpur,2149,Prof. Rajendra Singh (Rajju Bhaiya) University,0,0,2,0,Not a course cluster,True,,I4405283344
IIT Kharagpur,2150,Eastern Institute For Integrated Learning In Management - Kolkata,0,0,2,0,Not a course cluster,True,,I4405260481
IIT Kharagpur,2151,Shri Guru Ram Rai Institute of Medical & Health Sciences,0,0,2,1,Not a course cluster,True,,I4405267002
IIT Kharagpur,2152,QNu Labs (India),0,0,2,0,Not a course cluster,True,,I4210142485
IIT Kharagpur,2153,Fishery Survey of India,0,0,2,0,Not a course cluster,True,,I4405266824
IIT Kharagpur,2154,Shri BM Patil Medical College,0,0,2,2,Not a course cluster,True,,I123665430
IIT Kharagpur,2155,St. Joseph Dental College,0,0,2,1,Not a course cluster,True,,I4210112433
IIT Kharagpur,2156,Integrative Centre for Research & Innovation in Biology,0,0,2,0,Not a course cluster,True,,I4405262458
IIT Kharagpur,2157,Central Board of Secondary Education,0,0,2,0,Not a course cluster,True,,I2803094843
IIT Kharagpur,2158,Bharat Forge (India),0,0,2,8,Not a course cluster,True,,I4210089955
IIT Kharagpur,2159,"Christ Church College, Kanpur",0,0,2,2,Not a course cluster,True,,I4405274624
IIT Kharagpur,2160,St. Kabir Institute of Professional Studies,0,0,2,1,Not a course cluster,True,,I4405263109
IIT Kharagpur,2161,Rajendra Hospital,0,0,2,1,Not a course cluster,True,,I4210102127
IIT Kharagpur,2162,Jangipur College,0,0,2,1,Not a course cluster,True,,I4405270277
IIT Kharagpur,2163,Ministry of Skill Development and Entrepreneurship,0,0,2,0,Not a course cluster,True,,I4405280593
IIT Kharagpur,2164,"Harish Chandra Post Graduate College, Varanasi",0,0,2,0,Not a course cluster,True,,I4405281396
IIT Kharagpur,2165,Delhi Metropolitan Education,0,0,2,0,Not a course cluster,True,,I4405263007
IIT Kharagpur,2166,Panineeya Institute of Dental Sciences & Research Centre,0,0,2,0,Not a course cluster,True,,I4405267483
IIT Kharagpur,2167,Annai Vailankanni Arts and Science College,0,0,2,0,Not a course cluster,True,,I4405265989
IIT Kharagpur,2168,Health Action by People,0,0,2,2,Not a course cluster,True,,I4210154316
IIT Kharagpur,2169,Marico (India),0,0,2,0,Not a course cluster,True,,I4210165128
IIT Kharagpur,2170,Jagadamba Mahavidyalaya,0,0,2,3,Not a course cluster,True,,I4405263310
IIT Kharagpur,2171,North Lakhimpur University,0,0,2,0,Not a course cluster,True,,I4405259400
IIT Kharagpur,2172,Mahamana Pandit Madan Mohan Malaviya Cancer Centre,0,0,2,0,Not a course cluster,True,,I4405260747
IIT Kharagpur,2173,Anjuman Islam Janjira Degree College of Science,0,0,2,0,Not a course cluster,True,,I4405284217
IIT Kharagpur,2174,Ipca Laboratories (India),0,0,2,0,Not a course cluster,True,,I145824119
IIT Kharagpur,2175,Dhanvantari Ayurveda College Hospital and Research Centre,0,0,2,0,Not a course cluster,True,,I4210145297
IIT Kharagpur,2176,Gitarattan International Business School,0,0,2,0,Not a course cluster,True,,I4405277619
IIT Kharagpur,2177,Vignan's Institute of Management and Technology for Women,0,0,2,0,Not a course cluster,True,,I4405283258
IIT Kharagpur,2178,M S Ramaiah Institute of Management,0,0,2,20,Not a course cluster,True,,I4405257743
IIT Kharagpur,2179,Bombay Hospital,0,0,2,3,Not a course cluster,True,,I4210135821
IIT Kharagpur,2180,MEASI Institute of Management,0,0,2,1,Not a course cluster,True,,I4405265375
IIT Kharagpur,2181,GloNeuro,0,0,2,2,Not a course cluster,True,,I4405257106
IIT Kharagpur,2182,Awadhesh Pratap Singh University,0,0,2,18,Not a course cluster,True,,I59615845
IIT Kharagpur,2183,G. Pulla Reddy College of Pharmacy,0,0,2,1,Not a course cluster,True,,I4405263311
IIT Kharagpur,2184,Advanced Instrumentation Research Facility,0,0,2,4,Not a course cluster,True,,I4405281529
IIT Kharagpur,2185,Sitamarhi Institute of Technology,0,0,2,0,Not a course cluster,True,,I4405260237
IIT Kharagpur,2186,Uttarakhand Forest Department,0,0,2,0,Not a course cluster,True,,I4210142984
IIT Kharagpur,2187,National Power Training Institute,0,0,2,5,Not a course cluster,True,,I4210167178
IIT Kharagpur,2188,Regional Medical Research Centre,0,0,11,29,Not a course cluster,True,,I4210093644
IIT Kharagpur,2189,Kannur Medical College,0,0,2,3,Not a course cluster,True,,I4210129664
IIT Kharagpur,2190,Dr. Daulatrao Aher College of Engineering,0,0,2,0,Not a course cluster,True,,I4405260234
IIT Kharagpur,2191,Debraj Roy College,0,0,2,2,Not a course cluster,True,,I4405276481
IIT Kharagpur,2192,"Babasaheb Naik College of Engineering, Pusad",0,0,2,7,Not a course cluster,True,,I4405276991
IIT Kharagpur,2193,Tata Institute for Genetics and Society,0,0,2,0,Not a course cluster,True,,I4210156799
IIT Kharagpur,2194,Lilavati Hospital & Research Centre,0,0,2,12,Not a course cluster,True,,I2800084889
IIT Kharagpur,2195,Tata Chemicals (India),0,0,2,4,Not a course cluster,True,,I2800685081
IIT Kharagpur,2196,Institute of Chartered Accountants of India,0,0,2,0,Not a course cluster,True,,I4210160863
IIT Kharagpur,2197,Banki College,0,0,2,1,Not a course cluster,True,,I4210107397
IIT Kharagpur,2198,Government Mohan Kumaramangalam Medical College,0,0,2,2,Not a course cluster,True,,I4210154858
IIT Kharagpur,2199,"Institute of Mathematics and Applications, Bhubaneswar",0,0,2,3,Not a course cluster,True,,I4405283231
IIT Kharagpur,2200,Velammal Medical College Hospital and Research Institute,0,0,2,0,Not a course cluster,True,,I4210104323
IIT Kharagpur,2201,IQVIA (India),0,0,2,2,Not a course cluster,True,,I4210096889
IIT Kharagpur,2202,Santipur College,0,0,2,2,Not a course cluster,True,,I4405276830
IIT Kharagpur,2203,Shree Dhanvantary Pharmacy College,0,0,2,4,Not a course cluster,True,,I4405274818
IIT Kharagpur,2204,Jawaharlal Nehru Medical College,0,0,7,16,Not a course cluster,True,,I4210093348
IIT Kharagpur,2205,Guru Gobind Singh Medical College and Hospital,0,0,2,1,Not a course cluster,True,,I2800404181
IIT Kharagpur,2206,Mahindra Group (India),0,0,2,7,Not a course cluster,True,,I1336379959
IIT Kharagpur,2207,"Government College of Engineering, Nagpur",0,0,2,0,Not a course cluster,True,,I4405253287
IIT Kharagpur,2208,Avantha Centre for Industrial Research & Development,0,0,2,3,Not a course cluster,True,,I4210129589
IIT Kharagpur,2209,Vinayaka Missions Medical College and Hospitals,0,0,2,3,Not a course cluster,True,,I4210138697
IIT Kharagpur,2210,"Rajasthan Aryan Arts, Shri Mithulalji Kacholiya Commerce & Shri Satyanarayanji Ramkrishanji Rathi Science Mahavidyalaya",0,0,2,1,Not a course cluster,True,,I4405271095
IIT Kharagpur,2211,Shiv Nadar Foundation,0,0,2,0,Not a course cluster,True,,I4210143284
IIT Kharagpur,2212,Centre for Aromatic Plants,0,0,2,1,Not a course cluster,True,,I4210148696
IIT Kharagpur,2213,National Institute of High Security Animal Diseases,0,0,2,1,Not a course cluster,True,,I4210128070
IIT Kharagpur,2214,"St. Agnes College (Autonomous), Mangaluru",0,0,2,1,Not a course cluster,True,,I4405259874
IIT Kharagpur,2215,K.L.E. Society's S. Nijalingappa College,0,0,2,1,Not a course cluster,True,,I4405284022
IIT Kharagpur,2216,Jubilant Life Sciences (India),0,0,2,2,Not a course cluster,True,,I4210162011
IIT Kharagpur,2217,Biological E (India),0,0,2,1,Not a course cluster,True,,I4210096236
IIT Kharagpur,2218,Sumathi Reddy Institute of Technology for Women,0,0,2,0,Not a course cluster,True,,I4405256363
IIT Kharagpur,2219,Vivek University,0,0,2,0,Not a course cluster,True,,I4405259076
IIT Kharagpur,2220,Tiruvalla Medical Mission,0,0,2,0,Not a course cluster,True,,I4405268893
IIT Kharagpur,2221,Kalpana Chawla Government Medical College and Hospital,0,0,2,0,Not a course cluster,True,,I4210107157
IIT Kharagpur,2222,Institute for Seri-Biotechnological Research,0,0,2,3,Not a course cluster,True,,I4210098363
IIT Kharagpur,2223,Sir Sayajirao General Hospital Medical College,0,0,1,3,Not a course cluster,True,,I259800356
IIT Kharagpur,2224,Breach Candy Hospital,0,0,1,5,Not a course cluster,True,,I2800671109
IIT Kharagpur,2225,Sarat Centenary College,0,0,1,0,Not a course cluster,True,,I4405261487
IIT Kharagpur,2226,Ali Yavar Jung National Institute for the Hearing Handicapped,0,0,1,0,Not a course cluster,True,,I4210124687
IIT Kharagpur,2227,"St. Philomena's College, Mysuru",0,0,1,0,Not a course cluster,True,,I4405258839
IIT Kharagpur,2228,Kanyashree University,0,0,1,0,Not a course cluster,True,,I4405273814
IIT Kharagpur,2229,Jawaharlal Nehru Tropical Botanic Garden and Research Institute,0,0,1,9,Not a course cluster,True,,I2800926800
IIT Kharagpur,2230,Laurus labs (India),0,0,1,0,Not a course cluster,True,,I4210090023
IIT Kharagpur,2231,Mata Gujri University,0,0,1,0,Not a course cluster,True,,I4405256774
IIT Kharagpur,2232,Pondicherry Institute of Medical Sciences,0,0,1,8,Not a course cluster,True,,I163150328
IIT Kharagpur,2233,Plant Lipids (India),0,0,1,1,Not a course cluster,True,,I4210116276
IIT Kharagpur,2234,Apollo Proton Cancer Centre,0,0,1,1,Not a course cluster,True,,I4210154769
IIT Kharagpur,2235,Mahatma Gandhi Institute for Rural Industrialization,0,0,1,1,Not a course cluster,True,,I2800948379
IIT Kharagpur,2236,Whirlpool (India),0,0,1,0,Not a course cluster,True,,I4210162508
IIT Kharagpur,2237,"Government College, Tonk",0,0,1,1,Not a course cluster,True,,I4405279478
IIT Kharagpur,2238,Deenanath Mangeshkar Hospital and Research Center,0,0,1,1,Not a course cluster,True,,I4210116893
IIT Kharagpur,2239,"D.A.V. P.G. College, Lucknow",0,0,1,2,Not a course cluster,True,,I4405258482
IIT Kharagpur,2240,ESIC Hospital,0,0,1,2,Not a course cluster,True,,I4210141935
IIT Kharagpur,2241,Impact College of Engineering and Applied Sciences,0,0,1,0,Not a course cluster,True,,I4405263224
IIT Kharagpur,2242,Sri Devaraj Urs Medical College,0,0,1,3,Not a course cluster,True,,I135234465
IIT Kharagpur,2243,Centre for Professional and Advanced Studies,0,0,1,0,Not a course cluster,True,,I4405258901
IIT Kharagpur,2244,Patna Medical College and Hospital,0,0,1,0,Not a course cluster,True,,I173956350
IIT Kharagpur,2245,Rishi Bankim Chandra Evening College,0,0,1,1,Not a course cluster,True,,I4405262889
IIT Kharagpur,2246,Omeo Kumar Das Institute of Social Change and Development,0,0,1,1,Not a course cluster,True,,I4405258875
IIT Kharagpur,2247,Jaslok Hospital,0,0,1,5,Not a course cluster,True,,I2802099312
IIT Kharagpur,2248,National Institute of Unani Medicine,0,0,1,2,Not a course cluster,True,,I4405256369
IIT Kharagpur,2249,Defence Institute of Bio-Energy Research,0,0,1,2,Not a course cluster,True,,I4210120816
IIT Kharagpur,2250,Father Muller Medical College Hospital,0,0,1,5,Not a course cluster,True,,I17647740
IIT Kharagpur,2251,Directorate General of Commercial Intelligence and Statistics,0,0,1,1,Not a course cluster,True,,I4210118146
IIT Kharagpur,2252,Krishnadevaraya College of Dental Sciences and Hospital,0,0,1,2,Not a course cluster,True,,I2800607319
IIT Kharagpur,2253,BGR Energy Systems (India),0,0,1,0,Not a course cluster,True,,I4210088040
IIT Kharagpur,2254,Mahatma Gandhi Medical College and Research Institute,0,0,15,9,Not a course cluster,True,,I4210150266
IIT Kharagpur,2255,Guntur Medical College,0,0,1,0,Not a course cluster,True,,I179150554
IIT Kharagpur,2256,Centre for Tropical Biodiversity Conservation,0,0,1,0,Not a course cluster,True,,I4405258098
IIT Kharagpur,2257,Institute of Advanced Studies in Education,0,0,1,0,Not a course cluster,True,,I3131379424
IIT Kharagpur,2258,Krantisinh Nana Patil College of Veterinary Science,0,0,1,2,Not a course cluster,True,,I4210160490
IIT Kharagpur,2259,Tamil Nadu Teachers Education University,0,0,1,0,Not a course cluster,True,,I4210094592
IIT Kharagpur,2260,Abdul Ahad Azad Memorial Degree College,0,0,1,1,Not a course cluster,True,,I4405262785
IIT Kharagpur,2261,Vimhans PrimaMed Super Speciality Hospital,0,0,1,0,Not a course cluster,True,,I3173610708
IIT Kharagpur,2262,Schizophrenia Research Foundation,0,0,1,5,Not a course cluster,True,,I1328782679
IIT Kharagpur,2263,Christ College of Engineering and Technology,0,0,1,1,Not a course cluster,True,,I4405261904
IIT Kharagpur,2264,Ethophilia Research Foundation,0,0,1,0,Not a course cluster,True,,I4405259280
IIT Kharagpur,2265,Employees' State Insurance Model Hospital,0,0,1,2,Not a course cluster,True,,I4210121909
IIT Kharagpur,2266,Institute of Technology Management,0,0,1,0,Not a course cluster,True,,I4210145362
IIT Kharagpur,2267,Indian Institute of Business Management Patna,0,0,1,1,Not a course cluster,True,,I4210111633
IIT Kharagpur,2268,Aurigene Discovery Technologies (India),0,0,1,0,Not a course cluster,True,,I4210152788
IIT Kharagpur,2269,Regional Medical Research Centre,0,0,11,29,Not a course cluster,True,,I4210109249
IIT Kharagpur,2270,Narayana Dental College and Hospital,0,0,1,0,Not a course cluster,True,,I4210093231
IIT Kharagpur,2271,Rabindranath Tagore International Institute of Cardiac Sciences,0,0,1,2,Not a course cluster,True,,I4210095468
IIT Kharagpur,2272,Madurai Medical College,0,0,1,3,Not a course cluster,True,,I15664174
IIT Kharagpur,2273,Rama Hospital & Research Centre,0,0,1,0,Not a course cluster,True,,I4210116656
IIT Kharagpur,2274,Fresenius Kabi (India),0,0,1,0,Not a course cluster,True,,I4210103818
IIT Kharagpur,2275,ASBM University,0,0,1,0,Not a course cluster,True,,I4405283085
IIT Kharagpur,2276,Odisha University of Health Sciences,0,0,1,0,Not a course cluster,True,,I4405266047
IIT Kharagpur,2277,Mata Gujri Memorial Medical College & Lions Seva Kendra Hospital,0,0,1,1,Not a course cluster,True,,I4405256071
IIT Kharagpur,2278,Maharishi College of Natural Law,0,0,1,0,Not a course cluster,True,,I4405282141
IIT Kharagpur,2279,Government Dental College and Hospital,0,0,1,2,Not a course cluster,True,,I4210130008
IIT Kharagpur,2280,Government Medical College Bhavnagar,0,0,1,1,Not a course cluster,True,,I4210086474
IIT Kharagpur,2281,Society for Promoting Participative Ecosystem Management,0,0,1,2,Not a course cluster,True,,I4210100590
IIT Kharagpur,2282,Harichand Guruchand University,0,0,1,0,Not a course cluster,True,,I4405283214
IIT Kharagpur,2283,MaxBrain Technologies (India),0,0,1,0,Not a course cluster,True,,I4405282831
IIT Kharagpur,2284,"Ministry of Micro, Small and Medium Enterprises",0,0,1,0,Not a course cluster,True,,I4210112479
IIT Kharagpur,2285,Mangalore Institute of Oncology,0,0,1,3,Not a course cluster,True,,I4210118226
IIT Kharagpur,2286,T J Institute of Technology,0,0,1,0,Not a course cluster,True,,I4405258761
IIT Kharagpur,2287,Government Medical College,0,0,33,88,Not a course cluster,True,,I133769559
IIT Kharagpur,2288,Krishna Institute of Medical Sciences Deemed University,0,0,1,5,Not a course cluster,True,,I4210130471
IIT Kharagpur,2289,Kaushalya the Skill University,0,0,1,0,Not a course cluster,True,,I4405259734
IIT Kharagpur,2290,Vikrant University,0,0,1,0,Not a course cluster,True,,I4405275778
IIT Kharagpur,2291,University B.T. & Evening College,0,0,1,1,Not a course cluster,True,,I3129549910
IIT Kharagpur,2292,Parul University,0,0,345,58,Not a course cluster,True,,I4210112983
IIT Kharagpur,2293,Ministry of Corporate Affairs,0,0,1,0,Not a course cluster,True,,I4405266768
IIT Kharagpur,2294,Centre for Environment Education,0,0,1,0,Not a course cluster,True,,I4210163038
IIT Kharagpur,2295,Muljibhai Patel Urological Hospital,0,0,1,0,Not a course cluster,True,,I2800452302
IIT Kharagpur,2296,Kamineni Hospitals,0,0,1,0,Not a course cluster,True,,I4210127887
IIT Kharagpur,2297,USV (India),0,0,1,0,Not a course cluster,True,,I4210119848
IIT Kharagpur,2298,Biozeen (India),0,0,1,0,Not a course cluster,True,,I4210112589
IIT Kharagpur,2299,Population Council,0,0,1,16,Not a course cluster,True,,I1314022388
IIT Kharagpur,2300,Santosh University,0,0,1,1,Not a course cluster,True,,I2800102685
IIT Kharagpur,2301,Homi Bhabha Centre for Science Education,0,0,1,1,Not a course cluster,True,,I57827967
IIT Kharagpur,2302,Indian Biological Sciences and Research Institute,0,0,1,0,Not a course cluster,True,,I4405280160
IIT Kharagpur,2303,Prashanti Cancer Care Mission,0,0,1,2,Not a course cluster,True,,I4210149123
IIT Kharagpur,2304,Sanjivani Super Speciality Hospitals,0,0,1,7,Not a course cluster,True,,I4210134118
IIT Kharagpur,2305,OnionDev Technologies Pvt. Ltd. (India),0,0,1,2,Not a course cluster,True,,I4405266991
IIT Kharagpur,2306,M S Ramaiah Memorial Hospital,0,0,1,2,Not a course cluster,True,,I4210153998
IIT Kharagpur,2307,Bai Jerbai Wadia Hospital for Children,0,0,1,3,Not a course cluster,True,,I4210111325
IIT Kharagpur,2308,Babu Shivnath Agrawal (PG) College,0,0,1,2,Not a course cluster,True,,I4405284233
IIT Kharagpur,2309,Rajkiya Engineering College Mainpuri,0,0,1,0,Not a course cluster,True,,I4405256139
IIT Kharagpur,2310,Sabarmati University,0,0,1,0,Not a course cluster,True,,I3129738059
IIT Kharagpur,2311,Praxis Business School,0,0,1,2,Not a course cluster,True,,I4405254716
IIT Kharagpur,2312,National Innovation Foundation,0,0,1,7,Not a course cluster,True,,I4210144596
IIT Kharagpur,2313,Electronics Corporation of India,0,0,1,6,Not a course cluster,True,,I1336731492
IIT Kharagpur,2314,K J Somaiya Medical College,0,0,1,2,Not a course cluster,True,,I50783897
IIT Kharagpur,2315,Association for Intelligent Transport Systems,0,0,1,2,Not a course cluster,True,,I4210112609
IIT Kharagpur,2316,Government College Kota,0,0,1,2,Not a course cluster,True,,I4405277463
IIT Kharagpur,2317,Manuro Tech Research Pvt. Ltd (India),0,0,1,0,Not a course cluster,True,,I4405261650
IIT Kharagpur,2318,P.V. Narsimha Rao Telangana Veterinary University,0,0,1,6,Not a course cluster,True,,I4210098074
IIT Kharagpur,2319,Rainbow Children's Hospital,0,0,1,0,Not a course cluster,True,,I4210150241
IIT Kharagpur,2320,Zydus Lifesciences Limited (India),0,0,1,1,Not a course cluster,True,,I4210132663
IIT Kharagpur,2321,Lakulish Yoga University,0,0,1,0,Not a course cluster,True,,I4405256002
IIT Kharagpur,2322,St. Andrew's College,0,0,1,2,Not a course cluster,True,,I4405280600
IIT Kharagpur,2323,Bharti Airtel Limited,0,0,1,0,Not a course cluster,True,,I4405283066
IIT Kharagpur,2324,Government College of Pharmacy Rohru,0,0,1,2,Not a course cluster,True,,I4405255720
IIT Kharagpur,2325,St. Joseph University,0,0,1,0,Not a course cluster,True,,I4405285210
IIT Kharagpur,2326,Dravidian University,0,0,1,2,Not a course cluster,True,,I288045149
IIT Kharagpur,2327,St. Mother Theresa Engineering College,0,0,1,4,Not a course cluster,True,,I4405259866
IIT Kharagpur,2328,B. V. Patel Pharmaceutical Education and Research Development Centre,0,0,1,5,Not a course cluster,True,,I4210147659
IIT Kharagpur,2329,Iora Ecological Solutions,0,0,1,2,Not a course cluster,True,,I4210101831
IIT Kharagpur,2330,KLE Society Hospital,0,0,1,1,Not a course cluster,True,,I4210135707
IIT Kharagpur,2331,S Nijalingappa Medical College and HSK Hospital & Research Centre,0,0,1,4,Not a course cluster,True,,I4210122420
IIT Kharagpur,2332,Dr M L Dhawale Memorial Homoeopathic Institute,0,0,1,0,Not a course cluster,True,,I4405267198
IIT Kharagpur,2333,Center for Studies in Ethnobiology Biodiversity & Sustainability,0,0,1,1,Not a course cluster,True,,I4405257641
IIT Kharagpur,2334,Wildlife Information Liaison Development,0,0,1,4,Not a course cluster,True,,I4210130255
IIT Kharagpur,2335,Apollo Hospitals,0,0,7,46,Not a course cluster,True,,I4210159024
IIT Kharagpur,2336,Plant and Environmental Research Institute (PERI),0,0,1,0,Not a course cluster,True,,I4405265282
IIT Kharagpur,2337,Command Hospital Air Force,0,0,1,2,Not a course cluster,True,,I4210153078
IIT Kharagpur,2338,Mynvax (India),0,0,1,1,Not a course cluster,True,,I4405259513
IIT Kharagpur,2339,CPCL Polytechnic College,0,0,1,12,Not a course cluster,True,,I4210155803
IIT Kharagpur,2340,Indira Gandhi Government Medical College & Hospital,0,0,1,11,Not a course cluster,True,,I4210099166
IIT Kharagpur,2341,Department of Agriculture & Co-operation,0,0,1,1,Not a course cluster,True,,I4210152907
IIT Kharagpur,2342,St. Francis de Sales College,0,0,1,5,Not a course cluster,True,,I4405277032
IIT Kharagpur,2343,International School of Management Excellence,0,0,1,0,Not a course cluster,True,,I4405278847
IIT Kharagpur,2344,B. Borooah College,0,0,1,2,Not a course cluster,True,,I4405258270
IIT Kharagpur,2345,Teerthanker Mahaveer Medical College & Research Centre,0,0,1,2,Not a course cluster,True,,I4210145376
IIT Kharagpur,2346,"Shardabai Pawar Mahila Arts, Commerce and Science College",0,0,1,0,Not a course cluster,True,,I4405282557
IIT Kharagpur,2347,Indian Institute of Dalit Studies,0,0,1,6,Not a course cluster,True,,I4210161522
IIT Kharagpur,2348,Central Sanskrit University,0,0,1,0,Not a course cluster,True,,I4405271039
IIT Kharagpur,2349,Mazumdar Shaw Medical Centre,0,0,1,11,Not a course cluster,True,,I4210102983
IIT Kharagpur,2350,Global Hospitals,0,0,1,3,Not a course cluster,True,,I4210114360
IIT Kharagpur,2351,Jamalpur Mahavidyalaya,0,0,1,0,Not a course cluster,True,,I4405266054
IIT Kharagpur,2352,Shri Dharmasthala Manjunatheswara College of Ayurveda and Hospital,0,0,1,1,Not a course cluster,True,,I2890559060
IIT Kharagpur,2353,Billroth Hospitals,0,0,1,1,Not a course cluster,True,,I2802397026
IIT Kharagpur,2354,Kerala Institute of Medical Sciences,0,0,1,3,Not a course cluster,True,,I4210127957
IIT Kharagpur,2355,Balagarh Bijoy Krishna Mahavidyalaya,0,0,1,0,Not a course cluster,True,,I4405257469
IIT Kharagpur,2356,Chhattisgarh Dental College & Research Institute,0,0,1,0,Not a course cluster,True,,I4210130463
IIT Kharagpur,2357,Manav Bharti University,0,0,1,10,Not a course cluster,True,,I103104989
IIT Kharagpur,2358,Dabur Research Foundation (India),0,0,1,5,Not a course cluster,True,,I151154110
IIT Kharagpur,2359,Annai Vailankanni College of Engineering,0,0,1,1,Not a course cluster,True,,I4405265982
IIT Kharagpur,2360,Sun Pharma Advanced Research (India),0,0,1,1,Not a course cluster,True,,I4210135484
IIT Kharagpur,2361,Infectious Disease and Beliaghata General Hospital,0,0,1,1,Not a course cluster,True,,I4405266086
IIT Kharagpur,2362,Kolkata Municipal Corporation,0,0,1,8,Not a course cluster,True,,I2801352814
IIT Kharagpur,2363,Balaji College of Pharmacy,0,0,1,2,Not a course cluster,True,,I4405272806
IIT Kharagpur,2364,National Maritime Foundation,0,0,1,1,Not a course cluster,True,,I4210151286
IIT Kharagpur,2365,Government Medical College,0,0,33,88,Not a course cluster,True,,I4210107852
IIT Kharagpur,2366,Banas Medical College and Research Institute,0,0,1,0,Not a course cluster,True,,I4405260428
IIT Kharagpur,2367,Mazumdar Shaw Medical Foundation,0,0,1,4,Not a course cluster,True,,I4210088285
IIT Kharagpur,2368,Dr. NTR University of Health Sciences,0,0,1,4,Not a course cluster,True,,I507952983
IIT Kharagpur,2369,Gujarat Ayurved University,0,0,1,4,Not a course cluster,True,,I2800605627
IIT Kharagpur,2370,Chellaram Hospital,0,0,1,2,Not a course cluster,True,,I4210089518
IIT Kharagpur,2371,CanKids KidsCan,0,0,1,0,Not a course cluster,True,,I4210093120
IIT Kharagpur,2372,Central Avian Research Institute,0,0,1,4,Not a course cluster,True,,I48139335
IIT Kharagpur,2373,Bihar University of Health Sciences,0,0,1,0,Not a course cluster,True,,I4405259798
IIT Kharagpur,2374,Sri Venkateshwaraa Medical College Hospital and Research Centre,0,0,1,1,Not a course cluster,True,,I4210119048
IIT Kharagpur,2375,Bristol-Myers Squibb (India),0,0,1,3,Not a course cluster,True,,I4210139887
IIT Kharagpur,2376,Kasturba Hospital,0,0,1,2,Not a course cluster,True,,I4210120124
IIT Kharagpur,2377,Open Source Drug Discovery,0,0,1,22,Not a course cluster,True,,I2799982174
IIT Kharagpur,2378,Brihanmumbai Municipal Corporation,0,0,1,1,Not a course cluster,True,,I2799318567
IIT Kharagpur,2379,"Carmel College of Arts, Science and Commerce for Women",0,0,1,7,Not a course cluster,True,,I4405261201
IIT Kharagpur,2380,Indian National Science Academy,0,0,1,11,Not a course cluster,True,,I124015162
IIT Kharagpur,2381,National Council for Cement and Building Materials,0,0,1,5,Not a course cluster,True,,I4210099776
IIT Kharagpur,2382,Krupanidhi Degree College,0,0,1,0,Not a course cluster,True,,I4405263601
IIT Kharagpur,2383,Micro Labs (India),0,0,1,0,Not a course cluster,True,,I4210142779
IIT Kharagpur,2384,K. J. Somaiya Hospital & Research Centre,0,0,1,0,Not a course cluster,True,,I4210154490
IIT Kharagpur,2385,ICAR-National Research Centre on Pig,0,0,1,1,Not a course cluster,True,,I4210121099
IIT Kharagpur,2386,Melaka Manipal Medical College,0,0,1,4,Not a course cluster,True,,I4210093039
IIT Kharagpur,2387,INHS Asvini,0,0,1,3,Not a course cluster,True,,I4210113533
IIT Kharagpur,2388,Comptroller and Auditor General of India,0,0,1,0,Not a course cluster,True,,I4405259192
IIT Kharagpur,2389,Uttarakhand Seva Nidhi Paryavaran Shiksha Sansthan,0,0,1,0,Not a course cluster,True,,I4210137318
IIT Kharagpur,2390,Jain Vishva Bharati University,0,0,1,1,Not a course cluster,True,,I4210107301
IIT Kharagpur,2391,Lokmanya Tilak Municipal General Hospital and Lokmanya Tilak Municipal Medical College,0,0,1,8,Not a course cluster,True,,I2800471911
IIT Kharagpur,2392,Golap Borbora State Institute of Panchayat and Rural Development,0,0,1,0,Not a course cluster,True,,I4405285588
IIT Kharagpur,2393,Shanmuganathan Engineering College,0,0,1,1,Not a course cluster,True,,I4210146606
IIT Kharagpur,2394,LRS Institute of Tuberculosis and Respiratory Diseases,0,0,1,4,Not a course cluster,True,,I4210094819
IIT Kharagpur,2395,Chirayu Medical College & Hospital,0,0,1,0,Not a course cluster,True,,I4210139797
IIT Kharagpur,2396,Shamnur Shivashankarappa Institute of Medical Sciences & Research Centre,0,0,1,1,Not a course cluster,True,,I3129348228
IIT Kharagpur,2397,Maharashtra Institute of Medical Science and Research,0,0,1,1,Not a course cluster,True,,I2802663916
IIT Kharagpur,2398,Rourkela Institute of Technology,0,0,1,0,Not a course cluster,True,,I4405282538
IIT Kharagpur,2399,KVK College of Pharmacy,0,0,1,0,Not a course cluster,True,,I4405260916
IIT Kharagpur,2400,Ansal University,0,0,1,7,Not a course cluster,True,,I170110779
IIT Kharagpur,2401,Science College (Autonomous),0,0,1,0,Not a course cluster,True,,I4405276932
IIT Kharagpur,2402,Patrician College of Arts and Science,0,0,1,0,Not a course cluster,True,,I4405265900
IIT Kharagpur,2403,Asia Pacific Institute of Management,0,0,1,5,Not a course cluster,True,,I6805998
IIT Kharagpur,2404,Uttar Pradesh Council of sugarcane research,0,0,1,0,Not a course cluster,True,,I4210155610
IIT Kharagpur,2405,ICMR - National Institute of Immunohaemotology,0,0,1,10,Not a course cluster,True,,I4210108545
IIT Kharagpur,2406,Lata Medical Research Foundation,0,0,1,7,Not a course cluster,True,,I4210090168
IIT Kharagpur,2407,Directorate of Environment and Climate Change,0,0,1,1,Not a course cluster,True,,I4405270332
IIT Kharagpur,2408,Meher Hospitals,0,0,1,0,Not a course cluster,True,,I4210114715
IIT Kharagpur,2409,Marudhar Kesari Jain College for Women,0,0,1,0,Not a course cluster,True,,I4405258697
IIT Kharagpur,2410,Government General Hospital,0,0,1,1,Not a course cluster,True,,I2801220108
IIT Kharagpur,2411,"St. Paul's College, Kalamassery",0,0,1,1,Not a course cluster,True,,I4405261718
IIT Kharagpur,2412,"Bapurao Deshmukh College of Engineering, Sevagram",0,0,1,1,Not a course cluster,True,,I4405277185
IIT Kharagpur,2413,Raja Balwant Singh College,0,0,1,7,Not a course cluster,True,,I4405276730
IIT Kharagpur,2414,Gian Sagar Medical College and Hospital,0,0,1,3,Not a course cluster,True,,I4210156080
IIT Kharagpur,2415,Dhenkanal Autonomous College,0,0,1,3,Not a course cluster,True,,I4405281989
IIT Kharagpur,2416,Govt. Zirtiri Residential Science College,0,0,1,5,Not a course cluster,True,,I4405283478
IIT Kharagpur,2417,Govind Ballabh Pant Social Science Institute,0,0,1,2,Not a course cluster,True,,I4405259875
IIT Kharagpur,2418,Shri Neelkantheshwar Government Post-Graduate College,0,0,1,0,Not a course cluster,True,,I4405258359
IIT Kharagpur,2419,Dr. Ram Manohar Lohia Institute of Medical Sciences,0,0,1,2,Not a course cluster,True,,I4210126423
IIT Kharagpur,2420,The Bhandarkar Oriental Research Institute,0,0,1,0,Not a course cluster,True,,I4210088482
IIT Kharagpur,2421,International Development Research Centre,0,0,1,8,Not a course cluster,True,,I4210118552
IIT Kharagpur,2422,Strand Life Sciences (India),0,0,1,3,Not a course cluster,True,,I1299343005
IIT Kharagpur,2423,G. Kuppuswamy Naidu Memorial Hospital,0,0,1,0,Not a course cluster,True,,I4210146939
IIT Kharagpur,2424,Sharma Centre for Heritage Education India,0,0,1,1,Not a course cluster,True,,I4210132897
IIT Kharagpur,2425,Uttarakhand Jal Sansthan,0,0,1,0,Not a course cluster,True,,I4210110416
IIT Kharagpur,2426,Institute of Public Health Bengaluru,0,0,1,2,Not a course cluster,True,,I4210088493
IIT Kharagpur,2427,Kameshwar Singh Darbhanga Sanskrit University,0,0,1,0,Not a course cluster,True,,I4210129172
IIT Kharagpur,2428,William Carey University,0,0,1,0,Not a course cluster,True,,I4405264266
IIT Kharagpur,2429,Sparsh Himalaya University,0,0,1,0,Not a course cluster,True,,I4405258778
IIT Kharagpur,2430,Dr. Vitthalrao Vikhe Patil Foundation’s Medical College,0,0,1,0,Not a course cluster,True,,I4210132103
IIT Kharagpur,2431,Arunachal Pradesh State Council for Science & Technology,0,0,1,0,Not a course cluster,True,,I4210125501
IIT Kharagpur,2432,Prananath College (Autonomous),0,0,1,1,Not a course cluster,True,,I4405274855
IIT Kharagpur,2433,Agri Biotech Foundation,0,0,1,1,Not a course cluster,True,,I4210091695
IIT Kharagpur,2434,TempleCity Institute of Technology & Engineering,0,0,1,0,Not a course cluster,True,,I4405280863
IIT Kharagpur,2435,Osmania Medical College,0,0,1,4,Not a course cluster,True,,I99557698
IIT Kharagpur,2436,National Institute for Implementation Research on Non-Communicable Diseases,0,0,1,5,Not a course cluster,True,,I4210158034
IIT Kharagpur,2437,Sri Siddhartha Medical College,0,0,1,3,Not a course cluster,True,,I510634243
IIT Kharagpur,2438,Adesh University,0,0,1,3,Not a course cluster,True,,I3131177233
IIT Kharagpur,2439,CSI Holdsworth Memorial Hospital,0,0,1,1,Not a course cluster,True,,I4210162192
IIT Kharagpur,2440,Institute of Genetics and Hospital for Genetic Diseases,0,0,1,1,Not a course cluster,True,,I4210105935
IIT Kharagpur,2441,Memari College,0,0,1,2,Not a course cluster,True,,I4405265883
IIT Kharagpur,2442,MaxCure Hospitals,0,0,1,0,Not a course cluster,True,,I4210145498
IIT Kharagpur,2443,Haridwar University,0,0,1,0,Not a course cluster,True,,I4405278646
IIT Kharagpur,2444,Child In Need Institute,0,0,1,0,Not a course cluster,True,,I2800755755
IIT Kharagpur,2445,National Academy of Agricultural Sciences,0,0,1,9,Not a course cluster,True,,I1340740451
IIT Kharagpur,2446,Loyola College of Social Sciences,0,0,1,0,Not a course cluster,True,,I4405263157
IIT Kharagpur,2447,Ministry of Social Justice and Empowerment,0,0,1,0,Not a course cluster,True,,I4210111704
IIT Kharagpur,2448,Kidwai Memorial Institute of Oncology,0,0,1,8,Not a course cluster,True,,I2802933311
IIT Kharagpur,2449,Loreto College,0,0,1,0,Not a course cluster,True,,I4405266022
IIT Kharagpur,2450,Central Silk Technological Research Institute,0,0,1,3,Not a course cluster,True,,I4210102363
IIT Kharagpur,2451,Regional Research Institute of Unani Medicine,0,0,1,0,Not a course cluster,True,,I4210158697
IIT Kharagpur,2452,Institute of Nephro Urology,0,0,1,0,Not a course cluster,True,,I4210136165
IIT Kharagpur,2453,Bank of Baroda,0,0,1,3,Not a course cluster,True,,I4405272814
IIT Kharagpur,2454,Government Medical College and Hospital,0,0,3,24,Not a course cluster,True,,I4210098996
IIT Kharagpur,2455,Mahatma Gandhi Mission Medical College and Hospital,0,0,1,2,Not a course cluster,True,,I4210113792
IIT Kharagpur,2456,Providence Women's College (Autonomous),0,0,1,1,Not a course cluster,True,,I4405260272
IIT Kharagpur,2457,Ganga Hospital,0,0,1,1,Not a course cluster,True,,I4210148936
IIT Kharagpur,2458,Institute of Forest Biodiversity,0,0,1,0,Not a course cluster,True,,I4405263591
IIT Kharagpur,2459,BioAxis DNA Research Centre (India),0,0,1,0,Not a course cluster,True,,I4210138323
IIT Kharagpur,2460,Government College Sirohi,0,0,1,33,Not a course cluster,True,,I4405261847
IIT Kharagpur,2461,Mamata General Hospital,0,0,1,0,Not a course cluster,True,,I4210096635
IIT Kharagpur,2462,C. K. Pithawalla Institute of Pharmaceutical Science and Research,0,0,1,0,Not a course cluster,True,,I4405254266
IIT Kharagpur,2463,Universal Engineering College,0,0,1,1,Not a course cluster,True,,I2833836602
IIT Kharagpur,2464,Dnyanprassarak Mandal's College and Research Centre,0,0,1,1,Not a course cluster,True,,I4405267829
IIT Kharagpur,2465,Caritas Hospital,0,0,1,0,Not a course cluster,True,,I2802841181
IIT Kharagpur,2466,Rajarajeswari Dental College and Hospital,0,0,1,0,Not a course cluster,True,,I4210153382
IIT Kharagpur,2467,Southern Command Hospital,0,0,1,2,Not a course cluster,True,,I4210104445
IIT Kharagpur,2468,Humsafar Trust,0,0,1,1,Not a course cluster,True,,I2800658603
IIT Kharagpur,2469,Annakkili Amma Research Institute,0,0,1,1,Not a course cluster,True,,I4405284624
IIT Kharagpur,2470,Centre for Development Economics,0,0,1,7,Not a course cluster,True,,I4210152395
IIT Kharagpur,2471,All India Institute of Speech and Hearing,0,0,1,4,Not a course cluster,True,,I4405268439
IIT Kharagpur,2472,"Shaheed Padamdhar Singh Government Post-Graduate College, Satna",0,0,1,1,Not a course cluster,True,,I4405283719
IIT Kharagpur,2473,New Delhi Tuberculosis Center,0,0,1,0,Not a course cluster,True,,I4210160788
IIT Kharagpur,2474,KMCT Group of Educational Institutions,0,0,1,0,Not a course cluster,True,,I4210103484
IIT Kharagpur,2475,Kerala Forest Department,0,0,1,0,Not a course cluster,True,,I4405281010
IIT Kharagpur,2476,Ahmedabad Civil Hospital,0,0,1,0,Not a course cluster,True,,I3016035982
IIT Kharagpur,2477,Nootan Ayurvedic College & Research Centre,0,0,1,0,Not a course cluster,True,,I4405255360
IIT Kharagpur,2478,Indian Institute of Public Administration,0,0,1,7,Not a course cluster,True,,I55546527
IIT Kharagpur,2479,Yashwantrao Chavan Maharashtra Open University,0,0,1,0,Not a course cluster,True,,I4210106255
IIT Kharagpur,2480,India Health Action Trust,0,0,1,2,Not a course cluster,True,,I4210136932
IIT Kharagpur,2481,Rashtrasant Janardhan Swami College of Pharmacy,0,0,1,0,Not a course cluster,True,,I4405260258
IIT Kharagpur,2482,Government Medical College Thoothukudi,0,0,1,0,Not a course cluster,True,,I2799761305
IIT Kharagpur,2483,Govt. Tibbi College & Hospital,0,0,1,0,Not a course cluster,True,,I4405261715
IIT Kharagpur,2484,Thackeray Wildlife Foundation,0,0,1,0,Not a course cluster,True,,I4405263420
IIT Kharagpur,2485,Shadan Hospital and Institute of Medical Sciences,0,0,1,1,Not a course cluster,True,,I209674108
IIT Kharagpur,2486,Santokba Durlabhji Memorial hospital,0,0,1,0,Not a course cluster,True,,I2802577520
IIT Kharagpur,2487,Command Hospital,0,0,1,1,Not a course cluster,True,,I4210161889
IIT Kharagpur,2488,Podar Ayurved Medical College,0,0,1,0,Not a course cluster,True,,I4210111247
IIT Kharagpur,2489,Satyawati College (Evening),0,0,1,7,Not a course cluster,True,,I4405284013
IIT Kharagpur,2490,Centre of Technology & Entrepreneurship Development,0,0,1,0,Not a course cluster,True,,I4210164103
IIT Kharagpur,2491,National Law University Odisha,0,0,1,2,Not a course cluster,True,,I4210166301
IIT Kharagpur,2492,Government Medical College,0,0,33,88,Not a course cluster,True,,I168974072
IIT Kharagpur,2493,Public Health Research Institute Of India,0,0,1,1,Not a course cluster,True,,I4210148675
IIT Kharagpur,2494,Indian Spinal Injuries Centre,0,0,1,2,Not a course cluster,True,,I4210125424
IIT Kharagpur,2495,Schieffelin Institute of Health Research and Leprosy Centre,0,0,1,0,Not a course cluster,True,,I4210123044
IIT Kharagpur,2496,Kendriya Vidyalaya Sangathan,0,0,1,0,Not a course cluster,True,,I4210154945
IIT Kharagpur,2497,Society for Education Welfare and Action Rural,0,0,1,6,Not a course cluster,True,,I4210110511
IIT Kharagpur,2498,"Sardar Patel University of Police, Security and Criminal Justice, Jodhpur",0,0,1,0,Not a course cluster,True,,I4387156176
IIT Kharagpur,2499,Madras Medical Mission,0,0,1,4,Not a course cluster,True,,I2802574061
IIT Kharagpur,2500,Sri Sai Super Speciality Hospital,0,0,1,0,Not a course cluster,True,,I4210150959
IIT Kharagpur,2501,Directorate of Technical Education,0,0,1,1,Not a course cluster,True,,I4405266053
IIT Kharagpur,2502,"Sagar Institute of Research, Technology & Science – Pharmacy",0,0,1,1,Not a course cluster,True,,I4405260619
IIT Kharagpur,2503,SAM Global University,0,0,1,0,Not a course cluster,True,,I4405254376
IIT Kharagpur,2504,Vasantidevi Patil Institute of Pharmacy,0,0,1,0,Not a course cluster,True,,I4405259557
IIT Kharagpur,2505,Ballari Medical College and Research Centre,0,0,1,0,Not a course cluster,True,,I2801873993
IIT Kharagpur,2506,Bayer (India),0,0,1,1,Not a course cluster,True,,I4210148147
IIT Kharagpur,2507,Government Kamla Raja Girls Post Graduate Autonomous College,0,0,1,2,Not a course cluster,True,,I4405263386
IIT Kharagpur,2508,Consortium for DEWATS Dissemination Society,0,0,1,2,Not a course cluster,True,,I4210112680
IIT Kharagpur,2509,Alzheimer's and Related Disorders Society of India,0,0,1,2,Not a course cluster,True,,I4210146099
IIT Kharagpur,2510,Ministry of Labour and Employment,0,0,1,0,Not a course cluster,True,,I4405253515
IIT Kharagpur,2511,"Saint Claret College, Ziro",0,0,1,0,Not a course cluster,True,,I4405264210
IIT Kharagpur,2512,Amrutvahini Polytechnic Sangamner,0,0,1,0,Not a course cluster,True,,I4405275622
IIT Kharagpur,2513,Federation of Indian Chambers of Commerce and Industry,0,0,1,0,Not a course cluster,True,,I4405273378
IIT Kharagpur,2514,National Agricultural Science Fund,0,0,1,3,Not a course cluster,True,,I4405269716
IIT Kharagpur,2515,AJK College of Arts and Science,0,0,1,0,Not a course cluster,True,,I4405271313
IIT Kharagpur,2516,Amrith Educational and Cultural Society,0,0,1,2,Not a course cluster,True,,I4210129295
IIT Kharagpur,2517,Intas Pharmaceuticals (India),0,0,1,1,Not a course cluster,True,,I910881529
IIT Kharagpur,2518,"Krishi Vigyan Kendra, Karda",0,0,1,1,Not a course cluster,True,,I4210160580
IIT Kharagpur,2519,Jehangir Hospital,0,0,1,5,Not a course cluster,True,,I2800733875
IIT Kharagpur,2520,Surajmal University,0,0,1,0,Not a course cluster,True,,I4405283992
IIT Kharagpur,2521,Rathinam Group of Institutions,0,0,1,0,Not a course cluster,True,,I4405260880
IIT Kharagpur,2522,Sophisticated Analytical Instrument Facility,0,0,1,1,Not a course cluster,True,,I4405269473
IIT Kharagpur,2523,"Arts, Commerce and Science College, Palus",0,0,1,1,Not a course cluster,True,,I4405264442
IIT Kharagpur,2524,IDBI Bank,0,0,1,0,Not a course cluster,True,,I4210154495
IIT Kharagpur,2525,"ICAR-Agricultural Technology Application Research Institute, Zone-II, Jodhpur",0,0,1,0,Not a course cluster,True,,I4405267638
IIT Kharagpur,2526,Chest Research Foundation,0,0,1,10,Not a course cluster,True,,I4405282151
IIT Kharagpur,2527,Animal Resources Development Department,0,0,1,1,Not a course cluster,True,,I4210096202
IIT Kharagpur,2528,Baba Saheb Ambedkar Education University,0,0,1,0,Not a course cluster,True,,I4405269192
IIT Kharagpur,2529,Institute of Management Development and Research,0,0,1,0,Not a course cluster,True,,I4405258952
IIT Kharagpur,2530,National Sanskrit University,0,0,1,4,Not a course cluster,True,,I2801445914
IIT Kharagpur,2531,Mamta Health Institute for Mother and Child,0,0,1,3,Not a course cluster,True,,I4210141386
IIT Kharagpur,2532,M. P. Shah Medical College,0,0,1,6,Not a course cluster,True,,I50268529
IIT Kharagpur,2533,Nandha College of Pharmacy,0,0,1,0,Not a course cluster,True,,I4405271420
IIT Kharagpur,2534,"Government Degree College, Kamalpur",0,0,1,0,Not a course cluster,True,,I4405280420
IIT Kharagpur,2535,Mahatma Gandhi Ayurved College Hospital and Research Centre,0,0,1,0,Not a course cluster,True,,I4405253982
IIT Kharagpur,2536,Rajarshee Chhatrapati Shahu Maharaj Government Medical College and CPR Hospital Kolhapur,0,0,1,4,Not a course cluster,True,,I3023212067
IIT Kharagpur,2537,Ayush & Health Sciences University Chhattisgarh,0,0,1,0,Not a course cluster,True,,I4210143923
IIT Kharagpur,2538,Bhopal Memorial Hospital & Research Centre,0,0,1,32,Not a course cluster,True,,I4210159332
IIT Kharagpur,2539,Christian Institute of Health Sciences and Research Hospital,0,0,1,1,Not a course cluster,True,,I4210136454
IIT Kharagpur,2540,"Center for Disease Dynamics, Economics and Policy",0,0,1,13,Not a course cluster,True,,I4210163355
IIT Kharagpur,2541,Central Institute for Research on Cattle,0,0,1,1,Not a course cluster,True,,I4210109069
IIT Kharagpur,2542,Jaypee Hospital,0,0,1,0,Not a course cluster,True,,I4210159756
IIT Kharagpur,2543,Melmaruvathur Adhiparasakthi Institute of Medical Sciences and Research,0,0,1,1,Not a course cluster,True,,I4405282240
IIT Kharagpur,2544,Kutir Post Graduate College,0,0,1,0,Not a course cluster,True,,I4405264415
IIT Kharagpur,2545,Saraswathi Institute of Medical Sciences,0,0,1,0,Not a course cluster,True,,I4405273603
IIT Kharagpur,2546,SMT (India),0,0,1,0,Not a course cluster,True,,I4210109275
IIT Kharagpur,2547,MNJ Institute Of Oncology and Regional Cancer Centre,0,0,1,2,Not a course cluster,True,,I4210089709
IIT Kharagpur,2548,Subharti Medical College,0,0,1,3,Not a course cluster,True,,I4210140167
IIT Kharagpur,2549,HCG Cancer Centre,0,0,1,1,Not a course cluster,True,,I4210135845
IIT Kharagpur,2550,Sri Jayadeva Institute of Cardiovascular Sciences and Research,0,0,1,0,Not a course cluster,True,,I2803020280
IIT Kharagpur,2551,Nalbari College,0,0,1,4,Not a course cluster,True,,I4405277624
IIT Kharagpur,2552,Orthopaedic Research Group,0,0,1,0,Not a course cluster,True,,I4210128379
IIT Kharagpur,2553,"Institute of Professional Excellence and Management, Ghaziabad",0,0,1,0,Not a course cluster,True,,I4405272474
IIT Kharagpur,2554,Sangath,0,0,1,12,Not a course cluster,True,,I4210097859
IIT Kharagpur,2555,Sant Kavi Baba Baijnath Govt. PG College,0,0,1,0,Not a course cluster,True,,I4405261478
IIT Kharagpur,2556,Maharaj Lakshmishwar Singh Memorial College,0,0,1,0,Not a course cluster,True,,I4405283276
IIT Kharagpur,2557,Kaveri University,0,0,1,0,Not a course cluster,True,,I4405283824
IIT Kharagpur,2558,Sri Sathya Sai Institute of Higher Medical Sciences,0,0,1,2,Not a course cluster,True,,I4210113876
IIT Kharagpur,2559,Mysore Medical College,0,0,1,3,Not a course cluster,True,,I4210132256
IIT Kharagpur,2560,The Center for Artificial Intelligence and Environmental Sustainability (CAIES) Foundation,0,0,1,1,Not a course cluster,True,,I4405260130
IIT Kharagpur,2561,Institute of Child Health,0,0,1,5,Not a course cluster,True,,I4210135832
IIT Kharagpur,2562,Tripura State Pollution Control Board,0,0,1,0,Not a course cluster,True,,I4210110177
IIT Kharagpur,2563,"Mahatma Gandhi Government Arts College, Mahe, Puducherry",0,0,1,0,Not a course cluster,True,,I4405265094
IIT Kharagpur,2564,English and Foreign Languages University,0,0,1,2,Not a course cluster,True,,I3131578490
IIT Kharagpur,2565,DSMS Group of Institutions,0,0,1,1,Not a course cluster,True,,I4210118705
IIT Kharagpur,2566,National Research Centre on Yak,0,0,1,4,Not a course cluster,True,,I4210088337
IIT Kharagpur,2567,Mahavir Medical Research Centre,0,0,1,1,Not a course cluster,True,,I4405258880
IIT Kharagpur,2568,Heartfulness Institute,0,0,1,0,Not a course cluster,True,,I4405274928
IIT Kharagpur,2569,Monad University,0,0,1,0,Not a course cluster,True,,I3132969668
IIT Kharagpur,2570,Narayana Nethralaya,0,0,0,2,Not a course cluster,True,,I4210117994
IIT Kharagpur,2571,Columbia Asia,0,0,0,1,Not a course cluster,True,,I920155683
IIT Kharagpur,2572,Medwin Hospital,0,0,0,1,Not a course cluster,True,,I4210129951
IIT Kharagpur,2573,Population Services International,0,0,0,1,Not a course cluster,True,,I4210125691
IIT Kharagpur,2574,India Diabetes Research Foundation,0,0,0,2,Not a course cluster,True,,I4210096444
IIT Kharagpur,2575,J. S. Ayurveda Mahavidyalaya and P.D. Patel Ayurveda Hospital,0,0,0,1,Not a course cluster,True,,I4210109271
IIT Kharagpur,2576,Gajara Raja Medical College,0,0,0,6,Not a course cluster,True,,I2802001206
IIT Kharagpur,2577,Ministry of Human Resource Development,0,0,0,1,Not a course cluster,True,,I4210152752
IIT Kharagpur,2578,Lady Amritbai Daga and Smt. Ratnidevi Purohit College for Women,0,0,0,1,Not a course cluster,True,,I4405259025
IIT Kharagpur,2579,Charnock Hospital,0,0,0,2,Not a course cluster,True,,I4210136337
IIT Kharagpur,2580,National Post Graduate College,0,0,0,1,Not a course cluster,True,,I4405261220
IIT Kharagpur,2581,Government Medical College and Hospital,0,0,3,24,Not a course cluster,True,,I4210093352
IIT Kharagpur,2582,Multi Vaccines Development Program,0,0,0,1,Not a course cluster,True,,I4210098359
IIT Kharagpur,2583,Sri Aurobindo Institute of Medical Sciences,0,0,0,2,Not a course cluster,True,,I4210140180
IIT Kharagpur,2584,Pacific Dental College and Hospital,0,0,0,4,Not a course cluster,True,,I4210110304
IIT Kharagpur,2585,Indian National Trust for Art and Cultural Heritage,0,0,0,1,Not a course cluster,True,,I2802914827
IIT Kharagpur,2586,Population Foundation of India,0,0,0,1,Not a course cluster,True,,I4210141845
IIT Kharagpur,2587,"Shri Shivaji Science and Arts College, Chikhli",0,0,0,3,Not a course cluster,True,,I4405259036
IIT Kharagpur,2588,Government Medical College,0,0,33,88,Not a course cluster,True,,I4210157651
IIT Kharagpur,2589,Darshan Dental College and Hospital,0,0,0,2,Not a course cluster,True,,I4210142127
IIT Kharagpur,2590,Watershed Support Services and Activities Network,0,0,0,2,Not a course cluster,True,,I4210149890
IIT Kharagpur,2591,Sandip Institute of Engineering and Management,0,0,0,2,Not a course cluster,True,,I4405271904
IIT Kharagpur,2592,Little Flower Hospital & Research Centre,0,0,0,1,Not a course cluster,True,,I4210126009
IIT Kharagpur,2593,Voluntary Health Association Of India,0,0,0,1,Not a course cluster,True,,I4210093800
IIT Kharagpur,2594,St. Francis Institute of Management and Research,0,0,0,3,Not a course cluster,True,,I4405257874
IIT Kharagpur,2595,Fetal Care Research Foundation,0,0,0,1,Not a course cluster,True,,I4210138510
IIT Kharagpur,2596,Netaji Subhash Chandra Bose Medical College,0,0,0,3,Not a course cluster,True,,I235176910
IIT Kharagpur,2597,Hindu Rao Hospital,0,0,0,5,Not a course cluster,True,,I4210091779
IIT Kharagpur,2598,Mar Gregorios College of Arts and Science,0,0,0,1,Not a course cluster,True,,I4405261882
IIT Kharagpur,2599,Research and Action in Natural Wealth Administration,0,0,0,2,Not a course cluster,True,,I4210108946
IIT Kharagpur,2600,"Sickle Cell Institute Chhattisgarh, Raipur",0,0,0,1,Not a course cluster,True,,I4210119209
IIT Kharagpur,2601,Coir Board of India,0,0,0,1,Not a course cluster,True,,I4210163736
IIT Kharagpur,2602,GlaxoSmithKline (India),0,0,0,5,Not a course cluster,True,,I4210099842
IIT Kharagpur,2603,Centre for Sexuality and Health Research and Policy,0,0,0,1,Not a course cluster,True,,I4210127262
IIT Kharagpur,2604,Evalueserve (India),0,0,0,1,Not a course cluster,True,,I4210144227
IIT Kharagpur,2605,Nightingale Hospital,0,0,0,1,Not a course cluster,True,,I4210158225
IIT Kharagpur,2606,Jodhpur National University,0,0,0,4,Not a course cluster,True,,I4724304
IIT Kharagpur,2607,Institute for Human Development,0,0,0,18,Not a course cluster,True,,I4210086295
IIT Kharagpur,2608,Sterling Hospitals,0,0,0,1,Not a course cluster,True,,I1332791849
IIT Kharagpur,2609,International Centers for Excellence in Research,0,0,0,4,Not a course cluster,True,,I4210096703
IIT Kharagpur,2610,National AIDS Control Organisation,0,0,0,2,Not a course cluster,True,,I4210165666
IIT Kharagpur,2611,West Bengal Electronics Industry Development Corporation Limited (India),0,0,0,1,Not a course cluster,True,,I4210145740
IIT Kharagpur,2612,Ranaghat College,0,0,0,1,Not a course cluster,True,,I4405277907
IIT Kharagpur,2613,Malabar Dental College and Research Centre,0,0,0,1,Not a course cluster,True,,I4405262175
IIT Kharagpur,2614,National Dairy Development Board,0,0,0,1,Not a course cluster,True,,I57904185
IIT Kharagpur,2615,Seema Dental College and Hospital,0,0,0,1,Not a course cluster,True,,I4210156603
IIT Kharagpur,2616,Wockhardt Hospitals,0,0,0,1,Not a course cluster,True,,I1316736586
IIT Kharagpur,2617,P.G.D.A.V. College (Evening),0,0,0,3,Not a course cluster,True,,I4405260868
IIT Kharagpur,2618,Rajasthan Dental College and Hospital,0,0,0,1,Not a course cluster,True,,I4210166313
IIT Kharagpur,2619,Gobinda Prasad Mahavidyalaya,0,0,0,1,Not a course cluster,True,,I4405263110
IIT Kharagpur,2620,Swami Devi Dyal Hospital and Dental College,0,0,0,2,Not a course cluster,True,,I4210133684
IIT Kharagpur,2621,Gujarat Cancer & Research Institute,0,0,0,6,Not a course cluster,True,,I135230010
IIT Kharagpur,2622,Laser Science & Technology Centre,0,0,0,1,Not a course cluster,True,,I4210088856
IIT Kharagpur,2623,Society of Pharmaceutical Sciences and Research,0,0,0,1,Not a course cluster,True,,I4405266837
IIT Kharagpur,2624,M. S. Ramaiah Dental College and Hospital,0,0,0,3,Not a course cluster,True,,I4210149371
IIT Kharagpur,2625,Lok Swasthya SEWA Cooperative,0,0,0,2,Not a course cluster,True,,I4405267305
IIT Kharagpur,2626,Voluntary Health Services Hospital,0,0,0,4,Not a course cluster,True,,I2802140467
IIT Kharagpur,2627,Centre for Social Sciences and Humanities,0,0,0,13,Not a course cluster,True,,I4210108414
IIT Kharagpur,2628,Baxter (India),0,0,0,1,Not a course cluster,True,,I4210116718
IIT Kharagpur,2629,Bethesda Hospital,0,0,0,1,Not a course cluster,True,,I2801285029
IIT Kharagpur,2630,Govt. Dental College & Hospital,0,0,0,4,Not a course cluster,True,,I4210165136
IIT Kharagpur,2631,Mahatma Gandhi Mission's Dental College and Hospital,0,0,0,1,Not a course cluster,True,,I4210124941
IIT Kharagpur,2632,Fortis Hospital,0,0,6,37,Not a course cluster,True,,I4210143252
IIT Kharagpur,2633,Dr. Shroff’s Charity Eye Hospital,0,0,0,1,Not a course cluster,True,,I4210134825
IIT Kharagpur,2634,Bengal School of Technology and Management,0,0,0,1,Not a course cluster,True,,I4405259352
IIT Kharagpur,2635,Office of the Registrar General & Census Commissioner,0,0,0,1,Not a course cluster,True,,I4210145548
IIT Kharagpur,2636,Drugs for Neglected Diseases Initiative India,0,0,0,4,Not a course cluster,True,,I4210108327
IIT Kharagpur,2637,International Institute of Biotechnology and Toxicology,0,0,0,1,Not a course cluster,True,,I4210138875
IIT Kharagpur,2638,CU Shah Medical College and Hospital,0,0,0,1,Not a course cluster,True,,I4210115408
IIT Kharagpur,2639,Department of Health & Family Welfare,0,0,0,2,Not a course cluster,True,,I4210087792
IIT Kharagpur,2640,Indian Society of Critical Care Medicine,0,0,0,1,Not a course cluster,True,,I4210155080
IIT Kharagpur,2641,"Abeda Inamdar Senior College of Arts, Science and Commerce",0,0,0,8,Not a course cluster,True,,I4405261160
IIT Kharagpur,2642,Indian Academy of Sciences,0,0,0,2,Not a course cluster,True,,I94305156
IIT Kharagpur,2643,Novo Nordisk (India),0,0,0,1,Not a course cluster,True,,I4210160744
IIT Kharagpur,2644,Tirunelveli Medical College,0,0,0,2,Not a course cluster,True,,I118826373
IIT Kharagpur,2645,Employees State Insurance Post Graduate Institute of Medical Sciences and Research,0,0,0,1,Not a course cluster,True,,I4210091100
IIT Kharagpur,2646,Paras Hospitals,0,0,0,1,Not a course cluster,True,,I4210092216
IIT Kharagpur,2647,Saras Environment Consultant,0,0,0,1,Not a course cluster,True,,I4210114094
IIT Kharagpur,2648,Buxi Jagabandhu Bidyadhar Autonomous College,0,0,0,3,Not a course cluster,True,,I4405280310
IIT Kharagpur,2649,Fernandez Hospital,0,0,0,3,Not a course cluster,True,,I4210094209
IIT Kharagpur,2650,Sambodhi Research and Communications,0,0,0,2,Not a course cluster,True,,I4210166856
IIT Kharagpur,2651,Gian Sagar Dental College and Hospital,0,0,0,1,Not a course cluster,True,,I4210144609
IIT Kharagpur,2652,ACS Medical College and Hospital,0,0,0,1,Not a course cluster,True,,I4210086035
IIT Kharagpur,2653,Genomix Biotech (India),0,0,0,1,Not a course cluster,True,,I4210129787
IIT Kharagpur,2654,Ministry of Statistics and Programme Implementation,0,0,0,2,Not a course cluster,True,,I4405278011
IIT Kharagpur,2655,Arignar Anna Memorial Cancer Hospital & Research Institute,0,0,0,1,Not a course cluster,True,,I4210151748
IIT Kharagpur,2656,Nizam's Institute of Medical Sciences,0,0,0,13,Not a course cluster,True,,I139669409
IIT Kharagpur,2657,Centre for Budget and Governance Accountability,0,0,0,4,Not a course cluster,True,,I4210097647
IIT Kharagpur,2658,Institute of Social Studies Trust,0,0,0,2,Not a course cluster,True,,I4210112438
IIT Kharagpur,2659,Indian Medical Association,0,0,0,2,Not a course cluster,True,,I4210150663
IIT Kharagpur,2660,Centre for Multi-disciplinary Development Research,0,0,0,1,Not a course cluster,True,,I4210133794
IIT Kharagpur,2661,Getwell Hospital and Research Institute,0,0,0,4,Not a course cluster,True,,I4210156793
IIT Kharagpur,2662,Mathrusri Ramabai Ambedkar Dental College & Hospital,0,0,0,1,Not a course cluster,True,,I4210129991
IIT Kharagpur,2663,National Institute of Ecology,0,0,0,1,Not a course cluster,True,,I4210087709
IIT Kharagpur,2664,Government Medical College Jalaun,0,0,0,1,Not a course cluster,True,,I4405258115
IIT Kharagpur,2665,D A Pandu Memorial RV Dental College and Hospital,0,0,0,3,Not a course cluster,True,,I4210113629
IIT Kharagpur,2666,Union Bank of India,0,0,0,2,Not a course cluster,True,,I4405272549
IIT Kharagpur,2667,Dabur (India),0,0,0,2,Not a course cluster,True,,I4210093971
IIT Kharagpur,2668,Malabar Institute of Medical Sciences,0,0,0,2,Not a course cluster,True,,I165915565
IIT Kharagpur,2669,Foundation for Research in Community Health,0,0,0,2,Not a course cluster,True,,I4210105196
IIT Kharagpur,2670,Department of Pharmaceuticals,0,0,0,1,Not a course cluster,True,,I4210108830
IIT Kharagpur,2671,Indraprastha Institute of Management and Technology,0,0,0,1,Not a course cluster,True,,I4405284416
IIT Kharagpur,2672,G Pulla Reddy Dental College & Hospital,0,0,0,1,Not a course cluster,True,,I4210134386
IIT Kharagpur,2673,Asha Hospital,0,0,0,1,Not a course cluster,True,,I4210147497
IIT Kharagpur,2674,"Shri Lal Bahadur Shastri Degree College, Gonda",0,0,0,38,Not a course cluster,True,,I4405252911
IIT Kharagpur,2675,Bangur Institute of Neurosciences,0,0,0,5,Not a course cluster,True,,I2800966917
IIT Kharagpur,2676,"Sankara Eye Hospital, Coimbatore",0,0,0,1,Not a course cluster,True,,I4405263263
IIT Kharagpur,2677,Sri Venkateswara Medical College and Ruia Hospital,0,0,0,1,Not a course cluster,True,,I4210091246
IIT Kharagpur,2678,Raghunath Girls' Post Graduate College,0,0,0,1,Not a course cluster,True,,I4405264383
IIT Kharagpur,2679,Jawaharlal Nehru Medical College Hospital,0,0,0,14,Not a course cluster,True,,I154971649
IIT Kharagpur,2680,Vivekananda Institute of Biotechnology,0,0,0,1,Not a course cluster,True,,I4210115007
IIT Kharagpur,2681,Global Development Network,0,0,0,4,Not a course cluster,True,,I1281415640
IIT Kharagpur,2682,Prince Aly Khan Hospital,0,0,0,1,Not a course cluster,True,,I2803014184
IIT Kharagpur,2683,State Forest Research Institute,0,0,0,1,Not a course cluster,True,,I4210112836
IIT Kharagpur,2684,Sarojini Naidu Medical College,0,0,0,3,Not a course cluster,True,,I2799711398
IIT Kharagpur,2685,Madhya Pradesh Medical Science University,0,0,0,1,Not a course cluster,True,,I4405270939
IIT Kharagpur,2686,Department of Science & Technology,0,0,0,2,Not a course cluster,True,,I4210117661
IIT Kharagpur,2687,Shri Vidyarthi Sudhar Sangh’s Nagpur College of Pharmacy,0,0,0,1,Not a course cluster,True,,I4405283123
IIT Kharagpur,2688,Microwave Tube Research & Development Centre,0,0,0,2,Not a course cluster,True,,I4210119409
IIT Kharagpur,2689,Sobhasaria Group of Institutions,0,0,0,2,Not a course cluster,True,,I4405282399
IIT Kharagpur,2690,AstraZeneca (India),0,0,0,7,Not a course cluster,True,,I4210127920
IIT Kharagpur,2691,International Clinical Epidemiology Network,0,0,0,3,Not a course cluster,True,,I4210085937
IIT Kharagpur,2692,Glenmark Pharmaceuticals (India),0,0,0,2,Not a course cluster,True,,I4210131532
IIT Kharagpur,2693,Alwar Pharmacy College,0,0,0,1,Not a course cluster,True,,I4210127668
IIT Kharagpur,2694,Pramukhswami Medical College,0,0,0,6,Not a course cluster,True,,I4210120131
IIT Kharagpur,2695,Maharashtra Institute of Dental Science and Research,0,0,0,1,Not a course cluster,True,,I4405257707
IIT Kharagpur,2696,Dr. Somervell Memorial CSI Medical College and Hospital,0,0,0,1,Not a course cluster,True,,I2801643552
IIT Kharagpur,2697,Indian Immunologicals (India),0,0,0,1,Not a course cluster,True,,I4210148208
IIT Kharagpur,2698,Pravara Institute of Medical Sciences,0,0,0,6,Not a course cluster,True,,I3130684616
IIT Kharagpur,2699,DBT/Wellcome Trust India Alliance,0,0,0,2,Not a course cluster,True,,I4210160166
IIT Kharagpur,2700,Emmanuel Hospital Association,0,0,0,1,Not a course cluster,True,,I4210091319
IIT Kharagpur,2701,Kims Bibi Hospital,0,0,0,1,Not a course cluster,True,,I4210134690
IIT Kharagpur,2702,HDFC Bank (India),0,0,0,1,Not a course cluster,True,,I4405278225
IIT Kharagpur,2703,Samatvam Endocrinology Diabetes Centre,0,0,0,1,Not a course cluster,True,,I4210110614
IIT Kharagpur,2704,Mitra Biotech (India),0,0,0,1,Not a course cluster,True,,I4210118696
IIT Kharagpur,2705,Dr. V. M. Government Medical College,0,0,0,1,Not a course cluster,True,,I49124879
IIT Kharagpur,2706,Biotechnology Industry Research Assistance Council,0,0,0,1,Not a course cluster,True,,I4210161818
IIT Kharagpur,2707,D.A.V Centenary Dental College,0,0,0,1,Not a course cluster,True,,I4210163719
IIT Kharagpur,2708,Balaji Utthan Sansthan,0,0,0,3,Not a course cluster,True,,I4210155145
IIT Kharagpur,2709,Tata Trusts,0,0,0,6,Not a course cluster,True,,I4210146138
IIT Kharagpur,2710,King Edward Memorial Hospital Research Centre,0,0,0,3,Not a course cluster,True,,I4210148958
IIT Kharagpur,2711,Fortis Escorts Hospital,0,0,0,3,Not a course cluster,True,,I4210110697
IIT Kharagpur,2712,BAIF Development Research Foundation,0,0,0,5,Not a course cluster,True,,I2800340409
IIT Kharagpur,2713,Virchow BioTech (India),0,0,0,1,Not a course cluster,True,,I4210142982
IIT Kharagpur,2714,Cardiological Society of India,0,0,0,1,Not a course cluster,True,,I4405268444
IIT Kharagpur,2715,NonFerrous Materials Technology Development Centre,0,0,0,5,Not a course cluster,True,,I4210152210
IIT Kharagpur,2716,Bharat Biotech (India),0,0,0,4,Not a course cluster,True,,I4210102382
IIT Kharagpur,2717,Government College Kodanchery,0,0,0,3,Not a course cluster,True,,I4210133477
IIT Kharagpur,2718,Joseph Eye Hospital,0,0,0,8,Not a course cluster,True,,I4210113901
IIT Kharagpur,2719,Akay Flavours and Aromatics Pvt. Ltd. (India),0,0,0,1,Not a course cluster,True,,I4405267992
IIT Kharagpur,2720,Micro Insurance Academy,0,0,0,9,Not a course cluster,True,,I4210098792
IIT Kharagpur,2721,Valagro (India),0,0,0,1,Not a course cluster,True,,I4210091284
IIT Kharagpur,2722,LifeForce Homoeopathy (India),0,0,0,1,Not a course cluster,True,,I4210110137
IIT Kharagpur,2723,Haryana College of Technology and Management,0,0,0,3,Not a course cluster,True,,I4405277690
IIT Kharagpur,2724,Apollo Hospitals,0,0,7,46,Not a course cluster,True,,I4210122887
IIT Kharagpur,2725,All India Jat Heroes' Memorial College,0,0,0,1,Not a course cluster,True,,I4405277703
IIT Kharagpur,2726,Procter & Gamble (India),0,0,0,3,Not a course cluster,True,,I4210102648
IIT Kharagpur,2727,Indian National Academy of Engineering,0,0,0,2,Not a course cluster,True,,I271325593
IIT Kharagpur,2728,Sanofi (India),0,0,0,2,Not a course cluster,True,,I4210138224
IIT Kharagpur,2729,Cancer Hospital and Research Institute,0,0,0,2,Not a course cluster,True,,I4210119054
IIT Kharagpur,2730,Choithram Hospital and Research Centre,0,0,0,4,Not a course cluster,True,,I4210161314
IIT Kharagpur,2731,Electrical Research and Development Association,0,0,0,3,Not a course cluster,True,,I4405255462
IIT Kharagpur,2732,Elite School of Optometry,0,0,0,1,Not a course cluster,True,,I4210097797
IIT Kharagpur,2733,Nestlé (India),0,0,0,3,Not a course cluster,True,,I4210151773
IIT Kharagpur,2734,Indian Social Institute,0,0,0,1,Not a course cluster,True,,I4405263302
IIT Kharagpur,2735,Sardar Patel Post Graduate Institute of Dental and Medical Sciences,0,0,0,3,Not a course cluster,True,,I4210127880
IIT Kharagpur,2736,ACPM Dental College and Hospital,0,0,0,2,Not a course cluster,True,,I4210119062
IIT Kharagpur,2737,World Health Organization Regional Office for South-East Asia,0,0,0,18,Not a course cluster,True,,I4210112062
IIT Kharagpur,2738,Dr. B.L. Kapur Memorial Hospital,0,0,0,2,Not a course cluster,True,,I4210149795
IIT Kharagpur,2739,"Institute of Pharmacy, Maregaon",0,0,0,1,Not a course cluster,True,,I4405283228
IIT Kharagpur,2740,Narayan Medical College and Hospital,0,0,0,4,Not a course cluster,True,,I4210141553
IIT Kharagpur,2741,Manovikas Kendra Rehabilitation and Research Institute,0,0,0,1,Not a course cluster,True,,I4210166602
IIT Kharagpur,2742,Society for Research and Initiatives for Sustainable Technologies and Institutions,0,0,0,1,Not a course cluster,True,,I4210101838
IIT Kharagpur,2743,Dr. Balabhai Nanavati Hospital,0,0,0,3,Not a course cluster,True,,I2802044629
IIT Kharagpur,2744,Government Medical College,0,0,33,88,Not a course cluster,True,,I4210154211
IIT Kharagpur,2745,Center for Interdisciplinary Studies,0,0,0,1,Not a course cluster,True,,I4210137189
IIT Kharagpur,2746,YMT Ayurvedic Medical College & Hospital. P.G.Institute,0,0,0,1,Not a course cluster,True,,I4210133670
IIT Kharagpur,2747,Healing Fields Foundation,0,0,0,1,Not a course cluster,True,,I4210103228
IIT Kharagpur,2748,GSL Medical College & General Hospital,0,0,0,2,Not a course cluster,True,,I4210129665
IIT Kharagpur,2749,Society for Nutrition Education and Health Action,0,0,0,3,Not a course cluster,True,,I4210101725
IIT Kharagpur,2750,Rayat Institute of Engineering & Information Technology,0,0,0,1,IIITs,True,,I573716131
IIT Kharagpur,2751,Mittal hospital,0,0,0,1,Not a course cluster,True,,I4210141934
IIT Kharagpur,2752,Tata Technologies (India),0,0,0,4,Not a course cluster,True,,I4210114539
IIT Kharagpur,2753,Welspun (India),0,0,0,5,Not a course cluster,True,,I2800176906
IIT Kharagpur,2754,Subbaiah Medical College,0,0,0,1,Not a course cluster,True,,I4210111051
IIT Kharagpur,2755,Oxford Dental College and Hospital,0,0,0,5,Not a course cluster,True,,I4210092865
IIT Kharagpur,2756,Calcutta Technical School,0,0,0,2,Not a course cluster,True,,I4405281139
IIT Kharagpur,2757,MGM New Bombay Hospital,0,0,0,1,Not a course cluster,True,,I4405265968
IIT Kharagpur,2758,Indian Plywood Industries Research and Training Institute,0,0,0,1,Not a course cluster,True,,I4210151780
IIT Kharagpur,2759,Indian Cancer Society,0,0,0,5,Not a course cluster,True,,I4210139019
IIT Kharagpur,2760,Rajiv Gandhi Foundation,0,0,0,1,Not a course cluster,True,,I2800824377
IIT Kharagpur,2761,Kannur Dental College,0,0,0,1,Not a course cluster,True,,I4405255938
IIT Kharagpur,2762,Acharya Shri Chander College of Medical Sciences and Hospital,0,0,0,2,Not a course cluster,True,,I4210161218
IIT Kharagpur,2763,St. Stephen’s Hospital,0,0,0,5,Not a course cluster,True,,I4210147366
IIT Kharagpur,2764,Institute of Animal Health and Veterinary Biologicals,0,0,0,2,Not a course cluster,True,,I4210155344
IIT Kharagpur,2765,"Shri Yashwantrao Patil Science College, Solankur",0,0,0,2,Not a course cluster,True,,I4405261849
IIT Kharagpur,2766,S.L. Raheja Hospital,0,0,0,4,Not a course cluster,True,,I4210155990
IIT Kharagpur,2767,"Arts, Commerce and Science College, Dharangaon",0,0,0,1,Not a course cluster,True,,I4405262777
IIT Kharagpur,2768,Industrial Credit and Investment Corporation of India,0,0,0,7,Not a course cluster,True,,I2800946588
IIT Kharagpur,2769,Bombay Natural History Society,0,0,0,2,Not a course cluster,True,,I82034984
IIT Kharagpur,2770,Ajay Kumar Garg Institute of Management,0,0,0,5,Not a course cluster,True,,I4405253234
IIT Kharagpur,2771,Fortis Memorial Research Institute,0,0,0,1,Not a course cluster,True,,I4210108369
IIT Kharagpur,2772,Indian Academy of Pediatrics,0,0,0,6,Not a course cluster,True,,I151280546
IIT Kharagpur,2773,VNIR Biotechnologies (India),0,0,0,1,Not a course cluster,True,,I4210106886
IIT Kharagpur,2774,Mata Chanan Devi Hospital,0,0,0,1,Not a course cluster,True,,I4210105062
IIT Kharagpur,2775,Lourdes Hospital,0,0,0,1,Not a course cluster,True,,I4210086567
IIT Kharagpur,2776,Pushpawati Singhania Research Institute,0,0,0,1,Not a course cluster,True,,I4210102352
IIT Kharagpur,2777,Mahatma Gandhi Antarrashtriya Hindi Vishwavidyalaya,0,0,0,2,Not a course cluster,True,,I2799626985
IIT Kharagpur,2778,Foundation for Revitalisation of Local Health Traditions,0,0,0,2,Not a course cluster,True,,I4210107901
IIT Kharagpur,2779,Panacea Biotec (India),0,0,0,2,Not a course cluster,True,,I107947710
IIT Kharagpur,2780,"School of Management Sciences, Lucknow",0,0,0,1,Not a course cluster,True,,I4405254213
IIT Kharagpur,2781,Satavahana University,0,0,0,2,Not a course cluster,True,,I3133249180
IIT Kharagpur,2782,Madras Institute of Orthopaedics and Traumatology,0,0,0,3,Not a course cluster,True,,I1300678687
IIT Kharagpur,2783,Government Dental College & Research Institute,0,0,0,2,Not a course cluster,True,,I3132308339
IIT Kharagpur,2784,Eternal Hospital,0,0,0,2,Not a course cluster,True,,I4210116742
IIT Kharagpur,2785,Proof & Experimental Establishment,0,0,0,3,Not a course cluster,True,,I4210140099
IIT Kharagpur,2786,Tamil Nadu Government Dental College and Hospital,0,0,0,2,Not a course cluster,True,,I2803091234
IIT Kharagpur,2787,Nazareth Hospital,0,0,0,1,Not a course cluster,True,,I4210157212
IIT Kharagpur,2788,Sant Parmanand Hospital,0,0,0,1,Not a course cluster,True,,I4210134623
IIT Kharagpur,2789,M.V. Hospital for Diabetes and Diabetes Research Centre,0,0,0,2,Not a course cluster,True,,I4210160007
IIT Kharagpur,2790,IT for Change,0,0,0,2,Not a course cluster,True,,I4210137591
IIT Kharagpur,2791,National University of Advanced Legal Studies,0,0,0,1,Not a course cluster,True,,I3129318662
IIT Kharagpur,2792,Institute for Systems Studies & Analyses,0,0,0,1,Not a course cluster,True,,I4210165624
IIT Kharagpur,2793,Sinhgad Dental College and Hospital,0,0,0,1,Not a course cluster,True,,I4210163301
IIT Kharagpur,2794,National Institute of Public Cooperation and Child Development,0,0,0,2,Not a course cluster,True,,I4210111463
IIT Kharagpur,2795,Research Design And Standards Organization,0,0,0,13,Not a course cluster,True,,I2799538346
IIT Kharagpur,2796,ESIC Hospital,0,0,1,2,Not a course cluster,True,,I4210159729
IIT Kharagpur,2797,Themis (India),0,0,0,2,Not a course cluster,True,,I4210164012
IIT Kharagpur,2798,Central Drugs Laboratory,0,0,0,1,Not a course cluster,True,,I4405282372
IIT Kharagpur,2799,National Institute of Indian Medical Heritage,0,0,0,1,Not a course cluster,True,,I4210115412
IIT Kharagpur,2800,Mangla Hospital and Research Center,0,0,0,2,Not a course cluster,True,,I4210099525
IIT Kharagpur,2801,Guru Nanak Institute of Management Studies,0,0,0,1,Not a course cluster,True,,I4405256850
IIT Kharagpur,2802,Calcutta Research Group,0,0,0,1,Not a course cluster,True,,I4210100231
IIT Kharagpur,2803,Department of Ocean Development,0,0,0,2,Not a course cluster,True,,I4210106419
IIT Kharagpur,2804,Bhatia Hospital,0,0,0,1,Not a course cluster,True,,I4210159644
IIT Kharagpur,2805,National Law Institute University,0,0,0,1,Not a course cluster,True,,I4210116216
IIT Kharagpur,2806,National Allergy Asthma Bronchitis Institute,0,0,0,5,Not a course cluster,True,,I4210149232
IIT Kharagpur,2807,Vokkaligara Sangha Dental College & Hospital,0,0,0,1,Not a course cluster,True,,I4210126134
IIT Kharagpur,2808,Bal Umang Drishya Sanstha,0,0,0,1,Not a course cluster,True,,I4210116716
IIT Kharagpur,2809,Christian Medical Association of India,0,0,0,2,Not a course cluster,True,,I2799928893
IIT Kharagpur,2810,Birla Institute of Scientific Research,0,0,0,3,Not a course cluster,True,,I4210113324
IIT Kharagpur,2811,"All India Institute of Medical Sciences, Rajkot",0,0,0,4,Not a course cluster,True,,I4405254203
IIT Kharagpur,2812,Institute of Human Behaviour and Allied Sciences,0,0,0,2,Not a course cluster,True,,I4210118052
IIT Kharagpur,2813,"Shri Shivaji Education Society, Amravati's Science College, Nagpur",0,0,0,1,Not a course cluster,True,,I4405279824
IIT Kharagpur,2814,Central Bank of India,0,0,0,2,Not a course cluster,True,,I4405266705
IIT Kharagpur,2815,Centre for Operations Research and Training,0,0,0,2,Not a course cluster,True,,I4210127040
IIT Kharagpur,2816,Lala Lajpat Rai Memorial Medical College,0,0,0,7,Not a course cluster,True,,I219845778
IIT Kharagpur,2817,National Research Centre on Mithun,0,0,0,2,Not a course cluster,True,,I4210135502
IIT Kharagpur,2818,Sahodaran,0,0,0,1,Not a course cluster,True,,I4210145469
IIT Kharagpur,2819,Shyam Shah Medical College,0,0,0,1,Not a course cluster,True,,I2802366294
IIT Kharagpur,2820,National Centre for Aerospace Innovation and Research,0,0,0,5,Not a course cluster,True,,I4405270790
IIT Kharagpur,2821,Nutrition Foundation of India,0,0,0,1,Not a course cluster,True,,I4210136684
IIT Kharagpur,2822,Shree Krishna Hospital,0,0,0,2,Not a course cluster,True,,I4210109742
IIT Kharagpur,2823,Vittal Mallya Scientific Research Foundation,0,0,0,3,Not a course cluster,True,,I4210143280
IIT Kharagpur,2824,Meditation De-Addiction Health AIDS Nutrition Trust,0,0,0,4,Not a course cluster,True,,I4210139172
IIT Kharagpur,2825,UDAAN for the Disabled,0,0,0,1,Not a course cluster,True,,I2801404229
IIT Kharagpur,2826,Vijaya Medical and Educational Trust,0,0,0,3,Not a course cluster,True,,I4210104745
IIT Kharagpur,2827,Operation Eyesight Universal Institute for Eye Cancer,0,0,0,1,Not a course cluster,True,,I4405273410
IIT Kharagpur,2828,InsPIRE Network for Environment,0,0,0,4,Not a course cluster,True,,I4210143450
IIT Kharagpur,2829,Frontier Lifeline Hospital,0,0,0,1,Not a course cluster,True,,I4210104337
IIT Kharagpur,2830,Jawaharlal Nehru Architecture and Fine Arts University,0,0,0,1,Not a course cluster,True,,I3130996612
IIT Kharagpur,2831,Guru Nanak First Grade College Bidar,0,0,0,1,Not a course cluster,True,,I4405257600
IIT Kharagpur,2832,Jharkhand Space Applications Center,0,0,0,2,Not a course cluster,True,,I4405281759
IIT Kharagpur,2833,Asia Pacific Observatory on Health Systems and Policies,0,0,0,1,Not a course cluster,True,,I4210096505
IIT Kharagpur,2834,Shanti Business School,0,0,0,4,Not a course cluster,True,,I4210089240
IIT Kharagpur,2835,Enzen (India),0,0,0,2,Not a course cluster,True,,I4210151776
IIT Kharagpur,2836,Healis Sekhsaria Institute For Public Health,0,0,0,13,Not a course cluster,True,,I4210117867
IIT Kharagpur,2837,NexusCRO (India),0,0,0,1,Not a course cluster,True,,I4210160506
IIT Kharagpur,2838,Bihar National College,0,0,0,2,Not a course cluster,True,,I4405257325
IIT Kharagpur,2839,Cachar College,0,0,0,2,Not a course cluster,True,,I4405259855
IIT Kharagpur,2840,GD Hospital & Diabetes Institute,0,0,0,4,Not a course cluster,True,,I4210094756
IIT Kharagpur,2841,"Krishi Vigyan Kendra, Latur",0,0,0,2,Not a course cluster,True,,I4210106304
IIT Kharagpur,2842,Samarth,0,0,0,3,Not a course cluster,True,,I4405267446
IIT Kharagpur,2843,Maharani Laxmi Bai Medical College,0,0,0,2,Not a course cluster,True,,I3132277748
IIT Kharagpur,2844,Smt. N.H.L. Municipal Medical College,0,0,0,5,Not a course cluster,True,,I4210165080
IIT Kharagpur,2845,National Institute of Plant Health Management,0,0,0,2,Not a course cluster,True,,I4210086241
IIT Kharagpur,2846,Centre for Women's Development Studies,0,0,0,4,Not a course cluster,True,,I4210149184
IIT Kharagpur,2847,"Government Institute of Forensic Science, Nagpur",0,0,0,2,Not a course cluster,True,,I4405279661
IIT Kharagpur,2848,AquAgri Processing Private Limited (India),0,0,0,1,Not a course cluster,True,,I4210096117
IIT Kharagpur,2849,National Centre for Disease Informatics and Research,0,0,0,2,Not a course cluster,True,,I4210151893
IIT Kharagpur,2850,OmniActive Health Technologies (India),0,0,0,1,Not a course cluster,True,,I4210146098
IIT Kharagpur,2851,Haffkine Institute,0,0,0,3,Not a course cluster,True,,I182985392
IIT Kharagpur,2852,Dronah Foundation,0,0,0,1,Not a course cluster,True,,I4210092362
IIT Kharagpur,2853,Asian Healthcare Foundation,0,0,0,6,Not a course cluster,True,,I4405266924
IIT Kharagpur,2854,Dr Vijay Kumar Foundation,0,0,0,9,Not a course cluster,True,,I4210163192
IIT Kharagpur,2855,Therachem Research Medilab (India),0,0,0,1,Not a course cluster,True,,I4210120444
IIT Kharagpur,2856,National University of Educational Planning and Administration,0,0,0,7,Not a course cluster,True,,I1317634868
IIT Kharagpur,2857,National Diabetes Obesity and Cholesterol Foundation,0,0,0,7,Not a course cluster,True,,I4210130025
IIT Kharagpur,2858,Institute of Development Studies,0,0,0,2,Not a course cluster,True,,I4210135264
IIT Kharagpur,2859,Centre for Research in Medical Entomology,0,0,0,1,Not a course cluster,True,,I4210110965
IIT Kharagpur,2860,Kannada University,0,0,0,1,Not a course cluster,True,,I3129611220
IIT Kharagpur,2861,Kasiak Research (India),0,0,0,1,Not a course cluster,True,,I4210099847
IIT Kharagpur,2862,Roche (India),0,0,0,1,Not a course cluster,True,,I4210089206
IIT Kharagpur,2863,Saraswati Dental College and Hospital,0,0,0,1,Not a course cluster,True,,I4210127890
IIT Kharagpur,2864,Jawaharlal Nehru Cancer Hospital and Research Centre,0,0,0,3,Not a course cluster,True,,I4210104322
IIT Kharagpur,2865,Shri Maharaja Hari Singh Hospital,0,0,0,2,Not a course cluster,True,,I2802282215
IIT Kharagpur,2866,Fortis C-DOC Hospital,0,0,0,3,Not a course cluster,True,,I4210140079
IIT Kharagpur,2867,Bolpur College,0,0,0,1,Not a course cluster,True,,I4405277162
IIT Kharagpur,2868,Bombay Veterinary College,0,0,0,1,Not a course cluster,True,,I4210100467
IIT Kharagpur,2869,Program for Appropriate Technology in Health,0,0,0,6,Not a course cluster,True,,I4210099049
IIT Kharagpur,2870,General Motors (India),0,0,0,12,Not a course cluster,True,,I2801120862
IIT Kharagpur,2871,Fazl Ali College,0,0,0,1,Not a course cluster,True,,I4405278353
IIT Kharagpur,2872,Diabetes Care & Hormone Clinic,0,0,0,1,Not a course cluster,True,,I4210131238
IIT Kharagpur,2873,Centre for the Study of Developing Societies,0,0,0,8,Not a course cluster,True,,I108294501
IIT Kharagpur,2874,Foundation for Neglected Disease Research,0,0,0,1,Not a course cluster,True,,I4210160732
IIT Kharagpur,2875,Advanced Enzyme Technologies Limited (India),0,0,0,2,Not a course cluster,True,,I4405272632
IIT Kharagpur,2876,Janssen (India),0,0,0,1,Not a course cluster,True,,I4210150839
IIT Kharagpur,2877,Anthem Biosciences (India),0,0,0,2,Not a course cluster,True,,I4210138068
IIT Kharagpur,2878,Desun Hospital & Heart Institute,0,0,0,1,Not a course cluster,True,,I4210120189
IIT Kharagpur,2879,Renewable Energy Corporation of India,0,0,0,2,Not a course cluster,True,,I4210146904
IIT Kharagpur,2880,B M Birla Science Centre,0,0,0,1,Not a course cluster,True,,I4210105276
IIT Kharagpur,2881,Directorate of Health Services,0,0,0,4,Not a course cluster,True,,I4405267868
IIT Kharagpur,2882,Defence Avionics Research Establishment,0,0,0,2,Not a course cluster,True,,I4210119213
IIT Kharagpur,2883,Hindi University,0,0,0,2,Not a course cluster,True,,I4405269672
IIT Kharagpur,2884,Laila Impex (India),0,0,0,1,Not a course cluster,True,,I4210165793
IIT Kharagpur,2885,Rabindranath Tagore Medical College,0,0,0,3,Not a course cluster,True,,I2803033815
IIT Kharagpur,2886,Ambika Prasad Research Foundation,0,0,0,1,Not a course cluster,True,,I4405254640
IIT Kharagpur,2887,Lupin Pharmaceuticals (India),0,0,0,5,Not a course cluster,True,,I21675474
IIT Kharagpur,2888,YR Gaitonde Centre for AIDS Research and Education,0,0,0,3,Not a course cluster,True,,I4210127818
IIT Kharagpur,2889,Ajmal College of Arts and Science,0,0,0,1,Not a course cluster,True,,I4210089037
IIT Kharagpur,2890,Govind Ballabh Pant Hospital,0,0,0,5,Not a course cluster,True,,I4210156823
IIT Kharagpur,2891,Bapuji Dental College and Hospital,0,0,0,1,Not a course cluster,True,,I4210164514
IIT Kharagpur,2892,Victoria Hospital,0,0,0,2,Not a course cluster,True,,I4210137705
IIT Kharagpur,2893,"Government Training College, Hooghly",0,0,0,1,Not a course cluster,True,,I4405272226
IIT Kharagpur,2894,Zoo Outreach Organisation,0,0,0,5,Not a course cluster,True,,I4210141428
IIT Kharagpur,2895,Indian Council of Historical Research,0,0,0,1,Not a course cluster,True,,I4405268551
IIT Kharagpur,2896,Sri Guru Ram Das University of Health Sciences Sri Amritsar,0,0,0,3,Not a course cluster,True,,I4405266329
IIT Kharagpur,2897,JRE Group of Institutions,0,0,0,2,Not a course cluster,True,,I4210086089
IIT Kharagpur,2898,Institute of Cytology and Preventive Oncology,0,0,0,4,Not a course cluster,True,,I4210160116
IIT Kharagpur,2899,Sardar Patel Medical College,0,0,0,2,Not a course cluster,True,,I2800123788
IIT Kharagpur,2900,GVK Emergency Management and Research Institute,0,0,0,1,Not a course cluster,True,,I4210161618
IIT Kharagpur,2901,National Tuberculosis Institute,0,0,0,2,Not a course cluster,True,,I1285815856
IIT Kharagpur,2902,"National Institute of Science, Technology and Development Studies",0,0,0,10,Not a course cluster,True,,I4210128462
IIT Kharagpur,2903,Dr. A. Ramachandran's Diabetes Hospitals,0,0,0,2,Not a course cluster,True,,I4210120928
IIT Kharagpur,2904,National Academy of Sciences India,0,0,0,3,Not a course cluster,True,,I127462306
IIT Kharagpur,2905,P. R. Thakur Govt. College,0,0,0,2,Not a course cluster,True,,I4405284719
IIT Kharagpur,2906,Society for Participatory Research in Asia,0,0,0,1,Not a course cluster,True,,I4210090629
IIT Kharagpur,2907,National Heart Institute,0,0,0,1,Not a course cluster,True,,I4210097122
IIT Kharagpur,2908,Navodaya Dental College and Hospital,0,0,0,6,Not a course cluster,True,,I4210086950
IIT Kharagpur,2909,Maharashtra Association of Anthropological Sciences,0,0,0,6,Not a course cluster,True,,I4210126160
IIT Kharagpur,2910,Tamil Nadu Horticulture University,0,0,0,1,Not a course cluster,True,,I4210161674
IIT Kharagpur,2911,Nehru Memorial Museum & Library,0,0,0,4,Not a course cluster,True,,I4210163448
IIT Kharagpur,2912,Ekjut,0,0,0,1,Not a course cluster,True,,I4210106683
IIT Kharagpur,2913,Directorate General of Mines Safety,0,0,0,1,Not a course cluster,True,,I4405253893
IIT Kharagpur,2914,Elitte College of Engineering,0,0,0,2,Not a course cluster,True,,I4405272640
IIT Kharagpur,2915,Sundaram Medical Foundation,0,0,0,2,Not a course cluster,True,,I107554421
IIT Kharagpur,2916,Tamil Nadu Physical Education and Sports University,0,0,0,1,Not a course cluster,True,,I2800444346
IIT Kharagpur,2917,Pain Relief and Palliative Care Society,0,0,0,1,Not a course cluster,True,,I4210093809
IIT Kharagpur,2918,Antrix Corporation (India),0,0,0,1,Not a course cluster,True,,I2800086464
IIT Kharagpur,2919,Terna Dental College and Hospital,0,0,0,1,Not a course cluster,True,,I4210098157
IIT Kharagpur,2920,Science Health Allied Research Education,0,0,0,2,Not a course cluster,True,,I4210150225
IIT Kharagpur,2921,Indian Institute of Metals,0,0,0,2,Not a course cluster,True,,I1309988440
IIT Kharagpur,2922,Asian Institute of Gastroenterology,0,0,0,5,Not a course cluster,True,,I4210137328
IIT Kharagpur,2923,MSD (India),0,0,0,2,Not a course cluster,True,,I4210166352
IIT Kharagpur,2924,Forensic Sciences Department,0,0,0,1,Not a course cluster,True,,I4210109861
IIT Kharagpur,2925,"MGM Medical College, Nerul",0,0,0,1,Not a course cluster,True,,I4405285233
IIT Kharagpur,2926,Peermade Development Society,0,0,0,1,Not a course cluster,True,,I4210166952
IIT Kharagpur,2927,Foundation for Research in Health Systems,0,0,0,2,Not a course cluster,True,,I4210112831
IIT Kharagpur,2928,Kalawati Saran Children's Hospital,0,0,0,6,Not a course cluster,True,,I4210150446
IIT Kharagpur,2929,Sahara Hospital,0,0,0,2,Not a course cluster,True,,I2802142657
IIT Kharagpur,2930,Star Hospitals,0,0,0,1,Not a course cluster,True,,I4405272031
IIT Kharagpur,2931,Diabetes Foundation,0,0,0,7,Not a course cluster,True,,I4210131664
IIT Kharagpur,2932,"St. Thomas College, Kozhencherry",0,0,0,3,Not a course cluster,True,,I4405279506
IIT Kharagpur,2933,Ministry of Urban Development,0,0,0,1,Not a course cluster,True,,I4210139413
IIT Kharagpur,2934,Ministry of Information and Broadcasting,0,0,0,1,Not a course cluster,True,,I4405266389
IIT Kharagpur,2935,Office of the Principal Scientific Adviser,0,0,0,1,Not a course cluster,True,,I4210091075
IIT Kharagpur,2936,Indira Gandhi Institute of Child Health,0,0,0,2,Not a course cluster,True,,I4210158200
IIT Kharagpur,2937,Cadila Pharmaceuticals (India),0,0,0,1,Not a course cluster,True,,I4210108063
IIT Kharagpur,2938,Seethapathy Clinic and Hospital,0,0,0,2,Not a course cluster,True,,I4210164285
IIT Kharagpur,2939,Centre for Environmental Management and Participatory Development,0,0,0,2,Not a course cluster,True,,I4210127990
IIT Kharagpur,2940,"Index Medical College, Hospital & Research Centre",0,0,0,1,Not a course cluster,True,,I4210115159
IIT Kharagpur,2941,Kamineni Institute of Dental Sciences,0,0,0,4,Not a course cluster,True,,I99693012
IIT Kharagpur,2942,Caplin Point Laboratories (India),0,0,0,1,Not a course cluster,True,,I4210119521
IIT Kharagpur,2943,"Government Medical College, Amritsar",0,0,0,4,Not a course cluster,True,,I2800494708
IIT Kharagpur,2944,Nanaji Deshmukh Veterinary Science University,0,0,0,1,Not a course cluster,True,,I4210156499
IIT Kharagpur,2945,Anthropological Survey of India,0,0,0,4,Not a course cluster,True,,I1335376613
IIT Kharagpur,2946,Tejas Networks (India),0,0,0,3,Not a course cluster,True,,I4210095456
IIT Kharagpur,2947,Mahatma Gandhi Dental College & Hospital,0,0,0,1,Not a course cluster,True,,I4210097353
IIT Kharagpur,2948,Vigyan Prasar,0,0,0,2,Not a course cluster,True,,I4210089994
IIT Kharagpur,2949,Foundation for Medical Research,0,0,0,2,Not a course cluster,True,,I4210160584
IIT Kharagpur,2950,The Corbett Foundation,0,0,0,4,Not a course cluster,True,,I4405269126
IIT Kharagpur,2951,Sri Aurobindo Institute of Technology,0,0,0,5,Not a course cluster,True,,I4210115061
IIT Kharagpur,2952,AMRI Hospitals,0,0,0,6,Not a course cluster,True,,I46827455
IIT Kharagpur,2953,JK Agri Genetics (India),0,0,0,2,Not a course cluster,True,,I4210125235
IIT Kharagpur,2954,Sri Sathya Sai Institute of Higher Medical Sciences,0,0,1,2,Not a course cluster,True,,I4210121471
IIT Kharagpur,2955,CUTS International,0,0,0,3,Not a course cluster,True,,I4210130568
IIT Kharagpur,2956,Collaborative Clean Air Policy Centre,0,0,0,5,Not a course cluster,True,,I4210147387
IIT Kharagpur,2957,Tamil Nadu Dr. Ambedkar Law University,0,0,0,1,Not a course cluster,True,,I2800591429
IIT Kharagpur,2958,ESI - Post Graduate Institute of Medical Science and Research,0,0,0,5,Not a course cluster,True,,I4210142364
IIT Kharagpur,2959,PRS Legislative Research,0,0,0,2,Not a course cluster,True,,I4210131064
IIT Kharagpur,2960,Natural Remedies (India),0,0,0,4,Not a course cluster,True,,I4210102349
IIT Kharagpur,2961,Chacha Nehru Bal Chikitsalaya,0,0,0,2,Not a course cluster,True,,I4210151298
IIT Kharagpur,2962,Covance (India),0,0,0,3,Not a course cluster,True,,I4210112097
IIT Kharagpur,2963,Snow & Avalanche Study Estt,0,0,0,35,Not a course cluster,True,,I173811610
IIT Kharagpur,2964,Hilleman Laboratories (India),0,0,0,2,Not a course cluster,True,,I3176327385
IIT Kharagpur,2965,Bhagwan Mahaveer Jain Hospital,0,0,0,2,Not a course cluster,True,,I4210146892
IIT Kharagpur,2966,Biotech Park,0,0,0,2,Not a course cluster,True,,I4210100303
IIT Kharagpur,2967,CIDP Biotech (India),0,0,0,2,Not a course cluster,True,,I4210096928
IIT Kharagpur,2968,Jain Irrigation Systems (India),0,0,0,4,Not a course cluster,True,,I4210109228
IIT Kharagpur,2969,Indian Jute Industries Research Association,0,0,0,10,Not a course cluster,True,,I4210100175
IIT Kharagpur,2970,Dangoria Charitable Trust,0,0,0,1,Not a course cluster,True,,I4210115199
IIT Kharagpur,2971,Serum Institute of India (India),0,0,0,5,Not a course cluster,True,,I3131544347
IIT Kharagpur,2972,Water Sanitation and Hygiene Institute,0,0,0,1,Not a course cluster,True,,I4210145333
IIT Kharagpur,2973,Mandya Institute of Medical Sciences,0,0,0,1,Not a course cluster,True,,I4210154507
IIT Kharagpur,2974,"Sankara Eye Hospital, Bangalore",0,0,0,1,Not a course cluster,True,,I4405263295
IIT Kharagpur,2975,Mediciti Institute of Medical Sciences,0,0,0,2,Not a course cluster,True,,I3130691990
IIT Kharagpur,2976,Aditya Jyot Eye Hospital,0,0,0,1,Not a course cluster,True,,I2801533027
IIT Kharagpur,2977,Saifee Hospital,0,0,0,2,Not a course cluster,True,,I2802630937
IIT Kharagpur,2978,Dr. Syamala Reddy Dental College Hospital & Research Center,0,0,0,3,Not a course cluster,True,,I4210121354
IIT Kharagpur,2979,Indira Gandhi Medical College and Research Institute,0,0,0,4,Not a course cluster,True,,I4210092534
IIT Kharagpur,2980,Academy of Family Physicians of India,0,0,0,3,Not a course cluster,True,,I4210100600
IIT Kharagpur,2981,Healthcare Global Enterprises,0,0,0,1,Not a course cluster,True,,I4210136115
IIT Kharagpur,2982,KM Shah Dental College and Hospital,0,0,0,4,Not a course cluster,True,,I4210111427
IIT Kharagpur,2983,Ministry of External Affairs,0,0,0,2,Not a course cluster,True,,I4210150435
IIT Kharagpur,2984,Dr Baba Saheb Ambedkar Hospital,0,0,0,1,Not a course cluster,True,,I4405275110
IIT Kharagpur,2985,Institute of Molecular Medicine,0,0,0,4,Not a course cluster,True,,I4210146488
IIT Kharagpur,2986,Directorate of Knowledge Management in Agriculture,0,0,0,1,Not a course cluster,True,,I4405265731
IIT Kharagpur,2987,Hindu Post Graduate College,0,0,0,4,Not a course cluster,True,,I4405271277
IIT Kharagpur,2988,Dr. S.R. Chandrasekhar Institute of Speech and Hearing,0,0,0,1,Not a course cluster,True,,I4210154221
IIT Kharagpur,2989,Hidayatullah National Law University,0,0,0,1,Not a course cluster,True,,I161765314
IIT Kharagpur,2990,CARE Hospitals,0,0,0,3,Not a course cluster,True,,I2802469017
IIT Kharagpur,2991,Bangalore Baptist Hospital,0,0,0,2,Not a course cluster,True,,I4210101251
IIT Kharagpur,2992,Orchid Pharma (India),0,0,0,9,Not a course cluster,True,,I4210132051
IIT Kharagpur,2993,Sri Manakula Vinayagar Medical College and Hospital,0,0,0,3,Not a course cluster,True,,I4210141780
IIT Kharagpur,2994,Alembic Pharmaceuticals (India),0,0,0,1,Not a course cluster,True,,I4210121895
IIT Roorkee,1,Indian Institute of Technology Delhi,333,5811,2156,5291,Old & large IITs,False,0.667,I68891433
IIT Roorkee,2,National Institute of Hydrology,267,4592,598,1544,Not a course cluster,True,0.212,I4210147361
IIT Roorkee,3,Indian Institute of Technology Kharagpur,253,3496,1915,5530,Old & large IITs,False,0.739,I145894827
IIT Roorkee,4,Indian Institute of Technology Bombay,222,3661,1775,4860,Old & large IITs,False,0.739,I162827531
IIT Roorkee,5,Council of Scientific and Industrial Research,211,4231,1105,3281,CSIR labs,True,0.429,I66760702
IIT Roorkee,6,Indian Institute of Technology Bhubaneswar,191,5320,591,856,Newer IITs,True,0.739,I99729588
IIT Roorkee,7,Indian Institute of Technology Kanpur,188,2059,1269,3925,Old & large IITs,False,0.667,I94234084
IIT Roorkee,8,University of Delhi,169,3324,1792,2206,Central Universities,True,0.212,I110166357
IIT Roorkee,9,Banaras Hindu University,167,1900,1638,2236,Central Universities,True,0.379,I91357014
IIT Roorkee,10,Indian Institute of Science Bangalore,165,2644,1009,3855,IISc / TIFR / IISERs,True,0.739,I59270414
IIT Roorkee,11,Indian Institute of Technology BHU,163,1650,1385,1306,Newer IITs,True,0.6,I56404289
IIT Roorkee,12,Graphic Era University,162,1654,1659,394,Not a course cluster,True,0.379,I60054993
IIT Roorkee,13,Academy of Scientific and Innovative Research,157,2641,2211,2107,Not a course cluster,True,0.333,I99364266
IIT Roorkee,14,University of Petroleum and Energy Studies,152,2845,2533,683,Not a course cluster,True,0.379,I5847235
IIT Roorkee,15,Central Building Research Institute,144,2474,500,401,CSIR labs,True,0.429,I2801347850
IIT Roorkee,16,Bhabha Atomic Research Centre,143,2088,594,1811,DAE institutes,True,0.538,I1329621470
IIT Roorkee,17,Thapar Institute of Engineering & Technology,120,1930,1109,1066,Not a course cluster,True,0.538,I162030827
IIT Roorkee,18,Indian Institute of Technology Madras,119,2178,1403,2975,Old & large IITs,False,0.667,I24676775
IIT Roorkee,19,Indian Space Research Organisation,119,1332,424,1142,Not a course cluster,True,0.429,I1289461252
IIT Roorkee,20,Amity University,107,1933,1717,722,Not a course cluster,True,0.25,I191972202
IIT Roorkee,21,Defence Research and Development Organisation,106,1006,235,316,Not a course cluster,True,0.481,I1340206300
IIT Roorkee,22,Indian Institute of Technology Jodhpur,103,1859,811,433,Newer IITs,True,0.6,I154549908
IIT Roorkee,23,Indian Institute of Technology Hyderabad,102,2567,535,750,Old & large IITs,False,0.6,I65181880
IIT Roorkee,24,Central Road Research Institute,100,863,94,149,CSIR labs,True,0.29,I4210106426
IIT Roorkee,25,Indian Institute of Technology Dhanbad,99,2497,1232,1523,Not a course cluster,True,0.739,I189109744
IIT Roorkee,26,Aligarh Muslim University,97,1709,1142,1347,Not a course cluster,True,,I171210897
IIT Roorkee,27,Indian Institute of Remote Sensing,95,903,328,757,Not a course cluster,True,,I51281103
IIT Roorkee,28,Indian Institute of Technology Guwahati,94,1963,1407,2004,Old & large IITs,False,,I1317621060
IIT Roorkee,29,Vellore Institute of Technology University,93,1818,2565,1547,Not a course cluster,True,,I876193797
IIT Roorkee,30,Dr. B. R. Ambedkar National Institute of Technology Jalandhar,93,1451,1220,497,NITs,True,,I70971781
IIT Roorkee,31,"Birla Institute of Technology and Science, Pilani",92,891,1048,913,Not a course cluster,True,,I74796645
IIT Roorkee,32,Homi Bhabha National Institute,91,999,687,648,Not a course cluster,True,,I200207707
IIT Roorkee,33,Indian Institute of Technology Ropar,91,1073,640,492,Not a course cluster,True,,I119241673
IIT Roorkee,34,Malaviya National Institute of Technology Jaipur,90,1290,1074,883,NITs,True,,I83205935
IIT Roorkee,35,Tata Institute of Fundamental Research,88,828,201,987,IISc / TIFR / IISERs,True,,I11947397
IIT Roorkee,36,Indian Institute of Information Technology Design and Manufacturing Jabalpur,85,1055,448,547,IIITs,True,,I207223250
IIT Roorkee,37,CSIR National Physical Laboratory of India,83,1513,318,739,CSIR labs,True,,I88910343
IIT Roorkee,38,Indian Institute of Petroleum,79,1692,279,487,Not a course cluster,True,,I84279003
IIT Roorkee,39,Pandit Deendayal Energy University,77,1437,555,381,Not a course cluster,True,,I33586908
IIT Roorkee,40,Indian Institute of Technology Mandi,76,923,809,453,Newer IITs,True,,I9579091
IIT Roorkee,41,University of Calcutta,74,2420,522,1018,Not a course cluster,True,,I106542073
IIT Roorkee,42,SRM Institute of Science and Technology,69,790,1854,910,Not a course cluster,True,,I145286018
IIT Roorkee,43,National Institute of Technology Patna,69,944,873,429,NITs,True,,I11793825
IIT Roorkee,44,Physical Research Laboratory,68,441,206,844,Not a course cluster,True,,I121502294
IIT Roorkee,45,Jadavpur University,67,1261,938,1635,Central Universities,True,,I170979836
IIT Roorkee,46,Indian Institute of Technology Indore,67,1036,884,890,Newer IITs,True,,I64295750
IIT Roorkee,47,Indian Statistical Institute,66,1589,146,665,Premier science institutes,True,,I6498739
IIT Roorkee,48,Jawaharlal Nehru University,65,1239,649,1511,Central Universities,True,,I152429107
IIT Roorkee,49,All India Institute of Medical Sciences Rishikesh,64,1089,33,31,Not a course cluster,True,,I4387152206
IIT Roorkee,50,Instruments Research & Development Establishment,64,364,13,19,Not a course cluster,True,,I21449664
IIT Roorkee,51,Lovely Professional University,63,1478,1716,560,Not a course cluster,True,,I110360157
IIT Roorkee,52,Maulana Azad National Institute of Technology,63,605,876,586,NITs,True,,I91277730
IIT Roorkee,53,Panjab University,63,1733,837,1187,Not a course cluster,True,,I51452335
IIT Roorkee,54,Manipal Academy of Higher Education,62,654,1203,591,Not a course cluster,True,,I164861460
IIT Roorkee,55,National Institute of Technology Rourkela,62,1358,1148,1355,NITs,True,,I16292982
IIT Roorkee,56,Govind Ballabh Pant University of Agriculture and Technology,61,1976,517,373,Not a course cluster,True,,I252758333
IIT Roorkee,57,National Institute of Technology Tiruchirappalli,57,1275,687,1027,NITs,True,,I122964287
IIT Roorkee,58,National Institute of Technology Srinagar,57,684,594,204,NITs,True,,I8778637
IIT Roorkee,59,National Institute of Technology Warangal,56,496,895,625,NITs,True,,I121750182
IIT Roorkee,60,Indian Institute of Technology Patna,56,1205,534,555,Newer IITs,True,,I132153292
IIT Roorkee,61,National Institute of Technology Kurukshetra,55,1274,625,607,NITs,True,,I105094715
IIT Roorkee,62,Netaji Subhas University of Technology,53,767,576,417,Not a course cluster,True,,I36090812
IIT Roorkee,63,Indian Institute of Science Education and Research Mohali,53,816,185,241,IISc / TIFR / IISERs,True,,I165916956
IIT Roorkee,64,All India Institute of Medical Sciences,53,1526,150,338,Not a course cluster,True,,I63739035
IIT Roorkee,65,Guru Nanak Dev University,52,847,444,619,Not a course cluster,True,,I165682329
IIT Roorkee,66,Indian Institute of Technology Gandhinagar,51,742,394,738,Newer IITs,True,,I27674431
IIT Roorkee,67,Delhi Technological University,50,1001,812,655,Not a course cluster,True,,I863896202
IIT Roorkee,68,Wadia Institute of Himalayan Geology,50,507,406,1100,Not a course cluster,True,,I1337471766
IIT Roorkee,69,Motilal Nehru National Institute of Technology,49,950,807,814,NITs,True,,I152869788
IIT Roorkee,70,Inter-University Accelerator Centre,48,525,230,530,Not a course cluster,True,,I4210089002
IIT Roorkee,71,Sardar Vallabhbhai National Institute of Technology Surat,46,396,894,646,NITs,True,,I42014448
IIT Roorkee,72,Jamia Millia Islamia,46,1614,851,1029,Central Universities,True,,I59475050
IIT Roorkee,73,Punjab Engineering College,46,552,534,258,Not a course cluster,True,,I860003557
IIT Roorkee,74,Space Applications Centre,46,405,139,433,Not a course cluster,True,,I4405268392
IIT Roorkee,75,"Maharishi Markandeshwar University, Mullana",43,772,371,152,Not a course cluster,True,,I155284866
IIT Roorkee,76,University of Kashmir,41,1030,558,682,Not a course cluster,True,,I135388327
IIT Roorkee,77,Visvesvaraya National Institute of Technology,41,428,531,551,NITs,True,,I167153416
IIT Roorkee,78,Madan Mohan Malaviya University of Technology,41,807,375,150,Not a course cluster,True,,I2799532815
IIT Roorkee,79,O. P. Jindal Global University,40,544,306,80,Not a course cluster,True,,I4210129200
IIT Roorkee,80,GLA University,39,999,880,226,Not a course cluster,True,,I82571370
IIT Roorkee,81,Geological Survey of India,39,394,175,510,Not a course cluster,True,,I64389444
IIT Roorkee,82,Sanjay Gandhi Post Graduate Institute of Medical Sciences,39,758,34,111,Not a course cluster,True,,I161370692
IIT Roorkee,83,KIIT University,38,554,659,327,Not a course cluster,True,,I67357951
IIT Roorkee,84,Dehradun Institute of Technology University,38,1769,297,200,Not a course cluster,True,,I933318745
IIT Roorkee,85,Atal Bihari Vajpayee Indian Institute of Information Technology and Management,38,558,150,166,IIITs,True,,I9747756
IIT Roorkee,86,Jaypee Institute of Information Technology,37,526,394,152,IIITs,True,,I154970844
IIT Roorkee,87,Indian Institute of Technology Jammu,37,546,366,154,Newer IITs,True,,I4210127441
IIT Roorkee,88,Saha Institute of Nuclear Physics,37,651,134,770,Premier science institutes,True,,I16019930
IIT Roorkee,89,Chandigarh University,36,380,1554,358,Not a course cluster,True,,I101407740
IIT Roorkee,90,Amrita Vishwa Vidyapeetham,36,376,838,473,Not a course cluster,True,,I81556334
IIT Roorkee,91,Central Scientific Instruments Organisation,36,514,135,181,CSIR labs,True,,I42095658
IIT Roorkee,92,Centre of Biomedical Research,36,732,34,60,Not a course cluster,True,,I4210161010
IIT Roorkee,93,National Institute of Technology Raipur,35,379,698,434,NITs,True,,I38335241
IIT Roorkee,94,Galgotias University,35,586,491,111,Not a course cluster,True,,I155125381
IIT Roorkee,95,Birla Institute of Technology and Science - Hyderabad Campus,35,495,297,345,Not a course cluster,True,,I4210101034
IIT Roorkee,96,North Eastern Hill University,35,506,198,310,Not a course cluster,True,,I197465736
IIT Roorkee,97,Sant Longowal Institute of Engineering and Technology,35,379,186,202,Not a course cluster,True,,I63568130
IIT Roorkee,98,Indian Institute of Science Education and Research Kolkata,34,667,169,458,IISc / TIFR / IISERs,True,,I127439422
IIT Roorkee,99,"Birla Institute of Technology, Mesra",33,682,433,390,Not a course cluster,True,,I115715567
IIT Roorkee,100,University of Engineering & Management,33,882,149,57,Not a course cluster,True,,I1296725772
IIT Roorkee,101,Hemwati Nandan Bahuguna Garhwal University,32,583,373,550,Not a course cluster,True,,I185052938
IIT Roorkee,102,Oil and Natural Gas Corporation (India),32,274,28,121,Not a course cluster,True,,I172790451
IIT Roorkee,103,National Institute Of Technology Silchar,31,367,782,595,Not a course cluster,True,,I151903974
IIT Roorkee,104,University of Hyderabad,30,612,316,726,Central Universities,True,,I36893310
IIT Roorkee,105,National Institute of Technology Meghalaya,30,422,225,101,NITs,True,,I9523339
IIT Roorkee,106,Government of India,30,411,192,433,Not a course cluster,True,,I2799351866
IIT Roorkee,107,Indian Institute of Technology Tirupati,30,282,190,92,Newer IITs,True,,I4210109292
IIT Roorkee,108,M.J.P. Rohilkhand University,30,574,156,119,Not a course cluster,True,,I139858224
IIT Roorkee,109,COER University,30,440,97,62,Not a course cluster,True,,I4405265151
IIT Roorkee,110,University of Lucknow,29,161,236,357,Not a course cluster,True,,I186246823
IIT Roorkee,111,Indian Institute of Information Technology Allahabad,29,599,114,128,IIITs,True,,I26072440
IIT Roorkee,112,Christ University,28,290,435,114,Not a course cluster,True,,I48018076
IIT Roorkee,113,SR University,28,242,401,43,Not a course cluster,True,,I4405263155
IIT Roorkee,114,National Institute of Technology Delhi,28,307,246,118,NITs,True,,I44635919
IIT Roorkee,115,Rajiv Gandhi Institute of Petroleum Technology,28,298,143,68,Not a course cluster,True,,I98210582
IIT Roorkee,116,Uttaranchal University,27,751,506,96,Not a course cluster,True,,I3132702812
IIT Roorkee,117,National Institute of Technology Durgapur,27,406,401,461,NITs,True,,I155837530
IIT Roorkee,118,Babasaheb Bhimrao Ambedkar University,27,321,228,297,Not a course cluster,True,,I143247161
IIT Roorkee,119,National Institute for Interdisciplinary Science and Technology,27,819,183,512,CSIR labs,True,,I146682468
IIT Roorkee,120,Defence Metallurgical Research Laboratory,27,559,68,256,Not a course cluster,True,,I202429437
IIT Roorkee,121,Chitkara University,26,373,1058,216,Not a course cluster,True,,I74319210
IIT Roorkee,122,National Remote Sensing Centre,26,423,121,375,Not a course cluster,True,,I1311524620
IIT Roorkee,123,Bundelkhand University,26,402,119,124,Not a course cluster,True,,I190570697
IIT Roorkee,124,Symbiosis International University,25,585,662,221,Not a course cluster,True,,I244572783
IIT Roorkee,125,"Indian Institute of Engineering Science and Technology, Shibpur",25,186,448,639,Not a course cluster,True,,I98365261
IIT Roorkee,126,Ministry of Earth Sciences,25,208,396,769,Not a course cluster,True,,I4210100914
IIT Roorkee,127,Central University of Rajasthan,25,443,337,243,Not a course cluster,True,,I76777374
IIT Roorkee,128,Maharshi Dayanand University,25,830,279,220,Not a course cluster,True,,I905734797
IIT Roorkee,129,Variable Energy Cyclotron Centre,25,202,90,298,Not a course cluster,True,,I1279672703
IIT Roorkee,130,Solid State Physics Laboratory,25,615,76,100,Not a course cluster,True,,I140777494
IIT Roorkee,131,Gurukul Kangri Vishwavidyalaya,24,533,226,202,Not a course cluster,True,,I114796046
IIT Roorkee,132,"Birla Institute of Technology and Science, Pilani - Goa Campus",24,323,152,138,Not a course cluster,True,,I4210148827
IIT Roorkee,133,South Asian University,24,599,72,90,Not a course cluster,True,,I90425906
IIT Roorkee,134,Central Citrus Research Institute,24,560,58,44,Not a course cluster,True,,I4210133365
IIT Roorkee,135,Institute of Mathematical Sciences,24,406,24,76,Premier science institutes,True,,I59611059
IIT Roorkee,136,Koneru Lakshmaiah Education Foundation,23,277,744,207,Not a course cluster,True,,I875944469
IIT Roorkee,137,"SRM University, Andhra Pradesh",23,289,332,123,Not a course cluster,True,,I4210100463
IIT Roorkee,138,GD Goenka University,23,452,101,30,Not a course cluster,True,,I2802922787
IIT Roorkee,139,Indian Institute of Science Education and Research Thiruvananthapuram,23,262,82,141,IISc / TIFR / IISERs,True,,I50557253
IIT Roorkee,140,Aryabhatta Research Institute of Observational Sciences,23,76,37,114,Not a course cluster,True,,I2803025293
IIT Roorkee,141,National Centre for Radio Astrophysics,23,401,23,77,Not a course cluster,True,,I147602599
IIT Roorkee,142,National Institute of Technology Karnataka,22,233,705,615,NITs,True,,I11880225
IIT Roorkee,143,Indian Council of Agricultural Research,22,546,390,421,Not a course cluster,True,,I179420787
IIT Roorkee,144,Banasthali University,22,92,350,151,Not a course cluster,True,,I102117144
IIT Roorkee,145,"Indian Institute of Science Education and Research, Bhopal",22,162,269,266,IISc / TIFR / IISERs,True,,I288749910
IIT Roorkee,146,Central University of Haryana,22,232,265,110,Not a course cluster,True,,I4210133503
IIT Roorkee,147,National Institute of Science Education and Research,22,246,215,317,IISc / TIFR / IISERs,True,,I163389970
IIT Roorkee,148,Visva-Bharati University,22,314,213,289,Not a course cluster,True,,I130291710
IIT Roorkee,149,University of Mumbai,22,575,196,309,Not a course cluster,True,,I169877490
IIT Roorkee,150,National Institute of Technology Jamshedpur,21,161,609,140,NITs,True,,I187761245
IIT Roorkee,151,Sharda University,21,355,475,173,Not a course cluster,True,,I74885063
IIT Roorkee,152,SRM University,21,326,243,259,Not a course cluster,True,,I4210131147
IIT Roorkee,153,Rajasthan Technical University,21,371,170,65,Not a course cluster,True,,I159219196
IIT Roorkee,154,Birbal Sahni Institute of Palaeosciences,21,124,143,364,Not a course cluster,True,,I4405261827
IIT Roorkee,155,Indira Gandhi Delhi Technical University for Women,21,300,140,120,Not a course cluster,True,,I4210143260
IIT Roorkee,156,Jaypee University of Information Technology,21,231,128,154,IIITs,True,,I153954893
IIT Roorkee,157,Indian Institute of Space Science and Technology,21,420,93,152,Not a course cluster,True,,I882761360
IIT Roorkee,158,Uttarakhand Technical University,21,261,77,41,Not a course cluster,True,,I201750527
IIT Roorkee,159,"Anna University, Chennai",20,1045,847,1487,Not a course cluster,True,,I33585257
IIT Roorkee,160,National Institute of Technology Calicut,20,151,557,469,NITs,True,,I114845381
IIT Roorkee,161,Shoolini University,20,781,488,415,Not a course cluster,True,,I4210133311
IIT Roorkee,162,University of Jammu,20,1209,351,596,Not a course cluster,True,,I145846420
IIT Roorkee,163,Guru Gobind Singh Indraprastha University,20,254,291,208,Not a course cluster,True,,I105454292
IIT Roorkee,164,Harcourt Butler Technical University,20,725,262,80,Not a course cluster,True,,I4210090456
IIT Roorkee,165,Odisha University of Agriculture and Technology,20,884,112,78,Not a course cluster,True,,I13567498
IIT Roorkee,166,Indian Veterinary Research Institute,20,555,63,120,Not a course cluster,True,,I185790649
IIT Roorkee,167,Veer Chandra Singh Garhwali Uttarakhand University of Horticulture & Forestry,20,639,18,70,Not a course cluster,True,,I4210095517
IIT Roorkee,168,University of Allahabad,19,400,508,566,Not a course cluster,True,,I168893459
IIT Roorkee,169,Savitribai Phule Pune University,19,226,475,740,Not a course cluster,True,,I878213199
IIT Roorkee,170,Parul University,19,225,354,66,Not a course cluster,True,,I9694494
IIT Roorkee,171,Bennett University,19,167,282,44,Not a course cluster,True,,I3129773123
IIT Roorkee,172,Deenbandhu Chhotu Ram University of Science and Technology,19,423,201,123,Not a course cluster,True,,I253188195
IIT Roorkee,173,Gautam Buddha University,19,273,191,88,Not a course cluster,True,,I72769676
IIT Roorkee,174,Shiv Nadar University,19,161,152,184,Not a course cluster,True,,I26604189
IIT Roorkee,175,Doon University,19,506,146,146,Not a course cluster,True,,I44565152
IIT Roorkee,176,National Aerospace Laboratories,19,265,50,147,Not a course cluster,True,,I1286499117
IIT Roorkee,177,Institute of Nuclear Medicine & Allied Sciences,19,221,50,58,Not a course cluster,True,,I4210114989
IIT Roorkee,178,Maharaj Vijayaram Gajapathi Raj College of Engineering,19,609,46,103,Not a course cluster,True,,I4210094866
IIT Roorkee,179,Saveetha University,18,416,2128,571,Not a course cluster,True,,I85461943
IIT Roorkee,180,Siksha O Anusandhan University,18,383,632,393,Not a course cluster,True,,I193073490
IIT Roorkee,181,Kurukshetra University,18,309,319,348,Not a course cluster,True,,I178000100
IIT Roorkee,182,National Chemical Laboratory,18,424,180,958,CSIR labs,True,,I3125981224
IIT Roorkee,183,Central Drug Research Institute,18,230,96,192,CSIR labs,True,,I185249246
IIT Roorkee,184,Post Graduate Institute of Medical Education and Research,18,341,64,217,Not a course cluster,True,,I45294948
IIT Roorkee,185,GITAM University,17,170,415,183,Not a course cluster,True,,I885392262
IIT Roorkee,186,Central Salt and Marine Chemicals Research Institute,17,313,154,518,Not a course cluster,True,,I128420443
IIT Roorkee,187,Energy and Resources Institute,17,488,124,359,Not a course cluster,True,,I1286858202
IIT Roorkee,188,Indian Institute of Science Education and Research Pune,17,71,77,269,IISc / TIFR / IISERs,True,,I181996519
IIT Roorkee,189,Indian Institute of Technology Dharwad,16,302,178,30,Newer IITs,True,,I4210152718
IIT Roorkee,190,Chaudhary Charan Singh University,16,385,170,120,Not a course cluster,True,,I303593345
IIT Roorkee,191,Translational Health Science and Technology Institute,16,218,60,82,Not a course cluster,True,,I2801880299
IIT Roorkee,192,Tata Steel (India),16,185,60,235,Not a course cluster,True,,I87816474
IIT Roorkee,193,Indraprastha Institute of Information Technology Delhi,16,118,53,98,IIITs,True,,I119939252
IIT Roorkee,194,Bharat Heavy Electricals (India),16,146,32,88,Not a course cluster,True,,I25547181
IIT Roorkee,195,Center for Excellence in Basic Sciences,16,103,22,68,Not a course cluster,True,,I4210156819
IIT Roorkee,196,Punjab Agricultural University,15,260,263,342,Not a course cluster,True,,I899646
IIT Roorkee,197,Shri Mata Vaishno Devi University,15,257,226,157,Not a course cluster,True,,I59179055
IIT Roorkee,198,Jamia Hamdard,15,307,185,330,Not a course cluster,True,,I19716509
IIT Roorkee,199,Indian Association for the Cultivation of Science,15,370,170,665,Not a course cluster,True,,I165998391
IIT Roorkee,200,Central University of Tamil Nadu,15,837,163,108,Not a course cluster,True,,I112471378
IIT Roorkee,201,Islamic University of Science and Technology,15,216,157,42,Not a course cluster,True,,I4264650
IIT Roorkee,202,Sam Higginbottom Institute of Agriculture,15,512,125,136,Not a course cluster,True,,I223959643
IIT Roorkee,203,National Centre for Polar and Ocean Research,15,144,92,159,Not a course cluster,True,,I106814784
IIT Roorkee,204,Vikram Sarabhai Space Centre,15,137,62,290,Not a course cluster,True,,I71374576
IIT Roorkee,205,Central University of Punjab,14,708,303,176,Not a course cluster,True,,I114724429
IIT Roorkee,206,Indian Institute of Technology Bhilai,14,175,142,55,Newer IITs,True,,I4210121466
IIT Roorkee,207,Dr. A.P.J. Abdul Kalam Technical University,14,127,132,44,Not a course cluster,True,,I116943215
IIT Roorkee,208,Deen Dayal Upadhyaya Gorakhpur University,14,202,114,109,Not a course cluster,True,,I886702836
IIT Roorkee,209,TKM College of Engineering,14,65,97,62,Not a course cluster,True,,I4405253803
IIT Roorkee,210,Uttarakhand Government,14,230,52,50,Not a course cluster,True,,I4210124730
IIT Roorkee,211,"D.B.S. (P.G.) College, Dehradun",14,419,49,43,Not a course cluster,True,,I4405278071
IIT Roorkee,212,Bose Institute,14,141,47,201,Premier science institutes,True,,I152754861
IIT Roorkee,213,Tata Consultancy Services (India),14,117,40,76,Not a course cluster,True,,I55215948
IIT Roorkee,214,Scottish Church College,14,176,39,45,Not a course cluster,True,,I4405275758
IIT Roorkee,215,National Institute of Technology Agartala,13,46,408,230,NITs,True,,I196486160
IIT Roorkee,216,National Geophysical Research Institute,13,84,196,1000,Not a course cluster,True,,I22716965
IIT Roorkee,217,National Institute of Technology Andhra Pradesh,13,61,160,46,NITs,True,,I4210153924
IIT Roorkee,218,Institute of Minerals and Materials Technology,13,106,158,367,Not a course cluster,True,,I4210107015
IIT Roorkee,219,Indian Institute of Technology Palakkad,13,49,105,141,Newer IITs,True,,I4210113248
IIT Roorkee,220,"Indian Institute of Information Technology, Design and Manufacturing, Kancheepuram",13,54,98,49,IIITs,True,,I39244652
IIT Roorkee,221,UGC DAE Consortium for Scientific Research,13,103,88,132,Not a course cluster,True,,I4210132317
IIT Roorkee,222,TERI University,13,518,84,272,Not a course cluster,True,,I118315836
IIT Roorkee,223,Dayalbagh Educational Institute,13,180,84,79,Not a course cluster,True,,I178254495
IIT Roorkee,224,National Institute of Technology Manipur,13,28,76,54,NITs,True,,I265627732
IIT Roorkee,225,Regional Centre for Biotechnology,13,136,73,52,Not a course cluster,True,,I4210094671
IIT Roorkee,226,Swami Rama Himalayan University,13,108,70,19,Not a course cluster,True,,I2802000655
IIT Roorkee,227,National Atmospheric Research Laboratory,13,95,34,186,Not a course cluster,True,,I152870717
IIT Roorkee,228,P.V. Narsimha Rao Telangana Veterinary University,13,1076,23,17,Not a course cluster,True,,I4210098074
IIT Roorkee,229,Intel (India),13,119,14,16,Not a course cluster,True,,I4210146682
IIT Roorkee,230,Institute of Chemical Technology,12,470,316,557,Not a course cluster,True,,I167751958
IIT Roorkee,231,Pondicherry University,12,495,307,418,Not a course cluster,True,,I175691731
IIT Roorkee,232,Central University of Jammu,12,107,264,101,Not a course cluster,True,,I4210142231
IIT Roorkee,233,Presidency University,12,234,262,276,Not a course cluster,True,,I157674215
IIT Roorkee,234,Central University of Jharkhand,12,95,197,257,Not a course cluster,True,,I175970653
IIT Roorkee,235,"Vignan's Foundation for Science, Technology & Research",12,111,172,95,Not a course cluster,True,,I149313025
IIT Roorkee,236,Dr. Hari Singh Gour University,12,169,162,194,Not a course cluster,True,,I8977528
IIT Roorkee,237,Himachal Pradesh University,12,204,156,153,Not a course cluster,True,,I904467727
IIT Roorkee,238,COEP Technological University,12,113,139,92,Not a course cluster,True,,I4405273661
IIT Roorkee,239,Central University of Gujarat,12,197,122,138,Not a course cluster,True,,I89095802
IIT Roorkee,240,Punjab Remote Sensing Centre,12,513,59,60,Not a course cluster,True,,I4210131364
IIT Roorkee,241,Ashoka University,12,52,15,21,Not a course cluster,True,,I347237974
IIT Roorkee,242,Indian Institute of Chemical Technology,11,458,243,800,CSIR labs,True,,I55664587
IIT Roorkee,243,Osmania University,11,247,155,269,Not a course cluster,True,,I8975392
IIT Roorkee,244,Kumaun University,11,84,137,427,Not a course cluster,True,,I119311299
IIT Roorkee,245,Rajiv Gandhi University,11,193,98,38,Not a course cluster,True,,I4210102005
IIT Roorkee,246,Haldia Institute of Technology,11,30,69,77,Not a course cluster,True,,I175399479
IIT Roorkee,247,National Dairy Research Institute,11,164,67,106,Not a course cluster,True,,I187279525
IIT Roorkee,248,Defence Materials and Stores Research and Development Establishment,11,107,43,63,Not a course cluster,True,,I4210113972
IIT Roorkee,249,Avantha Centre for Industrial Research & Development,11,308,32,64,Not a course cluster,True,,I4210129589
IIT Roorkee,250,Raman Research Institute,11,231,21,66,Not a course cluster,True,,I119598438
IIT Roorkee,251,Ministry of Agriculture & Farmers Welfare,11,109,17,18,Not a course cluster,True,,I4210105197
IIT Roorkee,252,Central Institute for Cotton Research,11,126,15,17,Not a course cluster,True,,I185412522
IIT Roorkee,253,Marwadi Education Foundation,11,233,15,18,Not a course cluster,True,,I4210094966
IIT Roorkee,254,International Institute of Information Technology Bangalore,11,32,13,28,IIITs,True,,I181514455
IIT Roorkee,255,Indian Institute of Information Technology Kalyani,11,179,12,10,IIITs,True,,I4405259730
IIT Roorkee,256,Defence Electronics Application Laboratory,11,25,3,17,Not a course cluster,True,,I4210144350
IIT Roorkee,257,Vel Tech Rangarajan Dr. Sagunthala R&D Institute of Science and Technology,10,58,466,165,Not a course cluster,True,,I1330855593
IIT Roorkee,258,Cochin University of Science and Technology,10,126,293,356,Not a course cluster,True,,I20497027
IIT Roorkee,259,Marwadi University,10,121,280,42,Not a course cluster,True,,I3132999081
IIT Roorkee,260,Guru Jambheshwar University of Science and Technology,10,157,243,307,Not a course cluster,True,,I15896350
IIT Roorkee,261,Guru Ghasidas Vishwavidyalaya,10,145,203,153,Not a course cluster,True,,I26285277
IIT Roorkee,262,India Meteorological Department,10,89,153,704,Not a course cluster,True,,I2802599571
IIT Roorkee,263,Gyan Vihar University,10,65,113,60,Not a course cluster,True,,I91894341
IIT Roorkee,264,Government of Haryana,10,355,96,55,Not a course cluster,True,,I2799795791
IIT Roorkee,265,"Islamic University of Science and Technology, Kashmir",10,96,76,28,Not a course cluster,True,,I4405256391
IIT Roorkee,266,National Institute of Oceanography,10,73,75,335,Not a course cluster,True,,I75093019
IIT Roorkee,267,Central Institute of Mining and Fuel Research,10,193,71,185,CSIR labs,True,,I4210127669
IIT Roorkee,268,Goa University,10,131,65,74,Not a course cluster,True,,I140887281
IIT Roorkee,269,Indian Institute of Management Kashipur,10,139,64,36,Not a course cluster,True,,I2799289540
IIT Roorkee,270,"UGC-DAE Consortium for Scientific Research, Mumbai Centre",10,112,47,40,Not a course cluster,True,,I4405260855
IIT Roorkee,271,Central Electronics Engineering Research Institute,10,42,43,103,CSIR labs,True,,I41763900
IIT Roorkee,272,Tezpur University,9,137,334,366,Not a course cluster,True,,I126601174
IIT Roorkee,273,Veer Surendra Sai University of Technology,9,66,281,183,Not a course cluster,True,,I185065464
IIT Roorkee,274,National Environmental Engineering Research Institute,9,295,275,528,Not a course cluster,True,,I170347488
IIT Roorkee,275,Integral University,9,145,190,89,Not a course cluster,True,,I189949046
IIT Roorkee,276,Indian Institute of Tropical Meteorology,9,200,187,863,Not a course cluster,True,,I1333651918
IIT Roorkee,277,University of Kalyani,9,338,174,299,Not a course cluster,True,,I77501641
IIT Roorkee,278,MIT World Peace University,9,86,165,41,Not a course cluster,True,,I4210088227
IIT Roorkee,279,The NorthCap University,9,24,132,93,Not a course cluster,True,,I129798099
IIT Roorkee,280,Maulana Azad National Urdu University,9,156,127,21,Not a course cluster,True,,I3133391162
IIT Roorkee,281,Government of West Bengal,9,80,112,101,Not a course cluster,True,,I2801424531
IIT Roorkee,282,Central University of Kashmir,9,492,107,19,Not a course cluster,True,,I76202665
IIT Roorkee,283,Central Glass and Ceramic Research Institute,9,127,77,169,CSIR labs,True,,I1309307044
IIT Roorkee,284,"Institute of Physics, Bhubaneshwar",9,156,73,204,Not a course cluster,True,,I40912709
IIT Roorkee,285,Forest Research Institute,9,156,68,85,Not a course cluster,True,,I128076159
IIT Roorkee,286,Indian Institute of Integrative Medicine,9,169,47,119,Not a course cluster,True,,I4210108071
IIT Roorkee,287,Glocal University,9,95,39,30,Not a course cluster,True,,I3130698519
IIT Roorkee,288,Ministry of Defence,9,80,39,75,Not a course cluster,True,,I4210150591
IIT Roorkee,289,Institute for Plasma Research,9,35,34,48,Not a course cluster,True,,I4210106276
IIT Roorkee,290,Institute of Genomics and Integrative Biology,9,215,25,121,CSIR labs,True,,I177828482
IIT Roorkee,291,Snow & Avalanche Study Estt,9,152,18,202,Not a course cluster,True,,I173811610
IIT Roorkee,292,Indian Maritime University,9,89,9,6,Not a course cluster,True,,I47885761
IIT Roorkee,293,Terminal Ballistics Research Laboratory,9,115,9,23,Not a course cluster,True,,I56365517
IIT Roorkee,294,Keshava Deva Malaviya Institute of Petroleum Exploration,9,135,6,15,Not a course cluster,True,,I4405277128
IIT Roorkee,295,Texas Instruments (India),9,26,0,21,Not a course cluster,True,,I4210109535
IIT Roorkee,296,Sathyabama Institute of Science and Technology,8,286,468,258,Not a course cluster,True,,I43814544
IIT Roorkee,297,Indian Agricultural Research Institute,8,134,299,456,Not a course cluster,True,,I45509622
IIT Roorkee,298,Bharathiar University,8,178,242,434,Not a course cluster,True,,I111575329
IIT Roorkee,299,Shri Govindram Seksaria Institute of Technology and Science,8,306,215,63,Not a course cluster,True,,I4405278167
IIT Roorkee,300,Jaipuria Institute of Management,8,200,169,44,Not a course cluster,True,,I26771391
IIT Roorkee,301,Central University of Himachal Pradesh,8,159,153,101,Not a course cluster,True,,I180952551
IIT Roorkee,302,Aliah University,8,83,133,60,Not a course cluster,True,,I180765649
IIT Roorkee,303,"Indian Institute of Science Education and Research, Tirupati",8,51,112,127,IISc / TIFR / IISERs,True,,I4210140410
IIT Roorkee,304,University of Gour Banga,8,40,110,193,Not a course cluster,True,,I33932797
IIT Roorkee,305,Charotar University of Science and Technology,8,139,109,93,Not a course cluster,True,,I33459947
IIT Roorkee,306,International Institute for Population Sciences,8,260,72,99,Not a course cluster,True,,I197882922
IIT Roorkee,307,Indian Institute of Management Lucknow,8,109,69,104,Not a course cluster,True,,I91699865
IIT Roorkee,308,Indira Gandhi Agricultural University,8,161,67,50,Not a course cluster,True,,I20632288
IIT Roorkee,309,Techno India University,8,347,57,26,Not a course cluster,True,,I1288043984
IIT Roorkee,310,LNM Institute of Information Technology,8,30,56,46,IIITs,True,,I33552525
IIT Roorkee,311,BML Munjal University,8,57,54,38,Not a course cluster,True,,I1323093577
IIT Roorkee,312,Pandit Ravishankar Shukla University,8,6,49,86,Not a course cluster,True,,I38192578
IIT Roorkee,313,Invertis University,8,78,42,10,Not a course cluster,True,,I19688894
IIT Roorkee,314,Maharaja Sriram Chandra Bhanja Deo University,8,88,40,8,Not a course cluster,True,,I58782413
IIT Roorkee,315,Bethune College,8,123,29,26,Not a course cluster,True,,I4405270080
IIT Roorkee,316,Central Pulp & Paper Research Institute,8,89,20,16,Not a course cluster,True,,I4210125508
IIT Roorkee,317,U. R. Rao Satellite Centre,8,140,19,32,Not a course cluster,True,,I4405258076
IIT Roorkee,318,Wipro (India),8,16,12,8,Not a course cluster,True,,I4210090636
IIT Roorkee,319,Chennai Mathematical Institute,8,24,10,30,Premier science institutes,True,,I19149307
IIT Roorkee,320,Central Institute of Temperate Horticulture,8,163,8,5,Not a course cluster,True,,I4210125584
IIT Roorkee,321,MNR Medical College and Hospital,8,164,4,0,Not a course cluster,True,,I4210144026
IIT Roorkee,322,Punjab Technical University,7,138,243,222,Not a course cluster,True,,I94616015
IIT Roorkee,323,Gujarat Technological University,7,383,241,55,Not a course cluster,True,,I29563240
IIT Roorkee,324,University of Kerala,7,55,216,250,Not a course cluster,True,,I158338959
IIT Roorkee,325,Vidyasagar University,7,99,194,247,Not a course cluster,True,,I41549804
IIT Roorkee,326,Centurion University of Technology and Management,7,84,175,62,Not a course cluster,True,,I47639616
IIT Roorkee,327,G.L. Bajaj Institute of Technology and Management Greater Noida,7,197,165,52,Not a course cluster,True,,I4405263758
IIT Roorkee,328,VIT Bhopal University,7,81,149,29,Not a course cluster,True,,I4405263090
IIT Roorkee,329,Chaudhary Charan Singh Haryana Agricultural University,7,84,148,135,Not a course cluster,True,,I24927338
IIT Roorkee,330,Chaitanya Bharathi Institute of Technology,7,48,147,37,Not a course cluster,True,,I134892692
IIT Roorkee,331,Teerthanker Mahaveer University,7,17,142,32,Not a course cluster,True,,I134705546
IIT Roorkee,332,Siddhartha Academy of Higher Education,7,68,135,55,Not a course cluster,True,,I4405262028
IIT Roorkee,333,Indian Institute of Toxicology Research,7,489,130,372,Not a course cluster,True,,I85145500
IIT Roorkee,334,Indian Institute of Management Mumbai,7,371,121,190,Not a course cluster,True,,I864998749
IIT Roorkee,335,National Centre for Earth Science Studies,7,176,111,109,Not a course cluster,True,,I84913233
IIT Roorkee,336,Institute of Himalayan Bioresource Technology,7,157,109,112,Not a course cluster,True,,I4210128326
IIT Roorkee,337,Rashtrasant Tukadoji Maharaj Nagpur University,7,130,97,138,Not a course cluster,True,,I133978751
IIT Roorkee,338,National Metallurgical Laboratory,7,46,83,262,CSIR labs,True,,I4210111921
IIT Roorkee,339,Adamas University,7,32,82,51,Not a course cluster,True,,I3130244785
IIT Roorkee,340,Jawaharlal Nehru Centre for Advanced Scientific Research,7,52,81,541,Not a course cluster,True,,I147481903
IIT Roorkee,341,Indian Council of Medical Research,7,68,80,143,Not a course cluster,True,,I37048141
IIT Roorkee,342,Central Leather Research Institute,7,323,79,335,Not a course cluster,True,,I112576028
IIT Roorkee,343,Puducherry Technological University,7,205,64,71,Not a course cluster,True,,I4405254494
IIT Roorkee,344,Lalit Narayan Mithila University,7,309,63,3,Not a course cluster,True,,I3130357712
IIT Roorkee,345,Tata Institute of Social Sciences,7,124,52,61,Not a course cluster,True,,I79741504
IIT Roorkee,346,Indian Institute of Science Education and Research Berhampur,7,33,51,38,IISc / TIFR / IISERs,True,,I4210115612
IIT Roorkee,347,Eternal University,7,91,49,37,Not a course cluster,True,,I46781620
IIT Roorkee,348,Baba Ghulam Shah Badshah University,7,59,46,27,Not a course cluster,True,,I299920578
IIT Roorkee,349,Indian Institute of Information Technology Kota,7,38,45,3,IIITs,True,,I4405265662
IIT Roorkee,350,Indian Institute of Information Technology Guwahati,7,64,44,33,IIITs,True,,I4210089896
IIT Roorkee,351,IITB-Monash Research Academy,7,139,35,164,Not a course cluster,True,,I2802772015
IIT Roorkee,352,Central Pollution Control Board,7,85,31,79,Not a course cluster,True,,I14467051
IIT Roorkee,353,National Institute of Solar Energy,7,28,20,36,Not a course cluster,True,,I4210155121
IIT Roorkee,354,"CHRIST (Deemed to be) University, Delhi NCR",7,104,17,7,Not a course cluster,True,,I4405253679
IIT Roorkee,355,Bharathidasan University,6,216,291,409,Not a course cluster,True,,I4076070
IIT Roorkee,356,Amity University Gurugram,6,225,232,107,Not a course cluster,True,,I4405262955
IIT Roorkee,357,University of Burdwan,6,233,212,375,Not a course cluster,True,,I132359460
IIT Roorkee,358,"J.C. Bose University of Science & Technology, YMCA",6,69,175,94,Not a course cluster,True,,I55124831
IIT Roorkee,359,Sher-e-Kashmir University of Agricultural Sciences and Technology of Kashmir,6,209,174,77,Not a course cluster,True,,I1306687154
IIT Roorkee,360,KR Mangalam University,6,9,132,21,Not a course cluster,True,,I4210114149
IIT Roorkee,361,North Eastern Regional Institute of Science and Technology,6,55,130,175,Not a course cluster,True,,I160302567
IIT Roorkee,362,G.B. Pant Institute of Himalayan Environment and Development,6,41,117,198,Not a course cluster,True,,I4210163968
IIT Roorkee,363,Mohanlal Sukhadia University,6,72,117,116,Not a course cluster,True,,I43218427
IIT Roorkee,364,Shree Guru Gobind Singh Tricentenary University,6,57,109,25,Not a course cluster,True,,I3130021832
IIT Roorkee,365,NIMS University,6,11,103,15,Not a course cluster,True,,I2800157045
IIT Roorkee,366,College of Engineering Trivandrum,6,9,96,74,Not a course cluster,True,,I4405254352
IIT Roorkee,367,Advanced Materials and Processes Research Institute,6,49,81,159,CSIR labs,True,,I115635661
IIT Roorkee,368,Government of Uttar Pradesh,6,48,75,29,Not a course cluster,True,,I2801491316
IIT Roorkee,369,Dolphin (PG) Institute of Bio Medical and Natural Science,6,185,72,27,Not a course cluster,True,,I4210138733
IIT Roorkee,370,Biju Patnaik University of Technology,6,38,71,47,Not a course cluster,True,,I4028839
IIT Roorkee,371,International Institute of Information Technology,6,181,67,62,IIITs,True,,I4210097016
IIT Roorkee,372,S.N. Bose National Centre for Basic Sciences,6,567,54,148,Premier science institutes,True,,I77430839
IIT Roorkee,373,XIM University,6,207,44,24,Not a course cluster,True,,I4210137468
IIT Roorkee,374,"Ministry of Environment, Forests and Climate Change",6,104,43,51,Not a course cluster,True,,I1291012402
IIT Roorkee,375,Akal University,6,28,41,15,Not a course cluster,True,,I3132890203
IIT Roorkee,376,Dharmsinh Desai University,6,92,37,12,Not a course cluster,True,,I10008193
IIT Roorkee,377,Ministry of Jal Shakti,6,41,31,11,Not a course cluster,True,,I4405270522
IIT Roorkee,378,Institute of Microbial Technology,6,124,27,126,CSIR labs,True,,I4210147764
IIT Roorkee,379,National Institute of Plant Genome Research,6,58,24,46,Not a course cluster,True,,I4210153536
IIT Roorkee,380,Dhirubhai Ambani University,6,338,23,19,Not a course cluster,True,,I98389781
IIT Roorkee,381,L V Prasad Eye Institute,6,39,19,24,Not a course cluster,True,,I2801255070
IIT Roorkee,382,"Government Engineering College, Banka",6,24,13,2,Not a course cluster,True,,I4405268831
IIT Roorkee,383,Samsung (India),6,46,12,22,Not a course cluster,True,,I4210139030
IIT Roorkee,384,Central Institute for Research on Cattle,6,71,6,6,Not a course cluster,True,,I4210109069
IIT Roorkee,385,St. Xavier's College,6,185,15,27,Not a course cluster,True,,I4405282102
IIT Roorkee,386,Asia Pacific Institute of Management,6,393,1,2,Not a course cluster,True,,I6805998
IIT Roorkee,387,Jain University,5,115,599,220,Not a course cluster,True,,I106826634
IIT Roorkee,388,Visvesvaraya Technological University,5,25,438,247,Not a course cluster,True,,I65674248
IIT Roorkee,389,Karunya University,5,145,354,214,Not a course cluster,True,,I119668213
IIT Roorkee,390,Alliance University,5,41,256,57,Not a course cluster,True,,I144614875
IIT Roorkee,391,Nirma University,5,148,240,144,Not a course cluster,True,,I165831266
IIT Roorkee,392,Aditya University,5,17,196,35,Not a course cluster,True,,I4405262389
IIT Roorkee,393,Narsee Monjee Institute of Management Studies,5,46,181,92,Not a course cluster,True,,I226983648
IIT Roorkee,394,University of Rajasthan,5,222,153,205,Not a course cluster,True,,I99552915
IIT Roorkee,395,Periyar University,5,5,143,188,Not a course cluster,True,,I141431873
IIT Roorkee,396,Mahaveer University,5,17,142,30,Not a course cluster,True,,I4405260859
IIT Roorkee,397,"National Institute of Technical Teachers Training and Research, Chandigarh",5,61,136,122,Not a course cluster,True,,I4210094717
IIT Roorkee,398,Defence Institute of Advanced Technology,5,112,126,118,Not a course cluster,True,,I156406944
IIT Roorkee,399,Siddaganga Institute of Technology,5,211,121,69,Not a course cluster,True,,I4387153738
IIT Roorkee,400,Indira Gandhi National Tribal University,5,111,121,38,Not a course cluster,True,,I296362101
IIT Roorkee,401,PSG College of Technology,5,65,118,206,Not a course cluster,True,,I4405254442
IIT Roorkee,402,Institute of Infrastructure Technology Research and Management,5,29,111,70,Not a course cluster,True,,I3130511786
IIT Roorkee,403,National Institute of Food Technology Entrepreneurship and Management,5,14,102,70,Not a course cluster,True,,I342702707
IIT Roorkee,404,Indira Gandhi Centre for Atomic Research,5,98,100,406,DAE institutes,True,,I2802630050
IIT Roorkee,405,National Institute of Pharmaceutical Education and Research,5,160,354,621,Not a course cluster,True,,I4210146715
IIT Roorkee,406,Dayananda Sagar University,5,18,96,19,Not a course cluster,True,,I4400573291
IIT Roorkee,407,National Institute of Technology Arunachal Pradesh,5,60,73,27,NITs,True,,I57496824
IIT Roorkee,408,Shobhit University,5,11,63,27,Not a course cluster,True,,I191247993
IIT Roorkee,409,Yenepoya University,5,39,61,35,Not a course cluster,True,,I158688498
IIT Roorkee,410,Maharaja Surajmal Institute of Technology,5,113,57,20,Not a course cluster,True,,I4405277354
IIT Roorkee,411,Indian Institute of Soil and Water Conservation,5,26,53,95,Not a course cluster,True,,I4210158105
IIT Roorkee,412,Centre for Nano and Soft Matter Sciences,5,68,52,34,Not a course cluster,True,,I4210115714
IIT Roorkee,413,Kakatiya University,5,153,52,47,Not a course cluster,True,,I28210344
IIT Roorkee,414,Indian Institute of Management Indore,5,22,49,43,Not a course cluster,True,,I33003672
IIT Roorkee,415,Heritage Institute of Technology,5,48,49,35,Not a course cluster,True,,I4405272644
IIT Roorkee,416,Indian Institute of Technology Goa,5,76,48,60,Newer IITs,True,,I4210112052
IIT Roorkee,417,Institute of Seismological Research,5,40,46,242,Not a course cluster,True,,I4210095987
IIT Roorkee,418,Central Institute of Medicinal and Aromatic Plants,5,142,45,83,Not a course cluster,True,,I68145777
IIT Roorkee,419,"Marwari College, Darbhanga",5,38,45,2,Not a course cluster,True,,I4405262933
IIT Roorkee,420,"Engineering College, Ajmer",5,95,44,24,Not a course cluster,True,,I4405279953
IIT Roorkee,421,Ajay Kumar Garg Engineering College,5,20,38,23,Not a course cluster,True,,I4405257060
IIT Roorkee,422,D.Y. Patil Education Society,5,80,36,19,Not a course cluster,True,,I4210145115
IIT Roorkee,423,Raja Ramanna Centre for Advanced Technology,5,66,34,108,DAE institutes,True,,I1289303365
IIT Roorkee,424,Meghnad Saha Institute of Technology,5,71,32,29,Premier science institutes,True,,I4405273617
IIT Roorkee,425,School of Planning and Architecture Delhi,5,6,31,20,Not a course cluster,True,,I1329536732
IIT Roorkee,426,Soban Singh Jeena University,5,7,30,14,Not a course cluster,True,,I4405260884
IIT Roorkee,427,National Institute of Advanced Studies,5,161,29,37,Not a course cluster,True,,I22956069
IIT Roorkee,428,National Institute of Disaster Management,5,9,26,27,Not a course cluster,True,,I242113363
IIT Roorkee,429,D Y Patil International University,5,5,21,3,Not a course cluster,True,,I4210096567
IIT Roorkee,430,Indian Institute of Management Ahmedabad,5,41,19,101,Not a course cluster,True,,I150870154
IIT Roorkee,431,Centre for Cellular and Molecular Biology,5,26,18,58,CSIR labs,True,,I185638415
IIT Roorkee,432,West Bengal University of Animal and Fishery Sciences,5,223,15,31,Not a course cluster,True,,I75444546
IIT Roorkee,433,Operation Eyesight Universal Institute for Eye Cancer,5,36,11,3,Not a course cluster,True,,I4405273410
IIT Roorkee,434,IMS Unison University,5,185,10,3,Not a course cluster,True,,I2800301432
IIT Roorkee,435,Defence Research and Development Establishment,5,206,9,105,Not a course cluster,True,,I2800900741
IIT Roorkee,436,Power Grid Corporation (India),5,114,9,14,Not a course cluster,True,,I867306930
IIT Roorkee,437,Indian Army,5,113,9,41,Not a course cluster,True,,I2800341339
IIT Roorkee,438,Indian Institute of Management Udaipur,5,41,8,9,Not a course cluster,True,,I46130087
IIT Roorkee,439,"Council on Energy, Environment and Water",5,26,7,25,Not a course cluster,True,,I4210111415
IIT Roorkee,440,Muljibhai Patel Urological Hospital,5,13,1,0,Not a course cluster,True,,I2800452302
IIT Roorkee,441,TIFR Centre for Applicable Mathematics,5,0,1,5,Not a course cluster,True,,I94595606
IIT Roorkee,442,Sri Sivasubramaniya Nadar College of Engineering,4,8,357,254,Not a course cluster,True,,I916357946
IIT Roorkee,443,Aditya Institute of Technology and Management,4,3,262,20,Not a course cluster,True,,I4405270565
IIT Roorkee,444,Madurai Kamaraj University,4,39,180,245,Not a course cluster,True,,I13268429
IIT Roorkee,445,"Jawaharlal Nehru Technological University, Hyderabad",4,70,166,270,Not a course cluster,True,,I10874241
IIT Roorkee,446,Dibrugarh University,4,19,155,92,Not a course cluster,True,,I64128412
IIT Roorkee,447,Mizoram University,4,96,150,115,Not a course cluster,True,,I195459967
IIT Roorkee,448,North Bengal University,4,47,141,86,Not a course cluster,True,,I56090587
IIT Roorkee,449,Ramaiah Institute of Technology,4,49,139,141,Not a course cluster,True,,I4405255153
IIT Roorkee,450,Nagaland University,4,9,112,45,Not a course cluster,True,,I61198380
IIT Roorkee,451,National Council Of Educational Research And Training,4,26,110,22,Not a course cluster,True,,I15949855
IIT Roorkee,452,Government of Gujarat,4,65,103,158,Not a course cluster,True,,I2802014819
IIT Roorkee,453,"International Institute of Information Technology, Hyderabad",4,11,102,222,IIITs,True,,I64189192
IIT Roorkee,454,Noida Institute of Engineering and Technology,4,355,100,29,Not a course cluster,True,,I4405260775
IIT Roorkee,455,Tripura University,4,251,100,48,Not a course cluster,True,,I72677176
IIT Roorkee,456,Sona College of Technology,4,37,93,42,Not a course cluster,True,,I4405257457
IIT Roorkee,457,Sikkim Manipal University,4,78,88,58,Not a course cluster,True,,I81433678
IIT Roorkee,458,National Botanical Research Institute,4,79,79,145,Not a course cluster,True,,I170396143
IIT Roorkee,459,Ravenshaw University,4,13,76,74,Not a course cluster,True,,I6013171
IIT Roorkee,460,JECRC University,4,15,70,29,Not a course cluster,True,,I3131927718
IIT Roorkee,461,T A Pai Management Institute,4,90,68,26,Not a course cluster,True,,I213512949
IIT Roorkee,462,"Regional Institute of Education, Bhubaneswar",4,26,67,22,Not a course cluster,True,,I4405272889
IIT Roorkee,463,T.K.M Institute of Technology,4,275,65,14,Not a course cluster,True,,I4405258373
IIT Roorkee,464,Patna University,4,32,64,55,Not a course cluster,True,,I2534966
IIT Roorkee,465,Indian Institute of Management Ranchi,4,44,60,21,Not a course cluster,True,,I4210162014
IIT Roorkee,466,Government of Himachal Pradesh,4,7,59,45,Not a course cluster,True,,I4210098857
IIT Roorkee,467,Government of Kerala,4,12,58,31,Not a course cluster,True,,I2800731441
IIT Roorkee,468,Delhi Pharmaceutical Science and Research University,4,89,57,28,Not a course cluster,True,,I39238937
IIT Roorkee,469,Indian Institute of Geomagnetism,4,21,56,158,Not a course cluster,True,,I4405266797
IIT Roorkee,470,North Eastern Space Applications Centre,4,62,56,41,Not a course cluster,True,,I4210130634
IIT Roorkee,471,Indian Institute of Management Raipur,4,191,54,24,Not a course cluster,True,,I111245572
IIT Roorkee,472,Zoological Survey of India,4,95,52,11,Not a course cluster,True,,I1338006420
IIT Roorkee,473,"Jaypee University of Engineering and Technology, Guna",4,62,50,65,Not a course cluster,True,,I25205351
IIT Roorkee,474,Assam Down Town University,4,76,47,20,Not a course cluster,True,,I49068896
IIT Roorkee,475,Kazi Nazrul University,4,37,46,30,Not a course cluster,True,,I3131729800
IIT Roorkee,476,Flame University,4,346,45,28,Not a course cluster,True,,I2802865875
IIT Roorkee,477,Bihar Engineering University,4,12,43,2,Not a course cluster,True,,I4405262542
IIT Roorkee,478,Department of Science and Technology,4,241,41,81,Not a course cluster,True,,I4210098748
IIT Roorkee,479,Centre for Development of Advanced Computing,4,51,39,110,Not a course cluster,True,,I1331500379
IIT Roorkee,480,Kannur University,4,18,37,13,Not a course cluster,True,,I52703040
IIT Roorkee,481,Central Muga Eri Research and Training Institute,4,51,33,16,Not a course cluster,True,,I4210161565
IIT Roorkee,482,Yenepoya Research Centre,4,9,32,18,Not a course cluster,True,,I4405268903
IIT Roorkee,483,Structural Engineering Research Centre,4,36,27,46,CSIR labs,True,,I1341020899
IIT Roorkee,484,Rajkiya Engineering College Azamgarh,4,35,27,9,Not a course cluster,True,,I4387154860
IIT Roorkee,485,Sandip University Sijoul Madhubani Bihar,4,15,25,0,Not a course cluster,True,,I4405263055
IIT Roorkee,486,Cluster University Srinagar,4,238,23,38,Not a course cluster,True,,I4210099876
IIT Roorkee,487,Central Soil Salinity Research Institute,4,28,21,76,Not a course cluster,True,,I1342238530
IIT Roorkee,488,NIIT University,4,50,21,20,Not a course cluster,True,,I4210123960
IIT Roorkee,489,Poornima Institute of Engineering and Technology,4,0,19,8,Not a course cluster,True,,I4405274437
IIT Roorkee,490,Indian Oil Corporation (India),4,33,14,51,Not a course cluster,True,,I173709673
IIT Roorkee,491,Indian Institute for Human Settlements,4,2,12,29,Not a course cluster,True,,I4210136078
IIT Roorkee,492,Central Water and Power Research Station,4,7,11,59,Not a course cluster,True,,I2801092184
IIT Roorkee,493,Pandit Bhagwat Dayal Sharma University of Health Sciences,4,207,11,8,Not a course cluster,True,,I4210140486
IIT Roorkee,494,Ramakrishna Mission Vidyalaya,4,14,11,20,Not a course cluster,True,,I4210141018
IIT Roorkee,495,All India Institute of Medical Sciences Bhopal,4,17,11,9,Not a course cluster,True,,I4210106490
IIT Roorkee,496,National Institute of High Security Animal Diseases,4,18,8,15,Not a course cluster,True,,I4210128070
IIT Roorkee,497,All India Shri Shivaji Memorial Society College of Engineering,4,40,7,11,Not a course cluster,True,,I4405259125
IIT Roorkee,498,ABB (India),4,62,6,50,Not a course cluster,True,,I4210141791
IIT Roorkee,499,National AIDS Research Institute,4,35,6,17,Not a course cluster,True,,I4210159305
IIT Roorkee,500,"Indian Institute of Information Technology Senapati, Manipur",4,0,4,2,IIITs,True,,I4210161644
IIT Roorkee,501,Sitamarhi Institute of Technology,4,405,3,1,Not a course cluster,True,,I4405260237
IIT Roorkee,502,All India Institute of Medical Sciences Bibinagar,4,12,2,2,Not a course cluster,True,,I4405252828
IIT Roorkee,503,Atomic Energy Regulatory Board,4,36,1,13,Not a course cluster,True,,I1283797469
IIT Roorkee,504,Jaslok Hospital,4,489,1,24,Not a course cluster,True,,I2802099312
IIT Roorkee,505,Karpagam Academy of Higher Education,3,7,435,114,Not a course cluster,True,,I65220239
IIT Roorkee,506,University of Madras,3,466,260,359,Not a course cluster,True,,I215927
IIT Roorkee,507,Gauhati University,3,18,225,211,Not a course cluster,True,,I138537684
IIT Roorkee,508,Mahatma Gandhi University,3,0,256,486,Not a course cluster,True,,I177436651
IIT Roorkee,509,Hindustan Institute of Technology and Science,3,10,221,103,Not a course cluster,True,,I43663321
IIT Roorkee,510,North East Institute of Science and Technology,3,336,173,192,Not a course cluster,True,,I2800857658
IIT Roorkee,511,Andhra University,3,8,171,335,Not a course cluster,True,,I100887729
IIT Roorkee,512,Alagappa University,3,54,165,252,Not a course cluster,True,,I131155284
IIT Roorkee,513,Maharaja Ranjit Singh Punjab Technical University,3,45,133,67,Not a course cluster,True,,I4210136518
IIT Roorkee,514,Bharati Vidyapeeth (Deemed to be University),3,248,132,113,Not a course cluster,True,,I887998513
IIT Roorkee,515,Central Agricultural University,3,44,132,62,Not a course cluster,True,,I76253773
IIT Roorkee,516,Swami Vivekanand Subharti University,3,115,121,10,Not a course cluster,True,,I2799707979
IIT Roorkee,517,APJ Abdul Kalam Technological University,3,4,118,32,Not a course cluster,True,,I3129367976
IIT Roorkee,518,PES University,3,17,110,87,Not a course cluster,True,,I196608512
IIT Roorkee,519,Datta Meghe Institute of Higher Education and Research,3,271,104,19,Not a course cluster,True,,I4210130476
IIT Roorkee,520,Institute of Management Technology,3,57,99,44,Not a course cluster,True,,I166533956
IIT Roorkee,521,Gujarat University,3,31,93,124,Not a course cluster,True,,I114173286
IIT Roorkee,522,Cotton University,3,36,86,72,Not a course cluster,True,,I4210102512
IIT Roorkee,523,Amity University Jaipur,3,22,86,51,Not a course cluster,True,,I4405263076
IIT Roorkee,524,National Institute of Pharmaceutical Education and Research,3,53,354,621,Not a course cluster,True,,I4210152674
IIT Roorkee,525,International Centre for Genetic Engineering and Biotechnology,3,43,79,126,Not a course cluster,True,,I4210142124
IIT Roorkee,526,"MIT Art, Design and Technology University",3,7,73,11,Not a course cluster,True,,I4210162439
IIT Roorkee,527,Amity University Madhya Pradesh,3,150,69,15,Not a course cluster,True,,I4405263094
IIT Roorkee,528,National Institute of Technology Sikkim,3,2,65,24,NITs,True,,I101326570
IIT Roorkee,529,International Management Institute,3,123,63,57,Not a course cluster,True,,I158867519
IIT Roorkee,530,Dr. Ram Manohar Lohia Avadh University,3,5,59,58,Not a course cluster,True,,I1337315214
IIT Roorkee,531,National Forensic Sciences University,3,60,58,27,Not a course cluster,True,,I1331084196
IIT Roorkee,532,Fore School of Management,3,276,55,15,Not a course cluster,True,,I27878738
IIT Roorkee,533,Babasaheb Bhimrao Ambedkar Bihar University,3,11,54,11,Not a course cluster,True,,I236004819
IIT Roorkee,534,Kerala University of Fisheries and Ocean Studies,3,26,51,29,Not a course cluster,True,,I221342038
IIT Roorkee,535,Woxsen School of Business,3,19,45,20,Not a course cluster,True,,I3131870445
IIT Roorkee,536,West Bengal State University,3,249,43,50,Not a course cluster,True,,I55862774
IIT Roorkee,537,Patanjali Research Foundation,3,120,40,9,Not a course cluster,True,,I4210145585
IIT Roorkee,538,D.Y. Patil University,3,15,37,46,Not a course cluster,True,,I4210153931
IIT Roorkee,539,Bihar Agricultural University,3,45,37,15,Not a course cluster,True,,I2800696116
IIT Roorkee,540,Swami Ramanand Teerth Marathwada University,3,102,36,77,Not a course cluster,True,,I196652580
IIT Roorkee,541,Jai Prakash University,3,27,35,7,Not a course cluster,True,,I2914622271
IIT Roorkee,542,Jai Narain Vyas University,3,176,34,71,Not a course cluster,True,,I59100879
IIT Roorkee,543,RK University,3,5,34,27,Not a course cluster,True,,I137674396
IIT Roorkee,544,Bankura University,3,98,34,25,Not a course cluster,True,,I2801141804
IIT Roorkee,545,"University of Engineering & Management, Jaipur",3,7,32,5,Not a course cluster,True,,I4405257789
IIT Roorkee,546,Indian Institute of Horticultural Research,3,185,31,13,Not a course cluster,True,,I1332470094
IIT Roorkee,547,Anand Agricultural University,3,47,30,71,Not a course cluster,True,,I34750443
IIT Roorkee,548,"Centre for Incubation, Innovation, Research and Consultancy",3,71,29,35,Not a course cluster,True,,I4405272881
IIT Roorkee,549,Vikram University,3,20,25,44,Not a course cluster,True,,I86381314
IIT Roorkee,550,Barkatullah University,3,323,25,28,Not a course cluster,True,,I464993
IIT Roorkee,551,Magadh University,3,77,24,8,Not a course cluster,True,,I127727965
IIT Roorkee,552,"Indira Gandhi University, Meerpur",3,9,21,11,Not a course cluster,True,,I4210142013
IIT Roorkee,553,Hemchandracharya North Gujarat University,3,102,20,11,Not a course cluster,True,,I335036346
IIT Roorkee,554,Mahavir Cancer Institute and Research Centre,3,37,20,29,Not a course cluster,True,,I4210125216
IIT Roorkee,555,Cluster University of Jammu,3,1,20,13,Not a course cluster,True,,I4405252910
IIT Roorkee,556,ICAR - Central Institute for Research on Cotton Technology,3,35,18,27,Not a course cluster,True,,I4210094422
IIT Roorkee,557,National Institute of Immunology,3,153,18,65,Not a course cluster,True,,I4210156726
IIT Roorkee,558,JK Lakshmipat University,3,43,17,9,Not a course cluster,True,,I912344705
IIT Roorkee,559,"Shiv Nadar University, Chennai",3,2,17,4,Not a course cluster,True,,I4405255682
IIT Roorkee,560,Ministry of AYUSH,3,12,16,11,Not a course cluster,True,,I4210124368
IIT Roorkee,561,Ramakrishna Mission Vivekananda Centenary College,3,43,14,10,Not a course cluster,True,,I4405270341
IIT Roorkee,562,All India Institute of Medical Sciences Jodhpur,3,148,14,10,Not a course cluster,True,,I216021267
IIT Roorkee,563,Vinoba Bhave University,3,31,13,13,Not a course cluster,True,,I71631882
IIT Roorkee,564,Maulana Azad College,3,29,13,12,Not a course cluster,True,,I4405272376
IIT Roorkee,565,"All India Institute of Medical Sciences, Nagpur",3,69,12,1,Not a course cluster,True,,I4401200305
IIT Roorkee,566,Jawaharlal Institute of Post Graduate Medical Education and Research,3,5,11,28,Not a course cluster,True,,I61923386
IIT Roorkee,567,Indian Institute of Information Technology Surat,3,1,10,2,IIITs,True,,I4405261310
IIT Roorkee,568,Ministry of Electronics and Information Technology,3,12,8,25,IIITs,True,,I4210121746
IIT Roorkee,569,Indian School of Business,3,0,8,41,Not a course cluster,True,,I122328836
IIT Roorkee,570,Institute for Stem Cell Biology and Regenerative Medicine,3,49,7,13,Not a course cluster,True,,I4210087873
IIT Roorkee,571,Uttarakhand Forest Department,3,4,7,2,Not a course cluster,True,,I4210142984
IIT Roorkee,572,Harish-Chandra Research Institute,3,36,7,53,Premier science institutes,True,,I35409948
IIT Roorkee,573,Indian Institute of Astrophysics,3,40,6,127,Not a course cluster,True,,I140717209
IIT Roorkee,574,Microsoft (India),3,46,5,6,Not a course cluster,True,,I4210162141
IIT Roorkee,575,Government Medical College and Hospital,3,60,6,17,Not a course cluster,True,,I4210098996
IIT Roorkee,576,Sri Venkateswara Institute of Medical Sciences,3,36,4,4,Not a course cluster,True,,I107740395
IIT Roorkee,577,Bikaner Technical University,3,89,3,1,Not a course cluster,True,,I3131129740
IIT Roorkee,578,National Informatics Centre,3,113,3,10,Not a course cluster,True,,I4210160811
IIT Roorkee,579,Armed Forces Medical College,3,10,3,21,Not a course cluster,True,,I83878805
IIT Roorkee,580,Uttarakhand Ayurved University,3,10,2,4,Not a course cluster,True,,I3131184031
IIT Roorkee,581,Institute of Liver and Biliary Sciences,3,23,2,4,Not a course cluster,True,,I4210123001
IIT Roorkee,582,Microwave Tube Research & Development Centre,3,3,1,10,Not a course cluster,True,,I4210119409
IIT Roorkee,583,Nil Ratan Sircar Medical College and Hospital,3,145,1,4,Not a course cluster,True,,I158908536
IIT Roorkee,584,Sir Ganga Ram Hospital,3,27,1,26,Not a course cluster,True,,I4210113434
IIT Roorkee,585,Cadence Design Systems (India),3,25,1,0,Not a course cluster,True,,I4210111610
IIT Roorkee,586,Iora Ecological Solutions,3,12,0,2,Not a course cluster,True,,I4210101831
IIT Roorkee,587,Gandhi Medical College,3,304,0,0,Not a course cluster,True,,I4210151372
IIT Roorkee,588,Emcure Pharmaceuticals (India),3,79,0,1,Not a course cluster,True,,I4210098465
IIT Roorkee,589,Defence Terrain Research Laboratory,3,23,0,11,Not a course cluster,True,,I4210112953
IIT Roorkee,590,SASTRA University,2,1,396,359,Not a course cluster,True,,I932239252
IIT Roorkee,591,Punjabi University,2,48,248,213,Not a course cluster,True,,I79161377
IIT Roorkee,592,Manav Rachna International Institute of Research and Studies,2,5,189,40,Not a course cluster,True,,I55016150
IIT Roorkee,593,Maharaja Sayajirao University of Baroda,2,175,172,267,Not a course cluster,True,,I110116418
IIT Roorkee,594,Nitte Meenakshi Institute of Technology,2,13,166,22,Not a course cluster,True,,I4405268608
IIT Roorkee,595,University of Mysore,2,4,154,158,Not a course cluster,True,,I204743663
IIT Roorkee,596,JSS Academy of Higher Education and Research,2,144,149,69,Not a course cluster,True,,I126824641
IIT Roorkee,597,Assam University,2,26,144,99,Not a course cluster,True,,I49278261
IIT Roorkee,598,Central Mechanical Engineering Research Institute,2,15,124,208,CSIR labs,True,,I70735523
IIT Roorkee,599,Sri Venkateswara University,2,77,109,222,Not a course cluster,True,,I170558118
IIT Roorkee,600,DAV University,2,42,106,59,Not a course cluster,True,,I1341847395
IIT Roorkee,601,"Maulana Abul Kalam Azad University of Technology, West Bengal",2,114,106,69,Not a course cluster,True,,I99601430
IIT Roorkee,602,Brainware University,2,16,96,8,Not a course cluster,True,,I4405266301
IIT Roorkee,603,Indira Gandhi National Open University,2,39,95,103,Not a course cluster,True,,I51969498
IIT Roorkee,604,Thiagarajar College of Engineering,2,41,94,108,Not a course cluster,True,,I21234101
IIT Roorkee,605,Bharath University,2,86,94,88,Not a course cluster,True,,I860813019
IIT Roorkee,606,Indian Institute of Management Rohtak,2,53,88,48,Not a course cluster,True,,I56308077
IIT Roorkee,607,Sidho-Kanho-Birsha University,2,1,88,57,Not a course cluster,True,,I261330113
IIT Roorkee,608,Yogi Vemana University,2,127,87,53,Not a course cluster,True,,I83073037
IIT Roorkee,609,M S Ramaiah University of Applied Sciences,2,17,86,38,Not a course cluster,True,,I302410947
IIT Roorkee,610,Coimbatore Institute of Technology,2,1,84,97,Not a course cluster,True,,I4405262155
IIT Roorkee,611,Rajkiya Engineering College Kannauj,2,55,81,33,Not a course cluster,True,,I4405253485
IIT Roorkee,612,Central Institute of Technology Kokrajhar,2,4,76,25,Not a course cluster,True,,I4210128956
IIT Roorkee,613,Dr. Babasaheb Ambedkar Marathwada University,2,56,75,98,Not a course cluster,True,,I165259314
IIT Roorkee,614,Vivekananda Institute of Professional Studies,2,1,74,4,Not a course cluster,True,,I4405263740
IIT Roorkee,615,Central Institute of Plastics Engineering and Technology,2,53,72,164,Not a course cluster,True,,I10640828
IIT Roorkee,616,Amity University Chhatisgarh,2,6,72,11,Not a course cluster,True,,I4405266109
IIT Roorkee,617,Dr. Yashwant Singh Parmar University of Horticulture and Forestry,2,4,70,33,Not a course cluster,True,,I211055903
IIT Roorkee,618,Rayat Bahra University,2,11,67,23,Not a course cluster,True,,I2801240201
IIT Roorkee,619,Maharana Pratap University of Agriculture and Technology,2,3,65,109,Not a course cluster,True,,I253568910
IIT Roorkee,620,Sardar Patel University,2,48,64,141,Not a course cluster,True,,I57085157
IIT Roorkee,621,Vivekananda Global University,2,15,58,10,Not a course cluster,True,,I4210125057
IIT Roorkee,622,Chhatrapati Shahu Ji Maharaj University,2,55,58,51,Not a course cluster,True,,I229991691
IIT Roorkee,623,Indian Council of Forestry Research and Education,2,14,57,42,Not a course cluster,True,,I1286922834
IIT Roorkee,624,P P Savani University,2,46,56,6,Not a course cluster,True,,I4405258421
IIT Roorkee,625,Indian Institute of Petroleum and Energy,2,11,54,17,Not a course cluster,True,,I4405263468
IIT Roorkee,626,BRIC-National Agri-Food and Biomanufacturing Institute,2,10,54,31,Not a course cluster,True,,I4210164849
IIT Roorkee,627,Amity University Mumbai,2,109,54,46,Not a course cluster,True,,I4405262953
IIT Roorkee,628,Central University of Karnataka,2,4,54,31,Not a course cluster,True,,I106053113
IIT Roorkee,629,Sant Gadge Baba Amravati University,2,112,53,76,Not a course cluster,True,,I150513749
IIT Roorkee,630,IIMT University,2,89,53,3,Not a course cluster,True,,I4405262983
IIT Roorkee,631,Kuvempu University,2,40,52,96,Not a course cluster,True,,I178319760
IIT Roorkee,632,National Institute of Pharmaceutical Education and Research,2,30,354,621,Not a course cluster,True,,I4210103783
IIT Roorkee,633,Ganpat University,2,54,52,11,Not a course cluster,True,,I45372603
IIT Roorkee,634,Institute of Medical Sciences,2,33,51,88,Not a course cluster,True,,I51317819
IIT Roorkee,635,National Institute of Pharmaceutical Education and Research,2,117,354,621,Not a course cluster,True,,I4210154014
IIT Roorkee,636,Nalanda University,2,125,51,30,Not a course cluster,True,,I4210140720
IIT Roorkee,637,Mahindra University,2,7,50,29,Not a course cluster,True,,I4210164565
IIT Roorkee,638,Malla Reddy University,2,1,48,3,Not a course cluster,True,,I4405254961
IIT Roorkee,639,JSPM University,2,3,48,3,Not a course cluster,True,,I4405285342
IIT Roorkee,640,National Institute of Science and Technology,2,14,47,56,Not a course cluster,True,,I4210098947
IIT Roorkee,641,International Crops Research Institute for the Semi-Arid Tropics,2,43,43,152,Not a course cluster,True,,I4210163774
IIT Roorkee,642,Chhattisgarh Swami Vivekanand Technical University,2,5,43,22,Not a course cluster,True,,I2800818028
IIT Roorkee,643,Indus University,2,0,43,23,Not a course cluster,True,,I70764227
IIT Roorkee,644,Poornima University,2,0,42,13,Not a course cluster,True,,I4210126659
IIT Roorkee,645,Jiwaji University,2,95,41,200,Not a course cluster,True,,I102471911
IIT Roorkee,646,Dr. Rajendra Prasad Central Agriculture University,2,42,40,35,Not a course cluster,True,,I205665586
IIT Roorkee,647,Veer Narmad South Gujarat University,2,3,38,21,Not a course cluster,True,,I10926426
IIT Roorkee,648,Guru Angad Dev Veterinary and Animal Sciences University,2,27,38,48,Not a course cluster,True,,I223471776
IIT Roorkee,649,Larsen & Toubro (India),2,2,38,22,Not a course cluster,True,,I4210116539
IIT Roorkee,650,Research & Development Establishment (Engrs.),2,11,36,28,Not a course cluster,True,,I4210099971
IIT Roorkee,651,"Indian Institute of Information Technology, Nagpur",2,11,34,8,IIITs,True,,I4210138251
IIT Roorkee,652,Somaiya Vidyavihar University,2,4,34,10,Not a course cluster,True,,I4405262393
IIT Roorkee,653,Indrashil University,2,28,33,12,Not a course cluster,True,,I4210162019
IIT Roorkee,654,ICMR-National Institute of Virology,2,6,33,70,Not a course cluster,True,,I60374024
IIT Roorkee,655,National Centre for Medium Range Weather Forecasting,2,12,33,150,Not a course cluster,True,,I1329084839
IIT Roorkee,656,Sardar Vallabhbhai Patel University of Agriculture & Technology,2,1,32,15,Not a course cluster,True,,I4210098184
IIT Roorkee,657,K J Somaiya Institute of Management,2,4,31,10,Not a course cluster,True,,I4405279724
IIT Roorkee,658,"Kerala State Council for Science, Technology and Environment",2,18,31,4,Not a course cluster,True,,I1284637955
IIT Roorkee,659,National Institute of Pharmaceutical Education and Research - Ahmedabad,2,32,31,17,Not a course cluster,True,,I4210102411
IIT Roorkee,660,International Advanced Research Centre for Powder Metallurgy and New Materials,2,139,29,97,Not a course cluster,True,,I4210103291
IIT Roorkee,661,Defence Research and Development Laboratory,2,18,29,25,Not a course cluster,True,,I2800689258
IIT Roorkee,662,Rungta College of Engineering and Technology,2,19,27,10,Not a course cluster,True,,I4405258633
IIT Roorkee,663,Swami Vivekananda University,2,25,27,2,Not a course cluster,True,,I4405254891
IIT Roorkee,664,Indian Institute of Management Kozhikode,2,47,27,73,Not a course cluster,True,,I132357854
IIT Roorkee,665,National Institute of Fashion Technology,2,1,26,6,Not a course cluster,True,,I25621075
IIT Roorkee,666,Ministry of Science and Technology,2,146,26,21,Not a course cluster,True,,I4210134808
IIT Roorkee,667,Acharya Narendra Deva University of Agriculture and Technology,2,18,26,8,Not a course cluster,True,,I4210097692
IIT Roorkee,668,"Banda University of Agriculture and Technology, Banda",2,2,25,8,Not a course cluster,True,,I4405259818
IIT Roorkee,669,All India Council for Technical Education,2,52,25,6,Not a course cluster,True,,I162289562
IIT Roorkee,670,Ramakrishna Mission Residential College,2,20,24,11,Not a course cluster,True,,I4405271030
IIT Roorkee,671,Sri Ramachandra Institute of Higher Education and Research,2,75,23,62,Not a course cluster,True,,I20107917
IIT Roorkee,672,Baddi University of Emerging Sciences and Technologies,2,147,23,19,Not a course cluster,True,,I3131609308
IIT Roorkee,673,Sri Ramakrishna College of Arts and Science,2,4,23,18,Not a course cluster,True,,I4405258780
IIT Roorkee,674,Institute for Social and Economic Change,2,206,22,40,Not a course cluster,True,,I4210092443
IIT Roorkee,675,Shri Vishwakarma Skill University,2,32,21,4,Not a course cluster,True,,I4210137508
IIT Roorkee,676,Agharkar Research Institute,2,42,21,59,Not a course cluster,True,,I151205615
IIT Roorkee,677,North Bengal Agricultural University,2,4,21,16,Not a course cluster,True,,I4210116187
IIT Roorkee,678,Sri Sri University,2,0,20,14,Not a course cluster,True,,I3129903175
IIT Roorkee,679,Government College of Engineering & Ceramic Technology,2,17,19,7,Not a course cluster,True,,I4405273204
IIT Roorkee,680,Sree Chitra Thirunal Institute for Medical Sciences and Technology,2,20,19,69,Not a course cluster,True,,I2800373951
IIT Roorkee,681,Indian Institute of Management Bangalore,2,9,18,67,Not a course cluster,True,,I44430492
IIT Roorkee,682,Ministry of Health and Family Welfare,2,15,18,22,Not a course cluster,True,,I4210148677
IIT Roorkee,683,Mahatma Phule Krishi Vidyapeeth,2,19,18,43,Not a course cluster,True,,I167494164
IIT Roorkee,684,Nagarjuna College of Engineering and Technology,2,15,17,13,Not a course cluster,True,,I4405271520
IIT Roorkee,685,National Bureau of Agriculturally Important Microorganisms,2,15,17,15,Not a course cluster,True,,I4210123061
IIT Roorkee,686,Ministry of Home Affairs,2,0,17,22,Not a course cluster,True,,I4405266773
IIT Roorkee,687,Regional Medical Research Center,2,112,17,9,Not a course cluster,True,,I2802952153
IIT Roorkee,688,Jawaharlal Nehru Krishi Vishwa Vidyalaya,2,8,17,38,Not a course cluster,True,,I290859477
IIT Roorkee,689,Kerala State Disaster Management Authority,2,24,17,5,Not a course cluster,True,,I4405267468
IIT Roorkee,690,IILM Institute for Higher Education,2,4,17,7,Not a course cluster,True,,I2801787918
IIT Roorkee,691,"Indian Statistical Institute, Bangalore Centre",2,1,16,19,Premier science institutes,True,,I4405280447
IIT Roorkee,692,Lady Brabourne College,2,70,16,5,Not a course cluster,True,,I4405271702
IIT Roorkee,693,Guru Nanak Institute of Technology,2,33,15,4,Not a course cluster,True,,I4405260978
IIT Roorkee,694,Inter-University Centre for Astronomy and Astrophysics,2,109,14,63,Not a course cluster,True,,I59781447
IIT Roorkee,695,Meerut College,2,6,14,9,Not a course cluster,True,,I4405266925
IIT Roorkee,696,Indian Institute of Information Technology Bhopal,2,4,14,3,IIITs,True,,I4405259253
IIT Roorkee,697,Robert Bosch (India),2,5,13,24,Not a course cluster,True,,I4210151956
IIT Roorkee,698,Adani Institute of Infrastructure Engineering,2,16,12,4,Not a course cluster,True,,I4210102401
IIT Roorkee,699,Bidhannagar College,2,35,12,6,Not a course cluster,True,,I4405270405
IIT Roorkee,700,India Habitat Centre,2,2,12,84,Not a course cluster,True,,I4210155917
IIT Roorkee,701,"Multanimal Modi College, Modinagar",2,18,12,3,Not a course cluster,True,,I4405260752
IIT Roorkee,702,Brahmananda Keshab Chandra College,2,22,11,3,Not a course cluster,True,,I4405277791
IIT Roorkee,703,Central Council for Research in Ayurvedic Science,2,6,11,9,Not a course cluster,True,,I4210089662
IIT Roorkee,704,University Grants Commission,2,0,10,11,Not a course cluster,True,,I21131202
IIT Roorkee,705,Bihar National College,2,31,10,2,Not a course cluster,True,,I4405257325
IIT Roorkee,706,Cognizant (India),2,39,10,13,Not a course cluster,True,,I4210117535
IIT Roorkee,707,Survey of India,2,6,9,18,Not a course cluster,True,,I4405266064
IIT Roorkee,708,NSS College of Engineering Palakkad,2,1,9,5,Not a course cluster,True,,I4405253093
IIT Roorkee,709,Sher-i-Kashmir Institute of Medical Sciences,2,47,9,6,Not a course cluster,True,,I206040828
IIT Roorkee,710,Department of Atomic Energy,2,7,9,51,Not a course cluster,True,,I3149292468
IIT Roorkee,711,IIHMR University,2,206,8,13,Not a course cluster,True,,I183088076
IIT Roorkee,712,Scientific Analysis Group,2,10,8,9,Not a course cluster,True,,I4210120887
IIT Roorkee,713,Atal Bihari Vajpayee Institute of Medical Sciences and Dr. Ram Manohar Lohia Hospital,2,23,7,7,Not a course cluster,True,,I2800585909
IIT Roorkee,714,Starex University,2,41,7,0,Not a course cluster,True,,I4405261292
IIT Roorkee,715,Atomic Minerals Directorate for Exploration and Research,2,9,7,36,Not a course cluster,True,,I1327905553
IIT Roorkee,716,Botanical Survey of India,2,66,6,7,Not a course cluster,True,,I1282638777
IIT Roorkee,717,Birla Institute of Scientific Research,2,15,6,17,Not a course cluster,True,,I4210113324
IIT Roorkee,718,Society for Applied Microwave Electronics Engineering & Research,2,53,6,7,Not a course cluster,True,,I4210137186
IIT Roorkee,719,Shreemati Nathibai Damodar Thackersey Women's University,2,345,6,6,Not a course cluster,True,,I19986915
IIT Roorkee,720,Uttar Pradesh Pandit Deen Dayal Upadhyaya Pashu Chikitsa Vigyan Vishwavidyalaya Evam Go-Anusandhan Sansthan,2,455,6,19,Not a course cluster,True,,I4210141180
IIT Roorkee,721,"Medical College and Hospital, Kolkata",2,73,6,63,Not a course cluster,True,,I68428275
IIT Roorkee,722,National Institute of Cholera and Enteric Diseases,2,35,5,26,Not a course cluster,True,,I4210101909
IIT Roorkee,723,Bhagat Phool Singh Mahila Vishwavidyalaya,2,1,5,12,Not a course cluster,True,,I3130411899
IIT Roorkee,724,Archaeological Survey of India,2,4,5,11,Not a course cluster,True,,I4405266383
IIT Roorkee,725,"Institute of Mathematics and Applications, Bhubaneswar",2,4,5,5,Not a course cluster,True,,I4405283231
IIT Roorkee,726,National Institute of Biomedical Genomics,2,206,4,5,Not a course cluster,True,,I4210158866
IIT Roorkee,727,Odisha Biodiversity Board,2,80,4,1,Not a course cluster,True,,I4405263530
IIT Roorkee,728,"Government Institute of Forensic Science, Nagpur",2,206,4,2,Not a course cluster,True,,I4405279661
IIT Roorkee,729,Jaypee University Anoopshahr,2,5,4,7,Not a course cluster,True,,I4405262404
IIT Roorkee,730,Arni University,2,46,4,9,Not a course cluster,True,,I344636078
IIT Roorkee,731,Max Super Speciality Hospital,2,2,4,7,Not a course cluster,True,,I2802464703
IIT Roorkee,732,"Government Medical College, Amritsar",2,56,4,6,Not a course cluster,True,,I2800494708
IIT Roorkee,733,Chanakya University,2,1,4,0,Not a course cluster,True,,I4405278643
IIT Roorkee,734,Directorate of Onion and Garlic Research,2,15,3,0,Not a course cluster,True,,I4210117699
IIT Roorkee,735,ICAR-National Research Centre on Pig,2,14,2,3,Not a course cluster,True,,I4210121099
IIT Roorkee,736,Centre for Military Airworthiness and Certification,2,8,2,4,Not a course cluster,True,,I4210125149
IIT Roorkee,737,Babu Banarasi Das Northern India Institute of Technology,2,3,1,4,Not a course cluster,True,,I4405258158
IIT Roorkee,738,Institute of Bioinformatics and Applied Biotechnology,2,0,1,2,Not a course cluster,True,,I4210153885
IIT Roorkee,739,Motilal Nehru Medical College,2,5,1,5,Not a course cluster,True,,I3056136
IIT Roorkee,740,"Regional Cancer Center, Thiruvananthapuram",2,14,0,28,Not a course cluster,True,,I2800611740
IIT Roorkee,741,D.A.V Centenary Dental College,2,22,0,1,Not a course cluster,True,,I4210163719
IIT Roorkee,742,Department of Agriculture & Co-operation,2,14,0,1,Not a course cluster,True,,I4210152907
IIT Roorkee,743,Advanced Centre for Energetic Materials,2,8,0,0,Not a course cluster,True,,I4210130659
IIT Roorkee,744,Bhubaneswar Borooah Cancer Institute,2,40,0,5,Not a course cluster,True,,I2800073537
IIT Roorkee,745,Government of Mizoram,2,63,0,3,Not a course cluster,True,,I4210157823
IIT Roorkee,746,High Energy Materials Research Laboratory,2,20,0,20,Not a course cluster,True,,I2800703609
IIT Roorkee,747,Shivaji University,1,26,232,437,Not a course cluster,True,,I141641110
IIT Roorkee,748,Gati Shakti Vishwavidyalaya,1,0,218,3,Not a course cluster,True,,I4405258170
IIT Roorkee,749,KPR Institute of Engineering and Technology,1,4,212,107,Not a course cluster,True,,I4210133257
IIT Roorkee,750,KLE Technological University,1,5,192,132,Not a course cluster,True,,I3132975163
IIT Roorkee,751,St. Joseph’s College of Engineering,1,5,181,96,Not a course cluster,True,,I4387154592
IIT Roorkee,752,Dayananda Sagar College of Engineering,1,8,173,52,Not a course cluster,True,,I4405260736
IIT Roorkee,753,Chettinad Academy of Research and Education,1,0,147,40,Not a course cluster,True,,I220840466
IIT Roorkee,754,Mepco Schlenk Engineering College,1,86,123,100,Not a course cluster,True,,I4405268244
IIT Roorkee,755,Manonmaniam Sundaranar University,1,12,122,144,Not a course cluster,True,,I182997119
IIT Roorkee,756,Gandhigram Rural Institute,1,2,120,195,Not a course cluster,True,,I880551032
IIT Roorkee,757,Sikkim University,1,0,118,75,Not a course cluster,True,,I43475992
IIT Roorkee,758,Nitte University,1,0,112,42,Not a course cluster,True,,I1333540553
IIT Roorkee,759,Sri Sairam Engineering College,1,0,106,69,Not a course cluster,True,,I4405271589
IIT Roorkee,760,"Jawaharlal Nehru Technological University, Kakinada",1,0,105,105,Not a course cluster,True,,I142809039
IIT Roorkee,761,Yeshwantrao Chavan College of Engineering,1,1,102,27,Not a course cluster,True,,I4405284321
IIT Roorkee,762,PSG INSTITUTE OF TECHNOLOGY AND APPLIED RESEARCH,1,0,101,39,Not a course cluster,True,,I4210109528
IIT Roorkee,763,Shri Ramswaroop Memorial University,1,2,100,52,Not a course cluster,True,,I4210106473
IIT Roorkee,764,National Institute of Technology Goa,1,6,96,30,NITs,True,,I4210109276
IIT Roorkee,765,GIET University,1,43,95,29,Not a course cluster,True,,I4210139271
IIT Roorkee,766,Vishwakarma Institute of Technology,1,3,91,35,Not a course cluster,True,,I4405261743
IIT Roorkee,767,JSS Science and Technology University,1,1,90,13,Not a course cluster,True,,I4210137436
IIT Roorkee,768,Central University of Kerala,1,0,84,59,Not a course cluster,True,,I35340524
IIT Roorkee,769,Mangalore University,1,11,83,141,Not a course cluster,True,,I19008122
IIT Roorkee,770,Sambalpur University,1,9,81,77,Not a course cluster,True,,I112754052
IIT Roorkee,771,ICFAI Foundation for Higher Education,1,24,77,42,Not a course cluster,True,,I4210138731
IIT Roorkee,772,Central Electrochemical Research Institute,1,6,76,322,CSIR labs,True,,I106349282
IIT Roorkee,773,Government of Karnataka,1,11,76,48,Not a course cluster,True,,I2802584695
IIT Roorkee,774,Berhampur University,1,5,75,57,Not a course cluster,True,,I90752740
IIT Roorkee,775,Central Ground Water Board,1,1,74,180,Not a course cluster,True,,I4210113437
IIT Roorkee,776,"Bharati Vidyapeeth's College of Engineering, Delhi",1,0,64,29,Not a course cluster,True,,I4405259495
IIT Roorkee,777,JIS University,1,0,60,30,Not a course cluster,True,,I4405256552
IIT Roorkee,778,Indian Institute of Management Visakhapatnam,1,13,56,14,Not a course cluster,True,,I4210156205
IIT Roorkee,779,Sardar Patel University Mandi,1,37,56,18,Not a course cluster,True,,I4405284406
IIT Roorkee,780,Indo Soviet Friendship College of Pharmacy,1,0,55,54,Not a course cluster,True,,I4210092982
IIT Roorkee,781,National Institute of Construction Management and Research,1,4,55,19,Not a course cluster,True,,I4210092165
IIT Roorkee,782,"Dr. D.Y. Patil Vidyapeeth, Pune",1,11,54,21,Not a course cluster,True,,I4210103194
IIT Roorkee,783,Sri Guru Granth Sahib World University,1,48,54,53,Not a course cluster,True,,I199140397
IIT Roorkee,784,Atria Institute of Technology,1,9,53,9,Not a course cluster,True,,I4405256893
IIT Roorkee,785,Xavier School of Management,1,5,51,38,Not a course cluster,True,,I301324184
IIT Roorkee,786,Raisoni Group of Institutions,1,0,51,23,Not a course cluster,True,,I4210146358
IIT Roorkee,787,Sardar Swaran Singh National Institute of Bio-Energy,1,2,50,39,Not a course cluster,True,,I4210158177
IIT Roorkee,788,Vallurupalli Nageswara Rao Vignana Jyothi Institute of Engineering and Technology,1,13,47,6,Not a course cluster,True,,I4405263215
IIT Roorkee,789,Noida International University,1,2,45,10,Not a course cluster,True,,I4210086299
IIT Roorkee,790,Manav Rachna University,1,0,45,27,Not a course cluster,True,,I4405253735
IIT Roorkee,791,Dr. Homi Bhabha State University,1,1,44,10,Not a course cluster,True,,I4405271898
IIT Roorkee,792,Raiganj University,1,9,44,54,Not a course cluster,True,,I275778967
IIT Roorkee,793,Shri Guru Ram Rai University,1,0,44,18,Not a course cluster,True,,I4405261556
IIT Roorkee,794,Baba Mastnath University,1,0,43,6,Not a course cluster,True,,I4210134754
IIT Roorkee,795,Wildlife Institute of India,1,8,40,81,Not a course cluster,True,,I31888360
IIT Roorkee,796,Centre for Water Resources Development and Management,1,5,40,45,Not a course cluster,True,,I4210147492
IIT Roorkee,797,Greater Noida Institute of Technology (MBA Institute),1,3,40,3,Not a course cluster,True,,I4405262806
IIT Roorkee,798,National Institute of Pharmaceutical Education and Research,1,11,354,621,Not a course cluster,True,,I4210161501
IIT Roorkee,799,Ahmedabad University,1,0,40,46,Not a course cluster,True,,I52527943
IIT Roorkee,800,"Kasturba Medical College, Manipal",1,0,39,50,Not a course cluster,True,,I76414455
IIT Roorkee,801,Priyadarshini College of Engineering,1,14,39,28,Not a course cluster,True,,I4405278111
IIT Roorkee,802,Devi Ahilya Vishwavidyalaya,1,0,38,62,Not a course cluster,True,,I138272832
IIT Roorkee,803,Davangere University,1,7,37,11,Not a course cluster,True,,I214657376
IIT Roorkee,804,Indian Institute of Chemical Biology,1,2,36,145,Not a course cluster,True,,I160344538
IIT Roorkee,805,"Technology Information, Forecasting and Assessment Council",1,2,35,18,Not a course cluster,True,,I4210154636
IIT Roorkee,806,ICAR-National Bureau of Soil Survey and Land Use Planning,1,1,35,79,Not a course cluster,True,,I4210162299
IIT Roorkee,807,Mahatma Gandhi University,1,0,256,486,Not a course cluster,True,,I4405260745
IIT Roorkee,808,Periyar Maniammai Institute of Science & Technology,1,0,33,14,Not a course cluster,True,,I207025910
IIT Roorkee,809,Indian Institute of Information Technology Una,1,10,33,7,IIITs,True,,I4210127244
IIT Roorkee,810,Kamla Nehru Institute of Technology,1,3,32,24,Not a course cluster,True,,I4405277966
IIT Roorkee,811,Aryabhatta Knowledge University,1,36,32,12,Not a course cluster,True,,I3133415137
IIT Roorkee,812,Rajiv Gandhi University of Knowledge Technologies,1,0,31,30,Not a course cluster,True,,I46700001
IIT Roorkee,813,Medi-Caps University,1,0,31,5,Not a course cluster,True,,I4210119567
IIT Roorkee,814,Sri Sathya Sai Institute of Higher Learning,1,4,31,26,Not a course cluster,True,,I4819740
IIT Roorkee,815,Midnapore College,1,0,30,34,Not a course cluster,True,,I4405274353
IIT Roorkee,816,Adani University,1,3,30,1,Not a course cluster,True,,I4405258911
IIT Roorkee,817,Vidyasagar College,1,1,29,8,Not a course cluster,True,,I4405275147
IIT Roorkee,818,"Indian Institute of Information Technology, Pune",1,29,29,22,IIITs,True,,I4210113821
IIT Roorkee,819,Great Lakes Institute of Management,1,1,28,12,Not a course cluster,True,,I81020251
IIT Roorkee,820,"IIMT College of Engineering, Greater Noida",1,2,28,4,Not a course cluster,True,,I4405260563
IIT Roorkee,821,Vignana Bharathi Institute of Technology,1,61,27,7,Not a course cluster,True,,I4405260224
IIT Roorkee,822,Jaipur National University,1,0,27,42,Not a course cluster,True,,I9223067
IIT Roorkee,823,G H Raisoni University,1,5,27,4,Not a course cluster,True,,I4405262502
IIT Roorkee,824,Tilka Manjhi Bhagalpur University,1,4,25,18,Not a course cluster,True,,I96307353
IIT Roorkee,825,Indian Institute of Management Tiruchirappalli,1,2,25,25,Not a course cluster,True,,I2802990396
IIT Roorkee,826,Paavai Engineering College,1,1,24,9,Not a course cluster,True,,I4405258486
IIT Roorkee,827,Sri Venkateswara College of Engineering Tirupati,1,75,24,20,Not a course cluster,True,,I4405261004
IIT Roorkee,828,Patliputra University,1,0,24,2,Not a course cluster,True,,I3131743352
IIT Roorkee,829,Ashoka Trust for Research in Ecology and the Environment,1,0,23,100,Not a course cluster,True,,I4210116320
IIT Roorkee,830,Government of Maharashtra,1,0,23,44,Not a course cluster,True,,I1315184752
IIT Roorkee,831,Sir Padampat Singhania University,1,8,23,12,Not a course cluster,True,,I94511900
IIT Roorkee,832,Naval Materials Research Laboratory,1,1,23,49,Not a course cluster,True,,I4210151674
IIT Roorkee,833,Guru Nanak Institutions,1,33,23,6,Not a course cluster,True,,I4210130653
IIT Roorkee,834,National Centre for Cell Science,1,0,22,65,Not a course cluster,True,,I4210104670
IIT Roorkee,835,Department of Space,1,16,22,44,Not a course cluster,True,,I3148377317
IIT Roorkee,836,"Sanskriti University, Mathura",1,1,22,1,Not a course cluster,True,,I4405258449
IIT Roorkee,837,Sri Krishnadevaraya University,1,0,21,81,Not a course cluster,True,,I4031970
IIT Roorkee,838,"International Management Institute, Bhubaneswar",1,10,21,12,Not a course cluster,True,,I4405276820
IIT Roorkee,839,Dr. Bhimrao Ambedkar University,1,0,21,84,Not a course cluster,True,,I147727580
IIT Roorkee,840,University of Ladakh,1,0,21,9,Not a course cluster,True,,I4405272573
IIT Roorkee,841,AISECT University,1,6,21,13,Not a course cluster,True,,I4210111553
IIT Roorkee,842,Ramakrishna Mission Vidyamandira,1,6,21,16,Not a course cluster,True,,I2799306724
IIT Roorkee,843,Ambedkar University Delhi,1,8,20,12,Not a course cluster,True,,I190765188
IIT Roorkee,844,RCC Institute of Information Technology,1,62,20,21,IIITs,True,,I4405278573
IIT Roorkee,845,Krantiguru Shyamji Krishna Verma Kachchh University,1,0,20,40,Not a course cluster,True,,I3129616761
IIT Roorkee,846,Rani Durgavati University,1,13,19,62,Not a course cluster,True,,I234615573
IIT Roorkee,847,Shri Venkateshwara University,1,4,19,10,Not a course cluster,True,,I15517640
IIT Roorkee,848,Indian Institute of Packaging,1,31,19,17,Not a course cluster,True,,I4210088751
IIT Roorkee,849,Bharat Electronics (India),1,0,19,20,Not a course cluster,True,,I114602248
IIT Roorkee,850,Institute of Rural Management Anand,1,7,19,25,Not a course cluster,True,,I180801515
IIT Roorkee,851,TCG Crest,1,3,18,19,Not a course cluster,True,,I4210159890
IIT Roorkee,852,"Government College of Engineering, Kalahandi",1,0,18,4,Not a course cluster,True,,I4405263709
IIT Roorkee,853,Central Rice Research Institute,1,9,18,31,Not a course cluster,True,,I77541275
IIT Roorkee,854,Rama University,1,5,18,8,Not a course cluster,True,,I2799634920
IIT Roorkee,855,Sri Dev Suman Uttarakhand University,1,0,17,1,Not a course cluster,True,,I4405256247
IIT Roorkee,856,Bharat Petroleum (India),1,140,17,13,Not a course cluster,True,,I125565006
IIT Roorkee,857,National Institute of Abiotic Stress Management,1,0,17,22,Not a course cluster,True,,I4210166936
IIT Roorkee,858,Gaya College,1,12,17,7,Not a course cluster,True,,I4405278187
IIT Roorkee,859,Baba Farid University of Health Sciences,1,27,17,6,Not a course cluster,True,,I340869894
IIT Roorkee,860,Institute of Life Sciences,1,9,17,35,Not a course cluster,True,,I4210118921
IIT Roorkee,861,Fergusson College,1,82,17,34,Not a course cluster,True,,I126227178
IIT Roorkee,862,Junagadh Agricultural University,1,20,17,18,Not a course cluster,True,,I104917982
IIT Roorkee,863,Rungta College,1,2,16,10,Not a course cluster,True,,I4405259702
IIT Roorkee,864,Indian Institute of Management Calcutta,1,1,16,54,Not a course cluster,True,,I71495548
IIT Roorkee,865,RV University,1,0,16,2,Not a course cluster,True,,I4405257909
IIT Roorkee,866,CEPT University,1,8,16,60,Not a course cluster,True,,I25880638
IIT Roorkee,867,Jagannath University Jaipur,1,1,16,4,Not a course cluster,True,,I4405261880
IIT Roorkee,868,Maharaja Bir Bikram University,1,1,16,10,Not a course cluster,True,,I4210156902
IIT Roorkee,869,"Christian Medical College, Vellore",1,98,15,49,Not a course cluster,True,,I172917736
IIT Roorkee,870,Jogesh Chandra Chaudhuri College,1,16,15,14,Not a course cluster,True,,I4405261212
IIT Roorkee,871,Ministry of New and Renewable Energy,1,0,15,32,Not a course cluster,True,,I4210159250
IIT Roorkee,872,Munger University,1,5,15,1,Not a course cluster,True,,I4210103923
IIT Roorkee,873,Mandsaur University,1,16,15,6,Not a course cluster,True,,I4405266177
IIT Roorkee,874,Mewar University,1,72,15,12,Not a course cluster,True,,I49702814
IIT Roorkee,875,Fourth Paradigm Institute,1,5,15,108,Not a course cluster,True,,I2799463389
IIT Roorkee,876,Desh Bhagat University,1,52,15,4,Not a course cluster,True,,I3129196102
IIT Roorkee,877,Jabalpur Engineering College,1,4,15,21,Not a course cluster,True,,I4405253601
IIT Roorkee,878,"University of Agricultural Sciences, Dharwad",1,30,14,9,Not a course cluster,True,,I139046659
IIT Roorkee,879,National Institute of Mental Health and Neurosciences,1,35,14,52,Not a course cluster,True,,I699696
IIT Roorkee,880,PSG Institute of Advanced Studies,1,44,14,29,Not a course cluster,True,,I4210154029
IIT Roorkee,881,Government of Andhra Pradesh,1,5,14,8,Not a course cluster,True,,I2800401362
IIT Roorkee,882,Government Engineering College Thrissur,1,1,14,30,Not a course cluster,True,,I4405276907
IIT Roorkee,883,National Institute of Animal Biotechnology,1,12,14,10,Not a course cluster,True,,I4210092980
IIT Roorkee,884,Uttarakhand State Council for Science and Technology,1,5,14,23,Not a course cluster,True,,I4210140820
IIT Roorkee,885,International Maize and Wheat Improvement Center,1,0,13,80,Not a course cluster,True,,I4210158324
IIT Roorkee,886,Rathinam College of Arts & Science,1,0,13,1,Not a course cluster,True,,I4405261075
IIT Roorkee,887,Indian Institute of Public Health Gandhinagar,1,98,13,16,Not a course cluster,True,,I4210156591
IIT Roorkee,888,Coal India (India),1,8,13,6,Not a course cluster,True,,I4210091699
IIT Roorkee,889,Dr Panjabrao Deshmukh Krishi Vidyapeeth,1,57,13,18,Not a course cluster,True,,I223781097
IIT Roorkee,890,Indian Council of Social Science Research,1,7,13,1,Not a course cluster,True,,I2801047287
IIT Roorkee,891,Indian Institute of Rice Research,1,6,12,8,Not a course cluster,True,,I1298986040
IIT Roorkee,892,Dr. C. V. Raman University,1,0,12,3,Not a course cluster,True,,I3129960170
IIT Roorkee,893,Government College of Engineering and Leather Technology,1,1,12,16,Not a course cluster,True,,I4405277890
IIT Roorkee,894,Adani Group (India),1,0,12,10,Not a course cluster,True,,I4405272148
IIT Roorkee,895,Kamdhenu University,1,0,12,4,Not a course cluster,True,,I3133099055
IIT Roorkee,896,National Institute of Epidemiology,1,2,12,18,Not a course cluster,True,,I4210100069
IIT Roorkee,897,Mother Teresa Women's University,1,67,12,10,Not a course cluster,True,,I106841677
IIT Roorkee,898,Centre for Advanced Bioenergy Research,1,17,12,24,Not a course cluster,True,,I4210141984
IIT Roorkee,899,St. Thomas College (Autonomous),1,0,12,4,Not a course cluster,True,,I4405254056
IIT Roorkee,900,Veer Kunwar Singh University,1,1,12,7,Not a course cluster,True,,I116130893
IIT Roorkee,901,Indian Institute of Information Technology Kottayam,1,1,11,5,IIITs,True,,I4405285013
IIT Roorkee,902,Adikavi Nannaya University,1,8,11,24,Not a course cluster,True,,I247375439
IIT Roorkee,903,Mahaveer Academy of Technology and Science University,1,17,11,9,Not a course cluster,True,,I179760745
IIT Roorkee,904,Janta Vedic College,1,32,11,1,Not a course cluster,True,,I4405260039
IIT Roorkee,905,Madhav University,1,8,11,4,Not a course cluster,True,,I4405258338
IIT Roorkee,906,IEC University,1,2,11,6,Not a course cluster,True,,I4210127512
IIT Roorkee,907,Sri Guru Gobind Singh College,1,5,11,15,Not a course cluster,True,,I4405277046
IIT Roorkee,908,Central Marine Fisheries Research Institute,1,1,11,9,Not a course cluster,True,,I899802
IIT Roorkee,909,"Jawaharlal Nehru Technological University-Gurajada, Vizianagaram",1,0,10,4,Not a course cluster,True,,I4405256783
IIT Roorkee,910,Kamaraj College,1,43,10,6,Not a course cluster,True,,I4405260223
IIT Roorkee,911,Apeejay Stya University,1,3,10,0,Not a course cluster,True,,I3130994624
IIT Roorkee,912,University of Agricultural Sciences Raichur,1,0,10,6,Not a course cluster,True,,I61553790
IIT Roorkee,913,University College of Medical Sciences,1,0,10,21,Not a course cluster,True,,I172982924
IIT Roorkee,914,Shri Madhwa Vadiraja Institute of Technology and Management,1,0,10,8,Not a course cluster,True,,I4405276349
IIT Roorkee,915,Shroff S.R. Rotary Institute of Chemical Technology,1,31,10,8,Not a course cluster,True,,I4405269504
IIT Roorkee,916,Gnanamani College of Technology,1,0,10,5,Not a course cluster,True,,I4387154320
IIT Roorkee,917,Kanya Maha Vidyalaya,1,0,10,5,Not a course cluster,True,,I28630478
IIT Roorkee,918,Durgapur Government College,1,5,10,38,Not a course cluster,True,,I4405273294
IIT Roorkee,919,Institute of Economic Growth,1,8,10,49,Not a course cluster,True,,I4210098828
IIT Roorkee,920,Amicable Knowledge Solution University,1,0,9,32,Not a course cluster,True,,I4210147242
IIT Roorkee,921,Swarnandhra College of Engineering and Technology,1,0,9,21,Not a course cluster,True,,I4405278262
IIT Roorkee,922,St. Anthony's College,1,0,9,8,Not a course cluster,True,,I4405265874
IIT Roorkee,923,"Centre for Fire, Explosive and Environment Safety",1,0,9,27,Not a course cluster,True,,I4210153539
IIT Roorkee,924,Maharshi Dayanand Saraswati University,1,11,9,38,Not a course cluster,True,,I56287899
IIT Roorkee,925,George Institute for Global Health,1,98,9,6,Not a course cluster,True,,I4210138609
IIT Roorkee,926,"Advanced Centre for Treatment, Research and Education in Cancer",1,1,9,18,Not a course cluster,True,,I4210157422
IIT Roorkee,927,Ranchi University,1,7,9,15,Not a course cluster,True,,I112700253
IIT Roorkee,928,Indian Institute of Soil Science,1,0,9,43,Not a course cluster,True,,I173432400
IIT Roorkee,929,Indraprastha College for Women,1,12,8,11,Not a course cluster,True,,I4405264365
IIT Roorkee,930,St. Vincent Pallotti College of Engineering & Technology,1,0,8,6,Not a course cluster,True,,I4405275219
IIT Roorkee,931,Raja Narendra Lal Khan Women's College,1,1,8,28,Not a course cluster,True,,I4405282785
IIT Roorkee,932,IMGENEX India (India),1,52,8,5,Not a course cluster,True,,I4210146179
IIT Roorkee,933,IBM (India),1,1,8,46,Not a course cluster,True,,I4210129961
IIT Roorkee,934,Amrita Institute of Medical Sciences and Research Centre,1,1,8,95,Not a course cluster,True,,I1282879092
IIT Roorkee,935,International Institute of Information Technology,1,2,67,62,IIITs,True,,I188963388
IIT Roorkee,936,National Institution for Transforming India Aayog,1,3,8,6,Not a course cluster,True,,I4210137148
IIT Roorkee,937,Rajkiya Engineering College Mainpuri,1,0,7,0,Not a course cluster,True,,I4405256139
IIT Roorkee,938,All India Institute of Medical Sciences Raipur,1,6,7,6,Not a course cluster,True,,I129734738
IIT Roorkee,939,Nagpur Institute of Technology,1,5,7,3,Not a course cluster,True,,I206816349
IIT Roorkee,940,Bhabha Atomic Research Center Hospital,1,7,7,11,DAE institutes,True,,I4210091849
IIT Roorkee,941,ISRO Propulsion Complex,1,0,7,14,Not a course cluster,True,,I4210095388
IIT Roorkee,942,"Remote Sensing Applications Centre, Uttar Pradesh",1,25,7,14,Not a course cluster,True,,I4405262547
IIT Roorkee,943,Jogamaya Devi College,1,36,7,10,Not a course cluster,True,,I4405261764
IIT Roorkee,944,Bhavnagar University,1,9,7,24,Not a course cluster,True,,I119336924
IIT Roorkee,945,TIFR Centre for Interdisciplinary Sciences,1,10,7,65,Not a course cluster,True,,I4210112849
IIT Roorkee,946,Central Research Institute for Dryland Agriculture,1,0,6,45,Not a course cluster,True,,I141953991
IIT Roorkee,947,Bansal Institute Of Research Technology & Science,1,8,6,4,Not a course cluster,True,,I4210143989
IIT Roorkee,948,Centre for Ecology Development and Research,1,14,6,20,Not a course cluster,True,,I4405261514
IIT Roorkee,949,Sri Sathya Sai University for Human Excellence,1,8,6,1,Not a course cluster,True,,I4405268202
IIT Roorkee,950,Manipal Centre for Natural Sciences,1,2,6,21,Not a course cluster,True,,I4405256109
IIT Roorkee,951,Tejas Networks (India),1,8,6,0,Not a course cluster,True,,I4210095456
IIT Roorkee,952,Central Power Research Institute,1,37,6,40,Not a course cluster,True,,I109493002
IIT Roorkee,953,Oracle (India),1,0,6,5,Not a course cluster,True,,I4210165642
IIT Roorkee,954,Ministry of Education,1,0,6,0,Not a course cluster,True,,I4405266223
IIT Roorkee,955,"All India Institute of Medical Sciences, Kalyani",1,1,6,0,Not a course cluster,True,,I4405255515
IIT Roorkee,956,Homi Bhabha Centre for Science Education,1,5,5,5,Not a course cluster,True,,I57827967
IIT Roorkee,957,Acharya Brojendra Nath Seal College,1,2,5,9,Not a course cluster,True,,I4405271780
IIT Roorkee,958,Deccan College Post Graduate and Research Institute,1,1,5,30,Not a course cluster,True,,I352274
IIT Roorkee,959,Gokhale Institute of Politics and Economics,1,9,5,6,Not a course cluster,True,,I195377678
IIT Roorkee,960,Safdarjang Hospital,1,13,5,22,Not a course cluster,True,,I1312996466
IIT Roorkee,961,Vardhman Mahavir Medical College & Safdarjung Hospital,1,13,5,19,Not a course cluster,True,,I17972996
IIT Roorkee,962,Kishkinda University,1,4,5,0,Not a course cluster,True,,I4405274491
IIT Roorkee,963,Kunthavai Naacchiyaar Government Arts College for Women (Autonomous),1,0,5,3,Not a course cluster,True,,I4405277739
IIT Roorkee,964,R. G. Kar Medical College and Hospital,1,11,5,15,Not a course cluster,True,,I336022086
IIT Roorkee,965,Hindustan Petroleum Corporation Limited (India),1,15,5,14,Not a course cluster,True,,I4210091106
IIT Roorkee,966,Pub Kamrup College,1,3,5,0,Not a course cluster,True,,I4405277082
IIT Roorkee,967,Dharma Samaj College,1,11,4,3,Not a course cluster,True,,I4405278591
IIT Roorkee,968,National Centre for Sustainable Coastal Management,1,5,4,12,Not a course cluster,True,,I4210152768
IIT Roorkee,969,Defence Institute of High Altitude Research,1,0,4,3,Not a course cluster,True,,I4210090935
IIT Roorkee,970,Indian Institute of Oilseeds Research,1,4,4,12,Not a course cluster,True,,I4210099769
IIT Roorkee,971,Delhi Development Authority,1,1,4,3,Not a course cluster,True,,I4210124192
IIT Roorkee,972,Indian Council for Research on International Economic Relations,1,50,4,18,Not a course cluster,True,,I4210105909
IIT Roorkee,973,"St. John's College, Agra",1,2,4,60,Not a course cluster,True,,I4405277037
IIT Roorkee,974,GAIL (India),1,23,4,13,Not a course cluster,True,,I333900126
IIT Roorkee,975,Ministry of Railways,1,15,4,10,Not a course cluster,True,,I4405266390
IIT Roorkee,976,ICAR-Indian Institute of Agricultural Biotechnology,1,121,4,2,Not a course cluster,True,,I4210158390
IIT Roorkee,977,Ansal University,1,70,4,7,Not a course cluster,True,,I170110779
IIT Roorkee,978,Malla Reddy Institute Of Medical Sciences,1,4,4,0,Not a course cluster,True,,I4405261501
IIT Roorkee,979,D. Y. Patil Agriculture and Technical University,1,0,4,5,Not a course cluster,True,,I4405273925
IIT Roorkee,980,Pandit Bhagwat Dayal Sharma Post Graduate Institute of Medical Sciences,1,74,4,9,Not a course cluster,True,,I13529149
IIT Roorkee,981,International Centre for Theoretical Sciences,1,10,4,77,Not a course cluster,True,,I4210090503
IIT Roorkee,982,All India Institute of Medical Sciences Guwahati,1,30,4,3,Not a course cluster,True,,I4387153078
IIT Roorkee,983,Mata Gujri University,1,43,4,0,Not a course cluster,True,,I4405256774
IIT Roorkee,984,Hislop College,1,22,4,4,Not a course cluster,True,,I119204206
IIT Roorkee,985,Regional Medical Research Centre,1,0,7,17,Not a course cluster,True,,I2802376228
IIT Roorkee,986,Christ College of Engineering and Technology,1,0,3,0,Not a course cluster,True,,I4405261904
IIT Roorkee,987,Sandip Foundation,1,144,3,1,Not a course cluster,True,,I2802982682
IIT Roorkee,988,Pravara Institute of Medical Sciences,1,0,3,1,Not a course cluster,True,,I3130684616
IIT Roorkee,989,"Government Engineering College, Bhavnagar",1,24,3,14,Not a course cluster,True,,I4405259196
IIT Roorkee,990,Indian National Science Academy,1,1,3,4,Not a course cluster,True,,I124015162
IIT Roorkee,991,Indian Railways,1,5,3,9,Not a course cluster,True,,I4405266058
IIT Roorkee,992,Hiralal Mazumdar Memorial College for Women,1,1,3,0,Not a course cluster,True,,I4405276101
IIT Roorkee,993,National Law School of India University,1,4,3,1,Not a course cluster,True,,I4210127798
IIT Roorkee,994,Dayanand Medical College & Hospital,1,7,3,9,Not a course cluster,True,,I4210088867
IIT Roorkee,995,Gopal Narayan Singh University,1,0,3,0,Not a course cluster,True,,I4405283740
IIT Roorkee,996,"Rajendra University, Balangir",1,102,3,0,Not a course cluster,True,,I4405275895
IIT Roorkee,997,HCL Technologies (India),1,0,3,3,Not a course cluster,True,,I96211989
IIT Roorkee,998,Indraprastha Institute of Management and Technology,1,3,2,0,Not a course cluster,True,,I4405284416
IIT Roorkee,999,Danish Hydraulic Institute (India),1,9,2,21,Not a course cluster,True,,I4210137866
IIT Roorkee,1000,Himalayan University,1,14,2,3,Not a course cluster,True,,I3133268928
IIT Roorkee,1001,Jayoti Vidyapeeth Women's University,1,11,2,0,Not a course cluster,True,,I319193654
IIT Roorkee,1002,IQVIA (India),1,9,2,2,Not a course cluster,True,,I4210096889
IIT Roorkee,1003,National Bureau of Animal Genetic Resources,1,0,2,1,Not a course cluster,True,,I4210130815
IIT Roorkee,1004,Shell (India),1,14,2,20,Not a course cluster,True,,I4210094045
IIT Roorkee,1005,Sri Venkateswara Veterinary University,1,13,2,1,Not a course cluster,True,,I3130939756
IIT Roorkee,1006,Bineswar Brahma Engineering College,1,8,2,2,Not a course cluster,True,,I4405260155
IIT Roorkee,1007,Dr. Reddy's Laboratories (India),1,12,2,42,Not a course cluster,True,,I4210117495
IIT Roorkee,1008,Dinabandhu Andrews College,1,10,2,6,Not a course cluster,True,,I4405273889
IIT Roorkee,1009,Ganesh Shankar Vidyarthi Memorial Medical College,1,0,2,3,Not a course cluster,True,,I2802359691
IIT Roorkee,1010,Tata Institute for Genetics and Society,1,49,2,0,Not a course cluster,True,,I4210156799
IIT Roorkee,1011,Indira Gandhi Institute of Development Research,1,8,2,50,Not a course cluster,True,,I16319596
IIT Roorkee,1012,Kolhan University,1,4,2,5,Not a course cluster,True,,I3130993272
IIT Roorkee,1013,National Institute of Ayurveda,1,4,2,5,Not a course cluster,True,,I3133021252
IIT Roorkee,1014,General Electric (India),1,68,2,37,Not a course cluster,True,,I4210142581
IIT Roorkee,1015,Gujarat Institute of Development Research,1,8,2,5,Not a course cluster,True,,I4210092074
IIT Roorkee,1016,Shanmuganathan Engineering College,1,0,1,0,Not a course cluster,True,,I4210146606
IIT Roorkee,1017,Department of Pharmaceuticals,1,0,1,0,Not a course cluster,True,,I4210108830
IIT Roorkee,1018,CPCL Polytechnic College,1,0,1,2,Not a course cluster,True,,I4210155803
IIT Roorkee,1019,Jaihind College of Engineering,1,0,1,0,Not a course cluster,True,,I4405262704
IIT Roorkee,1020,Central Avian Research Institute,1,40,1,3,Not a course cluster,True,,I48139335
IIT Roorkee,1021,Baba Raghav Das Medical College,1,8,1,3,Not a course cluster,True,,I2799408090
IIT Roorkee,1022,Fortis Memorial Research Institute,1,29,1,1,Not a course cluster,True,,I4210108369
IIT Roorkee,1023,Vasant Kanya Mahavidyalaya,1,15,1,0,Not a course cluster,True,,I4405268627
IIT Roorkee,1024,Dr. Ram Manohar Lohia Institute of Medical Sciences,1,2,1,3,Not a course cluster,True,,I4210126423
IIT Roorkee,1025,Dnyanprassarak Mandal's College and Research Centre,1,5,1,1,Not a course cluster,True,,I4405267829
IIT Roorkee,1026,Foundation for Neglected Disease Research,1,0,1,0,Not a course cluster,True,,I4210160732
IIT Roorkee,1027,Jhargram Raj College,1,2,1,21,Not a course cluster,True,,I4405256066
IIT Roorkee,1028,Institute of Neurosciences Kolkata,1,1,1,1,Not a course cluster,True,,I4210115788
IIT Roorkee,1029,"Sagar Institute of Research, Technology & Science – Pharmacy",1,8,1,2,Not a course cluster,True,,I4405260619
IIT Roorkee,1030,Department of Public,1,3,1,14,Not a course cluster,True,,I4210139346
IIT Roorkee,1031,Rajendra Institute of Medical Sciences,1,0,1,6,Not a course cluster,True,,I304662888
IIT Roorkee,1032,Rajiv Gandhi Cancer Institute and Research Centre,1,15,1,28,Not a course cluster,True,,I4210092995
IIT Roorkee,1033,National Research Centre on Yak,1,5,1,0,Not a course cluster,True,,I4210088337
IIT Roorkee,1034,Sri Manakula Vinayagar Medical College and Hospital,1,2,1,0,Not a course cluster,True,,I4210141780
IIT Roorkee,1035,IBM Research - India,1,1,1,21,Not a course cluster,True,,I4210103279
IIT Roorkee,1036,Hooghly Engineering & Technology College,1,0,1,1,Not a course cluster,True,,I4405255795
IIT Roorkee,1037,Vivekananda Memorial Hospital,1,0,0,0,Not a course cluster,True,,I4210091732
IIT Roorkee,1038,Uttar Pradesh Council of sugarcane research,1,5,0,1,Not a course cluster,True,,I4210155610
IIT Roorkee,1039,Institute of Environmental Studies & Wetland Management,1,0,0,2,Not a course cluster,True,,I4210132965
IIT Roorkee,1040,Haldia Institute of Health Sciences,1,1,0,0,Not a course cluster,True,,I4405285202
IIT Roorkee,1041,Madhya Pradesh Medical Science University,1,5,0,0,Not a course cluster,True,,I4405270939
IIT Roorkee,1042,Tata Trusts,1,0,0,4,Not a course cluster,True,,I4210146138
IIT Roorkee,1043,Infectious Disease and Beliaghata General Hospital,1,0,0,2,Not a course cluster,True,,I4405266086
IIT Roorkee,1044,Holy Family Hospital,1,20,0,1,Not a course cluster,True,,I1329324871
IIT Roorkee,1045,Kamineni Institute of Dental Sciences,1,19,0,3,Not a course cluster,True,,I99693012
IIT Roorkee,1046,Dr. Sarvepalli Radhakrishnan Rajasthan Ayurved University,1,62,0,1,Not a course cluster,True,,I4210157183
IIT Roorkee,1047,Lala Lajpat Rai Memorial Medical College,1,5,0,19,Not a course cluster,True,,I219845778
IIT Roorkee,1048,Uttar Pradesh Council of Agricultural Research,1,5,0,2,Not a course cluster,True,,I4405272699
IIT Roorkee,1049,Fortis Hospital,1,0,4,6,Not a course cluster,True,,I4210122382
IIT Roorkee,1050,Dr. Lal PathLabs Pvt Ltd (India),1,0,0,1,Not a course cluster,True,,I4405259595
IIT Roorkee,1051,Bank of Baroda,1,1,0,0,Not a course cluster,True,,I4405272814
IIT Roorkee,1052,Rajiv Gandhi National Aviation University,1,0,0,0,Not a course cluster,True,,I4405268448
IIT Roorkee,1053,Research Centre Imarat,1,0,0,4,Not a course cluster,True,,I4210138561
IIT Roorkee,1054,Saraswati Dental College and Hospital,1,4,0,0,Not a course cluster,True,,I4210127890
IIT Roorkee,1055,Fortis Escorts Hospital,1,62,0,4,Not a course cluster,True,,I4210130647
IIT Roorkee,1056,Indian Spinal Injuries Centre,1,14,0,1,Not a course cluster,True,,I4210125424
IIT Roorkee,1057,National Institute of Financial Management,1,12,0,5,Not a course cluster,True,,I4210122998
IIT Roorkee,1058,Indian Institute of Natural Resins and Gums,1,121,0,25,Not a course cluster,True,,I1307855090
IIT Roorkee,1059,Federation of Indian Chambers of Commerce and Industry,1,33,0,0,Not a course cluster,True,,I4405273378
IIT Roorkee,1060,Glenmark Pharmaceuticals (India),1,20,0,1,Not a course cluster,True,,I4210131532
IIT Roorkee,1061,Fortis Escorts Hospital,1,62,0,4,Not a course cluster,True,,I4210110697
IIT Roorkee,1062,Subharti Medical College,1,49,0,4,Not a course cluster,True,,I4210140167
IIT Roorkee,1063,Kerala Forest Research Institute,1,4,0,4,Not a course cluster,True,,I98944809
IIT Roorkee,1064,Centre For Research & Education in Science & Technology,1,3,0,2,Not a course cluster,True,,I4405276109
IIT Roorkee,1065,Shakti Sustainable Energy Foundation,1,16,0,0,Not a course cluster,True,,I4405271066
IIT Roorkee,1066,Centre for Artificial Intelligence and Robotics,1,0,0,5,Not a course cluster,True,,I4210121405
IIT Roorkee,1067,Kalasalingam Academy of Research and Education,0,0,288,209,Not a course cluster,True,,I98499257
IIT Roorkee,1068,Annamalai University,0,0,240,418,Not a course cluster,True,,I197081775
IIT Roorkee,1069,Tamil Nadu Agricultural University,0,0,182,119,Not a course cluster,True,,I134900695
IIT Roorkee,1070,GMR Institute of Technology,0,0,178,49,Not a course cluster,True,,I4405272215
IIT Roorkee,1071,REVA University,0,0,176,72,Not a course cluster,True,,I83737708
IIT Roorkee,1072,Mohan Babu University,0,0,139,12,Not a course cluster,True,,I4405270480
IIT Roorkee,1073,CMR University,0,0,136,31,Not a course cluster,True,,I4210104573
IIT Roorkee,1074,B.S. Abdur Rahman Crescent Institute of Science & Technology,0,0,133,97,Not a course cluster,True,,I94948490
IIT Roorkee,1075,New Horizon College of Engineering,0,0,130,31,Not a course cluster,True,,I4405256925
IIT Roorkee,1076,Government of Tamil Nadu,0,0,125,123,Not a course cluster,True,,I148776243
IIT Roorkee,1077,Narasaraopeta Engineering College,0,0,120,7,Not a course cluster,True,,I4405268323
IIT Roorkee,1078,Utkal University,0,0,117,110,Not a course cluster,True,,I70699430
IIT Roorkee,1079,Vels University,0,0,113,50,Not a course cluster,True,,I138876546
IIT Roorkee,1080,Manipur University,0,0,108,32,Not a course cluster,True,,I16471300
IIT Roorkee,1081,Management Development Institute,0,0,106,106,Not a course cluster,True,,I110930757
IIT Roorkee,1082,University of Calicut,0,0,105,141,Not a course cluster,True,,I114176345
IIT Roorkee,1083,Shri Vile Parle Kelavani Mandal,0,0,103,60,Not a course cluster,True,,I4210132590
IIT Roorkee,1084,Karnatak University,0,0,99,173,Not a course cluster,True,,I110083240
IIT Roorkee,1085,Veer Bahadur Singh Purvanchal University,0,0,98,40,Not a course cluster,True,,I875728190
IIT Roorkee,1086,National Institute of Technology Nagaland,0,0,96,30,NITs,True,,I3131484930
IIT Roorkee,1087,Central University of South Bihar,0,0,95,69,Not a course cluster,True,,I343503978
IIT Roorkee,1088,Jawaharlal Nehru Technological University Anantapur,0,0,90,88,Not a course cluster,True,,I52035452
IIT Roorkee,1089,IFTM University,0,0,89,27,Not a course cluster,True,,I2801192375
IIT Roorkee,1090,Noorul Islam University,0,0,87,33,Not a course cluster,True,,I96797292
IIT Roorkee,1091,Vinayaka Missions University,0,0,86,26,Not a course cluster,True,,I175548057
IIT Roorkee,1092,PSG College of Arts & Science,0,0,80,46,Not a course cluster,True,,I4405260672
IIT Roorkee,1093,Rajiv Gandhi Technical University,0,0,71,79,Not a course cluster,True,,I196622127
IIT Roorkee,1094,National Institute of Technical Teachers’ Training and Research,0,0,70,20,Not a course cluster,True,,I4210094264
IIT Roorkee,1095,St. Joseph's Institute of Technology,0,0,68,7,Not a course cluster,True,,I4210101093
IIT Roorkee,1096,AMET University,0,0,68,23,Not a course cluster,True,,I34628043
IIT Roorkee,1097,Indian Institute of Foreign Trade,0,0,62,28,Not a course cluster,True,,I38919395
IIT Roorkee,1098,Dr. B.C. Roy Engineering College,0,0,60,36,Not a course cluster,True,,I4405278150
IIT Roorkee,1099,Institute of Medical Sciences and Sum Hospital,0,0,60,7,Not a course cluster,True,,I4210133319
IIT Roorkee,1100,Bangalore University,0,0,59,143,Not a course cluster,True,,I53465836
IIT Roorkee,1101,Lingaya's Vidyapeeth,0,0,58,10,Not a course cluster,True,,I182663762
IIT Roorkee,1102,National Engineering College,0,0,58,45,Not a course cluster,True,,I4405269433
IIT Roorkee,1103,Prasad V. Potluri Siddhartha Institute of Technology,0,0,58,27,Not a course cluster,True,,I4405259151
IIT Roorkee,1104,Kavayitri Bahinabai Chaudhari North Maharashtra University,0,0,57,74,Not a course cluster,True,,I157117621
IIT Roorkee,1105,Mody University of Science and Technology,0,0,56,42,Not a course cluster,True,,I72563045
IIT Roorkee,1106,"University of Science and Technology, Meghalaya",0,0,56,22,Not a course cluster,True,,I4210133150
IIT Roorkee,1107,Institute of Advanced Study in Science and Technology,0,0,55,133,Not a course cluster,True,,I4210148816
IIT Roorkee,1108,Avinashilingam University,0,0,55,34,Not a course cluster,True,,I161045824
IIT Roorkee,1109,IMS Ghaziabad,0,0,55,14,Not a course cluster,True,,I4405274630
IIT Roorkee,1110,Career Point University,0,0,54,12,Not a course cluster,True,,I4210091899
IIT Roorkee,1111,ICFAI Business School,0,0,53,37,Not a course cluster,True,,I4210102611
IIT Roorkee,1112,Bishop Heber College,0,0,52,44,Not a course cluster,True,,I4405261969
IIT Roorkee,1113,Thiruvalluvar University,0,0,52,57,Not a course cluster,True,,I117381506
IIT Roorkee,1114,Loyola College,0,0,52,72,Not a course cluster,True,,I4405274569
IIT Roorkee,1115,Chaudhary Devi Lal University,0,0,52,48,Not a course cluster,True,,I107539069
IIT Roorkee,1116,CT University,0,0,51,6,Not a course cluster,True,,I4405258160
IIT Roorkee,1117,Institute of Chartered Financial Analysts of India,0,0,51,30,Not a course cluster,True,,I78663439
IIT Roorkee,1118,Fakir Mohan University,0,0,51,27,Not a course cluster,True,,I108526665
IIT Roorkee,1119,Central Food Technological Research Institute,0,0,50,155,CSIR labs,True,,I150037166
IIT Roorkee,1120,"Rani Lakshmi Bai Central Agricultural University, Jhansi",0,0,49,11,Not a course cluster,True,,I4405253351
IIT Roorkee,1121,KCG College of Technology,0,0,49,12,Not a course cluster,True,,I4405266969
IIT Roorkee,1122,Dwarkadas J. Sanghvi College of Engineering,0,0,49,4,Not a course cluster,True,,I212738717
IIT Roorkee,1123,Uka Tarsadia University,0,0,49,17,Not a course cluster,True,,I140352217
IIT Roorkee,1124,KLE Academy of Higher Education and Research,0,0,49,42,Not a course cluster,True,,I4210125823
IIT Roorkee,1125,Babu Banarasi Das University,0,0,47,21,Not a course cluster,True,,I276256525
IIT Roorkee,1126,Acharya Nagarjuna University,0,0,47,59,Not a course cluster,True,,I177001074
IIT Roorkee,1127,Central Institute of Agricultural Engineering,0,0,47,47,Not a course cluster,True,,I138367206
IIT Roorkee,1128,Asutosh College,0,0,47,15,Not a course cluster,True,,I4405271698
IIT Roorkee,1129,D.A.V. College Chandigarh,0,0,46,21,Not a course cluster,True,,I4405276032
IIT Roorkee,1130,Velammal Educational Trust,0,0,45,44,Not a course cluster,True,,I4210105562
IIT Roorkee,1131,Assam Don Bosco University,0,0,44,6,Not a course cluster,True,,I10767319
IIT Roorkee,1132,Sher-e-Kashmir University of Agricultural Sciences and Technology of Jammu,0,0,44,43,Not a course cluster,True,,I235110982
IIT Roorkee,1133,The Assam Royal Global University,0,0,44,14,Not a course cluster,True,,I4405256338
IIT Roorkee,1134,Centre for Materials for Electronics Technology,0,0,43,59,Not a course cluster,True,,I4210118327
IIT Roorkee,1135,Kerala Agricultural University,0,0,41,18,Not a course cluster,True,,I54021868
IIT Roorkee,1136,Bidhan Chandra Krishi Viswavidyalaya,0,0,40,94,Not a course cluster,True,,I109963156
IIT Roorkee,1137,GM University Davanagere Karnataka,0,0,40,8,Not a course cluster,True,,I4405256143
IIT Roorkee,1138,Dayananda Sagar Academy of Technology and Management,0,0,40,6,Not a course cluster,True,,I4405277151
IIT Roorkee,1139,Dr. M.G.R. Educational and Research Institute,0,0,39,15,Not a course cluster,True,,I19926482
IIT Roorkee,1140,Indian Institute of Management Jammu,0,0,39,10,Not a course cluster,True,,I4405255249
IIT Roorkee,1141,Bodoland University,0,0,39,10,Not a course cluster,True,,I2799638773
IIT Roorkee,1142,Adichunchanagiri University,0,0,38,15,Not a course cluster,True,,I4405285236
IIT Roorkee,1143,Kalinga University,0,0,37,2,Not a course cluster,True,,I2800614057
IIT Roorkee,1144,Solapur University,0,0,36,52,Not a course cluster,True,,I155907036
IIT Roorkee,1145,Indian Agricultural Statistics Research Institute,0,0,36,60,Not a course cluster,True,,I1141210
IIT Roorkee,1146,Cooch Behar Panchanan Barma University,0,0,36,14,Not a course cluster,True,,I2611379103
IIT Roorkee,1147,Diamond Harbour Women's University,0,0,35,26,Not a course cluster,True,,I3130807960
IIT Roorkee,1148,Sengunthar Engineering College (Autonomous),0,0,35,27,Not a course cluster,True,,I4405285548
IIT Roorkee,1149,JSPM's Rajarshi Shahu College of Engineering,0,0,35,2,Not a course cluster,True,,I4405285498
IIT Roorkee,1150,Anil Neerukonda Institute of Technology & Sciences,0,0,33,8,Not a course cluster,True,,I4405284298
IIT Roorkee,1151,Meenakshi Academy of Higher Education and Research,0,0,33,7,Not a course cluster,True,,I290407205
IIT Roorkee,1152,Indian Institute of Advanced Research,0,0,32,20,Not a course cluster,True,,I4210091027
IIT Roorkee,1153,Sacred Heart College (Autonomous),0,0,32,8,Not a course cluster,True,,I4405259747
IIT Roorkee,1154,JSS College of Pharmacy,0,0,32,27,Not a course cluster,True,,I4405270214
IIT Roorkee,1155,Indira Gandhi Institute of Technology,0,0,32,27,Not a course cluster,True,,I20791572
IIT Roorkee,1156,Shri Jagdishprasad Jhabarmal Tibrewala University,0,0,32,7,Not a course cluster,True,,I341451707
IIT Roorkee,1157,Ramakrishna Mission Vivekananda Educational and Research Institute,0,0,31,31,Not a course cluster,True,,I34034455
IIT Roorkee,1158,Deen Dayal Upadhyaya College,0,0,31,21,Not a course cluster,True,,I4405276378
IIT Roorkee,1159,Assam Agricultural University,0,0,31,21,Not a course cluster,True,,I35839044
IIT Roorkee,1160,National Institute of Pharmaceutical Education and Research,0,0,354,621,Not a course cluster,True,,I4210098333
IIT Roorkee,1161,Sankalchand Patel University,0,0,29,16,Not a course cluster,True,,I4387154200
IIT Roorkee,1162,United University,0,0,29,2,Not a course cluster,True,,I4405260193
IIT Roorkee,1163,Kongunadu Arts and Science College,0,0,28,43,Not a course cluster,True,,I4405268639
IIT Roorkee,1164,Central Plantation Crops Research Institute,0,0,28,22,Not a course cluster,True,,I4210142041
IIT Roorkee,1165,Reliance Industries (India),0,0,28,59,Not a course cluster,True,,I4210136064
IIT Roorkee,1166,Tumkur University,0,0,28,17,Not a course cluster,True,,I53508799
IIT Roorkee,1167,GNA University,0,0,28,1,Not a course cluster,True,,I4210097606
IIT Roorkee,1168,Rajkiya Engineering College Banda,0,0,27,4,Not a course cluster,True,,I4405260200
IIT Roorkee,1169,St. Joseph's College,0,0,27,10,Not a course cluster,True,,I4405272038
IIT Roorkee,1170,Central Institute of Fisheries Education,0,0,27,28,Not a course cluster,True,,I581031
IIT Roorkee,1171,Central Inland Fisheries Research Institute,0,0,27,27,Not a course cluster,True,,I4210136827
IIT Roorkee,1172,Indian Institute of Water Management,0,0,27,59,Not a course cluster,True,,I4210133751
IIT Roorkee,1173,Dhanalakshmi Srinivasan Group of Institutions,0,0,27,7,Not a course cluster,True,,I4210146157
IIT Roorkee,1174,Gurugram University,0,0,26,5,Not a course cluster,True,,I4390039362
IIT Roorkee,1175,Parala Maharaja Engineering College,0,0,26,21,Not a course cluster,True,,I4405275678
IIT Roorkee,1176,Sri Pratap College,0,0,26,23,Not a course cluster,True,,I4405274834
IIT Roorkee,1177,Indian Institute of Management Amritsar,0,0,26,8,Not a course cluster,True,,I4210123047
IIT Roorkee,1178,"Shri Vaishnav Vidyapeeth Vishwavidyalaya, Indore",0,0,26,5,Not a course cluster,True,,I4405260892
IIT Roorkee,1179,"National Institute of Food Technology, Entrepreneurship and Management - Thanjavur",0,0,26,35,Not a course cluster,True,,I116132077
IIT Roorkee,1180,"ICFAI University, Tripura",0,0,25,12,Not a course cluster,True,,I173462786
IIT Roorkee,1181,Infosys (India),0,0,25,15,Not a course cluster,True,,I110675161
IIT Roorkee,1182,ICAR Research Complex for NEH Region,0,0,24,48,Not a course cluster,True,,I4210111975
IIT Roorkee,1183,S.P. Jain Institute of Management and Research,0,0,24,19,Not a course cluster,True,,I4405260915
IIT Roorkee,1184,LJ University,0,0,24,3,Not a course cluster,True,,I4405257251
IIT Roorkee,1185,Malla Reddy Engineering College for Women,0,0,24,2,Not a course cluster,True,,I4405256248
IIT Roorkee,1186,Ballari Institute of Technology & Management,0,0,24,6,Not a course cluster,True,,I4405264803
IIT Roorkee,1187,IPS Academy,0,0,24,18,Not a course cluster,True,,I4210113021
IIT Roorkee,1188,"National Institute of Technical Teachers' Training and Research, Kolkata",0,0,24,8,Not a course cluster,True,,I4405270689
IIT Roorkee,1189,Rajagiri College of Social Sciences (Autonomous),0,0,23,10,Not a course cluster,True,,I4388891759
IIT Roorkee,1190,"Sri Balaji University, Pune",0,0,23,5,Not a course cluster,True,,I4405260961
IIT Roorkee,1191,Sandip Institute of Technology & Research Centre,0,0,23,17,Not a course cluster,True,,I4405263547
IIT Roorkee,1192,"St. Xavier's College (Autonomous), Kolkata",0,0,23,23,Not a course cluster,True,,I4405256019
IIT Roorkee,1193,Karnataka State Open University,0,0,23,2,Not a course cluster,True,,I342246540
IIT Roorkee,1194,Vasireddy Venkatadri International Technological University,0,0,23,6,Not a course cluster,True,,I4405285014
IIT Roorkee,1195,"Army Institute of Technology, Pune",0,0,22,1,Not a course cluster,True,,I4405285474
IIT Roorkee,1196,Lala Lajpat Rai University of Veterinary and Animal Sciences,0,0,22,19,Not a course cluster,True,,I233492666
IIT Roorkee,1197,Indian Institute of Management Shillong,0,0,22,16,Not a course cluster,True,,I2800084297
IIT Roorkee,1198,Jerusalem College of Engineering,0,0,22,11,Not a course cluster,True,,I4405271358
IIT Roorkee,1199,C. Abdul Hakeem College (Autonomous),0,0,22,8,Not a course cluster,True,,I4405272241
IIT Roorkee,1200,Madras Christian College,0,0,22,19,Not a course cluster,True,,I4405277150
IIT Roorkee,1201,Rathinam Technical Campus,0,0,22,3,Not a course cluster,True,,I4405261689
IIT Roorkee,1202,Rajiv Gandhi Centre for Biotechnology,0,0,22,44,Not a course cluster,True,,I89324447
IIT Roorkee,1203,"University of Agricultural Sciences, Bangalore",0,0,21,35,Not a course cluster,True,,I199921877
IIT Roorkee,1204,Saurashtra University,0,0,21,40,Not a course cluster,True,,I197181853
IIT Roorkee,1205,Velalar College of Engineering and Technology,0,0,21,21,Not a course cluster,True,,I4405256405
IIT Roorkee,1206,Central Institute of Post-Harvest Engineering and Technology,0,0,21,29,Not a course cluster,True,,I4210104382
IIT Roorkee,1207,"St Joseph's University, Bengaluru, India",0,0,21,18,Not a course cluster,True,,I4403928339
IIT Roorkee,1208,Indian Institute of Information Technology Ranchi,0,0,21,5,IIITs,True,,I4405284359
IIT Roorkee,1209,Netaji Subhash Engineering College,0,0,21,19,Not a course cluster,True,,I4405276829
IIT Roorkee,1210,Rama Devi Women's University,0,0,21,10,Not a course cluster,True,,I3132208328
IIT Roorkee,1211,Kadi Sarva Vishwavidyalaya,0,0,21,16,Not a course cluster,True,,I333550923
IIT Roorkee,1212,"Indian Institute of Information Technology, Sonepat",0,0,20,3,IIITs,True,,I4405255737
IIT Roorkee,1213,Maharaja Agrasen Himalayan Garhwal University,0,0,20,0,Not a course cluster,True,,I4405258392
IIT Roorkee,1214,Hindustan Aeronautics Limited (India),0,0,20,12,Not a course cluster,True,,I4210088939
IIT Roorkee,1215,"P.E.S. College of Engineering, Mandya",0,0,20,22,Not a course cluster,True,,I4405283756
IIT Roorkee,1216,Gulbarga University,0,0,20,71,Not a course cluster,True,,I201958307
IIT Roorkee,1217,"Maharaja's College, Ernakulam",0,0,20,8,Not a course cluster,True,,I4405277199
IIT Roorkee,1218,"Government College of Engineering, Keonjhar",0,0,20,6,Not a course cluster,True,,I4388446400
IIT Roorkee,1219,Navsari Agricultural University,0,0,20,20,Not a course cluster,True,,I152185767
IIT Roorkee,1220,Indian Institute of Forest Management,0,0,20,43,Not a course cluster,True,,I176010741
IIT Roorkee,1221,Mudra Institute of Communications Ahmedabad,0,0,20,4,Not a course cluster,True,,I4210147161
IIT Roorkee,1222,Advanced Center for Water Resources Development and Management,0,0,20,22,Not a course cluster,True,,I4210159060
IIT Roorkee,1223,St. Peter's Institute of Higher Education and Research,0,0,20,8,Not a course cluster,True,,I3133098998
IIT Roorkee,1224,Jawaharlal Nehru New College of Engineering,0,0,20,10,Not a course cluster,True,,I4405263325
IIT Roorkee,1225,Central Arid Zone Research Institute,0,0,20,71,Not a course cluster,True,,I138570494
IIT Roorkee,1226,ITM University,0,0,20,20,Not a course cluster,True,,I191366470
IIT Roorkee,1227,"National Institute of Technical Teachers Training and Research, Chennai",0,0,20,2,Not a course cluster,True,,I4405272818
IIT Roorkee,1228,Sacred Heart College,0,0,20,10,Not a course cluster,True,,I4210115584
IIT Roorkee,1229,Prin. L. N. Welingkar Institute of Management Development and Research,0,0,19,6,Not a course cluster,True,,I2802797706
IIT Roorkee,1230,State Council of Science and Technology for Sikkim,0,0,19,12,Not a course cluster,True,,I4210162586
IIT Roorkee,1231,Sri Chandrasekharendra Saraswathi Viswa Mahavidyalaya,0,0,19,15,Not a course cluster,True,,I180507071
IIT Roorkee,1232,Dhanalakshmi Srinivasan University,0,0,19,5,Not a course cluster,True,,I4405253460
IIT Roorkee,1233,Sister Nivedita University,0,0,19,0,Not a course cluster,True,,I4405259629
IIT Roorkee,1234,RIMT University,0,0,19,12,Not a course cluster,True,,I4405281987
IIT Roorkee,1235,Bhairab Ganguly College,0,0,19,10,Not a course cluster,True,,I4405277705
IIT Roorkee,1236,Mangalayatan University,0,0,18,10,Not a course cluster,True,,I244923355
IIT Roorkee,1237,A. Veeriya Vandayar Memorial Sri Pushpam College,0,0,18,24,Not a course cluster,True,,I4405260489
IIT Roorkee,1238,KSCSTE-National Transportation Planning And Research Centre,0,0,18,3,Not a course cluster,True,,I4405263267
IIT Roorkee,1239,Sugarcane Breeding Institute,0,0,18,8,Not a course cluster,True,,I4210142091
IIT Roorkee,1240,Kaziranga University,0,0,18,7,Not a course cluster,True,,I332121957
IIT Roorkee,1241,East West Institute of Technology,0,0,18,13,Not a course cluster,True,,I4405264359
IIT Roorkee,1242,Fortune Institute of International Business,0,0,18,9,Not a course cluster,True,,I4210105362
IIT Roorkee,1243,"Kerala University of Digital Sciences, Innovation and Technology",0,0,17,9,Not a course cluster,True,,I4405263365
IIT Roorkee,1244,Tamil University,0,0,17,10,Not a course cluster,True,,I125392429
IIT Roorkee,1245,Newman College,0,0,17,8,Not a course cluster,True,,I4405254459
IIT Roorkee,1246,Sant Baba Bhag Singh University,0,0,17,5,Not a course cluster,True,,I4405259092
IIT Roorkee,1247,Professor Jayashankar Telangana Agricultural University,0,0,17,6,Not a course cluster,True,,I4210092736
IIT Roorkee,1248,BLDE (Deemed to be University),0,0,17,7,Not a course cluster,True,,I4210116054
IIT Roorkee,1249,"School of Planning and Architecture, Vijayawada",0,0,17,19,Not a course cluster,True,,I4405255821
IIT Roorkee,1250,Public Health Foundation of India,0,0,17,185,Not a course cluster,True,,I74653059
IIT Roorkee,1251,Central Coastal Agricultural Research Institute,0,0,17,17,Not a course cluster,True,,I4210094289
IIT Roorkee,1252,Maharishi University of Management and Technology,0,0,17,0,Not a course cluster,True,,I4210133689
IIT Roorkee,1253,"Shrikrishna Mahavidyalaya, Gunjoti",0,0,17,6,Not a course cluster,True,,I4405272631
IIT Roorkee,1254,Central Potato Research Institute,0,0,17,5,Not a course cluster,True,,I4210100544
IIT Roorkee,1255,National Institute of Ocean Technology,0,0,16,54,Not a course cluster,True,,I25592554
IIT Roorkee,1256,Dr. Dayaram Patel Pharmacy College,0,0,16,0,Not a course cluster,True,,I4405255592
IIT Roorkee,1257,Defence Research Laboratory,0,0,16,34,Not a course cluster,True,,I4210154459
IIT Roorkee,1258,"Bharati Vidyapeeth College of Pharmacy, Kolhapur",0,0,16,8,Not a course cluster,True,,I4405265460
IIT Roorkee,1259,Noida Institute of Engineering and Technology Pharmacy Institute,0,0,16,3,Not a course cluster,True,,I4405260680
IIT Roorkee,1260,Abasaheb Garware College,0,0,16,16,Not a course cluster,True,,I183970581
IIT Roorkee,1261,Gangadhar Meher University,0,0,16,4,Not a course cluster,True,,I4405277957
IIT Roorkee,1262,Silver Oak University,0,0,16,4,Not a course cluster,True,,I4405274074
IIT Roorkee,1263,Tamil Nadu Dr. J Jayalalitha Fisheries University,0,0,16,7,Not a course cluster,True,,I304343950
IIT Roorkee,1264,Guru Kashi University,0,0,16,7,Not a course cluster,True,,I3129634530
IIT Roorkee,1265,Entrepreneurship Development Institute of India,0,0,16,1,Not a course cluster,True,,I2801155476
IIT Roorkee,1266,ICAR-Indian Institute of Farming Systems Research,0,0,16,26,Not a course cluster,True,,I4405271402
IIT Roorkee,1267,Gayatri Vidya Parishad College of Engineering for Women,0,0,16,11,Not a course cluster,True,,I4405263749
IIT Roorkee,1268,Sahyadri College of Engineering & Management,0,0,16,21,Not a course cluster,True,,I4405272456
IIT Roorkee,1269,Institute of Bio-Resources and Sustainable Development,0,0,15,23,Not a course cluster,True,,I4210129117
IIT Roorkee,1270,Sri Sai University,0,0,15,12,Not a course cluster,True,,I338496084
IIT Roorkee,1271,Gujarat Biotechnology Research Centre,0,0,15,21,Not a course cluster,True,,I4405268643
IIT Roorkee,1272,Shyampur Siddheswari Mahavidyalaya,0,0,15,5,Not a course cluster,True,,I4405264775
IIT Roorkee,1273,"Rani Channamma University, Belagavi",0,0,15,25,Not a course cluster,True,,I4210133707
IIT Roorkee,1274,Chaitanya,0,0,15,5,Not a course cluster,True,,I4405266258
IIT Roorkee,1275,"Dr. D. Y. Patil Medical College, Hospital and Research Centre",0,0,15,13,Not a course cluster,True,,I4210089305
IIT Roorkee,1276,K S Hegde Medical Academy,0,0,15,18,Not a course cluster,True,,I60324483
IIT Roorkee,1277,Alagappa Government Arts College,0,0,15,20,Not a course cluster,True,,I4405278107
IIT Roorkee,1278,Punjab State Council for Science & Technology,0,0,14,1,Not a course cluster,True,,I4210108378
IIT Roorkee,1279,Presidency College,0,0,14,48,Not a course cluster,True,,I4405281587
IIT Roorkee,1280,Indian Institute of Social Welfare and Business Management,0,0,14,17,Not a course cluster,True,,I166580119
IIT Roorkee,1281,Sri Padmavati Mahila Visvavidyalayam,0,0,14,10,Not a course cluster,True,,I94415630
IIT Roorkee,1282,"College of Engineering and Management, Kolaghat",0,0,14,17,Not a course cluster,True,,I4405256050
IIT Roorkee,1283,Vikrama Simhapuri University,0,0,14,5,Not a course cluster,True,,I219774598
IIT Roorkee,1284,"American College, Madurai",0,0,14,7,Not a course cluster,True,,I2800849556
IIT Roorkee,1285,Kasturba Medical College Hospital,0,0,14,9,Not a course cluster,True,,I4210094269
IIT Roorkee,1286,Bhagwant University,0,0,14,6,Not a course cluster,True,,I3132145264
IIT Roorkee,1287,Chaudhary Sarwan Kumar Himachal Pradesh Krishi Vishvavidyalaya,0,0,14,13,Not a course cluster,True,,I377099284
IIT Roorkee,1288,SAGE University Bhopal,0,0,14,4,Not a course cluster,True,,I4405258932
IIT Roorkee,1289,"Khwaja Moinuddin Chishti Language University, Lucknow, U.P.",0,0,14,9,Not a course cluster,True,,I4405261701
IIT Roorkee,1290,Department of Higher Education,0,0,14,12,Not a course cluster,True,,I4210112446
IIT Roorkee,1291,Vidya Prathishthan,0,0,14,1,Not a course cluster,True,,I4210108681
IIT Roorkee,1292,Department of Biotechnology,0,0,14,11,Not a course cluster,True,,I3141573830
IIT Roorkee,1293,Pushpagiri Medical College,0,0,14,5,Not a course cluster,True,,I2802498779
IIT Roorkee,1294,JSS Medical College and Hospital,0,0,14,11,Not a course cluster,True,,I86826812
IIT Roorkee,1295,ATLAS SkillTech University,0,0,13,0,Not a course cluster,True,,I4405253011
IIT Roorkee,1296,CSIR-National Institute of Science Communication and Policy Research,0,0,13,5,CSIR labs,True,,I4405279894
IIT Roorkee,1297,Defence Laboratory Jodhpur,0,0,13,15,Not a course cluster,True,,I4210099439
IIT Roorkee,1298,Dr. Babasaheb Ambedkar Technological University,0,0,13,37,Not a course cluster,True,,I132157868
IIT Roorkee,1299,Society for AgroEnvironmental Sustainability,0,0,13,0,Not a course cluster,True,,I4405258013
IIT Roorkee,1300,Jain College of Engineering and Research,0,0,13,1,Not a course cluster,True,,I4405260778
IIT Roorkee,1301,Birla Global University,0,0,13,1,Not a course cluster,True,,I4405266038
IIT Roorkee,1302,Raja Peary Mohan College,0,0,13,3,Not a course cluster,True,,I4405278364
IIT Roorkee,1303,KSCSTE - Institute for Climate Change Studies,0,0,13,0,Not a course cluster,True,,I4405255016
IIT Roorkee,1304,Banwarilal Bhalotia College,0,0,13,18,Not a course cluster,True,,I4405277887
IIT Roorkee,1305,Ministry of Food Processing Industries,0,0,13,16,Not a course cluster,True,,I4210160388
IIT Roorkee,1306,Budge Budge Institute of Technology,0,0,13,7,Not a course cluster,True,,I3131908327
IIT Roorkee,1307,Gayatri Vidya Parishad College for Degree and PG Courses (Autonomous),0,0,13,2,Not a course cluster,True,,I4405265901
IIT Roorkee,1308,The Neotia University,0,0,13,10,Not a course cluster,True,,I4405266546
IIT Roorkee,1309,Vaagdevi College of Engineering,0,0,13,6,Not a course cluster,True,,I4387152492
IIT Roorkee,1310,Chandigarh University Uttar Pradesh,0,0,12,1,Not a course cluster,True,,I4405271645
IIT Roorkee,1311,Institute of Post Graduate Medical Education and Research,0,0,12,76,Not a course cluster,True,,I4210100047
IIT Roorkee,1312,Deva Nagri College,0,0,12,4,Not a course cluster,True,,I4405262761
IIT Roorkee,1313,Tata Memorial Hospital,0,0,12,40,Not a course cluster,True,,I2800098698
IIT Roorkee,1314,Azim Premji University,0,0,12,28,Not a course cluster,True,,I14716724
IIT Roorkee,1315,Nagaon University,0,0,12,7,Not a course cluster,True,,I4405278019
IIT Roorkee,1316,Ramachandra College of Engineering (A),0,0,12,1,Not a course cluster,True,,I4405261846
IIT Roorkee,1317,DKTE Society's Textile and Engineering Institute,0,0,12,1,Not a course cluster,True,,I4210103544
IIT Roorkee,1318,Arunai Engineering College,0,0,12,11,Not a course cluster,True,,I4210093364
IIT Roorkee,1319,Bharatiya Vidya Bhavan,0,0,12,13,Not a course cluster,True,,I2800445823
IIT Roorkee,1320,Rajah Serfoji Government College (Autonomous),0,0,12,4,Not a course cluster,True,,I4405255148
IIT Roorkee,1321,Institute of Public Enterprise,0,0,12,3,Not a course cluster,True,,I3131387778
IIT Roorkee,1322,Sri Balaji Vidyapeeth University,0,0,12,4,Not a course cluster,True,,I4210115345
IIT Roorkee,1323,Assam Science and Technology University,0,0,12,0,Not a course cluster,True,,I4405257221
IIT Roorkee,1324,Marathwada Mitra Mandal's College of Engineering,0,0,12,1,Not a course cluster,True,,I4405261723
IIT Roorkee,1325,Hemchand Yadav Vishwavidyalaya,0,0,12,4,Not a course cluster,True,,I4405277257
IIT Roorkee,1326,Thakur College of Engineering and Technology,0,0,12,8,Not a course cluster,True,,I4405260939
IIT Roorkee,1327,King George's Medical University,0,0,12,52,Not a course cluster,True,,I280994
IIT Roorkee,1328,Indian Institute of Sugarcane Research,0,0,11,12,Not a course cluster,True,,I38395295
IIT Roorkee,1329,Gandhi Institute for Technological Advancement,0,0,11,8,Not a course cluster,True,,I4405274307
IIT Roorkee,1330,Pandit Deendayal Upadhyaya Adarsha Mahavidyalaya,0,0,11,2,Not a course cluster,True,,I4405278300
IIT Roorkee,1331,Kisan Post Graduate College,0,0,11,1,Not a course cluster,True,,I4405263092
IIT Roorkee,1332,Central Sericultural Research and Training Institute,0,0,11,7,Not a course cluster,True,,I4210153341
IIT Roorkee,1333,Gujarat Institute of Desert Ecology,0,0,11,9,Not a course cluster,True,,I4210159133
IIT Roorkee,1334,Malla Reddy Vishwavidyapeeth,0,0,11,0,Not a course cluster,True,,I4405267936
IIT Roorkee,1335,Nanda Nath Saikia College,0,0,11,2,Not a course cluster,True,,I4405263612
IIT Roorkee,1336,Vijayanagara Sri Krishnadevaraya University,0,0,11,20,Not a course cluster,True,,I4210124025
IIT Roorkee,1337,Kammavari Sangham Institute of Technology,0,0,11,6,Not a course cluster,True,,I4405274789
IIT Roorkee,1338,Institute for Development and Research in Banking Technology,0,0,11,18,Not a course cluster,True,,I150312865
IIT Roorkee,1339,Mahatma Gandhi Ayurved College Hospital and Research Centre,0,0,11,0,Not a course cluster,True,,I4405253982
IIT Roorkee,1340,National Institute of Nutrition,0,0,11,29,Not a course cluster,True,,I53421241
IIT Roorkee,1341,Nistarini Women's College,0,0,11,1,Not a course cluster,True,,I4405283931
IIT Roorkee,1342,Sanjay Ghodawat University,0,0,11,3,Not a course cluster,True,,I4210097370
IIT Roorkee,1343,Vivekananda Parvatiya Krishi Anusandhan Sansthan,0,0,11,14,Not a course cluster,True,,I4210139489
IIT Roorkee,1344,Nehru Arts and Science College,0,0,10,2,Not a course cluster,True,,I4405272783
IIT Roorkee,1345,Symbiosis University of Applied Sciences,0,0,10,1,Not a course cluster,True,,I4405256131
IIT Roorkee,1346,Shri Shankaracharya Professional University,0,0,10,0,Not a course cluster,True,,I4405264754
IIT Roorkee,1347,Chandragupt Institute of Management,0,0,10,10,Not a course cluster,True,,I2801293044
IIT Roorkee,1348,Vikas College of Engineering and Technology,0,0,10,2,Not a course cluster,True,,I4405260459
IIT Roorkee,1349,Central Sericultural Germplasm Resources Centre,0,0,10,7,Not a course cluster,True,,I4210089075
IIT Roorkee,1350,Indian Institute of Pulses Research,0,0,10,14,Not a course cluster,True,,I2800609603
IIT Roorkee,1351,National Centre for Biological Sciences,0,0,10,50,Premier science institutes,True,,I194223965
IIT Roorkee,1352,Sambalpur University Institute of Information Technology,0,0,10,0,IIITs,True,,I4210146312
IIT Roorkee,1353,"Vivekanand Education Society's College of Arts, Science and Commerce (Autonomous)",0,0,10,4,Not a course cluster,True,,I4405262474
IIT Roorkee,1354,Atmiya University,0,0,10,3,Not a course cluster,True,,I4210105737
IIT Roorkee,1355,Naval Physical & Oceanographic Laboratory,0,0,10,9,Not a course cluster,True,,I4210101705
IIT Roorkee,1356,Jagran Lakecity University,0,0,10,1,Not a course cluster,True,,I3130958653
IIT Roorkee,1357,National Institute of Research in Tuberculosis,0,0,10,2,Not a course cluster,True,,I4210140595
IIT Roorkee,1358,RajaRajeswari College of Engineering,0,0,10,8,Not a course cluster,True,,I4405256669
IIT Roorkee,1359,Serampore College,0,0,10,4,Not a course cluster,True,,I94349332
IIT Roorkee,1360,The Madura College,0,0,10,3,Not a course cluster,True,,I4405255910
IIT Roorkee,1361,"Zeal College of Engineering and Research, Pune",0,0,10,1,Not a course cluster,True,,I4405270557
IIT Roorkee,1362,"Loknete Vyankatrao Hiray Arts, Science and Commerce College",0,0,10,2,Not a course cluster,True,,I4405258260
IIT Roorkee,1363,Guru Teg Bahadur Hospital,0,0,10,14,Not a course cluster,True,,I2802539864
IIT Roorkee,1364,Dr. Shakuntala Misra National Rehabilitation University,0,0,10,1,Not a course cluster,True,,I3131131421
IIT Roorkee,1365,Sriram Chandra Bhanja Medical College Hospital,0,0,10,8,Not a course cluster,True,,I3133213366
IIT Roorkee,1366,Calcutta Institute of Technology,0,0,10,9,Not a course cluster,True,,I4405275047
IIT Roorkee,1367,Sanaka Educational Trust’s Group of Institutions,0,0,10,0,Not a course cluster,True,,I4405252868
IIT Roorkee,1368,Oxford Educational Institutions,0,0,10,1,Not a course cluster,True,,I2801583272
IIT Roorkee,1369,Jeppiaar Institute of Technology,0,0,10,7,Not a course cluster,True,,I4405277505
IIT Roorkee,1370,Indian Institute of Information Technology Lucknow,0,0,10,2,IIITs,True,,I4405256517
IIT Roorkee,1371,Krishnagar Government College,0,0,10,17,Not a course cluster,True,,I4405271444
IIT Roorkee,1372,"Karmaveer Bhaurao Patil University, Satara",0,0,10,1,Not a course cluster,True,,I4405284596
IIT Roorkee,1373,Institute for Resource Analysis and Policy,0,0,9,15,Not a course cluster,True,,I4210131359
IIT Roorkee,1374,Buxi Jagabandhu Bidyadhar Autonomous College,0,0,9,2,Not a course cluster,True,,I4405280310
IIT Roorkee,1375,Rishi Bankim Chandra College,0,0,9,23,Not a course cluster,True,,I4405262722
IIT Roorkee,1376,Karnataka State Women's University,0,0,9,5,Not a course cluster,True,,I3130621514
IIT Roorkee,1377,Jorhat Engineering College,0,0,9,14,Not a course cluster,True,,I4405264314
IIT Roorkee,1378,Indian Institute of Wheat and Barley Research,0,0,9,19,Not a course cluster,True,,I4210141360
IIT Roorkee,1379,Maharana Pratap Polytechnic Gorakhpur,0,0,9,0,Not a course cluster,True,,I4405253918
IIT Roorkee,1380,Nirmala College for Women,0,0,9,1,Not a course cluster,True,,I4405254926
IIT Roorkee,1381,"Vidya Pratishthan's Arts, Science and Commerce College",0,0,9,1,Not a course cluster,True,,I4405266031
IIT Roorkee,1382,Janardan Rai Nagar Rajasthan Vidyapeeth University,0,0,9,2,Not a course cluster,True,,I4210089973
IIT Roorkee,1383,M S Ramaiah Institute of Management,0,0,9,7,Not a course cluster,True,,I4405257743
IIT Roorkee,1384,Acharya Institute of Technology,0,0,9,21,Not a course cluster,True,,I4405261980
IIT Roorkee,1385,Vikramajit Singh Sanatan Dharma College,0,0,9,6,Not a course cluster,True,,I4405262937
IIT Roorkee,1386,Anand Engineering College,0,0,9,4,Not a course cluster,True,,I4405282443
IIT Roorkee,1387,PRIST University,0,0,9,14,Not a course cluster,True,,I160682246
IIT Roorkee,1388,"Agriculture University, Jodhpur",0,0,9,4,Not a course cluster,True,,I4405256963
IIT Roorkee,1389,Netaji Subhas Open University,0,0,9,5,Not a course cluster,True,,I20238315
IIT Roorkee,1390,"Sri Karan Narendra Agriculture University, Jobner",0,0,9,9,Not a course cluster,True,,I4210128752
IIT Roorkee,1391,Indraprastha Apollo Hospitals,0,0,9,25,Not a course cluster,True,,I1302839792
IIT Roorkee,1392,Tea Research Association,0,0,9,8,Not a course cluster,True,,I4210144812
IIT Roorkee,1393,Central Research Institute for Jute and Allied Fibres,0,0,9,9,Not a course cluster,True,,I4210106876
IIT Roorkee,1394,Government Medical College,0,0,30,55,Not a course cluster,True,,I150956004
IIT Roorkee,1395,Marathwada Agricultural University,0,0,9,7,Not a course cluster,True,,I120386524
IIT Roorkee,1396,Jagan Institute of Management Studies,0,0,9,4,Not a course cluster,True,,I4405284272
IIT Roorkee,1397,Telangana University,0,0,8,7,Not a course cluster,True,,I3133026063
IIT Roorkee,1398,National Academy of Agricultural Research Management,0,0,8,18,Not a course cluster,True,,I174979866
IIT Roorkee,1399,Chhattisgarh Council of Science and Technology,0,0,8,32,Not a course cluster,True,,I4210148999
IIT Roorkee,1400,National Centre for Coastal Research,0,0,8,22,Not a course cluster,True,,I4210117185
IIT Roorkee,1401,DR. B.R.A. Institute Rotary Cancer Hospital,0,0,8,8,Not a course cluster,True,,I4210161040
IIT Roorkee,1402,"Government College of Engineering, Tirunelveli",0,0,8,10,Not a course cluster,True,,I4390039373
IIT Roorkee,1403,Dr. Balasaheb Sawant Konkan Krishi Vidyapeeth,0,0,8,2,Not a course cluster,True,,I2799533726
IIT Roorkee,1404,Sri Sairam College of Engineering,0,0,8,0,Not a course cluster,True,,I4405254487
IIT Roorkee,1405,Acharya N. G. Ranga Agricultural University,0,0,8,13,Not a course cluster,True,,I12419238
IIT Roorkee,1406,University of Kota,0,0,8,23,Not a course cluster,True,,I200561399
IIT Roorkee,1407,Institute of Wood Science and Technology,0,0,8,15,Not a course cluster,True,,I4210153472
IIT Roorkee,1408,Amity University Bengaluru,0,0,8,0,Not a course cluster,True,,I4405261204
IIT Roorkee,1409,ICAR-National Bureau Of Plant Genetic Resources,0,0,8,27,Not a course cluster,True,,I4210097415
IIT Roorkee,1410,National Research Centre for Banana,0,0,8,5,Not a course cluster,True,,I4210095875
IIT Roorkee,1411,WWF-India,0,0,8,37,Not a course cluster,True,,I1329578906
IIT Roorkee,1412,All India Institute of Medical Sciences Bhubaneswar,0,0,8,18,Not a course cluster,True,,I4210117092
IIT Roorkee,1413,National Institute of Malaria Research,0,0,8,17,Not a course cluster,True,,I76782289
IIT Roorkee,1414,Roland Institute of Pharmaceutical Sciences,0,0,8,5,Not a course cluster,True,,I4210099853
IIT Roorkee,1415,Chittaranjan National Cancer Institute,0,0,8,13,Not a course cluster,True,,I2802271162
IIT Roorkee,1416,Nalla Malla Reddy Engineering College,0,0,8,0,Not a course cluster,True,,I4405274505
IIT Roorkee,1417,CT Group Of Institutions,0,0,8,7,Not a course cluster,True,,I4210094618
IIT Roorkee,1418,Kerala University of Health Sciences,0,0,8,2,Not a course cluster,True,,I348718759
IIT Roorkee,1419,Bhattadev University,0,0,8,0,Not a course cluster,True,,I4405264016
IIT Roorkee,1420,Sri Manakula Vinayagar Educational Trust,0,0,8,2,Not a course cluster,True,,I4210116967
IIT Roorkee,1421,Surendranath College,0,0,8,3,Not a course cluster,True,,I4405272745
IIT Roorkee,1422,Trivenidevi Bhalotia College,0,0,8,6,Not a course cluster,True,,I4405261412
IIT Roorkee,1423,Seacom Skills University,0,0,8,3,Not a course cluster,True,,I4405265952
IIT Roorkee,1424,"Government College of Engineering, Nagpur",0,0,8,0,Not a course cluster,True,,I4405253287
IIT Roorkee,1425,Shiv Nadar Foundation,0,0,8,4,Not a course cluster,True,,I4210143284
IIT Roorkee,1426,Shri Dharmasthala Manjunatheshwara University,0,0,8,7,Not a course cluster,True,,I4387152955
IIT Roorkee,1427,"All India Institute of Ayurveda, New Delhi",0,0,8,4,Not a course cluster,True,,I4405252805
IIT Roorkee,1428,Central Tribal University of Andhra Pradesh,0,0,8,2,Not a course cluster,True,,I4405259778
IIT Roorkee,1429,Government of Sikkim,0,0,8,23,Not a course cluster,True,,I2801028658
IIT Roorkee,1430,Government Medical College,0,0,30,55,Not a course cluster,True,,I248710770
IIT Roorkee,1431,SCMS Group of Educational Institutions,0,0,8,6,Not a course cluster,True,,I4210116159
IIT Roorkee,1432,SAGE University Indore,0,0,8,8,Not a course cluster,True,,I4405261040
IIT Roorkee,1433,Indian Institute of Vegetable Research,0,0,8,9,Not a course cluster,True,,I4210126648
IIT Roorkee,1434,Mahatma Gandhi Kashi Vidyapith,0,0,8,6,Not a course cluster,True,,I2802997415
IIT Roorkee,1435,DES Pune University,0,0,8,26,Not a course cluster,True,,I4405260121
IIT Roorkee,1436,Advanced Numerical Research and Analysis Group,0,0,7,5,Not a course cluster,True,,I4210115222
IIT Roorkee,1437,Rabindra Bharati University,0,0,7,9,Not a course cluster,True,,I83916355
IIT Roorkee,1438,Centre for Studies in Social Sciences Calcutta,0,0,7,10,Not a course cluster,True,,I4210121529
IIT Roorkee,1439,Poornaprajna Institute of Scientific Research,0,0,7,20,Not a course cluster,True,,I4210097624
IIT Roorkee,1440,University B.D.T College of Engineering,0,0,7,22,Not a course cluster,True,,I142253595
IIT Roorkee,1441,Seacom Engineering College,0,0,7,1,Not a course cluster,True,,I4405272842
IIT Roorkee,1442,Kerala Veterinary and Animal Sciences University,0,0,7,6,Not a course cluster,True,,I335685885
IIT Roorkee,1443,National Bureau of Agricultural Insect Resources,0,0,7,4,Not a course cluster,True,,I4210129780
IIT Roorkee,1444,Ministry of Commerce and Industry,0,0,7,2,Not a course cluster,True,,I4405266119
IIT Roorkee,1445,Birsa Agricultural University,0,0,7,8,Not a course cluster,True,,I205478545
IIT Roorkee,1446,Vivekanand Arts Sardar Dalipsingh Commerce and Science College,0,0,7,4,Not a course cluster,True,,I4405258230
IIT Roorkee,1447,Suamandeep Vidyapeeth University,0,0,7,5,Not a course cluster,True,,I4210119093
IIT Roorkee,1448,Indian Institute of Millets Research,0,0,7,1,Not a course cluster,True,,I4210118419
IIT Roorkee,1449,Rajasthan University of Veterinary and Animal Sciences,0,0,7,2,Not a course cluster,True,,I4210128267
IIT Roorkee,1450,SRM Medical College Hospital and Research Centre,0,0,7,6,Not a course cluster,True,,I4405266173
IIT Roorkee,1451,PSG College of Pharmacy,0,0,7,2,Not a course cluster,True,,I4405275187
IIT Roorkee,1452,ITC (India),0,0,7,5,Not a course cluster,True,,I4210142449
IIT Roorkee,1453,Ruxmaniben Deepchand Gardi Medical College,0,0,7,10,Not a course cluster,True,,I3130004915
IIT Roorkee,1454,"Digvijai Nath Post Graduate College, Gorakhpur U.P.",0,0,7,0,Not a course cluster,True,,I4405258157
IIT Roorkee,1455,Tamil Nadu Dr. M.G.R. Medical University,0,0,7,2,Not a course cluster,True,,I2800701874
IIT Roorkee,1456,Arid Forest Research Institute,0,0,7,3,Not a course cluster,True,,I140470919
IIT Roorkee,1457,NETES Institute of Pharmaceutical Science,0,0,7,0,Not a course cluster,True,,I4405263119
IIT Roorkee,1458,Directorate of Medicinal and Aromatic Plants Research,0,0,7,1,Not a course cluster,True,,I4210147308
IIT Roorkee,1459,Jawaharlal Nehru Medical College,0,0,7,11,Not a course cluster,True,,I4210104297
IIT Roorkee,1460,Swami Vivekananda Yoga Anusandhana Samsthana,0,0,7,11,Not a course cluster,True,,I2800348719
IIT Roorkee,1461,Vimal Jyothi Engineering College,0,0,7,3,Not a course cluster,True,,I4405262108
IIT Roorkee,1462,Darjeeling Government College,0,0,7,15,Not a course cluster,True,,I4405271790
IIT Roorkee,1463,Uttar Pradesh University of Medical Sciences,0,0,7,7,Not a course cluster,True,,I4405279234
IIT Roorkee,1464,Taki Government College,0,0,7,5,Not a course cluster,True,,I4405278067
IIT Roorkee,1465,Chettinad Health City,0,0,7,10,Not a course cluster,True,,I2801758192
IIT Roorkee,1466,French Institute of Pondicherry,0,0,7,24,Not a course cluster,True,,I86713406
IIT Roorkee,1467,Poornaprajna Institute of Management,0,0,7,0,Not a course cluster,True,,I4405259281
IIT Roorkee,1468,Abhilashi University,0,0,7,6,Not a course cluster,True,,I4405260938
IIT Roorkee,1469,Chaudhary Ranbir Singh University,0,0,7,8,Not a course cluster,True,,I3129388638
IIT Roorkee,1470,Palamuru University,0,0,7,5,Not a course cluster,True,,I210116565
IIT Roorkee,1471,"RVS College of Engineering & Technology, Jamshedpur",0,0,7,4,Not a course cluster,True,,I4405256256
IIT Roorkee,1472,Krishna Institute of Medical Sciences Deemed University,0,0,7,0,Not a course cluster,True,,I4210130471
IIT Roorkee,1473,Haldia Government College,0,0,7,8,Not a course cluster,True,,I4405275834
IIT Roorkee,1474,Midnapore City College,0,0,7,2,Not a course cluster,True,,I4405276176
IIT Roorkee,1475,Tamil Nadu Veterinary and Animal Sciences University,0,0,7,10,Not a course cluster,True,,I82452031
IIT Roorkee,1476,Indian Grassland and Fodder Research Institute,0,0,7,26,Not a course cluster,True,,I1296611117
IIT Roorkee,1477,St. Xavier's College,0,0,15,27,Not a course cluster,True,,I4405276825
IIT Roorkee,1478,Sardar Patel Renewable Energy Research Institute,0,0,7,22,Not a course cluster,True,,I4210142682
IIT Roorkee,1479,National Bureau of Fish Genetic Resources,0,0,7,6,Not a course cluster,True,,I4210090005
IIT Roorkee,1480,SRM Dental College,0,0,7,8,Not a course cluster,True,,I4210101314
IIT Roorkee,1481,Acharya Jagadish Chandra Bose College,0,0,7,1,Not a course cluster,True,,I4405277603
IIT Roorkee,1482,Women's Christian College,0,0,7,5,Not a course cluster,True,,I4405265746
IIT Roorkee,1483,Bhartiya Skill Development University,0,0,7,7,Not a course cluster,True,,I3133421068
IIT Roorkee,1484,Asian Institute of Public Health,0,0,7,7,Not a course cluster,True,,I4210115110
IIT Roorkee,1485,Krishna Institute of Medical Sciences,0,0,7,3,Not a course cluster,True,,I4210091132
IIT Roorkee,1486,Bombay College of Pharmacy,0,0,7,20,Not a course cluster,True,,I4210111665
IIT Roorkee,1487,Raniganj Girls' College,0,0,7,15,Not a course cluster,True,,I4405279348
IIT Roorkee,1488,Goalpara College,0,0,7,1,Not a course cluster,True,,I4405260027
IIT Roorkee,1489,Borlaug Institute for South Asia,0,0,6,23,Not a course cluster,True,,I4210105543
IIT Roorkee,1490,Suri Vidyasagar College,0,0,6,3,Not a course cluster,True,,I4405276729
IIT Roorkee,1491,Rani Rashmoni Green University,0,0,6,4,Not a course cluster,True,,I4405271215
IIT Roorkee,1492,M.H. Saboo Siddik College Of Engineering,0,0,6,2,Not a course cluster,True,,I4405263063
IIT Roorkee,1493,Sai University,0,0,6,0,Not a course cluster,True,,I4405259325
IIT Roorkee,1494,National Research Centre on Equines,0,0,6,13,Not a course cluster,True,,I17539415
IIT Roorkee,1495,St.John's Medical College Hospital,0,0,6,24,Not a course cluster,True,,I4210145302
IIT Roorkee,1496,St. Stephen's College,0,0,6,0,Not a course cluster,True,,I4405274875
IIT Roorkee,1497,Vidyalankar Institute of Technology,0,0,6,6,Not a course cluster,True,,I4405277001
IIT Roorkee,1498,Department of Scientific and Industrial Research,0,0,6,10,Not a course cluster,True,,I4210153020
IIT Roorkee,1499,Zydus Lifesciences Limited (India),0,0,6,9,Not a course cluster,True,,I4210132663
IIT Roorkee,1500,SRM University Sikkim,0,0,6,1,Not a course cluster,True,,I4405260625
IIT Roorkee,1501,Nalla Narasimha Reddy Education Society's Group of Institutions,0,0,6,2,Not a course cluster,True,,I4405257354
IIT Roorkee,1502,Bengaluru City University,0,0,6,5,Not a course cluster,True,,I4405260856
IIT Roorkee,1503,Central Institute For Subtropical Horticulture,0,0,6,4,Not a course cluster,True,,I4210099926
IIT Roorkee,1504,Urban Emissions Info,0,0,6,28,Not a course cluster,True,,I4210160135
IIT Roorkee,1505,National Institute Of Veterinary Epidemiology And Disease Informatics,0,0,6,14,Not a course cluster,True,,I4210160780
IIT Roorkee,1506,Aarupadai Veedu Medical College & Hospital,0,0,6,0,Not a course cluster,True,,I222471920
IIT Roorkee,1507,Jagannath Barooah University,0,0,6,1,Not a course cluster,True,,I4405262295
IIT Roorkee,1508,Central Institute of Fisheries Technology,0,0,6,26,Not a course cluster,True,,I1304743227
IIT Roorkee,1509,"All India Institute of Medical Sciences, Deoghar",0,0,6,0,Not a course cluster,True,,I4396570500
IIT Roorkee,1510,Proof & Experimental Establishment,0,0,6,6,Not a course cluster,True,,I4210140099
IIT Roorkee,1511,Indian Institute of Information Technology Vadodara,0,0,6,8,IIITs,True,,I4210100893
IIT Roorkee,1512,Rishi Bankim Chandra College for Women,0,0,6,7,Not a course cluster,True,,I4405261869
IIT Roorkee,1513,Central Tuber Crops Research Institute,0,0,6,6,Not a course cluster,True,,I1322336093
IIT Roorkee,1514,National Institute of Animal Nutrition and Physiology,0,0,6,9,Not a course cluster,True,,I4210126702
IIT Roorkee,1515,Shriram Institute for Industrial Research,0,0,6,16,Not a course cluster,True,,I4210115767
IIT Roorkee,1516,Mother Theresa Institute Of Engineering And Technology,0,0,6,0,Not a course cluster,True,,I4405261114
IIT Roorkee,1517,ICAR-Indian Institute of Maize Research,0,0,6,10,Not a course cluster,True,,I4210155935
IIT Roorkee,1518,"School of Management Sciences, Varanasi",0,0,6,0,Not a course cluster,True,,I4405257256
IIT Roorkee,1519,Seethalakshmi Ramaswami College,0,0,6,0,Not a course cluster,True,,I4405277279
IIT Roorkee,1520,CSMSS Chh. Shahu College of Engineering,0,0,6,0,Not a course cluster,True,,I4405261485
IIT Roorkee,1521,Kalpavriksh,0,0,6,1,Not a course cluster,True,,I4210148176
IIT Roorkee,1522,Lady Doak College,0,0,6,12,Not a course cluster,True,,I4405265954
IIT Roorkee,1523,"Institute of Pharmacy & Technology, Salipur",0,0,6,2,Not a course cluster,True,,I4405265529
IIT Roorkee,1524,Maharaja Ganga Singh University,0,0,6,1,Not a course cluster,True,,I220911346
IIT Roorkee,1525,Jagdish Sheth School of Management,0,0,6,4,Not a course cluster,True,,I4405262366
IIT Roorkee,1526,Ananda Chandra College,0,0,6,3,Not a course cluster,True,,I4405272131
IIT Roorkee,1527,MVN University,0,0,6,2,Not a course cluster,True,,I3132695963
IIT Roorkee,1528,Atria University,0,0,6,5,Not a course cluster,True,,I4405253771
IIT Roorkee,1529,Kanchrapara College,0,0,6,10,Not a course cluster,True,,I4405275283
IIT Roorkee,1530,St Xavier’s College,0,0,6,7,Not a course cluster,True,,I906608882
IIT Roorkee,1531,B.E.S.T Innovation University,0,0,6,1,Not a course cluster,True,,I4405254720
IIT Roorkee,1532,Tamil Nadu Dr. Ambedkar Law University,0,0,6,1,Not a course cluster,True,,I2800591429
IIT Roorkee,1533,"Science College, Kokrajhar",0,0,6,0,Not a course cluster,True,,I4405266001
IIT Roorkee,1534,Kutir Post Graduate College,0,0,6,17,Not a course cluster,True,,I4405264415
IIT Roorkee,1535,Unilever (India),0,0,6,6,Not a course cluster,True,,I4210124316
IIT Roorkee,1536,National Institute of Research on Jute and Allied Fibre Technology,0,0,6,10,Not a course cluster,True,,I4210122202
IIT Roorkee,1537,Tilak Dhari Post Graduate College,0,0,6,2,Not a course cluster,True,,I4210087875
IIT Roorkee,1538,Mahatma Gandhi Medical College and Research Institute,0,0,6,4,Not a course cluster,True,,I1302623664
IIT Roorkee,1539,Jawaharlal Nehru Tropical Botanic Garden and Research Institute,0,0,6,4,Not a course cluster,True,,I2800926800
IIT Roorkee,1540,Raipur Municipal Corporation,0,0,6,0,Not a course cluster,True,,I4210108023
IIT Roorkee,1541,National Research Centre on Plant Biotechnology,0,0,6,25,Not a course cluster,True,,I4210091233
IIT Roorkee,1542,Mahatma Gandhi Chitrakoot Gramodaya Vishwavidyalaya,0,0,6,5,Not a course cluster,True,,I2802348884
IIT Roorkee,1543,Rashtriya Raksha University,0,0,6,2,Not a course cluster,True,,I3132447494
IIT Roorkee,1544,Father Muller Medical College Hospital,0,0,6,2,Not a course cluster,True,,I17647740
IIT Roorkee,1545,Asian School of Business,0,0,5,0,Not a course cluster,True,,I4405275363
IIT Roorkee,1546,Central Manufacturing Technology Institute,0,0,5,2,Not a course cluster,True,,I4210133459
IIT Roorkee,1547,Pandu College,0,0,5,1,Not a course cluster,True,,I4405271476
IIT Roorkee,1548,Indian Navy,0,0,5,5,Not a course cluster,True,,I2800120229
IIT Roorkee,1549,"Kasturba Medical College, Mangalore",0,0,5,8,Not a course cluster,True,,I4387153400
IIT Roorkee,1550,Central Council for Research in Siddha,0,0,5,6,Not a course cluster,True,,I4210161912
IIT Roorkee,1551,Gas Turbine Research Establishment,0,0,5,7,Not a course cluster,True,,I19144141
IIT Roorkee,1552,Nizam's Institute of Medical Sciences,0,0,5,16,Not a course cluster,True,,I139669409
IIT Roorkee,1553,Centre For Development Studies,0,0,5,15,Not a course cluster,True,,I157886920
IIT Roorkee,1554,Manipur International University,0,0,5,1,Not a course cluster,True,,I4405256854
IIT Roorkee,1555,Bagadhar Brahma Kishan College,0,0,5,0,Not a course cluster,True,,I4399657952
IIT Roorkee,1556,Emami (India),0,0,5,2,Not a course cluster,True,,I4210096895
IIT Roorkee,1557,"Annasaheb Magar Mahavidyalaya, Hadapsar, Pune",0,0,5,7,Not a course cluster,True,,I4405258223
IIT Roorkee,1558,Gobardanga Hindu College,0,0,5,8,Not a course cluster,True,,I4405275311
IIT Roorkee,1559,Sri Devaraj Urs Academy of Higher Education and Research,0,0,5,4,Not a course cluster,True,,I4210137392
IIT Roorkee,1560,PSG Institute of Medical Sciences & Research,0,0,5,4,Not a course cluster,True,,I174404548
IIT Roorkee,1561,Bangabasi Evening College,0,0,5,1,Not a course cluster,True,,I4405264965
IIT Roorkee,1562,Bharti Hospital,0,0,5,3,Not a course cluster,True,,I4210153282
IIT Roorkee,1563,Arya Vidyapeeth College,0,0,5,1,Not a course cluster,True,,I4405271691
IIT Roorkee,1564,GLS University,0,0,5,0,Not a course cluster,True,,I4210088600
IIT Roorkee,1565,Central Council for Research in Unani Medicine,0,0,5,1,Not a course cluster,True,,I4210137253
IIT Roorkee,1566,Kalinga Institute of Social Sciences,0,0,5,0,Not a course cluster,True,,I4405262510
IIT Roorkee,1567,Centre of Plasma Physics - Institute for Plasma Research,0,0,5,4,Not a course cluster,True,,I4210118770
IIT Roorkee,1568,"Bansal Institute of Engineering And Technology, Lucknow",0,0,5,1,Not a course cluster,True,,I4405259534
IIT Roorkee,1569,Rajendra Memorial National Institute of Health Research,0,0,5,6,Not a course cluster,True,,I134315084
IIT Roorkee,1570,Delhi Pollution Control Committee,0,0,5,2,Not a course cluster,True,,I4405272803
IIT Roorkee,1571,IILM University Gurugram,0,0,5,0,Not a course cluster,True,,I4405263562
IIT Roorkee,1572,Manipal Hospital,0,0,5,6,Not a course cluster,True,,I4210165321
IIT Roorkee,1573,C. U. Shah University,0,0,5,4,Not a course cluster,True,,I1320404931
IIT Roorkee,1574,Dr D Y Patil Dental College & Hospital,0,0,5,7,Not a course cluster,True,,I4210162544
IIT Roorkee,1575,Dr. D. Y. Patil B-School,0,0,5,1,Not a course cluster,True,,I4405257030
IIT Roorkee,1576,Nanaji Deshmukh Veterinary Science University,0,0,5,4,Not a course cluster,True,,I4210156499
IIT Roorkee,1577,Thermax (India),0,0,5,4,Not a course cluster,True,,I2801392924
IIT Roorkee,1578,Centre for Policy Research,0,0,5,25,Not a course cluster,True,,I1301844980
IIT Roorkee,1579,People’s University,0,0,5,3,Not a course cluster,True,,I4210144829
IIT Roorkee,1580,Ministry of Mines,0,0,5,0,Not a course cluster,True,,I4405256676
IIT Roorkee,1581,"St. Paul's College, Kalamassery",0,0,5,1,Not a course cluster,True,,I4405261718
IIT Roorkee,1582,University of Horticultural Sciences Bagalkote,0,0,5,4,Not a course cluster,True,,I102458738
IIT Roorkee,1583,St. Francis Institute of Technology,0,0,5,8,Not a course cluster,True,,I4405260832
IIT Roorkee,1584,Institute of Engineering & Technology,0,0,5,0,Not a course cluster,True,,I4405277920
IIT Roorkee,1585,Gujarat Vidyapith,0,0,5,12,Not a course cluster,True,,I347335806
IIT Roorkee,1586,Pt. Jawahar Lal Nehru Memorial Medical College,0,0,5,2,Not a course cluster,True,,I2799791569
IIT Roorkee,1587,Rain Forest Research Institute,0,0,5,7,Not a course cluster,True,,I1291714003
IIT Roorkee,1588,Social Change and Development,0,0,5,10,Not a course cluster,True,,I4210144541
IIT Roorkee,1589,Bharathiyar Institute of Engineering for Women,0,0,5,0,Not a course cluster,True,,I4405256908
IIT Roorkee,1590,Raghunathpur College,0,0,5,5,Not a course cluster,True,,I4405272943
IIT Roorkee,1591,"ICFAI University, Dehradun",0,0,5,6,Not a course cluster,True,,I55124834
IIT Roorkee,1592,Institute of Forest Genetics and Tree Breeding,0,0,5,1,Not a course cluster,True,,I4210133185
IIT Roorkee,1593,Chhatrapati Shivaji Maharaj University,0,0,5,0,Not a course cluster,True,,I4405275343
IIT Roorkee,1594,Dnyaan Prasad Global University,0,0,5,0,Not a course cluster,True,,I4405261768
IIT Roorkee,1595,Hooghly Mohsin College,0,0,5,25,Not a course cluster,True,,I4405274499
IIT Roorkee,1596,Techno India Group (India),0,0,5,6,Not a course cluster,True,,I4210132326
IIT Roorkee,1597,United Nations Children's Fund India,0,0,5,37,Not a course cluster,True,,I4210159699
IIT Roorkee,1598,Advanced Instrumentation Research Facility,0,0,5,7,Not a course cluster,True,,I4405281529
IIT Roorkee,1599,HLL Lifecare (India),0,0,5,6,Not a course cluster,True,,I4210092007
IIT Roorkee,1600,Madras Medical College,0,0,5,3,Not a course cluster,True,,I159337121
IIT Roorkee,1601,Bangabasi College,0,0,5,1,Not a course cluster,True,,I4405271881
IIT Roorkee,1602,Behala College,0,0,5,16,Not a course cluster,True,,I4405276439
IIT Roorkee,1603,Inspiration Innovation Synergy University,0,0,5,8,Not a course cluster,True,,I4210154633
IIT Roorkee,1604,Sri Muthukumaran Institute of Technology,0,0,5,1,Not a course cluster,True,,I4405261353
IIT Roorkee,1605,Center for Study of Science Technology and Policy,0,0,5,24,Not a course cluster,True,,I2802876690
IIT Roorkee,1606,Rayat Shikshan Sanstha,0,0,5,2,Not a course cluster,True,,I2801997238
IIT Roorkee,1607,National Institute of Cancer Prevention and Research,0,0,5,5,Not a course cluster,True,,I4210160993
IIT Roorkee,1608,Federal Institute of Science and Technology,0,0,5,1,Not a course cluster,True,,I4405263975
IIT Roorkee,1609,Kakatiya Medical College,0,0,5,2,Not a course cluster,True,,I4405262917
IIT Roorkee,1610,Rajasthan University of Health Sciences,0,0,5,4,Not a course cluster,True,,I2802772831
IIT Roorkee,1611,Combat Vehicles Research and Development Establishment,0,0,5,6,Not a course cluster,True,,I4210162812
IIT Roorkee,1612,Central Institute of Brackishwater Aquaculture,0,0,5,2,Not a course cluster,True,,I2800988382
IIT Roorkee,1613,"Government College of Engineering, Erode",0,0,5,11,Not a course cluster,True,,I4405263326
IIT Roorkee,1614,Alphonsa College,0,0,5,2,Not a course cluster,True,,I4405277305
IIT Roorkee,1615,Sardarkrushinagar Dantiwada Agricultural University,0,0,5,4,Not a course cluster,True,,I271267010
IIT Roorkee,1616,"Indian Institute of Information Technology and Management, Kerala",0,0,5,18,IIITs,True,,I68695296
IIT Roorkee,1617,Don Bosco College of Engineering,0,0,5,0,Not a course cluster,True,,I4405271317
IIT Roorkee,1618,Sandip Institute of Engineering and Management,0,0,5,0,Not a course cluster,True,,I4405271904
IIT Roorkee,1619,Mahayogi Gorakhnath University Gorakhpur,0,0,5,0,Not a course cluster,True,,I4405271232
IIT Roorkee,1620,Meenakshi Ammal Dental College and Hospital,0,0,5,2,Not a course cluster,True,,I4210109571
IIT Roorkee,1621,Guru Nanak Institute of Pharmaceutical Science and Technology,0,0,5,1,Not a course cluster,True,,I4405277074
IIT Roorkee,1622,Coir Board of India,0,0,5,0,Not a course cluster,True,,I4210163736
IIT Roorkee,1623,"D.A.V. P.G. College, Lucknow",0,0,5,3,Not a course cluster,True,,I4405258482
IIT Roorkee,1624,LDRP Institute of Technology and Research,0,0,4,4,Not a course cluster,True,,I4405279395
IIT Roorkee,1625,Lady Hardinge Medical College,0,0,4,11,Not a course cluster,True,,I114546181
IIT Roorkee,1626,Government Medical College,0,0,30,55,Not a course cluster,True,,I180771373
IIT Roorkee,1627,Vision Research Foundation,0,0,4,12,Not a course cluster,True,,I4405267514
IIT Roorkee,1628,Sanjay Ghodawat Institute,0,0,4,0,Not a course cluster,True,,I4405285359
IIT Roorkee,1629,College of Engineering & Management Kapurthala,0,0,4,0,Not a course cluster,True,,I4405278012
IIT Roorkee,1630,King Edward Memorial Hospital and Seth G.S. Medical College,0,0,4,17,Not a course cluster,True,,I193353881
IIT Roorkee,1631,National Innovation Foundation,0,0,4,0,Not a course cluster,True,,I4210144596
IIT Roorkee,1632,Auro University,0,0,4,1,Not a course cluster,True,,I3131412830
IIT Roorkee,1633,Alipurduar University,0,0,4,2,Not a course cluster,True,,I4405273222
IIT Roorkee,1634,STMicroelectronics (India),0,0,4,5,Not a course cluster,True,,I4210094169
IIT Roorkee,1635,Sankara Nethralaya,0,0,4,14,Not a course cluster,True,,I118298837
IIT Roorkee,1636,MES Ponnani College,0,0,4,4,Not a course cluster,True,,I4405263485
IIT Roorkee,1637,St. Mother Theresa Engineering College,0,0,4,1,Not a course cluster,True,,I4405259866
IIT Roorkee,1638,Kanchi Mamunivar Centre for Post Graduate Studies,0,0,4,1,Not a course cluster,True,,I4210089590
IIT Roorkee,1639,Rajeev Institute of Technology,0,0,4,0,Not a course cluster,True,,I4405264798
IIT Roorkee,1640,Cipla (India),0,0,4,4,Not a course cluster,True,,I4210133301
IIT Roorkee,1641,Indo Korea Science and Technology,0,0,4,3,Not a course cluster,True,,I4210152052
IIT Roorkee,1642,Karpagam College of Pharmacy Coimbatore,0,0,4,2,Not a course cluster,True,,I4405258200
IIT Roorkee,1643,Directorate of Groundnut Research,0,0,4,4,Not a course cluster,True,,I2801342896
IIT Roorkee,1644,Sree Gokulam Medical College and Research Foundation,0,0,4,0,Not a course cluster,True,,I4210129408
IIT Roorkee,1645,Advanced Systems Laboratory,0,0,4,6,Not a course cluster,True,,I4210101698
IIT Roorkee,1646,Gurudas College,0,0,4,8,Not a course cluster,True,,I4405276635
IIT Roorkee,1647,Uttarakhand Open University,0,0,4,4,Not a course cluster,True,,I185596852
IIT Roorkee,1648,Engineers India (India),0,0,4,7,Not a course cluster,True,,I46308248
IIT Roorkee,1649,"Gurucharan University, Silchar",0,0,4,3,Not a course cluster,True,,I4405274744
IIT Roorkee,1650,"Dr. B. R. Ambedkar University, Srikakulam",0,0,4,0,Not a course cluster,True,,I4405269582
IIT Roorkee,1651,"Government Engineering College, Rajkot",0,0,4,12,Not a course cluster,True,,I4405270285
IIT Roorkee,1652,Max Healthcare,0,0,4,3,Not a course cluster,True,,I307255591
IIT Roorkee,1653,"Babasaheb Naik College of Engineering, Pusad",0,0,4,2,Not a course cluster,True,,I4405276991
IIT Roorkee,1654,"Carmel College of Arts, Science and Commerce for Women",0,0,4,2,Not a course cluster,True,,I4405261201
IIT Roorkee,1655,Sona College of Arts and Science,0,0,4,0,Not a course cluster,True,,I4405259958
IIT Roorkee,1656,Indo-US Science and Technology Forum,0,0,4,0,Not a course cluster,True,,I4210145276
IIT Roorkee,1657,University of Agricultural and Horticultural Sciences,0,0,4,8,Not a course cluster,True,,I4210150675
IIT Roorkee,1658,Spices Board India,0,0,4,0,Not a course cluster,True,,I4210134647
IIT Roorkee,1659,Swami Vivekanand College of Pharmacy,0,0,4,3,Not a course cluster,True,,I4210115326
IIT Roorkee,1660,Seth Anandram Jaipuria College,0,0,4,0,Not a course cluster,True,,I4405280749
IIT Roorkee,1661,Tropical Forest Research Institute,0,0,4,2,Not a course cluster,True,,I1284847757
IIT Roorkee,1662,ICAR - Central Island Agricultural Research Institute,0,0,4,3,Not a course cluster,True,,I4210151296
IIT Roorkee,1663,Vijaygarh Jyotish Ray College,0,0,4,0,Not a course cluster,True,,I4405277963
IIT Roorkee,1664,Jagannath University,0,0,4,1,Not a course cluster,True,,I150263970
IIT Roorkee,1665,Jangipur College,0,0,4,2,Not a course cluster,True,,I4405270277
IIT Roorkee,1666,Mahatma Gandhi Mission Medical College and Hospital,0,0,4,1,Not a course cluster,True,,I4210113792
IIT Roorkee,1667,Providence Women's College (Autonomous),0,0,4,1,Not a course cluster,True,,I4405260272
IIT Roorkee,1668,Central University of Odisha,0,0,4,2,Not a course cluster,True,,I4210129043
IIT Roorkee,1669,"G.S. Science, Arts And Commerce College",0,0,4,4,Not a course cluster,True,,I4210144496
IIT Roorkee,1670,ICAR - Agricultural Technology Application Research Institute,0,0,4,1,Not a course cluster,True,,I4405255076
IIT Roorkee,1671,Indian Air Force,0,0,4,10,Not a course cluster,True,,I2801959050
IIT Roorkee,1672,Audisankara (Deemed to be University),0,0,4,3,Not a course cluster,True,,I4405268729
IIT Roorkee,1673,Trident Academy of Technology,0,0,4,2,Not a course cluster,True,,I4405277697
IIT Roorkee,1674,"Toshniwal Arts, Commerce, and Science College",0,0,4,3,Not a course cluster,True,,I4405263630
IIT Roorkee,1675,RKDF University,0,0,4,3,Not a course cluster,True,,I2801027606
IIT Roorkee,1676,Rishihood University,0,0,4,1,Not a course cluster,True,,I4405256055
IIT Roorkee,1677,Administrative Staff College of India,0,0,4,21,Not a course cluster,True,,I187424834
IIT Roorkee,1678,"All India Institute of Medical Sciences, Vijaypur, Jammu",0,0,4,0,Not a course cluster,True,,I4405256279
IIT Roorkee,1679,Defence Food Research Laboratory,0,0,4,30,Not a course cluster,True,,I2802608988
IIT Roorkee,1680,National Research Centre on Camel,0,0,4,1,Not a course cluster,True,,I4210126554
IIT Roorkee,1681,Maulana Azad Medical College,0,0,4,21,Not a course cluster,True,,I39190216
IIT Roorkee,1682,Cancer Institute (WIA),0,0,4,5,Not a course cluster,True,,I2801345345
IIT Roorkee,1683,"Sardar Patel University of Police, Security and Criminal Justice, Jodhpur",0,0,4,1,Not a course cluster,True,,I4387156176
IIT Roorkee,1684,"Jagannath International Management School, Kalkaji, New Delhi",0,0,4,0,Not a course cluster,True,,I4405255379
IIT Roorkee,1685,Institute of Bioinformatics,0,0,4,11,Not a course cluster,True,,I4210148697
IIT Roorkee,1686,Central Institute of Freshwater Aquaculture,0,0,4,6,Not a course cluster,True,,I197888225
IIT Roorkee,1687,Bankura Sammilani Medical College,0,0,4,0,Not a course cluster,True,,I127174594
IIT Roorkee,1688,Armament Research and Development Establishment,0,0,4,8,Not a course cluster,True,,I2801496733
IIT Roorkee,1689,St. Xavier's College,0,0,15,27,Not a course cluster,True,,I4405254408
IIT Roorkee,1690,Meenakshi Medical College Hospital and Research Institute,0,0,4,0,Not a course cluster,True,,I4210133582
IIT Roorkee,1691,Mary Matha Arts and Science College,0,0,4,1,Not a course cluster,True,,I4405259808
IIT Roorkee,1692,Mahatma Gandhi Mission Institute of Health Sciences,0,0,4,3,Not a course cluster,True,,I4210107677
IIT Roorkee,1693,Shree Dhanvantary Pharmacy College,0,0,4,3,Not a course cluster,True,,I4405274818
IIT Roorkee,1694,Guru Gobind Singh Medical College and Hospital,0,0,4,1,Not a course cluster,True,,I2800404181
IIT Roorkee,1695,"Government Degree College, Kamalpur",0,0,4,0,Not a course cluster,True,,I4405280420
IIT Roorkee,1696,Damodaram Sanjivayya National Law University,0,0,4,0,Not a course cluster,True,,I2802767510
IIT Roorkee,1697,"Maharana Pratap Horticultural University, Karnal",0,0,4,1,Not a course cluster,True,,I4405261572
IIT Roorkee,1698,College of Medicine & Sagore Dutta Hospital,0,0,4,5,Not a course cluster,True,,I265637623
IIT Roorkee,1699,Nabarangpur College,0,0,4,0,Not a course cluster,True,,I4405256317
IIT Roorkee,1700,Murshidabad University,0,0,4,0,Not a course cluster,True,,I4405268342
IIT Roorkee,1701,Science and Engineering Research Board,0,0,4,9,Not a course cluster,True,,I2799536621
IIT Roorkee,1702,Krishna University,0,0,4,5,Not a course cluster,True,,I221092938
IIT Roorkee,1703,Institute of Forest Productivity,0,0,4,1,Not a course cluster,True,,I4210136636
IIT Roorkee,1704,Institute of Pesticide Formulation Technology,0,0,4,14,Not a course cluster,True,,I4210132190
IIT Roorkee,1705,Mannar Thirumalai Naicker College,0,0,4,0,Not a course cluster,True,,I4405265996
IIT Roorkee,1706,Government College for Women Anantnag,0,0,4,3,Not a course cluster,True,,I2801651121
IIT Roorkee,1707,Sree Balaji Dental College and Hospital,0,0,4,3,Not a course cluster,True,,I4210131094
IIT Roorkee,1708,GlaxoSmithKline (India),0,0,4,0,Not a course cluster,True,,I4210099842
IIT Roorkee,1709,National Institute of Rock Mechanics,0,0,4,14,Not a course cluster,True,,I4405253853
IIT Roorkee,1710,Bastar University,0,0,4,0,Not a course cluster,True,,I4210135828
IIT Roorkee,1711,Swami Keshwanand Rajasthan Agricultural University,0,0,3,4,Not a course cluster,True,,I2801834944
IIT Roorkee,1712,Government Engineering College Wayanad,0,0,3,1,Not a course cluster,True,,I4405263743
IIT Roorkee,1713,Institute of Livelihood Research and Training,0,0,3,1,Not a course cluster,True,,I4210128641
IIT Roorkee,1714,Pragjyotish College,0,0,3,1,Not a course cluster,True,,I4405274032
IIT Roorkee,1715,Indian Institute of Plantation Management,0,0,3,7,Not a course cluster,True,,I99383213
IIT Roorkee,1716,Vector Control Research Centre,0,0,3,6,Not a course cluster,True,,I4210144797
IIT Roorkee,1717,Institute of Technology Management,0,0,3,3,Not a course cluster,True,,I4210145362
IIT Roorkee,1718,Fortis Hospital,0,0,4,6,Not a course cluster,True,,I4210143252
IIT Roorkee,1719,International Institute of Biotechnology and Toxicology,0,0,3,1,Not a course cluster,True,,I4210138875
IIT Roorkee,1720,National Institute of Health and Family Welfare,0,0,3,9,Not a course cluster,True,,I4210094607
IIT Roorkee,1721,Maharashtra University of Health Sciences,0,0,3,2,Not a course cluster,True,,I149766970
IIT Roorkee,1722,Paras Hospitals,0,0,3,0,Not a course cluster,True,,I4210092216
IIT Roorkee,1723,Fernandez Hospital,0,0,3,0,Not a course cluster,True,,I4210094209
IIT Roorkee,1724,Kaushalya the Skill University,0,0,3,0,Not a course cluster,True,,I4405259734
IIT Roorkee,1725,"Govt.W.W. Patankar Girls’ PG College, Durg",0,0,3,1,Not a course cluster,True,,I4405263452
IIT Roorkee,1726,Indian Institute of Soybean Research,0,0,3,5,Not a course cluster,True,,I4210166498
IIT Roorkee,1727,Babu Shivnath Agrawal (PG) College,0,0,3,0,Not a course cluster,True,,I4405284233
IIT Roorkee,1728,Sabarmati University,0,0,3,0,Not a course cluster,True,,I3129738059
IIT Roorkee,1729,Netaji Nagar College for Women,0,0,3,1,Not a course cluster,True,,I4405271299
IIT Roorkee,1730,R. N. G. Patel Institute of Technology,0,0,3,3,Not a course cluster,True,,I4405254091
IIT Roorkee,1731,Chandernagore College,0,0,3,7,Not a course cluster,True,,I4405276588
IIT Roorkee,1732,Institute of Forest Biodiversity,0,0,3,0,Not a course cluster,True,,I4405263591
IIT Roorkee,1733,Universal Engineering College,0,0,3,5,Not a course cluster,True,,I2833836602
IIT Roorkee,1734,"City College, Kolkata",0,0,3,2,Not a course cluster,True,,I4405255523
IIT Roorkee,1735,Asian Development Research Institute,0,0,3,3,Not a course cluster,True,,I2801208972
IIT Roorkee,1736,Dravidian University,0,0,3,3,Not a course cluster,True,,I288045149
IIT Roorkee,1737,Hari Shankar Singhania Elastomer And Tyre Research Institute,0,0,3,5,Not a course cluster,True,,I4210099537
IIT Roorkee,1738,ICAR - National Meat Research Institute,0,0,3,0,Not a course cluster,True,,I4210131297
IIT Roorkee,1739,Microsoft Research (India),0,0,3,12,Not a course cluster,True,,I4210124949
IIT Roorkee,1740,Dr. K.N.Modi University,0,0,3,3,Not a course cluster,True,,I3133069541
IIT Roorkee,1741,International School of Management Excellence,0,0,3,0,Not a course cluster,True,,I4405278847
IIT Roorkee,1742,Reserve Bank of India,0,0,3,42,Not a course cluster,True,,I1287339526
IIT Roorkee,1743,Satyawati College (Evening),0,0,3,4,Not a course cluster,True,,I4405284013
IIT Roorkee,1744,Nalsar University of Law,0,0,3,1,Not a course cluster,True,,I2802231754
IIT Roorkee,1745,Engineering Staff College of India,0,0,3,1,Not a course cluster,True,,I4405261761
IIT Roorkee,1746,Institute of Development Studies Kolkata,0,0,3,2,Not a course cluster,True,,I4405262774
IIT Roorkee,1747,Bahona College,0,0,3,2,Not a course cluster,True,,I4405267063
IIT Roorkee,1748,"ICAR-Directorate of Rapeseed-Mustard Research, Bharatpur",0,0,3,16,Not a course cluster,True,,I4210110189
IIT Roorkee,1749,Kirloskar Group (India),0,0,3,1,Not a course cluster,True,,I4210157906
IIT Roorkee,1750,"Post Graduate Government College, Sector 11, Chandigarh",0,0,3,11,Not a course cluster,True,,I4405278138
IIT Roorkee,1751,University of Trans-Disciplinary Health Sciences and Technology,0,0,3,1,Not a course cluster,True,,I3132239849
IIT Roorkee,1752,National Institute of Occupational Health,0,0,3,5,Not a course cluster,True,,I4210105310
IIT Roorkee,1753,Tata Motors (India),0,0,3,11,Not a course cluster,True,,I1301507905
IIT Roorkee,1754,"Dr. Ambedkar Institute of Hotel Management, Catering, and Nutrition",0,0,3,0,Not a course cluster,True,,I4405263703
IIT Roorkee,1755,Aurobindo Pharma (India),0,0,3,2,Not a course cluster,True,,I4210110833
IIT Roorkee,1756,Bombay Natural History Society,0,0,3,0,Not a course cluster,True,,I82034984
IIT Roorkee,1757,KMEA Engineering College,0,0,3,1,Not a course cluster,True,,I4405257739
IIT Roorkee,1758,Trichy SRM Medical College Hospital and Research Centre,0,0,3,0,Not a course cluster,True,,I4210115651
IIT Roorkee,1759,K.S.R. Institute of Dental Science and Research,0,0,3,0,Not a course cluster,True,,I4405273479
IIT Roorkee,1760,National Center for Disease Control,0,0,3,12,Not a course cluster,True,,I103004294
IIT Roorkee,1761,Sree Sevugan Annamalai College,0,0,3,2,Not a course cluster,True,,I4405267585
IIT Roorkee,1762,Johnson & Johnson (India),0,0,3,2,Not a course cluster,True,,I4210163153
IIT Roorkee,1763,National Institute for Research in Reproductive Health,0,0,3,33,Not a course cluster,True,,I143929237
IIT Roorkee,1764,K.L.E. Society's S. Nijalingappa College,0,0,3,0,Not a course cluster,True,,I4405284022
IIT Roorkee,1765,Jorhat Institute of Science and Technology,0,0,3,2,Not a course cluster,True,,I4405261314
IIT Roorkee,1766,Central Institute for Research on Goats,0,0,3,4,Not a course cluster,True,,I4210108051
IIT Roorkee,1767,Bhupendra Narayan Mandal University,0,0,3,2,Not a course cluster,True,,I3132435657
IIT Roorkee,1768,MES Mampad College (Autonomous),0,0,3,2,Not a course cluster,True,,I4405263133
IIT Roorkee,1769,"All India Institute of Medical Sciences, Rajkot",0,0,3,1,Not a course cluster,True,,I4405254203
IIT Roorkee,1770,Ramakrishna Mission Vivekananda College,0,0,3,4,Not a course cluster,True,,I4405279679
IIT Roorkee,1771,Apollo Hospitals,0,0,5,27,Not a course cluster,True,,I1327930874
IIT Roorkee,1772,"Dharanidhar University, Keonjhar",0,0,3,0,Not a course cluster,True,,I4405253117
IIT Roorkee,1773,Marudhar Kesari Jain College for Women,0,0,3,0,Not a course cluster,True,,I4405258697
IIT Roorkee,1774,Raja Balwant Singh College,0,0,3,9,Not a course cluster,True,,I4405276730
IIT Roorkee,1775,Dhenkanal Autonomous College,0,0,3,1,Not a course cluster,True,,I4405281989
IIT Roorkee,1776,Shri Neelkantheshwar Government Post-Graduate College,0,0,3,1,Not a course cluster,True,,I4405258359
IIT Roorkee,1777,Uttarakhand Jal Sansthan,0,0,3,4,Not a course cluster,True,,I4210110416
IIT Roorkee,1778,Sadiya College,0,0,3,0,Not a course cluster,True,,I4405253726
IIT Roorkee,1779,TempleCity Institute of Technology & Engineering,0,0,3,0,Not a course cluster,True,,I4405280863
IIT Roorkee,1780,Indian Institute of Spices Research,0,0,3,3,Not a course cluster,True,,I1296400463
IIT Roorkee,1781,Maharaja Agrasen Institute of Management Studies,0,0,3,2,Not a course cluster,True,,I4405259335
IIT Roorkee,1782,"Institute of Science, Nagpur",0,0,3,6,Not a course cluster,True,,I4405277029
IIT Roorkee,1783,Chameli Devi Institute of Pharmacy,0,0,3,1,Not a course cluster,True,,I4210162688
IIT Roorkee,1784,Bureau of Indian Standards,0,0,3,5,Not a course cluster,True,,I4405266059
IIT Roorkee,1785,Goa Dental College and Hospital,0,0,3,2,Not a course cluster,True,,I2800979047
IIT Roorkee,1786,Sarguja University,0,0,3,15,Not a course cluster,True,,I3132343680
IIT Roorkee,1787,National Brain Research Centre,0,0,3,51,Not a course cluster,True,,I85332549
IIT Roorkee,1788,SMBT College of Pharmacy,0,0,3,2,Not a course cluster,True,,I4405274066
IIT Roorkee,1789,Nalanda Open University,0,0,3,0,Not a course cluster,True,,I4210129035
IIT Roorkee,1790,P.G.D.A.V. College (Evening),0,0,3,1,Not a course cluster,True,,I4405260868
IIT Roorkee,1791,Government Medical College,0,0,30,55,Not a course cluster,True,,I4210164371
IIT Roorkee,1792,Columbia College,0,0,3,1,Not a course cluster,True,,I4405283503
IIT Roorkee,1793,Tezpur College,0,0,3,0,Not a course cluster,True,,I4405259082
IIT Roorkee,1794,Antara,0,0,3,4,Not a course cluster,True,,I4210119153
IIT Roorkee,1795,Govt. College Mananthavady,0,0,3,0,Not a course cluster,True,,I4405254586
IIT Roorkee,1796,Kedarnath Girdharilal Khatri Degree College,0,0,3,3,Not a course cluster,True,,I4405279864
IIT Roorkee,1797,University College of Engineering and Technology,0,0,3,1,Not a course cluster,True,,I4405278070
IIT Roorkee,1798,India Health Action Trust,0,0,3,2,Not a course cluster,True,,I4210136932
IIT Roorkee,1799,Assumption College,0,0,3,4,Not a course cluster,True,,I4405255754
IIT Roorkee,1800,Gitarattan International Business School,0,0,3,0,Not a course cluster,True,,I4405277619
IIT Roorkee,1801,ACS Medical College and Hospital,0,0,3,1,Not a course cluster,True,,I4210086035
IIT Roorkee,1802,Thai Moogambigai Dental College and Hospital,0,0,3,0,Not a course cluster,True,,I4210141999
IIT Roorkee,1803,National Research Centre for Integrated Pest Management,0,0,3,1,Not a course cluster,True,,I4210105200
IIT Roorkee,1804,Centre for Development of Imaging Technology,0,0,3,0,Not a course cluster,True,,I4405277629
IIT Roorkee,1805,Awadhesh Pratap Singh University,0,0,3,10,Not a course cluster,True,,I59615845
IIT Roorkee,1806,Directorate General of Mines Safety,0,0,3,0,Not a course cluster,True,,I4405253893
IIT Roorkee,1807,Bhaktivedanta Hospital & Research Institute,0,0,3,0,Not a course cluster,True,,I4210102668
IIT Roorkee,1808,Swarrnim Startup and Innovation University,0,0,3,3,Not a course cluster,True,,I4405284513
IIT Roorkee,1809,Fatima College (Autonomous),0,0,3,3,Not a course cluster,True,,I4405271500
IIT Roorkee,1810,Datar Cancer Genetics (India),0,0,3,0,Not a course cluster,True,,I4210129775
IIT Roorkee,1811,Asian Institute of Gastroenterology,0,0,3,5,Not a course cluster,True,,I4210137328
IIT Roorkee,1812,Regional Medical Research Centre,0,0,7,17,Not a course cluster,True,,I4210093644
IIT Roorkee,1813,National Institute of Urban Affairs,0,0,3,15,Not a course cluster,True,,I4210129587
IIT Roorkee,1814,Bankim Sardar College,0,0,3,5,Not a course cluster,True,,I4405259705
IIT Roorkee,1815,Salim Ali Center for Ornithology and Natural History,0,0,3,15,Not a course cluster,True,,I4210113893
IIT Roorkee,1816,Lilavati Hospital & Research Centre,0,0,3,6,Not a course cluster,True,,I2800084889
IIT Roorkee,1817,Era's Lucknow Medical College and Hospital,0,0,3,9,Not a course cluster,True,,I4210107565
IIT Roorkee,1818,Bajkul Milani Mahavidyalaya,0,0,3,3,Not a course cluster,True,,I4405259813
IIT Roorkee,1819,Central Tasar Research & Training Institute,0,0,3,1,Not a course cluster,True,,I4210162611
IIT Roorkee,1820,National Institute of Biologicals,0,0,3,3,Not a course cluster,True,,I4405257039
IIT Roorkee,1821,IFMR Graduate School of Business,0,0,3,10,Not a course cluster,True,,I3130082100
IIT Roorkee,1822,Saifee Hospital,0,0,3,1,Not a course cluster,True,,I2802630937
IIT Roorkee,1823,International Institute of Management Studies,0,0,3,0,Not a course cluster,True,,I4405266900
IIT Roorkee,1824,Sumathi Reddy Institute of Technology for Women,0,0,3,1,Not a course cluster,True,,I4405256363
IIT Roorkee,1825,Tamil Nadu Open University,0,0,3,6,Not a course cluster,True,,I4210098610
IIT Roorkee,1826,Moti Ram Babu Ram Government Post Graduate College,0,0,3,0,Not a course cluster,True,,I4405279458
IIT Roorkee,1827,KIRND Institute of Research and Development Pvt Ltd,0,0,3,2,Not a course cluster,True,,I4405261651
IIT Roorkee,1828,Camellia Institute of Technology,0,0,3,4,Not a course cluster,True,,I4405277783
IIT Roorkee,1829,Ananda Mohan College,0,0,3,12,Not a course cluster,True,,I4405271948
IIT Roorkee,1830,"Shri Shivaji Science and Arts College, Chikhli",0,0,3,1,Not a course cluster,True,,I4405259036
IIT Roorkee,1831,Central Sheep and Wool Research Institute,0,0,3,8,Not a course cluster,True,,I103109029
IIT Roorkee,1832,Karimganj College,0,0,3,4,Not a course cluster,True,,I4405277338
IIT Roorkee,1833,Syngene International (India),0,0,3,14,Not a course cluster,True,,I4210149349
IIT Roorkee,1834,Voluntary Health Association of Goa,0,0,3,0,Not a course cluster,True,,I4210124092
IIT Roorkee,1835,Sri Devaraj Urs Medical College,0,0,3,4,Not a course cluster,True,,I135234465
IIT Roorkee,1836,Institute for Human Development,0,0,3,15,Not a course cluster,True,,I4210086295
IIT Roorkee,1837,Indian National Centre for Ocean Information Services,0,0,3,39,Not a course cluster,True,,I1333738725
IIT Roorkee,1838,National Council of Applied Economic Research,0,0,3,13,Not a course cluster,True,,I4210127254
IIT Roorkee,1839,Vardhaman Mahaveer Open University,0,0,3,1,Not a course cluster,True,,I52496869
IIT Roorkee,1840,Karnataka Veterinary Animal and Fisheries Sciences University,0,0,3,14,Not a course cluster,True,,I244504473
IIT Roorkee,1841,"Islamia College of Science and Commerce, Srinagar",0,0,3,15,Not a course cluster,True,,I4405255054
IIT Roorkee,1842,Sido Kanhu Murmu University,0,0,2,6,Not a course cluster,True,,I3132909238
IIT Roorkee,1843,Tamil Nadu Teachers Education University,0,0,2,0,Not a course cluster,True,,I4210094592
IIT Roorkee,1844,Abdul Ahad Azad Memorial Degree College,0,0,2,0,Not a course cluster,True,,I4405262785
IIT Roorkee,1845,Vimhans PrimaMed Super Speciality Hospital,0,0,2,0,Not a course cluster,True,,I3173610708
IIT Roorkee,1846,Assam Medical College,0,0,2,2,Not a course cluster,True,,I83844774
IIT Roorkee,1847,Mohammad Ali Jauhar University,0,0,2,1,Not a course cluster,True,,I3129486212
IIT Roorkee,1848,JSW Group (India),0,0,2,5,Not a course cluster,True,,I160856166
IIT Roorkee,1849,Monark University,0,0,2,0,Not a course cluster,True,,I4405263756
IIT Roorkee,1850,Vijaya College,0,0,2,7,Not a course cluster,True,,I4387155977
IIT Roorkee,1851,Gokhale Memorial Girls' College,0,0,2,3,Not a course cluster,True,,I4405274146
IIT Roorkee,1852,National Defence Academy,0,0,2,2,Not a course cluster,True,,I11414854
IIT Roorkee,1853,LEAD College of Management,0,0,2,0,Not a course cluster,True,,I4405254774
IIT Roorkee,1854,Martin Luther Christian University,0,0,2,0,Not a course cluster,True,,I3133174604
IIT Roorkee,1855,Maa Manikeshwari University,0,0,2,0,Not a course cluster,True,,I4405263422
IIT Roorkee,1856,D A Pandu Memorial RV Dental College and Hospital,0,0,2,0,Not a course cluster,True,,I4210113629
IIT Roorkee,1857,Parul University,0,0,354,66,Not a course cluster,True,,I4210112983
IIT Roorkee,1858,Union Bank of India,0,0,2,1,Not a course cluster,True,,I4405272549
IIT Roorkee,1859,Biozeen (India),0,0,2,0,Not a course cluster,True,,I4210112589
IIT Roorkee,1860,Population Council,0,0,2,15,Not a course cluster,True,,I1314022388
IIT Roorkee,1861,Foundation for Innovation and Technology Transfer,0,0,2,0,Not a course cluster,True,,I4210119685
IIT Roorkee,1862,Jawaharlal Nehru Medical College Hospital,0,0,2,6,Not a course cluster,True,,I154971649
IIT Roorkee,1863,Guru Jambheshwar University Moradabad,0,0,2,0,Not a course cluster,True,,I4405276444
IIT Roorkee,1864,Kovai Medical Center and Hospital,0,0,2,3,Not a course cluster,True,,I4210111349
IIT Roorkee,1865,Asian Healthcare Foundation,0,0,2,3,Not a course cluster,True,,I4405266924
IIT Roorkee,1866,Aditya Birla (India),0,0,2,5,Not a course cluster,True,,I4210145126
IIT Roorkee,1867,Indian Institute of Teacher Education,0,0,2,0,Not a course cluster,True,,I3129229761
IIT Roorkee,1868,Government Medical College,0,0,30,55,Not a course cluster,True,,I129862065
IIT Roorkee,1869,Pandit Sundarlal Sharma Open University,0,0,2,0,Not a course cluster,True,,I4210164645
IIT Roorkee,1870,World Health Organization - India,0,0,2,19,Not a course cluster,True,,I4210162279
IIT Roorkee,1871,Sarojini Naidu Medical College,0,0,2,2,Not a course cluster,True,,I2799711398
IIT Roorkee,1872,Sobhasaria Group of Institutions,0,0,2,1,Not a course cluster,True,,I4405282399
IIT Roorkee,1873,"All India Institute of Medical Sciences, Bilaspur",0,0,2,0,Not a course cluster,True,,I4405280387
IIT Roorkee,1874,Malankara Orthodox Syrian Church Medical College Hospital,0,0,2,1,Not a course cluster,True,,I2802105490
IIT Roorkee,1875,Government Vidarbha Institute of Science and Humanities,0,0,2,5,Not a course cluster,True,,I4210162990
IIT Roorkee,1876,Government College of Pharmacy Rohru,0,0,2,3,Not a course cluster,True,,I4405255720
IIT Roorkee,1877,Central Council for Research in Homoeopathy,0,0,2,1,Not a course cluster,True,,I4210155405
IIT Roorkee,1878,Durgadevi Saraf Institute of Management Studies,0,0,2,3,Not a course cluster,True,,I4405260332
IIT Roorkee,1879,Anthem Biosciences (India),0,0,2,1,Not a course cluster,True,,I4210138068
IIT Roorkee,1880,Central Forensic Science Laboratory,0,0,2,5,Not a course cluster,True,,I2800034660
IIT Roorkee,1881,Maharashtra Animal and Fishery Sciences University,0,0,2,1,Not a course cluster,True,,I3130477807
IIT Roorkee,1882,St. Francis de Sales College,0,0,2,0,Not a course cluster,True,,I4405277032
IIT Roorkee,1883,B.V. Raju College,0,0,2,0,Not a course cluster,True,,I4405257069
IIT Roorkee,1884,Aravind Eye Hospital,0,0,2,6,Not a course cluster,True,,I2800958399
IIT Roorkee,1885,Sanskriti Samvardhan Mandal,0,0,2,1,Not a course cluster,True,,I4210093989
IIT Roorkee,1886,Ananthapuri Hospitals and Research Institute,0,0,2,0,Not a course cluster,True,,I4210125288
IIT Roorkee,1887,Surendranath Evening College,0,0,2,0,Not a course cluster,True,,I4405276959
IIT Roorkee,1888,Honeywell (India),0,0,2,4,Not a course cluster,True,,I4210101534
IIT Roorkee,1889,Rajiv Gandhi University of Health Sciences,0,0,2,3,Not a course cluster,True,,I286135121
IIT Roorkee,1890,GloNeuro,0,0,2,2,Not a course cluster,True,,I4405257106
IIT Roorkee,1891,Tilak Maharashtra Vidyapeeth,0,0,2,0,Not a course cluster,True,,I4210110873
IIT Roorkee,1892,Balaji College of Pharmacy,0,0,2,0,Not a course cluster,True,,I4405272806
IIT Roorkee,1893,Government Institute of Forensic Science,0,0,2,1,Not a course cluster,True,,I4405281637
IIT Roorkee,1894,Government Medical College,0,0,30,55,Not a course cluster,True,,I4210107852
IIT Roorkee,1895,Shri Shikshayatan College,0,0,2,0,Not a course cluster,True,,I4405280461
IIT Roorkee,1896,Gazole Mahavidyalaya,0,0,2,1,Not a course cluster,True,,I4405263166
IIT Roorkee,1897,Uttar Pradesh Rajarshi Tandon Open University,0,0,2,2,Not a course cluster,True,,I4210153737
IIT Roorkee,1898,Kalyan Post Graduate College,0,0,2,1,Not a course cluster,True,,I4405281848
IIT Roorkee,1899,University College for Women,0,0,2,2,Not a course cluster,True,,I2802287669
IIT Roorkee,1900,Fakir Chand College,0,0,2,6,Not a course cluster,True,,I4405276493
IIT Roorkee,1901,Consilience Research Foundation,0,0,2,0,Not a course cluster,True,,I4405283546
IIT Roorkee,1902,Kasturba Hospital,0,0,2,0,Not a course cluster,True,,I4210120124
IIT Roorkee,1903,"P. R. Pote Patil College of Engineering & Management, Amravati",0,0,2,4,Not a course cluster,True,,I4405255841
IIT Roorkee,1904,"Shri Yashwantrao Patil Science College, Solankur",0,0,2,0,Not a course cluster,True,,I4405261849
IIT Roorkee,1905,Jehangir Hospital,0,0,2,1,Not a course cluster,True,,I2800733875
IIT Roorkee,1906,M S Swaminathan Research Foundation,0,0,2,15,Not a course cluster,True,,I2799627270
IIT Roorkee,1907,Industrial Credit and Investment Corporation of India,0,0,2,2,Not a course cluster,True,,I2800946588
IIT Roorkee,1908,Dum Dum Motijheel College,0,0,2,4,Not a course cluster,True,,I4405276628
IIT Roorkee,1909,Tamilnadu State Council for Science and Technology,0,0,2,9,Not a course cluster,True,,I4405271011
IIT Roorkee,1910,Satavahana University,0,0,2,1,Not a course cluster,True,,I3133249180
IIT Roorkee,1911,SMS Medical College,0,0,2,11,Not a course cluster,True,,I164135366
IIT Roorkee,1912,Central Soil and Materials Research Station,0,0,2,4,Not a course cluster,True,,I4210111264
IIT Roorkee,1913,Athena Infonomics (India),0,0,2,0,Not a course cluster,True,,I4210114135
IIT Roorkee,1914,Khallikote Unitary University,0,0,2,3,Not a course cluster,True,,I4405277609
IIT Roorkee,1915,Nivetha Institute of Earth and Environmental Sciences,0,0,2,1,Not a course cluster,True,,I4405284070
IIT Roorkee,1916,Indira Gandhi Institute of Medical Sciences,0,0,2,3,Not a course cluster,True,,I238035932
IIT Roorkee,1917,West Bengal National University of Juridical Sciences,0,0,2,2,Not a course cluster,True,,I3129450392
IIT Roorkee,1918,Lokmanya Tilak Municipal General Hospital and Lokmanya Tilak Municipal Medical College,0,0,2,6,Not a course cluster,True,,I2800471911
IIT Roorkee,1919,"Institute of Chartered Financial Analysts of India University, Jaipur",0,0,2,0,Not a course cluster,True,,I4210139590
IIT Roorkee,1920,Kandra Radhakanta Kundu Mahavidyalaya,0,0,2,0,Not a course cluster,True,,I4405284245
IIT Roorkee,1921,Dr. Subhash University,0,0,2,2,Not a course cluster,True,,I4405256992
IIT Roorkee,1922,Ministry of External Affairs,0,0,2,0,Not a course cluster,True,,I4210150435
IIT Roorkee,1923,Institute of Molecular Medicine,0,0,2,4,Not a course cluster,True,,I4210146488
IIT Roorkee,1924,Patrician College of Arts and Science,0,0,2,0,Not a course cluster,True,,I4405265900
IIT Roorkee,1925,Apollo Hospitals,0,0,5,27,Not a course cluster,True,,I4210130696
IIT Roorkee,1926,Department of Science and Technology and Biotechnology,0,0,2,2,Not a course cluster,True,,I4210133337
IIT Roorkee,1927,Meher Hospitals,0,0,2,0,Not a course cluster,True,,I4210114715
IIT Roorkee,1928,Loyola Institute of Technology and Science,0,0,2,1,Not a course cluster,True,,I4405260288
IIT Roorkee,1929,Indian Centre for Space Physics,0,0,2,4,Not a course cluster,True,,I2800614519
IIT Roorkee,1930,Anusandhan National Research Foundation,0,0,2,0,Not a course cluster,True,,I4405276818
IIT Roorkee,1931,Prananath College (Autonomous),0,0,2,0,Not a course cluster,True,,I4405274855
IIT Roorkee,1932,Medhavi Skills University,0,0,2,0,Not a course cluster,True,,I4405265053
IIT Roorkee,1933,West Bengal University of Health Sciences,0,0,2,6,Not a course cluster,True,,I226431899
IIT Roorkee,1934,Shri Govind Guru University,0,0,2,0,Not a course cluster,True,,I4405263164
IIT Roorkee,1935,Defence Bioengineering and Electromedical Laboratory,0,0,2,10,Not a course cluster,True,,I4210093312
IIT Roorkee,1936,Shri BM Patil Medical College,0,0,2,2,Not a course cluster,True,,I123665430
IIT Roorkee,1937,St. Joseph Dental College,0,0,2,0,Not a course cluster,True,,I4210112433
IIT Roorkee,1938,Shri Bhagubhai Mafatlal Polytechnic and College of Engineering,0,0,2,0,Not a course cluster,True,,I4405272901
IIT Roorkee,1939,Asian Business School,0,0,2,0,Not a course cluster,True,,I4405270899
IIT Roorkee,1940,Sunrise University,0,0,2,0,Not a course cluster,True,,I2800472358
IIT Roorkee,1941,Veer Surendra Sai Medical College and Hospital,0,0,2,1,Not a course cluster,True,,I2803056085
IIT Roorkee,1942,Singhania University,0,0,2,11,Not a course cluster,True,,I76163968
IIT Roorkee,1943,Regional Plant Resource Centre,0,0,2,1,Not a course cluster,True,,I4210128503
IIT Roorkee,1944,BioAxis DNA Research Centre (India),0,0,2,0,Not a course cluster,True,,I4210138323
IIT Roorkee,1945,Ministry of Skill Development and Entrepreneurship,0,0,2,0,Not a course cluster,True,,I4405280593
IIT Roorkee,1946,Tamil Virtual Academy,0,0,2,4,Not a course cluster,True,,I4210121043
IIT Roorkee,1947,Acharya Prafulla Chandra Roy Government College,0,0,2,2,Not a course cluster,True,,I4405273554
IIT Roorkee,1948,"Harish Chandra Post Graduate College, Varanasi",0,0,2,1,Not a course cluster,True,,I4405281396
IIT Roorkee,1949,Wockhardt (India),0,0,2,5,Not a course cluster,True,,I4210102159
IIT Roorkee,1950,Forest Survey of India,0,0,2,7,Not a course cluster,True,,I15426020
IIT Roorkee,1951,Society for Applied Studies,0,0,2,4,Not a course cluster,True,,I4210095463
IIT Roorkee,1952,The Automotive Research Association of India,0,0,2,2,Not a course cluster,True,,I88213707
IIT Roorkee,1953,"All India Institute of Medical Sciences, Patna",0,0,2,10,Not a course cluster,True,,I4405266460
IIT Roorkee,1954,Rajasthan Police Academy,0,0,2,0,Not a course cluster,True,,I4210140672
IIT Roorkee,1955,DST Centre for Policy Research,0,0,2,7,Not a course cluster,True,,I4210093969
IIT Roorkee,1956,Jagadamba Mahavidyalaya,0,0,2,0,Not a course cluster,True,,I4405263310
IIT Roorkee,1957,Oil India (India),0,0,2,11,Not a course cluster,True,,I884363091
IIT Roorkee,1958,Saiva Bhanu Kshatriya College,0,0,2,1,Not a course cluster,True,,I4405265251
IIT Roorkee,1959,Ashok Leyland (India),0,0,2,4,Not a course cluster,True,,I59574800
IIT Roorkee,1960,Piramal (India),0,0,2,11,Not a course cluster,True,,I899992584
IIT Roorkee,1961,Elitte College of Engineering,0,0,2,4,Not a course cluster,True,,I4405272640
IIT Roorkee,1962,Chameli Devi Group of Institutions,0,0,2,2,Not a course cluster,True,,I4210139833
IIT Roorkee,1963,All India Institute of Medical Sciences Gorakhpur,0,0,2,3,Not a course cluster,True,,I4405257162
IIT Roorkee,1964,Central Institute for Research on Buffaloes,0,0,2,2,Not a course cluster,True,,I4210121957
IIT Roorkee,1965,Sree Sankaracharya University of Sanskrit,0,0,2,1,Not a course cluster,True,,I3131318560
IIT Roorkee,1966,Kandi Raj College,0,0,2,8,Not a course cluster,True,,I4405277422
IIT Roorkee,1967,Ahalia School of Engineering and Technology,0,0,2,0,Not a course cluster,True,,I4405258111
IIT Roorkee,1968,SAM Global University,0,0,2,0,Not a course cluster,True,,I4405254376
IIT Roorkee,1969,"St. Thomas College, Kozhencherry",0,0,2,6,Not a course cluster,True,,I4405279506
IIT Roorkee,1970,Defence Institute of Physiology and Allied Sciences,0,0,2,27,Not a course cluster,True,,I51313444
IIT Roorkee,1971,Gondwana University,0,0,2,1,Not a course cluster,True,,I3133345995
IIT Roorkee,1972,Anthropological Survey of India,0,0,2,7,Not a course cluster,True,,I1335376613
IIT Roorkee,1973,Indo-French Centre for the Promotion of Advanced Research,0,0,2,0,Not a course cluster,True,,I4210101699
IIT Roorkee,1974,Mamta Health Institute for Mother and Child,0,0,2,4,Not a course cluster,True,,I4210141386
IIT Roorkee,1975,Santipur College,0,0,2,2,Not a course cluster,True,,I4405276830
IIT Roorkee,1976,M. P. Shah Medical College,0,0,2,1,Not a course cluster,True,,I50268529
IIT Roorkee,1977,Sai Nath University,0,0,2,1,Not a course cluster,True,,I2801209558
IIT Roorkee,1978,Nandha College of Pharmacy,0,0,2,1,Not a course cluster,True,,I4405271420
IIT Roorkee,1979,Maharashtra State Board of Technical Education,0,0,2,1,Not a course cluster,True,,I2799436172
IIT Roorkee,1980,Suryodaya College of Engineering and Technology,0,0,2,0,Not a course cluster,True,,I4405265584
IIT Roorkee,1981,Vinayaka Missions Medical College and Hospitals,0,0,2,2,Not a course cluster,True,,I4210138697
IIT Roorkee,1982,"All India Institute of Medical Sciences, Mangalagiri",0,0,2,1,Not a course cluster,True,,I4405257640
IIT Roorkee,1983,Biotech Park,0,0,2,1,Not a course cluster,True,,I4210100303
IIT Roorkee,1984,Bhopal Memorial Hospital & Research Centre,0,0,2,5,Not a course cluster,True,,I4210159332
IIT Roorkee,1985,Jain Irrigation Systems (India),0,0,2,1,Not a course cluster,True,,I4210109228
IIT Roorkee,1986,All India Jat Heroes' Memorial College,0,0,2,0,Not a course cluster,True,,I4405277703
IIT Roorkee,1987,"All India Institute of Medical Sciences, Madurai",0,0,2,1,Not a course cluster,True,,I4405258468
IIT Roorkee,1988,JSS Ayurveda Medical College and Hospital,0,0,2,1,Not a course cluster,True,,I4405261771
IIT Roorkee,1989,Jharkhand Rai University,0,0,2,0,Not a course cluster,True,,I3133455736
IIT Roorkee,1990,New Alipore College,0,0,2,1,Not a course cluster,True,,I4405272584
IIT Roorkee,1991,Jubilant Life Sciences (India),0,0,2,7,Not a course cluster,True,,I4210162011
IIT Roorkee,1992,Career Institute Of Medical & Dental Sciences and Hospital,0,0,2,1,Not a course cluster,True,,I4210152575
IIT Roorkee,1993,Kaveri University,0,0,2,0,Not a course cluster,True,,I4405283824
IIT Roorkee,1994,National Research Centre on Seed Spices,0,0,2,4,Not a course cluster,True,,I4210113425
IIT Roorkee,1995,Mahavir Medical Research Centre,0,0,2,1,Not a course cluster,True,,I4405258880
IIT Roorkee,1996,St. Andrews Institute of Technology and Management,0,0,2,1,Not a course cluster,True,,I4405255584
IIT Roorkee,1997,Topiwala National Medical College & BYL Nair Charitable Hospital,0,0,2,4,Not a course cluster,True,,I3024917321
IIT Roorkee,1998,Narayana Nethralaya,0,0,2,9,Not a course cluster,True,,I4210117994
IIT Roorkee,1999,National Institute for Research in Tribal Health,0,0,2,4,Not a course cluster,True,,I4210100515
IIT Roorkee,2000,Agilent Technologies (India),0,0,2,5,Not a course cluster,True,,I4210108186
IIT Roorkee,2001,Persistent Systems (India),0,0,2,0,Not a course cluster,True,,I2800727657
IIT Roorkee,2002,Cooper Hospital,0,0,2,0,Not a course cluster,True,,I2802985673
IIT Roorkee,2003,Hester,0,0,2,4,Not a course cluster,True,,I4210144873
IIT Roorkee,2004,Government Medical College and Hospital,0,0,6,17,Not a course cluster,True,,I4210093352
IIT Roorkee,2005,Kongu Arts and Science College,0,0,2,2,Not a course cluster,True,,I4405269461
IIT Roorkee,2006,"St. Philomena's College, Mysuru",0,0,2,0,Not a course cluster,True,,I4405258839
IIT Roorkee,2007,Salbari College,0,0,2,0,Not a course cluster,True,,I4405275630
IIT Roorkee,2008,Biocon (India),0,0,2,9,Not a course cluster,True,,I4210143327
IIT Roorkee,2009,Bhimabhoi College,0,0,2,0,Not a course cluster,True,,I4405278145
IIT Roorkee,2010,Chandra Shekhar Azad University of Agriculture and Technology,0,0,2,4,Not a course cluster,True,,I4210143625
IIT Roorkee,2011,"School of Management Sciences, Lucknow",0,0,2,1,Not a course cluster,True,,I4405254213
IIT Roorkee,2012,K. J. Somaiya Hospital & Research Centre,0,0,2,0,Not a course cluster,True,,I4210154490
IIT Roorkee,2013,"Kanhai Lal Sahu College, Nawada",0,0,2,0,Not a course cluster,True,,I4405271187
IIT Roorkee,2014,Tech Mahindra (India),0,0,2,1,Not a course cluster,True,,I4210130378
IIT Roorkee,2015,Himgiri Zee University,0,0,2,8,Not a course cluster,True,,I2800232979
IIT Roorkee,2016,Gour Mahavidyalaya,0,0,2,1,Not a course cluster,True,,I4405255597
IIT Roorkee,2017,Impact College of Engineering and Applied Sciences,0,0,2,2,Not a course cluster,True,,I4405263224
IIT Roorkee,2018,Rishi Bankim Chandra Evening College,0,0,2,3,Not a course cluster,True,,I4405262889
IIT Roorkee,2019,Ragas Dental College & Hospital,0,0,2,4,Not a course cluster,True,,I893914191
IIT Roorkee,2020,Defence Institute of Bio-Energy Research,0,0,2,4,Not a course cluster,True,,I4210120816
IIT Roorkee,2021,Ranaghat College,0,0,2,0,Not a course cluster,True,,I4405277907
IIT Roorkee,2022,Jeppiaar University,0,0,2,1,Not a course cluster,True,,I4405278269
IIT Roorkee,2023,Swami Devi Dyal Hospital and Dental College,0,0,1,1,Not a course cluster,True,,I4210133684
IIT Roorkee,2024,Dr. Mohan's Diabetes Specialities Centre,0,0,1,16,Not a course cluster,True,,I4210137848
IIT Roorkee,2025,Udaipur Solar Observatory,0,0,1,3,Not a course cluster,True,,I2799756756
IIT Roorkee,2026,Dakshin Foundation,0,0,1,0,Not a course cluster,True,,I4405258310
IIT Roorkee,2027,Novartis (India),0,0,1,3,Not a course cluster,True,,I4210090302
IIT Roorkee,2028,Gujarat Cancer & Research Institute,0,0,1,5,Not a course cluster,True,,I135230010
IIT Roorkee,2029,National Law Institute University,0,0,1,0,Not a course cluster,True,,I4210116216
IIT Roorkee,2030,Santhigiri Scientific and Industrial Research Institute,0,0,1,0,Not a course cluster,True,,I4405283164
IIT Roorkee,2031,Shamnur Shivashankarappa Institute of Medical Sciences & Research Centre,0,0,1,0,Not a course cluster,True,,I3129348228
IIT Roorkee,2032,Centre for Social Sciences and Humanities,0,0,1,11,Not a course cluster,True,,I4210108414
IIT Roorkee,2033,Employees' State Insurance Model Hospital,0,0,1,1,Not a course cluster,True,,I4210121909
IIT Roorkee,2034,Vignana Jyothi Institute of Management,0,0,1,0,Not a course cluster,True,,I2801452159
IIT Roorkee,2035,Software Training and Development Centre,0,0,1,0,Not a course cluster,True,,I4210094911
IIT Roorkee,2036,Wildlife Trust of India,0,0,1,2,Not a course cluster,True,,I4405254779
IIT Roorkee,2037,Department of Health & Family Welfare,0,0,1,0,Not a course cluster,True,,I4210087792
IIT Roorkee,2038,Regional Medical Research Centre,0,0,7,17,Not a course cluster,True,,I4210109249
IIT Roorkee,2039,Rabindranath Tagore International Institute of Cardiac Sciences,0,0,1,1,Not a course cluster,True,,I4210095468
IIT Roorkee,2040,Gujarat National Law University,0,0,1,1,Not a course cluster,True,,I266678185
IIT Roorkee,2041,Madurai Medical College,0,0,1,4,Not a course cluster,True,,I15664174
IIT Roorkee,2042,Trichur Heart Hospital,0,0,1,0,Not a course cluster,True,,I4210133383
IIT Roorkee,2043,Fresenius Kabi (India),0,0,1,0,Not a course cluster,True,,I4210103818
IIT Roorkee,2044,Central Institute of Psychiatry,0,0,1,2,Not a course cluster,True,,I84356168
IIT Roorkee,2045,"Abeda Inamdar Senior College of Arts, Science and Commerce",0,0,1,3,Not a course cluster,True,,I4405261160
IIT Roorkee,2046,Tirunelveli Medical College,0,0,1,3,Not a course cluster,True,,I118826373
IIT Roorkee,2047,Employees State Insurance Post Graduate Institute of Medical Sciences and Research,0,0,1,0,Not a course cluster,True,,I4210091100
IIT Roorkee,2048,ASBM University,0,0,1,0,Not a course cluster,True,,I4405283085
IIT Roorkee,2049,"National Law University, Delhi",0,0,1,0,Not a course cluster,True,,I866667741
IIT Roorkee,2050,Centre for Development of Telematics,0,0,1,2,Not a course cluster,True,,I43909382
IIT Roorkee,2051,"Apex University, Jaipur",0,0,1,0,Not a course cluster,True,,I4405274318
IIT Roorkee,2052,Maharishi College of Natural Law,0,0,1,0,Not a course cluster,True,,I4405282141
IIT Roorkee,2053,Society for Promoting Participative Ecosystem Management,0,0,1,0,Not a course cluster,True,,I4210100590
IIT Roorkee,2054,Biogen (India),0,0,1,0,Not a course cluster,True,,I4210121832
IIT Roorkee,2055,"Ministry of Micro, Small and Medium Enterprises",0,0,1,0,Not a course cluster,True,,I4210112479
IIT Roorkee,2056,Mangalore Institute of Oncology,0,0,1,1,Not a course cluster,True,,I4210118226
IIT Roorkee,2057,T J Institute of Technology,0,0,1,0,Not a course cluster,True,,I4405258761
IIT Roorkee,2058,Prof. Rajendra Singh (Rajju Bhaiya) University,0,0,1,0,Not a course cluster,True,,I4405283344
IIT Roorkee,2059,Central Council for Research in Yoga & Naturopathy,0,0,1,1,Not a course cluster,True,,I4210123897
IIT Roorkee,2060,Vikrant University,0,0,1,0,Not a course cluster,True,,I4405275778
IIT Roorkee,2061,"Sitabai Thite College of Pharmacy, Shirur",0,0,1,0,Not a course cluster,True,,I4405261843
IIT Roorkee,2062,Sri Siddhartha Medical College,0,0,1,0,Not a course cluster,True,,I510634243
IIT Roorkee,2063,"Shivharsh Kisan Post Graduate College, Basti",0,0,1,0,Not a course cluster,True,,I4405253305
IIT Roorkee,2064,Usha Martin (India),0,0,1,2,Not a course cluster,True,,I4210150419
IIT Roorkee,2065,Madhya Pradesh Council of Science and Technology,0,0,1,8,Not a course cluster,True,,I4210162153
IIT Roorkee,2066,USV (India),0,0,1,1,Not a course cluster,True,,I4210119848
IIT Roorkee,2067,Ministry of Social Justice and Empowerment,0,0,1,1,Not a course cluster,True,,I4210111704
IIT Roorkee,2068,Indian Biological Sciences and Research Institute,0,0,1,0,Not a course cluster,True,,I4405280160
IIT Roorkee,2069,OnionDev Technologies Pvt. Ltd. (India),0,0,1,0,Not a course cluster,True,,I4405266991
IIT Roorkee,2070,National Centre for Disease Informatics and Research,0,0,1,6,Not a course cluster,True,,I4210151893
IIT Roorkee,2071,Government Doon Medical College,0,0,1,1,Not a course cluster,True,,I4405275378
IIT Roorkee,2072,Bangalore Medical College and Research Institute,0,0,1,4,Not a course cluster,True,,I876098953
IIT Roorkee,2073,Institution of Electronics and Telecommunication Engineers,0,0,1,0,Not a course cluster,True,,I4210164316
IIT Roorkee,2074,Directorate General of Training,0,0,1,0,Not a course cluster,True,,I4210129721
IIT Roorkee,2075,Bharat Forge (India),0,0,1,3,Not a course cluster,True,,I4210089955
IIT Roorkee,2076,Praxis Business School,0,0,1,1,Not a course cluster,True,,I4405254716
IIT Roorkee,2077,National Diabetes Obesity and Cholesterol Foundation,0,0,1,5,Not a course cluster,True,,I4210130025
IIT Roorkee,2078,Electronics and Radar Development Establishment,0,0,1,7,Not a course cluster,True,,I4210086621
IIT Roorkee,2079,Yashoda Hospital,0,0,1,1,Not a course cluster,True,,I4210129842
IIT Roorkee,2080,Fatima Mata National College,0,0,1,14,Not a course cluster,True,,I2802738084
IIT Roorkee,2081,K J Somaiya Medical College,0,0,1,0,Not a course cluster,True,,I50783897
IIT Roorkee,2082,Al-Ameen College of Pharmacy,0,0,1,6,Not a course cluster,True,,I70922119
IIT Roorkee,2083,Doaba College,0,0,1,5,Not a course cluster,True,,I270449672
IIT Roorkee,2084,Amala Institute of Medical Sciences,0,0,1,7,Not a course cluster,True,,I173894486
IIT Roorkee,2085,Lakulish Yoga University,0,0,1,0,Not a course cluster,True,,I4405256002
IIT Roorkee,2086,Pramukhswami Medical College,0,0,1,1,Not a course cluster,True,,I4210120131
IIT Roorkee,2087,Hewlett-Packard (India),0,0,1,40,Not a course cluster,True,,I4210117576
IIT Roorkee,2088,Mahatma Gandhi Institute of Medical Sciences,0,0,1,10,Not a course cluster,True,,I90978372
IIT Roorkee,2089,Karnataka State Council for Science and Technology,0,0,1,0,Not a course cluster,True,,I4405280444
IIT Roorkee,2090,Kanchi Kamakoti CHILDS Trust Hospital,0,0,1,3,Not a course cluster,True,,I4210135524
IIT Roorkee,2091,St. Joseph University,0,0,1,2,Not a course cluster,True,,I4405285210
IIT Roorkee,2092,National Forensic Sciences University Dharwad Campus,0,0,1,0,Not a course cluster,True,,I4405263371
IIT Roorkee,2093,Sunshine Hospitals,0,0,1,0,Not a course cluster,True,,I4210095867
IIT Roorkee,2094,Medanta The Medicity,0,0,2,9,Not a course cluster,True,,I4210115207
IIT Roorkee,2095,Medicover Hospitals,0,0,1,0,Not a course cluster,True,,I4405266117
IIT Roorkee,2096,Lupin Pharmaceuticals (India),0,0,1,6,Not a course cluster,True,,I21675474
IIT Roorkee,2097,Gokula Krishna College of Pharmacy,0,0,1,0,Not a course cluster,True,,I4210093897
IIT Roorkee,2098,Bejoy Narayan Mahavidyalaya,0,0,1,8,Not a course cluster,True,,I4405283970
IIT Roorkee,2099,North Lakhimpur University,0,0,1,1,Not a course cluster,True,,I4405259400
IIT Roorkee,2100,Government College Kodanchery,0,0,1,0,Not a course cluster,True,,I4210133477
IIT Roorkee,2101,TVS Motor Company (India),0,0,1,5,Not a course cluster,True,,I1589757
IIT Roorkee,2102,Delhi Integrated Multi-Modal Transit System,0,0,1,0,Not a course cluster,True,,I4210144328
IIT Roorkee,2103,Yashwantrao Chavan Maharashtra Open University,0,0,1,0,Not a course cluster,True,,I4210106255
IIT Roorkee,2104,Stanley Medical College,0,0,1,1,Not a course cluster,True,,I25051037
IIT Roorkee,2105,Sun Pharma (India),0,0,1,0,Not a course cluster,True,,I4210133592
IIT Roorkee,2106,Project Directorate on Foot and Mouth Disease,0,0,1,1,Not a course cluster,True,,I4210119663
IIT Roorkee,2107,B. Borooah College,0,0,1,1,Not a course cluster,True,,I4405258270
IIT Roorkee,2108,St. Xavier’s College of Management & Technology,0,0,1,0,Not a course cluster,True,,I4405259685
IIT Roorkee,2109,Vignan's Institute of Management and Technology for Women,0,0,1,0,Not a course cluster,True,,I4405283258
IIT Roorkee,2110,Jamalpur Mahavidyalaya,0,0,1,0,Not a course cluster,True,,I4405266054
IIT Roorkee,2111,Regional Institute of Medical Sciences,0,0,1,5,Not a course cluster,True,,I43666680
IIT Roorkee,2112,Centre of Technology & Entrepreneurship Development,0,0,1,0,Not a course cluster,True,,I4210164103
IIT Roorkee,2113,Narasinha Dutt College,0,0,1,1,Not a course cluster,True,,I4405271234
IIT Roorkee,2114,Electrical Research and Development Association,0,0,1,3,Not a course cluster,True,,I4405255462
IIT Roorkee,2115,Kakaraparti Bhavanarayana College,0,0,1,0,Not a course cluster,True,,I4405261508
IIT Roorkee,2116,NIIT (India),0,0,1,7,Not a course cluster,True,,I134140186
IIT Roorkee,2117,Christ Academy Institute for Advanced Studies,0,0,1,0,Not a course cluster,True,,I4405275767
IIT Roorkee,2118,Radhey Hari Government Post Graduate College Kashipur,0,0,1,0,Not a course cluster,True,,I4405285193
IIT Roorkee,2119,World Health Organization Regional Office for South-East Asia,0,0,1,12,Not a course cluster,True,,I4210112062
IIT Roorkee,2120,SciGenom Research Foundation,0,0,1,0,Not a course cluster,True,,I4210139093
IIT Roorkee,2121,Pfizer (India),0,0,1,1,Not a course cluster,True,,I4210163853
IIT Roorkee,2122,Biodiversity Conservation Foundation,0,0,1,0,Not a course cluster,True,,I4405262410
IIT Roorkee,2123,Rayalaseema University,0,0,1,4,Not a course cluster,True,,I119068399
IIT Roorkee,2124,KSCSTE-Srinivasa Ramanujan Institute for Basic Sciences,0,0,1,0,Not a course cluster,True,,I4405262857
IIT Roorkee,2125,Dr. Balabhai Nanavati Hospital,0,0,1,3,Not a course cluster,True,,I2802044629
IIT Roorkee,2126,Center for Interdisciplinary Studies,0,0,1,0,Not a course cluster,True,,I4210137189
IIT Roorkee,2127,GSL Medical College & General Hospital,0,0,1,1,Not a course cluster,True,,I4210129665
IIT Roorkee,2128,Sun Pharma Advanced Research (India),0,0,1,2,Not a course cluster,True,,I4210135484
IIT Roorkee,2129,Institution of Engineers,0,0,1,1,Not a course cluster,True,,I2802895650
IIT Roorkee,2130,Directorate of Weed Research,0,0,1,1,Not a course cluster,True,,I4210131234
IIT Roorkee,2131,Maniben Nanavati Women's College,0,0,1,1,Not a course cluster,True,,I4405258576
IIT Roorkee,2132,Cliantha (India),0,0,1,0,Not a course cluster,True,,I4210123727
IIT Roorkee,2133,Jothydev's Diabetes and Research Center,0,0,1,1,Not a course cluster,True,,I4210137394
IIT Roorkee,2134,Centre for DNA Fingerprinting and Diagnostics,0,0,1,26,Not a course cluster,True,,I78270026
IIT Roorkee,2135,Christian Medical College,0,0,1,6,Not a course cluster,True,,I4210108783
IIT Roorkee,2136,Tata Technologies (India),0,0,1,0,Not a course cluster,True,,I4210114539
IIT Roorkee,2137,Tripura Medical College & Dr. B.R. Ambedkar Memorial Teaching Hospital,0,0,1,0,Not a course cluster,True,,I3132316807
IIT Roorkee,2138,Kolkata Municipal Corporation,0,0,1,5,Not a course cluster,True,,I2801352814
IIT Roorkee,2139,Sir H.N. Reliance Foundation Hospital and Research Centre,0,0,1,1,Not a course cluster,True,,I2799514748
IIT Roorkee,2140,Qure.ai Technologies Private Limited (India),0,0,1,6,Not a course cluster,True,,I4405267437
IIT Roorkee,2141,Apollo Institute of Medical Sciences & Research,0,0,1,2,Not a course cluster,True,,I4210118361
IIT Roorkee,2142,Aeronautical Development Agency,0,0,1,7,Not a course cluster,True,,I138535024
IIT Roorkee,2143,Hans Raj Mahila Maha Vidyalaya,0,0,1,1,Not a course cluster,True,,I3131378919
IIT Roorkee,2144,Syneos Health (India),0,0,1,0,Not a course cluster,True,,I4210139218
IIT Roorkee,2145,Dr. Y.S.R Horticultural University,0,0,1,3,Not a course cluster,True,,I3131536999
IIT Roorkee,2146,Abhedananda Mahavidyalaya,0,0,1,0,Not a course cluster,True,,I4405277156
IIT Roorkee,2147,National Health Systems Resource Centre,0,0,1,7,Not a course cluster,True,,I4210138037
IIT Roorkee,2148,Consortium for DEWATS Dissemination Society,0,0,1,4,Not a course cluster,True,,I4210112680
IIT Roorkee,2149,Alzheimer's and Related Disorders Society of India,0,0,1,1,Not a course cluster,True,,I4210146099
IIT Roorkee,2150,Indian Plywood Industries Research and Training Institute,0,0,1,1,Not a course cluster,True,,I4210151780
IIT Roorkee,2151,Mazumdar Shaw Medical Foundation,0,0,1,1,Not a course cluster,True,,I4210088285
IIT Roorkee,2152,United Institute of Medical Sciences,0,0,1,0,Not a course cluster,True,,I4405260678
IIT Roorkee,2153,Narayana Health,0,0,1,5,Not a course cluster,True,,I288496929
IIT Roorkee,2154,Dr. NTR University of Health Sciences,0,0,1,2,Not a course cluster,True,,I507952983
IIT Roorkee,2155,Gujarat Ayurved University,0,0,1,8,Not a course cluster,True,,I2800605627
IIT Roorkee,2156,Hi-Tech Medical College & Hospital,0,0,1,2,Not a course cluster,True,,I4210141550
IIT Roorkee,2157,Ministry of Tourism,0,0,1,0,Not a course cluster,True,,I4405266724
IIT Roorkee,2158,Sri Venkateshwaraa Medical College Hospital and Research Centre,0,0,1,0,Not a course cluster,True,,I4210119048
IIT Roorkee,2159,BLK Super Speciality Hospital,0,0,1,3,Not a course cluster,True,,I4210122912
IIT Roorkee,2160,"Krishi Vigyan Kendra, Karda",0,0,1,0,Not a course cluster,True,,I4210160580
IIT Roorkee,2161,National Institute of One Health,0,0,1,1,Not a course cluster,True,,I4405270453
IIT Roorkee,2162,Suven Life Sciences (India),0,0,1,1,Not a course cluster,True,,I4210097346
IIT Roorkee,2163,Sovarani Memorial College,0,0,1,1,Not a course cluster,True,,I4405281182
IIT Roorkee,2164,Shilpa (India),0,0,1,2,Not a course cluster,True,,I4210087246
IIT Roorkee,2165,Canara Bank,0,0,1,1,Not a course cluster,True,,I4405283699
IIT Roorkee,2166,State Unani Medical College,0,0,1,0,Not a course cluster,True,,I4405281482
IIT Roorkee,2167,Mahatma Gandhi Antarrashtriya Hindi Vishwavidyalaya,0,0,1,0,Not a course cluster,True,,I2799626985
IIT Roorkee,2168,Panacea Biotec (India),0,0,1,1,Not a course cluster,True,,I107947710
IIT Roorkee,2169,Micro Labs (India),0,0,1,0,Not a course cluster,True,,I4210142779
IIT Roorkee,2170,The Corbett Foundation,0,0,1,1,Not a course cluster,True,,I4405269126
IIT Roorkee,2171,Centre for Marine Living Resources and Ecology,0,0,1,6,Not a course cluster,True,,I4405269523
IIT Roorkee,2172,Karmaveer Bhausaheb Hiray Dental College and Hospital,0,0,1,0,Not a course cluster,True,,I4210105287
IIT Roorkee,2173,HHV Solar Technologies (India),0,0,1,0,Not a course cluster,True,,I4210106290
IIT Roorkee,2174,Ayurved Mahavidyalaya & Seth RV Ayurved Hospital,0,0,1,0,Not a course cluster,True,,I4405256402
IIT Roorkee,2175,National University of Advanced Legal Studies,0,0,1,0,Not a course cluster,True,,I3129318662
IIT Roorkee,2176,"Government Degree College, Beerwah",0,0,1,0,Not a course cluster,True,,I4405272237
IIT Roorkee,2177,Melaka Manipal Medical College,0,0,1,7,Not a course cluster,True,,I4210093039
IIT Roorkee,2178,Dr. B.R. Ambedkar State Institute of Medical Sciences,0,0,1,1,Not a course cluster,True,,I4405268885
IIT Roorkee,2179,National Tea Research Foundation,0,0,1,0,Not a course cluster,True,,I4405268689
IIT Roorkee,2180,INHS Asvini,0,0,1,2,Not a course cluster,True,,I4210113533
IIT Roorkee,2181,Mahatma Gandhi Memorial Medical College,0,0,1,1,Not a course cluster,True,,I2801183603
IIT Roorkee,2182,Krishna Kanta Handiqui State Open University,0,0,1,0,Not a course cluster,True,,I4210087854
IIT Roorkee,2183,St Anthony's College,0,0,1,0,Not a course cluster,True,,I4405266043
IIT Roorkee,2184,Jain Vishva Bharati University,0,0,1,0,Not a course cluster,True,,I4210107301
IIT Roorkee,2185,State Bank of India,0,0,1,2,Not a course cluster,True,,I4405270657
IIT Roorkee,2186,"Jagannath International Management School, Vasant Kunj, New Delhi",0,0,1,0,Not a course cluster,True,,I4405254466
IIT Roorkee,2187,Maharaja Jitendra Narayan Medical College & Hospital,0,0,1,0,Not a course cluster,True,,I4405259535
IIT Roorkee,2188,Torrent Pharma (India),0,0,1,4,Not a course cluster,True,,I4210137505
IIT Roorkee,2189,Sant Kavi Baba Baijnath Govt. PG College,0,0,1,0,Not a course cluster,True,,I4405261478
IIT Roorkee,2190,Centre for Economic and Social Studies,0,0,1,5,Not a course cluster,True,,I75274968
IIT Roorkee,2191,Institute of Human Behaviour and Allied Sciences,0,0,1,4,Not a course cluster,True,,I4210118052
IIT Roorkee,2192,Sri Ramachandra Medical Centre,0,0,1,13,Not a course cluster,True,,I4210107332
IIT Roorkee,2193,Directorate of Coldwater Fisheries Research,0,0,1,5,Not a course cluster,True,,I4210119432
IIT Roorkee,2194,Urumu Dhanalakshmi College,0,0,1,5,Not a course cluster,True,,I4405274423
IIT Roorkee,2195,KVK College of Pharmacy,0,0,1,1,Not a course cluster,True,,I4405260916
IIT Roorkee,2196,Dr Baba Saheb Ambedkar Hospital,0,0,1,0,Not a course cluster,True,,I4405275110
IIT Roorkee,2197,Kerala Biotechnology Commission,0,0,1,0,Not a course cluster,True,,I4405269592
IIT Roorkee,2198,Nansen Environmental Research Centre India,0,0,1,4,Not a course cluster,True,,I4210132485
IIT Roorkee,2199,Sarojini Naidu College for Women,0,0,1,2,Not a course cluster,True,,I4405277847
IIT Roorkee,2200,"Shri Shivaji Education Society, Amravati's Science College, Nagpur",0,0,1,0,Not a course cluster,True,,I4405279824
IIT Roorkee,2201,Don Bosco Institute of Technology,0,0,2,10,Not a course cluster,True,,I4405264256
IIT Roorkee,2202,ICMR - National Institute of Immunohaemotology,0,0,1,1,Not a course cluster,True,,I4210108545
IIT Roorkee,2203,Artemis Hospitals,0,0,1,5,Not a course cluster,True,,I4210165151
IIT Roorkee,2204,Lata Medical Research Foundation,0,0,1,1,Not a course cluster,True,,I4210090168
IIT Roorkee,2205,Bay Of Bengal Programme Inter-Governmental Organisation,0,0,1,0,Not a course cluster,True,,I4405266677
IIT Roorkee,2206,Ispat General Hospital,0,0,1,1,Not a course cluster,True,,I4210106902
IIT Roorkee,2207,Directorate of Environment and Climate Change,0,0,1,1,Not a course cluster,True,,I4405270332
IIT Roorkee,2208,Vidyalankar School of Information Technology,0,0,1,0,IIITs,True,,I4405276725
IIT Roorkee,2209,World University of Design,0,0,1,0,Not a course cluster,True,,I4405272945
IIT Roorkee,2210,"Mrs. Kesharbai Sonajirao Kshirsagar Alias Kaku Arts, Science & Commerce College, Beed",0,0,1,0,Not a course cluster,True,,I4405275825
IIT Roorkee,2211,Balaji Dental & Craniofacial Hospital,0,0,1,0,Not a course cluster,True,,I4210092268
IIT Roorkee,2212,Fortis Hospital,0,0,4,6,Not a course cluster,True,,I4210152136
IIT Roorkee,2213,Mahindra and Mahindra Limited (India),0,0,1,1,Not a course cluster,True,,I4210104682
IIT Roorkee,2214,Excel Life Sciences (India),0,0,1,0,Not a course cluster,True,,I4210107402
IIT Roorkee,2215,TCG Lifesciences (India),0,0,1,7,Not a course cluster,True,,I4210118991
IIT Roorkee,2216,Dow Chemical (India),0,0,1,0,Not a course cluster,True,,I1280527723
IIT Roorkee,2217,Watershed Support Services and Activities Network,0,0,1,1,Not a course cluster,True,,I4210149890
IIT Roorkee,2218,"St. Philomena College, Puttur",0,0,1,0,Not a course cluster,True,,I4405259634
IIT Roorkee,2219,Sinha Institute of Medical Science & Technology,0,0,1,0,Not a course cluster,True,,I4210162677
IIT Roorkee,2220,S. G. Balekundri Institute of Technology Belagavi,0,0,1,0,Not a course cluster,True,,I4405257022
IIT Roorkee,2221,Agri Biotech Foundation,0,0,1,1,Not a course cluster,True,,I4210091695
IIT Roorkee,2222,Osmania Medical College,0,0,1,4,Not a course cluster,True,,I99557698
IIT Roorkee,2223,Shri Guru Ram Rai Institute of Medical & Health Sciences,0,0,1,15,Not a course cluster,True,,I4405267002
IIT Roorkee,2224,Debra Thana Sahid Kshudiram Smriti Mahavidyalaya,0,0,1,0,Not a course cluster,True,,I4405263240
IIT Roorkee,2225,JSS Dental College and Hospital,0,0,1,2,Not a course cluster,True,,I70928359
IIT Roorkee,2226,Medanta The Medicity,0,0,2,9,Not a course cluster,True,,I1291450037
IIT Roorkee,2227,CSI Holdsworth Memorial Hospital,0,0,1,2,Not a course cluster,True,,I4210162192
IIT Roorkee,2228,Garden City University,0,0,1,4,Not a course cluster,True,,I4405259915
IIT Roorkee,2229,Saroj Mohan Institute of Technology,0,0,1,6,Not a course cluster,True,,I4405282084
IIT Roorkee,2230,Chhatrapati Shivaji Maharaj Institute of Technology,0,0,1,0,Not a course cluster,True,,I4405262657
IIT Roorkee,2231,Jai Minesh Adivasi University,0,0,1,0,Not a course cluster,True,,I4405276291
IIT Roorkee,2232,Dronah Foundation,0,0,1,0,Not a course cluster,True,,I4210092362
IIT Roorkee,2233,Loreto College,0,0,1,1,Not a course cluster,True,,I4405266022
IIT Roorkee,2234,Jindal Naturecure Institute,0,0,1,0,Not a course cluster,True,,I4210141152
IIT Roorkee,2235,Dr Vijay Kumar Foundation,0,0,1,1,Not a course cluster,True,,I4210163192
IIT Roorkee,2236,Central Board of Secondary Education,0,0,1,0,Not a course cluster,True,,I2803094843
IIT Roorkee,2237,St. Kabir Institute of Professional Studies,0,0,1,2,Not a course cluster,True,,I4405263109
IIT Roorkee,2238,Rajendra Hospital,0,0,1,0,Not a course cluster,True,,I4210102127
IIT Roorkee,2239,Centre for Internet and Society,0,0,1,0,Not a course cluster,True,,I2801717827
IIT Roorkee,2240,National AIDS Control Organisation,0,0,1,2,Not a course cluster,True,,I4210165666
IIT Roorkee,2241,Goverment Siddha Medical College,0,0,1,2,Not a course cluster,True,,I4210088592
IIT Roorkee,2242,National Law University Meghalaya,0,0,1,0,Not a course cluster,True,,I4405270315
IIT Roorkee,2243,Government College Sirohi,0,0,1,3,Not a course cluster,True,,I4405261847
IIT Roorkee,2244,Jawaharlal Nehru Cancer Hospital and Research Centre,0,0,1,1,Not a course cluster,True,,I4210104322
IIT Roorkee,2245,Goa Medical College,0,0,1,4,Not a course cluster,True,,I238597064
IIT Roorkee,2246,Shri A.M.M. Murugappa Chettiar Research Centre,0,0,1,3,Not a course cluster,True,,I4210152587
IIT Roorkee,2247,“Tribhuvan” Sahkari University,0,0,1,0,Not a course cluster,True,,I4405277300
IIT Roorkee,2248,West Bengal State Council of Technical Education,0,0,1,4,Not a course cluster,True,,I3130133132
IIT Roorkee,2249,Mankind Pharma (India),0,0,1,0,Not a course cluster,True,,I4210096665
IIT Roorkee,2250,P. D. Hinduja Hospital and Medical Research Centre,0,0,1,10,Not a course cluster,True,,I2800474033
IIT Roorkee,2251,"Shaheed Padamdhar Singh Government Post-Graduate College, Satna",0,0,1,1,Not a course cluster,True,,I4405283719
IIT Roorkee,2252,Ahana Hospitals,0,0,1,0,Not a course cluster,True,,I4405283250
IIT Roorkee,2253,Annai Vailankanni Arts and Science College,0,0,1,0,Not a course cluster,True,,I4405265989
IIT Roorkee,2254,Indira Gandhi Medical College,0,0,1,3,Not a course cluster,True,,I2799277952
IIT Roorkee,2255,Kerala Forest Department,0,0,1,0,Not a course cluster,True,,I4405281010
IIT Roorkee,2256,Confederation of Indian Industry,0,0,1,9,Not a course cluster,True,,I2801105518
IIT Roorkee,2257,Observer Research Foundation,0,0,1,6,Not a course cluster,True,,I2802103719
IIT Roorkee,2258,Renewable Energy Corporation of India,0,0,1,0,Not a course cluster,True,,I4210146904
IIT Roorkee,2259,Animal Husbandry and Veterinary Department,0,0,1,0,Not a course cluster,True,,I4210119745
IIT Roorkee,2260,GVK (India),0,0,1,3,Not a course cluster,True,,I4210091129
IIT Roorkee,2261,Lok Nayak Jai Prakash Narayan Hospital,0,0,1,1,Not a course cluster,True,,I4210096873
IIT Roorkee,2262,Indian Institute of Public Administration,0,0,1,6,Not a course cluster,True,,I55546527
IIT Roorkee,2263,Maharaja Yeshwantrao Hospital,0,0,1,0,Not a course cluster,True,,I2899701089
IIT Roorkee,2264,Mahamana Pandit Madan Mohan Malaviya Cancer Centre,0,0,1,1,Not a course cluster,True,,I4405260747
IIT Roorkee,2265,Victoria Hospital,0,0,1,0,Not a course cluster,True,,I4210137705
IIT Roorkee,2266,Gauhati Medical College and Hospital,0,0,1,5,Not a course cluster,True,,I134260573
IIT Roorkee,2267,Naipunnya Institute of Management and Information Technology,0,0,1,2,IIITs,True,,I4405259079
IIT Roorkee,2268,Shri Sathya Sai Medical College and Research Institute,0,0,1,3,Not a course cluster,True,,I4210112828
IIT Roorkee,2269,Sri Guru Ram Das University of Health Sciences Sri Amritsar,0,0,1,1,Not a course cluster,True,,I4405266329
IIT Roorkee,2270,JRE Group of Institutions,0,0,1,0,Not a course cluster,True,,I4210086089
IIT Roorkee,2271,NKP Salve Institute of Medical Sciences and Lata Mangeshkar Hospital,0,0,1,1,Not a course cluster,True,,I4210099933
IIT Roorkee,2272,Shadan Hospital and Institute of Medical Sciences,0,0,1,0,Not a course cluster,True,,I209674108
IIT Roorkee,2273,"Soban Singh Jeena Government Institute of Medical Sciences and Research, Almora",0,0,1,0,Not a course cluster,True,,I4405263053
IIT Roorkee,2274,Remidio Innovative Solutions (India),0,0,1,0,Not a course cluster,True,,I4210126782
IIT Roorkee,2275,"National Institute of Science, Technology and Development Studies",0,0,1,17,Not a course cluster,True,,I4210128462
IIT Roorkee,2276,Mahindra United World College India,0,0,1,0,Not a course cluster,True,,I3132940215
IIT Roorkee,2277,National Institute of Pathology,0,0,1,7,Not a course cluster,True,,I4210096777
IIT Roorkee,2278,Bombay Hospital,0,0,1,2,Not a course cluster,True,,I4210135821
IIT Roorkee,2279,Professional Assistance for Development Action,0,0,1,0,Not a course cluster,True,,I2802247371
IIT Roorkee,2280,Fortis Healthcare,0,0,1,3,Not a course cluster,True,,I264201830
IIT Roorkee,2281,Stephens College of Pharmacy,0,0,1,0,Not a course cluster,True,,I4405283484
IIT Roorkee,2282,Government Medical College,0,0,30,55,Not a course cluster,True,,I168974072
IIT Roorkee,2283,National Institute of Design,0,0,1,0,Not a course cluster,True,,I5816614
IIT Roorkee,2284,MEASI Institute of Management,0,0,1,0,Not a course cluster,True,,I4405265375
IIT Roorkee,2285,Malabar Institute of Medical Sciences,0,0,1,2,Not a course cluster,True,,I165915565
IIT Roorkee,2286,ICARE Eye Hospital & Postgraduate Institute,0,0,1,0,Not a course cluster,True,,I4210127154
IIT Roorkee,2287,Santosh University,0,0,1,1,Not a course cluster,True,,I2800102685
IIT Roorkee,2288,Rubber Board,0,0,1,5,Not a course cluster,True,,I4210095491
IIT Roorkee,2289,Mahesh Bhattacharyya Homeopathic Medical College and Hospital,0,0,1,1,Not a course cluster,True,,I2802598772
IIT Roorkee,2290,Vehicles Research Development Establishment,0,0,1,2,Not a course cluster,True,,I4210086389
IIT Roorkee,2291,Swami Vivekanand Group of Institutes,0,0,1,0,Not a course cluster,True,,I4405268410
IIT Roorkee,2292,Sri Indu Institute of Engineering and Technology,0,0,1,1,Not a course cluster,True,,I4405273320
IIT Roorkee,2293,Madras Medical Mission,0,0,1,5,Not a course cluster,True,,I2802574061
IIT Roorkee,2294,Sri Sai Super Speciality Hospital,0,0,1,0,Not a course cluster,True,,I4210150959
IIT Roorkee,2295,Ayurvet Research Foundation,0,0,1,0,Not a course cluster,True,,I4210112002
IIT Roorkee,2296,Maulana Mazharul Haque Arabic and Persian University,0,0,1,0,Not a course cluster,True,,I4210140461
IIT Roorkee,2297,Murshidabad Medical College and Hospital,0,0,1,0,Not a course cluster,True,,I4210136550
IIT Roorkee,2298,Foundation for Research in Health Systems,0,0,1,2,Not a course cluster,True,,I4210112831
IIT Roorkee,2299,Nehru Gram Bharti University,0,0,1,17,Not a course cluster,True,,I4210150711
IIT Roorkee,2300,Charuchandra College,0,0,1,1,Not a course cluster,True,,I4405274187
IIT Roorkee,2301,Government Medical College,0,0,30,55,Not a course cluster,True,,I101786783
IIT Roorkee,2302,Dr. Daulatrao Aher College of Engineering,0,0,1,0,Not a course cluster,True,,I4405260234
IIT Roorkee,2303,Diabetes Foundation,0,0,1,5,Not a course cluster,True,,I4210131664
IIT Roorkee,2304,Ministry of Information and Broadcasting,0,0,1,0,Not a course cluster,True,,I4405266389
IIT Roorkee,2305,Debraj Roy College,0,0,1,2,Not a course cluster,True,,I4405276481
IIT Roorkee,2306,National Institute of Public Finance and Policy,0,0,1,10,Not a course cluster,True,,I4899593
IIT Roorkee,2307,Amrith Educational and Cultural Society,0,0,1,1,Not a course cluster,True,,I4210129295
IIT Roorkee,2308,Tata Chemicals (India),0,0,1,3,Not a course cluster,True,,I2800685081
IIT Roorkee,2309,Intas Pharmaceuticals (India),0,0,1,0,Not a course cluster,True,,I910881529
IIT Roorkee,2310,"Mahatma Gandhi University, West Bengal",0,0,1,0,Not a course cluster,True,,I4405268856
IIT Roorkee,2311,Cadila Pharmaceuticals (India),0,0,1,1,Not a course cluster,True,,I4210108063
IIT Roorkee,2312,Institute of Chartered Accountants of India,0,0,1,0,Not a course cluster,True,,I4210160863
IIT Roorkee,2313,Indian Immunologicals (India),0,0,1,1,Not a course cluster,True,,I4210148208
IIT Roorkee,2314,Fortis Flt. Lt. Rajan Dhall Hospital,0,0,1,1,Not a course cluster,True,,I4210125089
IIT Roorkee,2315,"Index Medical College, Hospital & Research Centre",0,0,1,1,Not a course cluster,True,,I4210115159
IIT Roorkee,2316,Caplin Point Laboratories (India),0,0,1,1,Not a course cluster,True,,I4210119521
IIT Roorkee,2317,"ICAR-Agricultural Technology Application Research Institute, Zone-II, Jodhpur",0,0,1,0,Not a course cluster,True,,I4405267638
IIT Roorkee,2318,Chest Research Foundation,0,0,1,3,Not a course cluster,True,,I4405282151
IIT Roorkee,2319,Centre of Excellence in Microbiome,0,0,1,0,Not a course cluster,True,,I4405280704
IIT Roorkee,2320,All India Institute of Hygiene and Public Health,0,0,1,4,Not a course cluster,True,,I137794331
IIT Roorkee,2321,Vigyan Prasar,0,0,1,1,Not a course cluster,True,,I4210089994
IIT Roorkee,2322,Grant Medical College and Sir Jamshedjee Jeejeebhoy Group of Hospitals,0,0,1,6,Not a course cluster,True,,I169117269
IIT Roorkee,2323,Z.V.M.Unani Medical College & Hospital,0,0,1,0,Not a course cluster,True,,I4210087298
IIT Roorkee,2324,Calcutta Institute of Pharmaceutical Technology & Allied Health Sciences,0,0,1,0,Not a course cluster,True,,I4405283056
IIT Roorkee,2325,Scope e-Knowledge Center (India),0,0,1,0,Not a course cluster,True,,I4210136635
IIT Roorkee,2326,Sanskriti Foundation,0,0,1,0,Not a course cluster,True,,I4210094591
IIT Roorkee,2327,NonFerrous Materials Technology Development Centre,0,0,1,2,Not a course cluster,True,,I4210152210
IIT Roorkee,2328,Stephens Group of Institutions,0,0,1,0,Not a course cluster,True,,I4405263589
IIT Roorkee,2329,Mahindra Group (India),0,0,1,10,Not a course cluster,True,,I1336379959
IIT Roorkee,2330,Department of Chemicals and Petrochemicals,0,0,1,0,Not a course cluster,True,,I4210104156
IIT Roorkee,2331,Hilleman Laboratories (India),0,0,1,1,Not a course cluster,True,,I3176327385
IIT Roorkee,2332,Chanakya National Law University,0,0,1,0,Not a course cluster,True,,I2800362346
IIT Roorkee,2333,Samrat Prithviraj Chauhan Degree College,0,0,1,0,Not a course cluster,True,,I4405282112
IIT Roorkee,2334,"Center for Disease Dynamics, Economics and Policy",0,0,1,28,Not a course cluster,True,,I4210163355
IIT Roorkee,2335,"St. Agnes College (Autonomous), Mangaluru",0,0,1,1,Not a course cluster,True,,I4405259874
IIT Roorkee,2336,Mazumdar Shaw Medical Centre,0,0,1,1,Not a course cluster,True,,I4210102983
IIT Roorkee,2337,Melmaruvathur Adhiparasakthi Institute of Medical Sciences and Research,0,0,1,0,Not a course cluster,True,,I4405282240
IIT Roorkee,2338,SMT (India),0,0,1,0,Not a course cluster,True,,I4210109275
IIT Roorkee,2339,"CR Rao Advanced Institute of Mathematics, Statistics and Computer Science",0,0,1,1,Not a course cluster,True,,I4210109466
IIT Roorkee,2340,MNJ Institute Of Oncology and Regional Cancer Centre,0,0,1,0,Not a course cluster,True,,I4210089709
IIT Roorkee,2341,Adhiyamaan College of Agriculture and Research,0,0,1,0,Not a course cluster,True,,I4405282771
IIT Roorkee,2342,Uluberia College,0,0,1,1,Not a course cluster,True,,I4405270095
IIT Roorkee,2343,Nalbari College,0,0,1,1,Not a course cluster,True,,I4405277624
IIT Roorkee,2344,Orthopaedic Research Group,0,0,1,0,Not a course cluster,True,,I4210128379
IIT Roorkee,2345,"Krishi Vigyan Kendra, Ghatkhed Amravati",0,0,1,0,Not a course cluster,True,,I4210105086
IIT Roorkee,2346,Gandhi Medical College & Hospital,0,0,1,1,Not a course cluster,True,,I15853019
IIT Roorkee,2347,Central University of Andhra Pradesh,0,0,1,0,Not a course cluster,True,,I4405261357
IIT Roorkee,2348,Tantia University,0,0,1,0,Not a course cluster,True,,I4405271553
IIT Roorkee,2349,National Institute of Medical Statistics,0,0,1,9,Not a course cluster,True,,I4210098320
IIT Roorkee,2350,"Institute of Professional Excellence and Management, Ghaziabad",0,0,1,0,Not a course cluster,True,,I4405272474
IIT Roorkee,2351,Sangath,0,0,1,5,Not a course cluster,True,,I4210097859
IIT Roorkee,2352,IFIM Institutions,0,0,1,1,Not a course cluster,True,,I4405263315
IIT Roorkee,2353,Dr. B. R. Ambedkar Open University,0,0,1,8,Not a course cluster,True,,I4210091685
IIT Roorkee,2354,Netaji Subhas University,0,0,1,0,Not a course cluster,True,,I4405283299
IIT Roorkee,2355,Arunachal Pradesh University,0,0,1,0,Not a course cluster,True,,I4405256773
IIT Roorkee,2356,Mylan (India),0,0,1,0,Not a course cluster,True,,I4210132119
IIT Roorkee,2357,Sooriya Hospital,0,0,1,1,Not a course cluster,True,,I4210106285
IIT Roorkee,2358,Sadhu Ramchand Murmu University of Jhargram,0,0,1,0,Not a course cluster,True,,I4405283021
IIT Roorkee,2359,Vivek University,0,0,1,0,Not a course cluster,True,,I4405259076
IIT Roorkee,2360,Darul Huda Islamic University,0,0,1,0,Not a course cluster,True,,I4210151103
IIT Roorkee,2361,DSMS Group of Institutions,0,0,1,0,Not a course cluster,True,,I4210118705
IIT Roorkee,2362,"Don Bosco College, Itanagar",0,0,1,0,Not a course cluster,True,,I4405258856
IIT Roorkee,2363,Bangalore Baptist Hospital,0,0,1,0,Not a course cluster,True,,I4210101251
IIT Roorkee,2364,Monad University,0,0,1,0,Not a course cluster,True,,I3132969668
IIT Roorkee,2365,Sustainable Futures Collaborative,0,0,1,4,Not a course cluster,True,,I4405257875
IIT Roorkee,2366,The Apollo University,0,0,1,0,Not a course cluster,True,,I4405254339
IIT Roorkee,2367,Spicer Adventist University,0,0,1,1,Not a course cluster,True,,I4210151788
IIT Roorkee,2368,Research Society for the Study of Diabetes in India,0,0,1,0,Not a course cluster,True,,I4405269273
IIT Roorkee,2369,"Sree Narayana College, Punalur",0,0,1,2,Not a course cluster,True,,I4405254405
IIT Roorkee,2370,Alkem (India),0,0,1,0,Not a course cluster,True,,I4210150536
IIT Roorkee,2371,Vimta (India),0,0,1,0,Not a course cluster,True,,I4210103938
IIT Roorkee,2372,Pailan College of Management and Technology,0,0,1,8,Not a course cluster,True,,I4405271662
IIT Roorkee,2373,Sids Hospital and Research Center,0,0,1,0,Not a course cluster,True,,I4405261674
IIT Roorkee,2374,Maharaja Chhatrasal Bundelkhand University,0,0,1,1,Not a course cluster,True,,I4210151682
IIT Roorkee,2375,Siddhartha Medical College,0,0,1,0,Not a course cluster,True,,I116891498
IIT Roorkee,2376,Kaliyaganj College,0,0,1,0,Not a course cluster,True,,I4405253966
IIT Roorkee,2377,National Post Graduate College,0,0,1,0,Not a course cluster,True,,I4405261220
IIT Roorkee,2378,Aeronautical Development Establishment,0,0,1,4,Not a course cluster,True,,I4210093458
IIT Roorkee,2379,St. Stephen’s Hospital,0,0,1,4,Not a course cluster,True,,I4210147366
IIT Roorkee,2380,Bristol-Myers Squibb (India),0,0,1,3,Not a course cluster,True,,I4210139887
IIT Roorkee,2381,Kokilaben Dhirubhai Ambani Hospital,0,0,1,3,Not a course cluster,True,,I4210131938
IIT Roorkee,2382,Sawai Man Singh Hospital,0,0,1,1,Not a course cluster,True,,I2802525668
IIT Roorkee,2383,Care India,0,0,1,2,Not a course cluster,True,,I4210100472
IIT Roorkee,2384,Raja Rammohun Roy Mahavidyalaya,0,0,1,0,Not a course cluster,True,,I4405285329
IIT Roorkee,2385,Don Bosco Institute of Technology,0,0,2,10,Not a course cluster,True,,I4405265651
IIT Roorkee,2386,Netaji Subhas Chandra Bose Cancer Research Institute,0,0,1,0,Not a course cluster,True,,I4210104904
IIT Roorkee,2387,"K. N. Bhise Arts, Commerce and Vinayakrao Patil Science College",0,0,1,0,Not a course cluster,True,,I4405253511
IIT Roorkee,2388,"Himalayan Institute of Alternatives, Ladakh",0,0,1,1,Not a course cluster,True,,I4210154477
IIT Roorkee,2389,Maulana Azad University Jodhpur,0,0,1,0,Not a course cluster,True,,I4405255144
IIT Roorkee,2390,"Indian Statistical Institute, Delhi Centre",0,0,1,24,Premier science institutes,True,,I4405279484
IIT Roorkee,2391,Murugappa (India),0,0,1,0,Not a course cluster,True,,I4210138020
IIT Roorkee,2392,Hindu Rao Hospital,0,0,1,1,Not a course cluster,True,,I4210091779
IIT Roorkee,2393,Central Tobacco Research Institute,0,0,1,1,Not a course cluster,True,,I4210138307
IIT Roorkee,2394,Dr. Rajendra Prasad Government Medical College,0,0,1,0,Not a course cluster,True,,I4210148181
IIT Roorkee,2395,Tezpur Medical College & Hospital,0,0,1,1,Not a course cluster,True,,I4210097972
IIT Roorkee,2396,Jaypee Group (India),0,0,1,2,Not a course cluster,True,,I2800623768
IIT Roorkee,2397,Madras Diabetes Research Foundation,0,0,1,23,Not a course cluster,True,,I4210092311
IIT Roorkee,2398,Pondicherry Institute of Medical Sciences,0,0,1,3,Not a course cluster,True,,I163150328
IIT Roorkee,2399,Mahatma Gandhi Institute for Rural Industrialization,0,0,1,0,Not a course cluster,True,,I2800948379
IIT Roorkee,2400,ESIC Hospital,0,0,1,3,Not a course cluster,True,,I4210141935
IIT Roorkee,2401,Basanti Devi College,0,0,1,2,Not a course cluster,True,,I4405274977
IIT Roorkee,2402,Jubilee Mission Medical College and Research Institute,0,0,1,2,Not a course cluster,True,,I2800507371
IIT Roorkee,2403,Omeo Kumar Das Institute of Social Change and Development,0,0,1,2,Not a course cluster,True,,I4405258875
IIT Roorkee,2404,Dev Sanskriti Vishwavidyalaya,0,0,1,1,Not a course cluster,True,,I2801450391
IIT Roorkee,2405,Sikkim Alpine University,0,0,1,1,Not a course cluster,True,,I4405264292
IIT Roorkee,2406,National Institute of Unani Medicine,0,0,1,0,Not a course cluster,True,,I4405256369
IIT Roorkee,2407,Himalayan Environmental Studies and Conservation Organization,0,0,1,1,Not a course cluster,True,,I4210111613
IIT Roorkee,2408,JDSG College,0,0,1,0,Not a course cluster,True,,I4405262488
IIT Roorkee,2409,Binod Bihari Mahto Koyalanchal University,0,0,1,0,Not a course cluster,True,,I4405260549
IIT Roorkee,2410,Malabar Dental College and Research Centre,0,0,1,1,Not a course cluster,True,,I4405262175
IIT Roorkee,2411,Centre for Interdisciplinary Research and Education,0,0,1,1,Not a course cluster,True,,I4210089539
IIT Roorkee,2412,Campbell Collaboration,0,0,1,2,Not a course cluster,True,,I4210128352
IIT Roorkee,2413,Guntur Medical College,0,0,0,1,Not a course cluster,True,,I179150554
IIT Roorkee,2414,Naval Science & Technological Laboratory,0,0,0,7,Not a course cluster,True,,I4210125896
IIT Roorkee,2415,Medtronic (India),0,0,0,3,Not a course cluster,True,,I4210097734
IIT Roorkee,2416,LRS Institute of Tuberculosis and Respiratory Diseases,0,0,0,1,Not a course cluster,True,,I4210094819
IIT Roorkee,2417,Laser Science & Technology Centre,0,0,0,5,Not a course cluster,True,,I4210088856
IIT Roorkee,2418,BGS Global Hospital,0,0,0,1,Not a course cluster,True,,I4210150676
IIT Roorkee,2419,Voluntary Health Services Hospital,0,0,0,3,Not a course cluster,True,,I2802140467
IIT Roorkee,2420,Saroj Gupta Cancer Centre & Research Institute,0,0,0,4,Not a course cluster,True,,I4210151504
IIT Roorkee,2421,Cloudnine,0,0,0,1,Not a course cluster,True,,I4210155872
IIT Roorkee,2422,NAMO Medical Education & Research Institute,0,0,0,1,Not a course cluster,True,,I4405266737
IIT Roorkee,2423,Baxter (India),0,0,0,3,Not a course cluster,True,,I4210116718
IIT Roorkee,2424,Govt. Dental College & Hospital,0,0,0,1,Not a course cluster,True,,I4210165136
IIT Roorkee,2425,Centre for Sight,0,0,0,3,Not a course cluster,True,,I4210165620
IIT Roorkee,2426,Assam Science Technology and Environment Council,0,0,0,1,Not a course cluster,True,,I4405270762
IIT Roorkee,2427,Veeda Clinical Research (India),0,0,0,1,Not a course cluster,True,,I4210164969
IIT Roorkee,2428,Burdwan Medical College & Hospital,0,0,0,7,Not a course cluster,True,,I166813715
IIT Roorkee,2429,Malda Medical College and Hospital,0,0,0,2,Not a course cluster,True,,I299657222
IIT Roorkee,2430,Novo Nordisk (India),0,0,0,1,Not a course cluster,True,,I4210160744
IIT Roorkee,2431,Mata Gujri Memorial Medical College & Lions Seva Kendra Hospital,0,0,0,1,Not a course cluster,True,,I4405256071
IIT Roorkee,2432,School of Tropical Medicine,0,0,0,21,Not a course cluster,True,,I4405267645
IIT Roorkee,2433,"Samanta Chandra Sekhar Autonomous College, Puri",0,0,0,4,Not a course cluster,True,,I4405280434
IIT Roorkee,2434,Jammu Hospital,0,0,0,1,Not a course cluster,True,,I4210118073
IIT Roorkee,2435,Olive Lifesciences (India),0,0,0,1,Not a course cluster,True,,I4210145374
IIT Roorkee,2436,Government Medical College Bhavnagar,0,0,0,1,Not a course cluster,True,,I4210086474
IIT Roorkee,2437,Army Hospital Research and Referral,0,0,0,2,Not a course cluster,True,,I4210165779
IIT Roorkee,2438,Community Eye Care Foundation,0,0,0,1,Not a course cluster,True,,I4210091560
IIT Roorkee,2439,GenePath Dx (India),0,0,0,1,Not a course cluster,True,,I4210110109
IIT Roorkee,2440,Fortis Hospital,0,0,4,6,Not a course cluster,True,,I4210153334
IIT Roorkee,2441,Abbott (India),0,0,0,3,Not a course cluster,True,,I4210103925
IIT Roorkee,2442,Government Medical College,0,0,30,55,Not a course cluster,True,,I133769559
IIT Roorkee,2443,LG (India),0,0,0,4,Not a course cluster,True,,I4210092541
IIT Roorkee,2444,South Eastern Railway,0,0,0,4,Not a course cluster,True,,I2803054517
IIT Roorkee,2445,Indian Medical Association,0,0,0,1,Not a course cluster,True,,I4210150663
IIT Roorkee,2446,Asian Academy of Film and Television,0,0,0,1,Not a course cluster,True,,I4210142877
IIT Roorkee,2447,Centre for Multi-disciplinary Development Research,0,0,0,6,Not a course cluster,True,,I4210133794
IIT Roorkee,2448,Nature Conservation Foundation,0,0,0,4,Not a course cluster,True,,I80883720
IIT Roorkee,2449,Mathrusri Ramabai Ambedkar Dental College & Hospital,0,0,0,1,Not a course cluster,True,,I4210129991
IIT Roorkee,2450,National Institute of Ecology,0,0,0,2,Not a course cluster,True,,I4210087709
IIT Roorkee,2451,National Institute for Implementation Research on Non-Communicable Diseases,0,0,0,1,Not a course cluster,True,,I4210158034
IIT Roorkee,2452,Government Medical College Jalaun,0,0,0,1,Not a course cluster,True,,I4405258115
IIT Roorkee,2453,Silchar Medical College and Hospital,0,0,0,4,Not a course cluster,True,,I2802488231
IIT Roorkee,2454,University B.T. & Evening College,0,0,0,1,Not a course cluster,True,,I3129549910
IIT Roorkee,2455,Dabur (India),0,0,0,2,Not a course cluster,True,,I4210093971
IIT Roorkee,2456,Bengaluru North University,0,0,0,1,Not a course cluster,True,,I4405262183
IIT Roorkee,2457,Centre for Environment Education,0,0,0,2,Not a course cluster,True,,I4210163038
IIT Roorkee,2458,"Krishi Vigyan Kendra, Latur",0,0,0,3,Not a course cluster,True,,I4210106304
IIT Roorkee,2459,Rajendra Institute of Technology and Sciences,0,0,0,2,Not a course cluster,True,,I4405260719
IIT Roorkee,2460,Gastroenterology Medical Center and Hospital,0,0,0,1,Not a course cluster,True,,I4210157337
IIT Roorkee,2461,Central University of Tibetan Studies,0,0,0,1,Not a course cluster,True,,I2802930190
IIT Roorkee,2462,G Pulla Reddy Dental College & Hospital,0,0,0,1,Not a course cluster,True,,I4210134386
IIT Roorkee,2463,Asha Hospital,0,0,0,2,Not a course cluster,True,,I4210147497
IIT Roorkee,2464,Baby Memorial Hospital,0,0,0,1,Not a course cluster,True,,I4210147874
IIT Roorkee,2465,Karnataka Institute of Medical Sciences,0,0,0,6,Not a course cluster,True,,I77799889
IIT Roorkee,2466,Calcutta National Medical College and Hospital,0,0,0,17,Not a course cluster,True,,I111058918
IIT Roorkee,2467,Bai Jerbai Wadia Hospital for Children,0,0,0,3,Not a course cluster,True,,I4210111325
IIT Roorkee,2468,Diabetes Care and Research Foundation,0,0,0,1,Not a course cluster,True,,I4210096029
IIT Roorkee,2469,Batra Hospital and Medical Research Centre,0,0,0,2,Not a course cluster,True,,I4210137951
IIT Roorkee,2470,Sir Syed College,0,0,0,7,Not a course cluster,True,,I4405262160
IIT Roorkee,2471,Agartala Government Medical College,0,0,0,2,Not a course cluster,True,,I4210167321
IIT Roorkee,2472,Government Medical College,0,0,30,55,Not a course cluster,True,,I4210089425
IIT Roorkee,2473,Raiganj Surendranath Mahavidyalaya,0,0,0,2,Not a course cluster,True,,I4405275817
IIT Roorkee,2474,Institute of Development Studies,0,0,0,4,Not a course cluster,True,,I4210135264
IIT Roorkee,2475,Centre for Research in Medical Entomology,0,0,0,2,Not a course cluster,True,,I4210110965
IIT Roorkee,2476,Mathura Das Mathur Hospital,0,0,0,1,Not a course cluster,True,,I2799540789
IIT Roorkee,2477,Electronics Corporation of India,0,0,0,4,Not a course cluster,True,,I1336731492
IIT Roorkee,2478,Shri Vidyarthi Sudhar Sangh’s Nagpur College of Pharmacy,0,0,0,1,Not a course cluster,True,,I4405283123
IIT Roorkee,2479,Association for Intelligent Transport Systems,0,0,0,1,Not a course cluster,True,,I4210112609
IIT Roorkee,2480,AstraZeneca (India),0,0,0,4,Not a course cluster,True,,I4210127920
IIT Roorkee,2481,Government College Kota,0,0,0,3,Not a course cluster,True,,I4405277463
IIT Roorkee,2482,Foundation for Environment and Economic Development Services,0,0,0,1,Not a course cluster,True,,I4210097852
IIT Roorkee,2483,Manuro Tech Research Pvt. Ltd (India),0,0,0,1,Not a course cluster,True,,I4405261650
IIT Roorkee,2484,"Sankara Eye Hospital, Shimoga",0,0,0,1,Not a course cluster,True,,I4405263375
IIT Roorkee,2485,NRR Hospital,0,0,0,1,Not a course cluster,True,,I4210145103
IIT Roorkee,2486,Sri Shankara Cancer Hospital and Research Center,0,0,0,3,Not a course cluster,True,,I4387152526
IIT Roorkee,2487,Rainbow Children's Hospital,0,0,0,1,Not a course cluster,True,,I4210150241
IIT Roorkee,2488,Sasurie College of Arts and Science,0,0,0,1,Not a course cluster,True,,I4405261084
IIT Roorkee,2489,International Clinical Epidemiology Network,0,0,0,1,Not a course cluster,True,,I4210085937
IIT Roorkee,2490,Shri Maharaja Hari Singh Hospital,0,0,0,1,Not a course cluster,True,,I2802282215
IIT Roorkee,2491,Alwar Pharmacy College,0,0,0,2,Not a course cluster,True,,I4210127668
IIT Roorkee,2492,Rajarajeswari Dental College and Hospital,0,0,0,1,Not a course cluster,True,,I4210153382
IIT Roorkee,2493,Maharashtra Institute of Dental Science and Research,0,0,0,1,Not a course cluster,True,,I4405257707
IIT Roorkee,2494,Dr. Somervell Memorial CSI Medical College and Hospital,0,0,0,1,Not a course cluster,True,,I2801643552
IIT Roorkee,2495,Integrated Test Range,0,0,0,3,Not a course cluster,True,,I4210125378
IIT Roorkee,2496,All India Institute of Speech and Hearing,0,0,0,1,Not a course cluster,True,,I4405268439
IIT Roorkee,2497,DBT/Wellcome Trust India Alliance,0,0,0,1,Not a course cluster,True,,I4210160166
IIT Roorkee,2498,Emmanuel Hospital Association,0,0,0,1,Not a course cluster,True,,I4210091319
IIT Roorkee,2499,B. V. Patel Pharmaceutical Education and Research Development Centre,0,0,0,13,Not a course cluster,True,,I4210147659
IIT Roorkee,2500,HDFC Bank (India),0,0,0,1,Not a course cluster,True,,I4405278225
IIT Roorkee,2501,Indian Institute of Oil Palm Research,0,0,0,2,Not a course cluster,True,,I4210135205
IIT Roorkee,2502,KLE Society Hospital,0,0,0,2,Not a course cluster,True,,I4210135707
IIT Roorkee,2503,S Nijalingappa Medical College and HSK Hospital & Research Centre,0,0,0,1,Not a course cluster,True,,I4210122420
IIT Roorkee,2504,King Institute of Preventive Medicine and Research,0,0,0,6,Not a course cluster,True,,I323874257
IIT Roorkee,2505,Dr. V. M. Government Medical College,0,0,0,3,Not a course cluster,True,,I49124879
IIT Roorkee,2506,Biotechnology Industry Research Assistance Council,0,0,0,1,Not a course cluster,True,,I4210161818
IIT Roorkee,2507,Apollo Hospitals,0,0,5,27,Not a course cluster,True,,I4210159024
IIT Roorkee,2508,GCS Foundation,0,0,0,2,Not a course cluster,True,,I4210089564
IIT Roorkee,2509,King Edward Memorial Hospital Research Centre,0,0,0,5,Not a course cluster,True,,I4210148958
IIT Roorkee,2510,BAIF Development Research Foundation,0,0,0,3,Not a course cluster,True,,I2800340409
IIT Roorkee,2511,Institute of Astronomy Space and Earth Science,0,0,0,2,Not a course cluster,True,,I4405261168
IIT Roorkee,2512,National Institute of Science Communication and Information Resources,0,0,0,1,Not a course cluster,True,,I28700744
IIT Roorkee,2513,Allergan (India),0,0,0,2,Not a course cluster,True,,I4210115611
IIT Roorkee,2514,Akay Flavours and Aromatics Pvt. Ltd. (India),0,0,0,2,Not a course cluster,True,,I4405267992
IIT Roorkee,2515,Rajiv Gandhi Science and Technology Commission,0,0,0,1,Not a course cluster,True,,I4405278778
IIT Roorkee,2516,Mamata Medical College,0,0,0,1,Not a course cluster,True,,I37012753
IIT Roorkee,2517,Haryana College of Technology and Management,0,0,0,1,Not a course cluster,True,,I4405277690
IIT Roorkee,2518,"Shardabai Pawar Mahila Arts, Commerce and Science College",0,0,0,1,Not a course cluster,True,,I4405282557
IIT Roorkee,2519,Indian Institute of Dalit Studies,0,0,0,3,Not a course cluster,True,,I4210161522
IIT Roorkee,2520,Institute of Transplantation Sciences,0,0,0,1,Not a course cluster,True,,I4210111128
IIT Roorkee,2521,Global Hospitals,0,0,0,2,Not a course cluster,True,,I4210114360
IIT Roorkee,2522,Ayurvet (India),0,0,0,2,Not a course cluster,True,,I4210157303
IIT Roorkee,2523,Indian National Academy of Engineering,0,0,0,2,Not a course cluster,True,,I271325593
IIT Roorkee,2524,M.S. Ramaiah Medical College,0,0,0,1,Not a course cluster,True,,I4210134671
IIT Roorkee,2525,Sanofi (India),0,0,0,1,Not a course cluster,True,,I4210138224
IIT Roorkee,2526,Cancer Hospital and Research Institute,0,0,0,5,Not a course cluster,True,,I4210119054
IIT Roorkee,2527,Shri Dharmasthala Manjunatheswara College of Ayurveda and Hospital,0,0,0,1,Not a course cluster,True,,I2890559060
IIT Roorkee,2528,Kerala Institute of Medical Sciences,0,0,0,1,Not a course cluster,True,,I4210127957
IIT Roorkee,2529,Sardar Patel Post Graduate Institute of Dental and Medical Sciences,0,0,0,1,Not a course cluster,True,,I4210127880
IIT Roorkee,2530,ACPM Dental College and Hospital,0,0,0,1,Not a course cluster,True,,I4210119062
IIT Roorkee,2531,Narayan Medical College and Hospital,0,0,0,5,Not a course cluster,True,,I4210141553
IIT Roorkee,2532,Manav Bharti University,0,0,0,9,Not a course cluster,True,,I103104989
IIT Roorkee,2533,Ekjut,0,0,0,3,Not a course cluster,True,,I4210106683
IIT Roorkee,2534,Dabur Research Foundation (India),0,0,0,9,Not a course cluster,True,,I151154110
IIT Roorkee,2535,Smt. Kashibai Navale Medical College and General hospital,0,0,0,3,Not a course cluster,True,,I4210157510
IIT Roorkee,2536,"Mihir Bhoj Postgraduate College, Dadri",0,0,0,4,Not a course cluster,True,,I4405258975
IIT Roorkee,2537,Society for Nutrition Education and Health Action,0,0,0,1,Not a course cluster,True,,I4210101725
IIT Roorkee,2538,Rayat Institute of Engineering & Information Technology,0,0,0,1,IIITs,True,,I573716131
IIT Roorkee,2539,UPASI Tea Research Foundation,0,0,0,1,Not a course cluster,True,,I4210160079
IIT Roorkee,2540,T. D. Medical College,0,0,0,5,Not a course cluster,True,,I2802466914
IIT Roorkee,2541,Aster Medcity,0,0,0,1,Not a course cluster,True,,I4210150119
IIT Roorkee,2542,Madhya Pradesh Bhoj Open University,0,0,0,2,Not a course cluster,True,,I152391192
IIT Roorkee,2543,Indian Institute of Metals,0,0,0,2,Not a course cluster,True,,I1309988440
IIT Roorkee,2544,Welspun (India),0,0,0,2,Not a course cluster,True,,I2800176906
IIT Roorkee,2545,Hyderabad Rheumatology Center,0,0,0,1,Not a course cluster,True,,I4210115048
IIT Roorkee,2546,Sri Sri Institute for Advanced Research,0,0,0,1,Not a course cluster,True,,I4405262849
IIT Roorkee,2547,Vivekananda Institute of Medical Sciences,0,0,0,5,Not a course cluster,True,,I4210131107
IIT Roorkee,2548,Oxford Dental College and Hospital,0,0,0,1,Not a course cluster,True,,I4210092865
IIT Roorkee,2549,Wildlife Conservation Society India,0,0,0,5,Not a course cluster,True,,I4210154569
IIT Roorkee,2550,St. Theresa’s Multi-Speciality Hospital,0,0,0,2,Not a course cluster,True,,I4210158938
IIT Roorkee,2551,Darbhanga Medical College and Hospital,0,0,0,1,Not a course cluster,True,,I2800710275
IIT Roorkee,2552,Defence Scientific Information & Documentation Centre,0,0,0,2,Not a course cluster,True,,I4210124208
IIT Roorkee,2553,Bangabasi Morning College,0,0,0,5,Not a course cluster,True,,I4405257178
IIT Roorkee,2554,Forum for Ethics Review Committees in India,0,0,0,2,Not a course cluster,True,,I4210101256
IIT Roorkee,2555,Chellaram Hospital,0,0,0,1,Not a course cluster,True,,I4210089518
IIT Roorkee,2556,East West College of Pharmacy,0,0,0,2,Not a course cluster,True,,I4405281066
IIT Roorkee,2557,"D.S.N. College, Unnao",0,0,0,13,Not a course cluster,True,,I4405281781
IIT Roorkee,2558,Rajiv Gandhi Foundation,0,0,0,1,Not a course cluster,True,,I2800824377
IIT Roorkee,2559,GCS Medical College,0,0,0,3,Not a course cluster,True,,I4405260799
IIT Roorkee,2560,Kannur Dental College,0,0,0,1,Not a course cluster,True,,I4405255938
IIT Roorkee,2561,Society For Development Alternatives,0,0,0,2,Not a course cluster,True,,I4210138833
IIT Roorkee,2562,"Arts, Commerce and Science College, Dharangaon",0,0,0,1,Not a course cluster,True,,I4405262777
IIT Roorkee,2563,Seethapathy Clinic and Hospital,0,0,0,2,Not a course cluster,True,,I4210164285
IIT Roorkee,2564,Piramal Clinical Research,0,0,0,1,Not a course cluster,True,,I4210152046
IIT Roorkee,2565,Open Source Drug Discovery,0,0,0,33,Not a course cluster,True,,I2799982174
IIT Roorkee,2566,Virus Unit,0,0,0,1,Not a course cluster,True,,I4210093260
IIT Roorkee,2567,Brihanmumbai Municipal Corporation,0,0,0,1,Not a course cluster,True,,I2799318567
IIT Roorkee,2568,IDBI Bank,0,0,0,1,Not a course cluster,True,,I4210154495
IIT Roorkee,2569,Central India Institute of Medical Sciences,0,0,0,5,Not a course cluster,True,,I4210135505
IIT Roorkee,2570,INCLEN Trust International,0,0,0,6,Not a course cluster,True,,I4210164175
IIT Roorkee,2571,Tata Elxsi (India),0,0,0,2,Not a course cluster,True,,I1318430499
IIT Roorkee,2572,Midnapore Medical College and Hospital,0,0,0,1,Not a course cluster,True,,I251397004
IIT Roorkee,2573,Foundation for Revitalisation of Local Health Traditions,0,0,0,1,Not a course cluster,True,,I4210107901
IIT Roorkee,2574,National Council for Cement and Building Materials,0,0,0,8,Not a course cluster,True,,I4210099776
IIT Roorkee,2575,Association for Socially Applicable Research,0,0,0,3,Not a course cluster,True,,I4405263513
IIT Roorkee,2576,Institute of Health Management Research Bangalore,0,0,0,2,Not a course cluster,True,,I4405256990
IIT Roorkee,2577,Sri Aurobindo Institute of Technology,0,0,0,1,Not a course cluster,True,,I4210115061
IIT Roorkee,2578,AMRI Hospitals,0,0,0,1,Not a course cluster,True,,I46827455
IIT Roorkee,2579,Healthcare Technology Innovation Centre,0,0,0,3,Not a course cluster,True,,I4210102197
IIT Roorkee,2580,M.V. Hospital for Diabetes and Diabetes Research Centre,0,0,0,3,Not a course cluster,True,,I4210160007
IIT Roorkee,2581,National Centre for Compositional Characterisation of Materials,0,0,0,9,Not a course cluster,True,,I4210100447
IIT Roorkee,2582,PRS Legislative Research,0,0,0,1,Not a course cluster,True,,I4210131064
IIT Roorkee,2583,Institute for Systems Studies & Analyses,0,0,0,5,Not a course cluster,True,,I4210165624
IIT Roorkee,2584,North Eastern Indira Gandhi Regional Institute of Health and Medical Sciences,0,0,0,7,Not a course cluster,True,,I231543472
IIT Roorkee,2585,Bhagwan Mahaveer Jain Hospital,0,0,0,3,Not a course cluster,True,,I4210146892
IIT Roorkee,2586,Sinhgad Dental College and Hospital,0,0,0,2,Not a course cluster,True,,I4210163301
IIT Roorkee,2587,Kavikulaguru Kalidas Sanskrit University,0,0,0,1,Not a course cluster,True,,I4210106301
IIT Roorkee,2588,Shalby Hospitals,0,0,0,1,Not a course cluster,True,,I2801919287
IIT Roorkee,2589,Inlaks & Budhrani Hospital,0,0,0,1,Not a course cluster,True,,I4210136549
IIT Roorkee,2590,Indian Jute Industries Research Association,0,0,0,9,Not a course cluster,True,,I4210100175
IIT Roorkee,2591,Kempegowda Institute of Medical Sciences,0,0,0,3,Not a course cluster,True,,I169134981
IIT Roorkee,2592,Research Design And Standards Organization,0,0,0,1,Not a course cluster,True,,I2799538346
IIT Roorkee,2593,Serum Institute of India (India),0,0,0,2,Not a course cluster,True,,I3131544347
IIT Roorkee,2594,ESIC Hospital,0,0,1,3,Not a course cluster,True,,I4210159729
IIT Roorkee,2595,Chaithanya Eye Hospital and Research Institute,0,0,0,1,Not a course cluster,True,,I4210128572
IIT Roorkee,2596,Themis (India),0,0,0,1,Not a course cluster,True,,I4210164012
IIT Roorkee,2597,Central Drugs Laboratory,0,0,0,1,Not a course cluster,True,,I4405282372
IIT Roorkee,2598,Centre For Wildlife Studies,0,0,0,10,Not a course cluster,True,,I4210128182
IIT Roorkee,2599,National Institute of Indian Medical Heritage,0,0,0,2,Not a course cluster,True,,I4210115412
IIT Roorkee,2600,Krupajal Engineering College,0,0,0,1,Not a course cluster,True,,I4405276997
IIT Roorkee,2601,Cellworks Research (India),0,0,0,1,Not a course cluster,True,,I4210097570
IIT Roorkee,2602,ICARE Institute of Medical Sciences and Research & Dr. Bidhan Chandra Roy Hospital,0,0,0,2,Not a course cluster,True,,I4210155216
IIT Roorkee,2603,Bhatia Hospital,0,0,0,1,Not a course cluster,True,,I4210159644
IIT Roorkee,2604,B.J. Medical College,0,0,0,4,Not a course cluster,True,,I64157871
IIT Roorkee,2605,Indira Gandhi Medical College and Research Institute,0,0,0,3,Not a course cluster,True,,I4210092534
IIT Roorkee,2606,Hindu College of Pharmacy,0,0,0,2,Not a course cluster,True,,I4210151968
IIT Roorkee,2607,Government Model Science College,0,0,0,5,Not a course cluster,True,,I4405273430
IIT Roorkee,2608,Maharashtra National Law University Mumbai,0,0,0,1,Not a course cluster,True,,I2801938406
IIT Roorkee,2609,Nargis Dutt Memorial Cancer Hospital,0,0,0,1,Not a course cluster,True,,I4210140585
IIT Roorkee,2610,Academy of Family Physicians of India,0,0,0,5,Not a course cluster,True,,I4210100600
IIT Roorkee,2611,Rangaraya Medical College,0,0,0,4,Not a course cluster,True,,I30589939
IIT Roorkee,2612,Directorate of Cashew Research,0,0,0,2,Not a course cluster,True,,I4210111898
IIT Roorkee,2613,Indian Drugs and Pharmaceuticals Limited,0,0,0,1,Not a course cluster,True,,I4210106346
IIT Roorkee,2614,Guru Nanak Eye Centre,0,0,0,1,Not a course cluster,True,,I4210093565
IIT Roorkee,2615,Central Bank of India,0,0,0,2,Not a course cluster,True,,I4405266705
IIT Roorkee,2616,Jain hospital,0,0,0,1,Not a course cluster,True,,I4405259822
IIT Roorkee,2617,Dr. Reddy's Foundation,0,0,0,1,Not a course cluster,True,,I4210126655
IIT Roorkee,2618,National Research Centre on Mithun,0,0,0,2,Not a course cluster,True,,I4210135502
IIT Roorkee,2619,Centre For Human Genetics,0,0,0,1,Not a course cluster,True,,I4210098597
IIT Roorkee,2620,Meenakshi Mission Hospital and Research Centre,0,0,0,2,Not a course cluster,True,,I4210113550
IIT Roorkee,2621,Asia Pacific Institute of Information Technology SD India,0,0,0,1,IIITs,True,,I4405279077
IIT Roorkee,2622,National Research Development Corporation,0,0,0,9,Not a course cluster,True,,I4210156257
IIT Roorkee,2623,Vittal Mallya Scientific Research Foundation,0,0,0,3,Not a course cluster,True,,I4210143280
IIT Roorkee,2624,National Neurosciences Centre,0,0,0,2,Not a course cluster,True,,I4210094203
IIT Roorkee,2625,Gian Sagar Medical College and Hospital,0,0,0,1,Not a course cluster,True,,I4210156080
IIT Roorkee,2626,Centre for Science and Environment,0,0,0,5,Not a course cluster,True,,I75971999
IIT Roorkee,2627,Sami Labs (India),0,0,0,4,Not a course cluster,True,,I4210102658
IIT Roorkee,2628,Nehru Foundation for Development,0,0,0,1,Not a course cluster,True,,I2802837860
IIT Roorkee,2629,Shri Siddhivinayak Ganapati Cancer Hospital,0,0,0,1,Not a course cluster,True,,I4210150465
IIT Roorkee,2630,InsPIRE Network for Environment,0,0,0,5,Not a course cluster,True,,I4210143450
IIT Roorkee,2631,Jawaharlal Nehru Architecture and Fine Arts University,0,0,0,7,Not a course cluster,True,,I3130996612
IIT Roorkee,2632,Breach Candy Hospital,0,0,0,1,Not a course cluster,True,,I2800671109
IIT Roorkee,2633,Guru Nanak First Grade College Bidar,0,0,0,4,Not a course cluster,True,,I4405257600
IIT Roorkee,2634,Maharashtra National Law University,0,0,0,1,Not a course cluster,True,,I4405261059
IIT Roorkee,2635,International Development Research Centre,0,0,0,5,Not a course cluster,True,,I4210118552
IIT Roorkee,2636,Institute of Public Health Bengaluru,0,0,0,2,Not a course cluster,True,,I4210088493
IIT Roorkee,2637,Dr. Vitthalrao Vikhe Patil Foundation’s Medical College,0,0,0,1,Not a course cluster,True,,I4210132103
IIT Roorkee,2638,Asian Paints (India),0,0,0,1,Not a course cluster,True,,I2803049109
IIT Roorkee,2639,Anugrah Narayan Magadh Medical College & Hospital,0,0,0,1,Not a course cluster,True,,I3125884123
IIT Roorkee,2640,Asia Pacific Observatory on Health Systems and Policies,0,0,0,1,Not a course cluster,True,,I4210096505
IIT Roorkee,2641,Ali Yavar Jung National Institute for the Hearing Handicapped,0,0,0,1,Not a course cluster,True,,I4210124687
IIT Roorkee,2642,Healis Sekhsaria Institute For Public Health,0,0,0,6,Not a course cluster,True,,I4210117867
IIT Roorkee,2643,Fetal Care Research Foundation,0,0,0,2,Not a course cluster,True,,I4210138510
IIT Roorkee,2644,Indian Institute of Mass Communication,0,0,0,1,Not a course cluster,True,,I3132921910
IIT Roorkee,2645,MNR Dental College and Hospital,0,0,0,4,Not a course cluster,True,,I4210142633
IIT Roorkee,2646,Adesh University,0,0,0,1,Not a course cluster,True,,I3131177233
IIT Roorkee,2647,Institute of Genetics and Hospital for Genetic Diseases,0,0,0,2,Not a course cluster,True,,I4210105935
IIT Roorkee,2648,GD Hospital & Diabetes Institute,0,0,0,1,Not a course cluster,True,,I4210094756
IIT Roorkee,2649,Samarth,0,0,0,1,Not a course cluster,True,,I4405267446
IIT Roorkee,2650,Haridwar University,0,0,0,1,Not a course cluster,True,,I4405278646
IIT Roorkee,2651,Smt. N.H.L. Municipal Medical College,0,0,0,4,Not a course cluster,True,,I4210165080
IIT Roorkee,2652,National Institute of Plant Health Management,0,0,0,5,Not a course cluster,True,,I4210086241
IIT Roorkee,2653,National Academy of Agricultural Sciences,0,0,0,1,Not a course cluster,True,,I1340740451
IIT Roorkee,2654,Centre for Women's Development Studies,0,0,0,2,Not a course cluster,True,,I4210149184
IIT Roorkee,2655,Kidwai Memorial Institute of Oncology,0,0,0,3,Not a course cluster,True,,I2802933311
IIT Roorkee,2656,"Kerala Institute for Research, Training and Development Studies of Scheduled Castes and Tribes",0,0,0,1,Not a course cluster,True,,I4210110585
IIT Roorkee,2657,Haffkine Institute,0,0,0,1,Not a course cluster,True,,I182985392
IIT Roorkee,2658,The Sanskrit College and University,0,0,0,1,Not a course cluster,True,,I3131826223
IIT Roorkee,2659,B. J. Medical College & Sassoon Hospital,0,0,0,1,Not a course cluster,True,,I201202376
IIT Roorkee,2660,Central Silk Technological Research Institute,0,0,0,2,Not a course cluster,True,,I4210102363
IIT Roorkee,2661,Regional Research Institute of Unani Medicine,0,0,0,1,Not a course cluster,True,,I4210158697
IIT Roorkee,2662,Therachem Research Medilab (India),0,0,0,2,Not a course cluster,True,,I4210120444
IIT Roorkee,2663,"Christ Church College, Kanpur",0,0,0,2,Not a course cluster,True,,I4405274624
IIT Roorkee,2664,Meiji (India),0,0,0,2,Not a course cluster,True,,I4210132281
IIT Roorkee,2665,Jodhpur National University,0,0,0,2,Not a course cluster,True,,I4724304
IIT Roorkee,2666,Al-Ameen Medical College,0,0,0,2,Not a course cluster,True,,I157458207
IIT Roorkee,2667,National University of Educational Planning and Administration,0,0,0,8,Not a course cluster,True,,I1317634868
IIT Roorkee,2668,Kasiak Research (India),0,0,0,2,Not a course cluster,True,,I4210099847
IIT Roorkee,2669,Netaji Nagar Day College,0,0,0,5,Not a course cluster,True,,I4405261640
IIT Roorkee,2670,Sri Sairam Ayurveda Medical College and Research Centre,0,0,0,1,Not a course cluster,True,,I4405262557
IIT Roorkee,2671,Mamata General Hospital,0,0,0,1,Not a course cluster,True,,I4210096635
IIT Roorkee,2672,Monilek Hospital and Research Center,0,0,0,1,Not a course cluster,True,,I4210130377
IIT Roorkee,2673,Sri Konda Laxman Telangana State Horticultural University,0,0,0,1,Not a course cluster,True,,I3132430671
IIT Roorkee,2674,Fortis C-DOC Hospital,0,0,0,4,Not a course cluster,True,,I4210140079
IIT Roorkee,2675,Southern Command Hospital,0,0,0,1,Not a course cluster,True,,I4210104445
IIT Roorkee,2676,ACE Hospital,0,0,0,2,Not a course cluster,True,,I4210089047
IIT Roorkee,2677,Program for Appropriate Technology in Health,0,0,0,7,Not a course cluster,True,,I4210099049
IIT Roorkee,2678,General Motors (India),0,0,0,3,Not a course cluster,True,,I2801120862
IIT Roorkee,2679,College of Medicine & JNM Hospital,0,0,0,3,Not a course cluster,True,,I4210130977
IIT Roorkee,2680,M. S. Ramaiah Dental College and Hospital,0,0,0,1,Not a course cluster,True,,I4210149371
IIT Roorkee,2681,Centre for Development Economics,0,0,0,5,Not a course cluster,True,,I4210152395
IIT Roorkee,2682,Tata Medical Center,0,0,0,3,Not a course cluster,True,,I4210089010
IIT Roorkee,2683,Diabetes Care & Hormone Clinic,0,0,0,1,Not a course cluster,True,,I4210131238
IIT Roorkee,2684,Centre for the Study of Developing Societies,0,0,0,3,Not a course cluster,True,,I108294501
IIT Roorkee,2685,Advanced Enzyme Technologies Limited (India),0,0,0,2,Not a course cluster,True,,I4405272632
IIT Roorkee,2686,Health Action by People,0,0,0,1,Not a course cluster,True,,I4210154316
IIT Roorkee,2687,Ahmedabad Civil Hospital,0,0,0,2,Not a course cluster,True,,I3016035982
IIT Roorkee,2688,Central Research Institute,0,0,0,2,Not a course cluster,True,,I4210108585
IIT Roorkee,2689,Narendra Modi Medical College,0,0,0,2,Not a course cluster,True,,I4405263272
IIT Roorkee,2690,Aurigene Discovery Technologies (India),0,0,0,3,Not a course cluster,True,,I4210152788
IIT Roorkee,2691,Directorate of Health Services,0,0,0,3,Not a course cluster,True,,I4405267868
IIT Roorkee,2692,Laila Impex (India),0,0,0,4,Not a course cluster,True,,I4210165793
IIT Roorkee,2693,Rabindranath Tagore Medical College,0,0,0,4,Not a course cluster,True,,I2803033815
IIT Roorkee,2694,YR Gaitonde Centre for AIDS Research and Education,0,0,0,3,Not a course cluster,True,,I4210127818
IIT Roorkee,2695,Maulana Azad Institute of Dental Sciences,0,0,0,4,Not a course cluster,True,,I4210095482
IIT Roorkee,2696,Govind Ballabh Pant Hospital,0,0,0,4,Not a course cluster,True,,I4210156823
IIT Roorkee,2697,Bapuji Dental College and Hospital,0,0,0,2,Not a course cluster,True,,I4210164514
IIT Roorkee,2698,Government Medical College Thoothukudi,0,0,0,1,Not a course cluster,True,,I2799761305
IIT Roorkee,2699,Institute of Cytology and Preventive Oncology,0,0,0,13,Not a course cluster,True,,I4210160116
IIT Roorkee,2700,Sardar Patel Medical College,0,0,0,2,Not a course cluster,True,,I2800123788
IIT Roorkee,2701,Institute of Reproductive Medicine,0,0,0,1,Not a course cluster,True,,I4210127825
IIT Roorkee,2702,Santokba Durlabhji Memorial hospital,0,0,0,1,Not a course cluster,True,,I2802577520
IIT Roorkee,2703,Command Hospital,0,0,0,1,Not a course cluster,True,,I4210161889
IIT Roorkee,2704,Unit for Research and Development of Information Products,0,0,0,2,Not a course cluster,True,,I4210141333
IIT Roorkee,2705,Centre for Budget and Governance Accountability,0,0,0,2,Not a course cluster,True,,I4210097647
IIT Roorkee,2706,Dr. A. Ramachandran's Diabetes Hospitals,0,0,0,3,Not a course cluster,True,,I4210120928
IIT Roorkee,2707,Stempeutics (India),0,0,0,4,Not a course cluster,True,,I4210137709
IIT Roorkee,2708,National Academy of Sciences India,0,0,0,5,Not a course cluster,True,,I127462306
IIT Roorkee,2709,Government Siddha Medical College & Hospital Palayamkottai,0,0,0,1,Not a course cluster,True,,I4405273999
IIT Roorkee,2710,Public Health Research Institute Of India,0,0,0,1,Not a course cluster,True,,I4210148675
IIT Roorkee,2711,Air India Limited (India),0,0,0,1,Not a course cluster,True,,I4405270675
IIT Roorkee,2712,National Heart Institute,0,0,0,1,Not a course cluster,True,,I4210097122
IIT Roorkee,2713,Rajarajeswari Medical College and Hospital,0,0,0,4,Not a course cluster,True,,I1323219464
IIT Roorkee,2714,Navodaya Dental College and Hospital,0,0,0,1,Not a course cluster,True,,I4210086950
IIT Roorkee,2715,Maharashtra Association of Anthropological Sciences,0,0,0,1,Not a course cluster,True,,I4210126160
IIT Roorkee,2716,Nehru Memorial Museum & Library,0,0,0,3,Not a course cluster,True,,I4210163448
IIT Roorkee,2717,Amneal (India),0,0,0,2,Not a course cluster,True,,I4210093984
IIT Roorkee,2718,G. Pulla Reddy College of Pharmacy,0,0,0,3,Not a course cluster,True,,I4405263311
IIT Roorkee,2719,Tamil Nadu Physical Education and Sports University,0,0,0,2,Not a course cluster,True,,I2800444346
IIT Roorkee,2720,Makhanlal Chaturvedi National University of Journalism and Communication,0,0,0,4,Not a course cluster,True,,I3130984881
IIT Roorkee,2721,Advanced Institute for Wildlife Conservation,0,0,0,1,Not a course cluster,True,,I4405253052
IIT Roorkee,2722,Bangur Institute of Neurosciences,0,0,0,9,Not a course cluster,True,,I2800966917
IIT Roorkee,2723,Balipara Foundation,0,0,0,1,Not a course cluster,True,,I4210102833
IIT Roorkee,2724,Keystone Foundation,0,0,0,1,Not a course cluster,True,,I4210164723
IIT Roorkee,2725,Directorate of Technical Education,0,0,0,1,Not a course cluster,True,,I4405266053
IIT Roorkee,2726,National Power Training Institute,0,0,0,3,Not a course cluster,True,,I4210167178
IIT Roorkee,2727,National Archives of India,0,0,0,1,Not a course cluster,True,,I4210140375
IIT Roorkee,2728,Forensic Sciences Department,0,0,0,2,Not a course cluster,True,,I4210109861
IIT Roorkee,2729,Ion Exchange (India),0,0,0,2,Not a course cluster,True,,I4210115349
IIT Roorkee,2730,Vasantidevi Patil Institute of Pharmacy,0,0,0,1,Not a course cluster,True,,I4405259557
IIT Roorkee,2731,Metro College of Health Sciences and Research,0,0,0,1,Not a course cluster,True,,I4405263434
IIT Roorkee,2732,Sahara Hospital,0,0,0,3,Not a course cluster,True,,I2802142657
IIT Roorkee,2733,National Agricultural Science Fund,0,0,0,3,Not a course cluster,True,,I4405269716
IIT Roorkee,2734,Sri Gokulam Hospital,0,0,0,1,Not a course cluster,True,,I4210105018
IIT Roorkee,2735,Ministry of Urban Development,0,0,0,1,Not a course cluster,True,,I4210139413
IIT Roorkee,2736,Office of the Principal Scientific Adviser,0,0,0,1,Not a course cluster,True,,I4210091075
IIT Roorkee,2737,KG College of Arts and Science,0,0,0,1,Not a course cluster,True,,I4405261072
IIT Roorkee,2738,Himalayan Institute Hospital Trust,0,0,0,1,Not a course cluster,True,,I4210115474
IIT Roorkee,2739,Sitaram Bhartia Institute of Science and Research,0,0,0,5,Not a course cluster,True,,I4210118890
IIT Roorkee,2740,Coimbatore Medical College and Hospital,0,0,0,1,Not a course cluster,True,,I33851549
IIT Roorkee,2741,Banki College,0,0,0,8,Not a course cluster,True,,I4210107397
IIT Roorkee,2742,Sophisticated Analytical Instrument Facility,0,0,0,6,Not a course cluster,True,,I4405269473
IIT Roorkee,2743,Centre for Chronic Disease Control,0,0,0,7,Not a course cluster,True,,I4210119988
IIT Roorkee,2744,Government Mohan Kumaramangalam Medical College,0,0,0,1,Not a course cluster,True,,I4210154858
IIT Roorkee,2745,KLE Ayur World,0,0,0,1,Not a course cluster,True,,I4210138071
IIT Roorkee,2746,Madras Institute of Development Studies,0,0,0,9,Not a course cluster,True,,I224417259
IIT Roorkee,2747,Velammal Medical College Hospital and Research Institute,0,0,0,3,Not a course cluster,True,,I4210104323
IIT Roorkee,2748,Animal Resources Development Department,0,0,0,3,Not a course cluster,True,,I4210096202
IIT Roorkee,2749,Kurnool Medical College,0,0,0,1,Not a course cluster,True,,I61631359
IIT Roorkee,2750,National Sanskrit University,0,0,0,1,Not a course cluster,True,,I2801445914
IIT Roorkee,2751,Foundation for Medical Research,0,0,0,1,Not a course cluster,True,,I4210160584
IIT Roorkee,2752,Defence Institute of Psychological Research,0,0,0,1,Not a course cluster,True,,I72008476
IIT Roorkee,2753,Indira Gandhi Government Medical College & Hospital,0,0,0,4,Not a course cluster,True,,I4210099166
IIT Roorkee,2754,Centre For Development Alternatives,0,0,0,3,Not a course cluster,True,,I4210131772
IIT Roorkee,2755,Bharat Biotech (India),0,0,0,7,Not a course cluster,True,,I4210102382
IIT Roorkee,2756,ESI - Post Graduate Institute of Medical Science and Research,0,0,0,1,Not a course cluster,True,,I4210142364
IIT Roorkee,2757,Shri Khushal Das University,0,0,0,3,Not a course cluster,True,,I4405266653
IIT Roorkee,2758,Rajarshee Chhatrapati Shahu Maharaj Government Medical College and CPR Hospital Kolhapur,0,0,0,1,Not a course cluster,True,,I3023212067
IIT Roorkee,2759,KPC Medical College and Hospital,0,0,0,6,Not a course cluster,True,,I243989293
IIT Roorkee,2760,Natural Remedies (India),0,0,0,11,Not a course cluster,True,,I4210102349
IIT Roorkee,2761,Micro Insurance Academy,0,0,0,4,Not a course cluster,True,,I4210098792
IIT Roorkee,2762,Sri Ramakrishna Institute of Paramedical Sciences,0,0,0,3,Not a course cluster,True,,I4210099837
IIT Roorkee,2763,Centre for Aromatic Plants,0,0,0,1,Not a course cluster,True,,I4210148696
IIT Roorkee,2764,Apollo Hospitals,0,0,5,27,Not a course cluster,True,,I4210122887
IIT Roorkee,2765,Fortis Escorts Heart Institute,0,0,0,4,Not a course cluster,True,,I4210102489
IIT Roorkee,2766,Eastern Command Hospital,0,0,0,2,Not a course cluster,True,,I4210113612
IIT Roorkee,2767,JSS Medical Research (India),0,0,0,2,Not a course cluster,True,,I4210115374
IIT Roorkee,2768,Chilika Development Authority,0,0,0,16,Not a course cluster,True,,I4210130859
IIT Roorkee,2769,Jaypee Hospital,0,0,0,1,Not a course cluster,True,,I4210159756
IIT Roorkee,2770,Lepra Society,0,0,0,1,Not a course cluster,True,,I4210146720
IIT Roorkee,2771,National JALMA Institute for Leprosy & Other Mycobacterial Diseases,0,0,0,2,Not a course cluster,True,,I4210132386
IIT Roorkee,2772,Association of Indian Universities,0,0,0,2,Not a course cluster,True,,I2800554417
IIT Roorkee,2773,Nestlé (India),0,0,0,1,Not a course cluster,True,,I4210151773
IIT Roorkee,2774,Indian Social Institute,0,0,0,2,Not a course cluster,True,,I4405263302
IIT Roorkee,2775,Mondelēz International (India),0,0,0,1,Not a course cluster,True,,I4210141416
IIT Roorkee,2776,"State Council of Science Technology & Environment, Meghalaya",0,0,0,1,Not a course cluster,True,,I4210120955
IIT Roorkee,2777,NTPC Consultancy (India),0,0,0,2,Not a course cluster,True,,I4210096798
IIT Roorkee,2778,Niloufer Hospital,0,0,0,1,Not a course cluster,True,,I2801125169
IIT Roorkee,2779,Biological E (India),0,0,0,9,Not a course cluster,True,,I4210096236
IIT Roorkee,2780,University of Technology and Management,0,0,0,1,Not a course cluster,True,,I45533404
IIT Roorkee,2781,Sri Dharmasthala Manjunatheshwara College of Ayurveda & Hospital Udupi,0,0,0,4,Not a course cluster,True,,I4405262647
IIT Roorkee,2782,Healthcare Global Enterprises,0,0,0,1,Not a course cluster,True,,I4210136115
IIT Roorkee,2783,SuVi Eye Institute and Lasik Laser Center,0,0,0,1,Not a course cluster,True,,I4210130495
IIT Roorkee,2784,Care Institute of Medical Sciences,0,0,0,1,Not a course cluster,True,,I2801933607
IIT Roorkee,2785,English and Foreign Languages University,0,0,0,1,Not a course cluster,True,,I3131578490
IIT Roorkee,2786,Malabar Cancer Centre,0,0,0,1,Not a course cluster,True,,I1316728056
IIT Roorkee,2787,Directorate of Knowledge Management in Agriculture,0,0,0,1,Not a course cluster,True,,I4405265731
IIT Roorkee,2788,Natco Pharma (India),0,0,0,2,Not a course cluster,True,,I4210149203
IIT Roorkee,2789,Hidayatullah National Law University,0,0,0,7,Not a course cluster,True,,I161765314
IIT Roorkee,2790,Savoirs et Mondes Indiens,0,0,0,3,Not a course cluster,True,,I4387153201
IIT Roorkee,2791,CARE Hospitals,0,0,0,7,Not a course cluster,True,,I2802469017
IIT Roorkee,2792,Surya Hospitals,0,0,0,1,Not a course cluster,True,,I4210090617
IIT Roorkee,2793,Orchid Pharma (India),0,0,0,1,Not a course cluster,True,,I4210132051
IIT Roorkee,2794,Institute for Seri-Biotechnological Research,0,0,0,1,Not a course cluster,True,,I4210098363
IIT Roorkee,2795,Alembic Pharmaceuticals (India),0,0,0,1,Not a course cluster,True,,I4210121895
IIT Roorkee,2796,Centre for Personnel Talent Management,0,0,0,2,Not a course cluster,True,,I4210091356
IIT Roorkee,2797,Columbia Asia,0,0,0,1,Not a course cluster,True,,I920155683
IIT Roorkee,2798,Karnataka Health Promotion Trust,0,0,0,2,Not a course cluster,True,,I4210116282
IIT Roorkee,2799,India Diabetes Research Foundation,0,0,0,3,Not a course cluster,True,,I4210096444
IIT Roorkee,2800,Gajara Raja Medical College,0,0,0,4,Not a course cluster,True,,I2802001206
IIT Roorkee,2801,Praj (India),0,0,0,5,Not a course cluster,True,,I4210093169
IIT Roorkee,2802,Government Royapettah Hospital,0,0,0,2,Not a course cluster,True,,I2800345398
IIT Roorkee,2803,National School of Leadership,0,0,0,1,Not a course cluster,True,,I3130603999
IIT Roorkee,2804,Ministry of Human Resource Development,0,0,0,1,Not a course cluster,True,,I4210152752
IIT Roorkee,2805,Icon (India),0,0,0,3,Not a course cluster,True,,I4210089292
IIT Roorkee,2806,Indian Cancer Society,0,0,0,2,Not a course cluster,True,,I4210139019
IIT Roorkee,2807,HCG Cancer Hospital,0,0,0,1,Not a course cluster,True,,I4210113515
IIT Roorkee,2808,Indian Bank,0,0,0,1,Not a course cluster,True,,I4405271326
IIT Roorkee,2809,PVS Memorial Hospital,0,0,0,2,Not a course cluster,True,,I4210111331
IIT Roorkee,2810,Bhailalbhai and Bhikhabhai Institute of Technology,0,0,0,1,Not a course cluster,True,,I4210127750
IIT Roorkee,2811,Institute of Animal Health and Veterinary Biologicals,0,0,0,2,Not a course cluster,True,,I4210155344
IIT Roorkee,2812,Sri Aurobindo Institute of Medical Sciences,0,0,0,2,Not a course cluster,True,,I4210140180
IIT Roorkee,2813,Indian National Trust for Art and Cultural Heritage,0,0,0,3,Not a course cluster,True,,I2802914827
IIT Roorkee,2814,Population Foundation of India,0,0,0,1,Not a course cluster,True,,I4210141845
IIT Roorkee,2815,Government Medical College,0,0,30,55,Not a course cluster,True,,I4210157651
IIT Roorkee,2816,Darshan Dental College and Hospital,0,0,0,4,Not a course cluster,True,,I4210142127
IIT Roorkee,2817,Institute of Mental Health and Hospital,0,0,0,1,Not a course cluster,True,,I4210158647
IIT Roorkee,2818,Squad Medicine and Research (SMR),0,0,0,1,Not a course cluster,True,,I4405256514
IIT Roorkee,2819,Chhattisgarh Kamdhenu Vishwavidyalaya,0,0,0,1,Not a course cluster,True,,I2800089517
IIT Roorkee,2820,Government Rajaji Hospital,0,0,0,1,Not a course cluster,True,,I2801491149
IIT Roorkee,2821,Voluntary Health Association Of India,0,0,0,1,Not a course cluster,True,,I4210093800
IIT Roorkee,2822,General Hospital Ernakulam,0,0,0,1,Not a course cluster,True,,I2800816844
IIT Roorkee,2823,Bangalore Diabetes Centre,0,0,0,1,Not a course cluster,True,,I4210127127
IIT Roorkee,2824,Netaji Subhash Chandra Bose Medical College,0,0,0,2,Not a course cluster,True,,I235176910
IIT Roorkee,2825,Ministry of Culture,0,0,0,1,Not a course cluster,True,,I1314849024
IIT Roorkee,2826,Vedanta Resources (India),0,0,0,1,Not a course cluster,True,,I4210093935
IIT Roorkee,2827,Maharashtra Forest Department,0,0,0,2,Not a course cluster,True,,I4210140994
IIT Roorkee,2828,Apollo Gleneagles Hospitals,0,0,0,6,Not a course cluster,True,,I2801225794
IIT Roorkee,2829,Madras Institute of Orthopaedics and Traumatology,0,0,0,2,Not a course cluster,True,,I1300678687
IIT Roorkee,2830,National Institute for the Empowerment of Persons with Intellectual Disabilities,0,0,0,1,Not a course cluster,True,,I4405257076
IIT Roorkee,2831,University College of Commerce & Business Management,0,0,0,2,Not a course cluster,True,,I4210164005
IIT Roorkee,2832,Eternal Hospital,0,0,0,3,Not a course cluster,True,,I4210116742
IIT Roorkee,2833,Plant Lipids (India),0,0,0,3,Not a course cluster,True,,I4210116276
IIT Roorkee,2834,Apollo Hospitals Educational and Research Foundation,0,0,0,2,Not a course cluster,True,,I4405273104
IIT Roorkee,2835,Keshav Memorial Institute of Commerce and Sciences,0,0,0,1,Not a course cluster,True,,I4405259152
IIT Roorkee,2836,Maharaja Manindra Chandra College,0,0,0,10,Not a course cluster,True,,I4405265876
IIT Roorkee,2837,Deenanath Mangeshkar Hospital and Research Center,0,0,0,4,Not a course cluster,True,,I4210116893
IIT Roorkee,2838,Materials Research Center,0,0,0,6,Not a course cluster,True,,I4210145824
IIT Roorkee,2839,Indian Institute of Advanced Study,0,0,0,1,Not a course cluster,True,,I2830045
IIT Roorkee,2840,Vivekananda Satavarshiki Mahavidyalaya,0,0,0,1,Not a course cluster,True,,I4405260577
IIT Roorkee,2841,"National Institute of Homoeopathy , Kolkata",0,0,0,1,Not a course cluster,True,,I4405258703
IIT Roorkee,2842,Sterling Hospitals,0,0,0,7,Not a course cluster,True,,I1332791849
IIT Roorkee,2843,Indus Biotech (India),0,0,0,3,Not a course cluster,True,,I4210104831
IIT Roorkee,2844,Minto Ophthalmic Hospital,0,0,0,2,Not a course cluster,True,,I2859090175
IIT Roorkee,2845,National Research Centre for Grapes,0,0,0,5,Not a course cluster,True,,I4210091646
IIT Roorkee,2846,West Bengal Electronics Industry Development Corporation Limited (India),0,0,0,4,Not a course cluster,True,,I4210145740
IIT Roorkee,2847,Library of Tibetan Works and Archives,0,0,0,2,Not a course cluster,True,,I4210126443
IIT Roorkee,2848,North Bengal Medical College and Hospital,0,0,0,2,Not a course cluster,True,,I40380974
IIT Roorkee,2849,St. John's National Academy of Health Sciences,0,0,0,1,Not a course cluster,True,,I4210129261
IIT Roorkee,2850,Seema Dental College and Hospital,0,0,0,1,Not a course cluster,True,,I4210156603
IIT Roorkee,2851,Suraj Eye Institute,0,0,0,1,Not a course cluster,True,,I4210164344
IIT Roorkee,2852,Inventia (India),0,0,0,1,Not a course cluster,True,,I4210142905
IIT Roorkee,2853,M.N. College & Research Institute,0,0,0,1,Not a course cluster,True,,I4405277513
