name,department,designation,status,joining_year,profile_url,email,orcid,google_scholar,dblp,scopus_id,irins,homepage,source_url
Jaydev Dabas,Applied Mathematics and Scientific Computing (Saharanpur),Professor,current,2010,https://iitr.ac.in/Departments/Applied Mathematics and Scientific Computing Department/People/Faculty/400129.html,jaydev@as.iitr.ac.in,0000-0002-4881-4463,,,,,,https://iitr.ac.in/Departments/Applied Mathematics and Scientific Computing Department/People/Faculty/index.html
Millie Pant,Applied Mathematics and Scientific Computing (Saharanpur),Head of the Department,current,2007,https://iitr.ac.in/Departments/Applied Mathematics and Scientific Computing Department/People/Faculty/400117.html,pant.milli@as.iitr.ac.in,,https://scholar.google.com/citations?user=VEAXM8IAAAAJ,,,,,https://iitr.ac.in/Departments/Applied Mathematics and Scientific Computing Department/People/Faculty/index.html
Pankaj Gautam,Applied Mathematics and Scientific Computing (Saharanpur),Assistant Professor,current,,https://iitr.ac.in/Departments/Applied Mathematics and Scientific Computing Department/People/Faculty/400168.html,pankaj.gautam@amsc.iitr.ac.in,0000-0001-6832-1052,,,,,,https://iitr.ac.in/Departments/Applied Mathematics and Scientific Computing Department/People/Faculty/index.html
Rajan Arora,Applied Mathematics and Scientific Computing (Saharanpur),Professor,current,2009,https://iitr.ac.in/Departments/Applied Mathematics and Scientific Computing Department/People/Faculty/400119.html,rajan.arora@as.iitr.ac.in,,,https://dblp.org/pers/hd/s/Siddiqui:Mohd=_Junaid,,,,https://iitr.ac.in/Departments/Applied Mathematics and Scientific Computing Department/People/Faculty/index.html
Sourav Kumar Sasmal,Applied Mathematics and Scientific Computing (Saharanpur),Assistant Professor,current,,https://iitr.ac.in/Departments/Applied Mathematics and Scientific Computing Department/People/Faculty/400164.html,sourav.sasmal@amsc.iitr.ac.in,,,,,,,https://iitr.ac.in/Departments/Applied Mathematics and Scientific Computing Department/People/Faculty/index.html
Ajay Kumar Singh,Applied Mathematics and Scientific Computing (Saharanpur),Former faculty (1980-2016); last listed as Retired Faculty,former,1980,https://iitr.ac.in/Departments/Applied Mathematics and Scientific Computing Department/People/Faculty/400005.html,ajaysfpt@iitr.ac.in,0000-0001-5170-9907,,,,,,https://iitr.ac.in/Departments/Applied Mathematics and Scientific Computing Department/People/Faculty/index.html ; https://web.archive.org/web/20160103121518/http://www.iitr.ac.in:80/departments/PH/pages/People+Faculty_List.html
Arindam Biswas,Architecture and Planning,Professor,current,2014,https://iitr.ac.in/Departments/Architecture and Planning Department/People/Faculty/100649.html,arindam.biswas@ar.iitr.ac.in,0000-0002-6257-0979,,,,,,https://iitr.ac.in/Departments/Architecture and Planning Department/People/Faculty/index.html
Avlokita Agrawal,Architecture and Planning,Professor,current,2012,https://iitr.ac.in/Departments/Architecture and Planning Department/People/Faculty/100605.html,avlokita@ar.iitr.ac.in,0000-0001-6905-9228,,,,,,https://iitr.ac.in/Departments/Architecture and Planning Department/People/Faculty/index.html
Debadutta Parida,Architecture and Planning,Assistant Professor,current,2024,https://iitr.ac.in/Departments/Architecture and Planning Department/People/Faculty/101047.html,debadutta.parida@ar.iitr.ac.in,0000-0002-8439-1517,https://scholar.google.com/citations?user=z61AwDAAAAAJ,,,,,https://iitr.ac.in/Departments/Architecture and Planning Department/People/Faculty/index.html
E. Rajasekar,Architecture and Planning,Professor,current,,https://iitr.ac.in/Departments/Architecture and Planning Department/People/Faculty/100712.html,raj@ar.iitr.ac.in,,,,,,,https://iitr.ac.in/Departments/Architecture and Planning Department/People/Faculty/index.html
Gaurav Raheja,Architecture and Planning,Professor,current,2006,https://iitr.ac.in/Departments/Architecture and Planning Department/People/Faculty/100444.html,gaurav.raheja@ar.iitr.ac.in,,,,,,,https://iitr.ac.in/Departments/Architecture and Planning Department/People/Faculty/index.html
Harshit Sosan Lakra,Architecture and Planning,Associate Professor,current,,https://iitr.ac.in/Departments/Architecture and Planning Department/People/Faculty/100606.html,harshit.lakra@ar.iitr.ac.in,,,,,,,https://iitr.ac.in/Departments/Architecture and Planning Department/People/Faculty/index.html
Mahua Mukherjee,Architecture and Planning,Head of the Department,current,2003,https://iitr.ac.in/Departments/Architecture and Planning Department/People/Faculty/100157.html,mahua.mukherjee@ar.iitr.ac.in,0000-0001-6789-8597,,,,,,https://iitr.ac.in/Departments/Architecture and Planning Department/People/Faculty/index.html
Manavi Suneja,Architecture and Planning,Assistant Professor,current,2015,https://iitr.ac.in/Departments/Architecture and Planning Department/People/Faculty/100751.html,manavvi.suneja@ar.iitr.ac.in,,,,,,,https://iitr.ac.in/Departments/Architecture and Planning Department/People/Faculty/index.html
Navjit Gaurav,Architecture and Planning,Assistant Professor,current,2024,https://iitr.ac.in/Departments/Architecture and Planning Department/People/Faculty/101067.html,navjit.gaurav@ar.iitr.ac.in,0000-0002-5129-3152,,,,,,https://iitr.ac.in/Departments/Architecture and Planning Department/People/Faculty/index.html
P. S. Chani,Architecture and Planning,Professor,current,1997,https://iitr.ac.in/Departments/Architecture and Planning Department/People/Faculty/100156.html,p.chani@ar.iitr.ac.in,0000-0002-5320-5187,,,,,,https://iitr.ac.in/Departments/Architecture and Planning Department/People/Faculty/index.html
Ram Sateesh Pasupuleti,Architecture and Planning,Associate Professor,current,,https://iitr.ac.in/Departments/Architecture and Planning Department/People/Faculty/100752.html,ram.pasupuleti@ar.iitr.ac.in,0000-0002-0817-2558,,,,,,https://iitr.ac.in/Departments/Architecture and Planning Department/People/Faculty/index.html
Sameer Ali,Architecture and Planning,Assistant Professor,current,2024,https://iitr.ac.in/Departments/Architecture and Planning Department/People/Faculty/101064.html,sameer.aaa@ar.iitr.ac.in,0000-0002-3966-5240,,,,,,https://iitr.ac.in/Departments/Architecture and Planning Department/People/Faculty/index.html
Saptarshi Kolay,Architecture and Planning,Assistant Professor,current,2014,https://iitr.ac.in/Departments/Architecture and Planning Department/People/Faculty/100647.html,saptarshi.kolay@ar.iitr.ac.in,0000-0003-0910-1740,,,,,,https://iitr.ac.in/Departments/Architecture and Planning Department/People/Faculty/index.html
Shubhajit Sadhukhan,Architecture and Planning,Associate Professor,current,2019,https://iitr.ac.in/Departments/Architecture and Planning Department/People/Faculty/100827.html,shubhajit@ar.iitr.ac.in,0000-0001-5245-3480,,,,,,https://iitr.ac.in/Departments/Architecture and Planning Department/People/Faculty/index.html
Smriti Saraswat,Architecture and Planning,Assistant Professor,current,2012,https://iitr.ac.in/Departments/Architecture and Planning Department/People/Faculty/100600.html,smriti.saraswat@ar.iitr.ac.in,0000-0001-6133-1979,,,,,,https://iitr.ac.in/Departments/Architecture and Planning Department/People/Faculty/index.html
Sonal Atreya,Architecture and Planning,Associate Professor,current,2016,https://iitr.ac.in/Departments/Department of Design/People/Faculty/100764.html,sonal.atreya@ar.iitr.ac.in,,,,,,,https://iitr.ac.in/Departments/Architecture and Planning Department/People/Faculty/index.html
Tanaya Sarmah,Architecture and Planning,Assistant Professor,current,2024,https://iitr.ac.in/Departments/Architecture and Planning Department/People/Faculty/101069.html,tanaya.sarmah@ar.iitr.ac.in,0000-0002-6513-1023,,,,,,https://iitr.ac.in/Departments/Architecture and Planning Department/People/Faculty/index.html
Tina Pujara,Architecture and Planning,Associate Professor,current,2008,https://iitr.ac.in/Departments/Architecture and Planning Department/People/Faculty/100510.html,tina.pujara@ar.iitr.ac.in,,,,,,,https://iitr.ac.in/Departments/Architecture and Planning Department/People/Faculty/index.html
Uttam Kumar Roy,Architecture and Planning,Professor,current,2012,https://iitr.ac.in/Departments/Architecture and Planning Department/People/Faculty/100598.html,ukroyfap@ar.iitr.ac.in,0000-0001-8522-246X,,,,,,https://iitr.ac.in/Departments/Architecture and Planning Department/People/Faculty/index.html
V. Devadas,Architecture and Planning,Professor,current,,https://iitr.ac.in/Departments/Architecture and Planning Department/People/Faculty/100154.html,v.devadas@ar.iitr.ac.in,0000-0002-6577-5697,,,,,,https://iitr.ac.in/Departments/Architecture and Planning Department/People/Faculty/index.html
Avlokita Aggarwal,Architecture and Planning,Former faculty (2016-2019); last listed as Assistant Professor,former,,,avliafap@iitr.ac.in,,,,,,,https://web.archive.org/web/20190716184918/https://www.iitr.ac.in/departments/AH/pages/People+Faculty.html
Ila Gupta,Architecture and Planning,Former faculty (1995-2021); last listed as Retired Faculty,former,1995,https://iitr.ac.in/Departments/Architecture and Planning Department/People/Faculty/100155.html,ila.gupta@ar.iitr.ac.in,,,,,,,https://iitr.ac.in/Departments/Architecture and Planning Department/People/Faculty/index.html ; https://web.archive.org/web/20190716184918/https://www.iitr.ac.in/departments/AH/pages/People+Faculty.html
Pushp Lata,Architecture and Planning,Former faculty (2016-2021); last listed as Retired Faculty,former,,https://iitr.ac.in/Departments/Architecture and Planning Department/People/Faculty/100159.html,pushplata@ar.iitr.ac.in,,,,,,,https://iitr.ac.in/Departments/Architecture and Planning Department/People/Faculty/index.html ; https://web.archive.org/web/20190716184918/https://www.iitr.ac.in/departments/AH/pages/People+Faculty.html
R. Shankar,Architecture and Planning,Former faculty (2016-2017); last listed as Visiting Professor,former,,,shardfap@iitr.ac.in,,,,,,,https://web.archive.org/web/20160320194226/http://www.iitr.ac.in:80/departments/AR/pages/People+Faculty_List.html
Rita Ahuja,Architecture and Planning,Former faculty (2016-2021); last listed as Retired Faculty,former,,https://iitr.ac.in/Departments/Architecture and Planning Department/People/Faculty/100152.html,rita.ahuja@ar.iitr.ac.in,,,,,,,https://iitr.ac.in/Departments/Architecture and Planning Department/People/Faculty/index.html ; https://web.archive.org/web/20190716184918/https://www.iitr.ac.in/departments/AH/pages/People+Faculty.html
S. Y. Kulkarni,Architecture and Planning,Former faculty (2016-2017); last listed as Visiting Professor,former,,,archsfap@iitr.ac.in,,,,,,,https://web.archive.org/web/20160320194226/http://www.iitr.ac.in:80/departments/AR/pages/People+Faculty_List.html
A. K. Sharma,Biosciences and Bioengineering,Professor,current,2003,https://iitr.ac.in/Departments/Biosciences and Bioengineering Department/People/Faculty/100334.html,ashwani.sharma@bt.iitr.ac.in,,,,,,,https://iitr.ac.in/Departments/Biosciences and Bioengineering Department/People/Faculty/index.html
Bijan Choudhury,Biosciences and Bioengineering,Professor,current,2005,https://iitr.ac.in/Departments/Biosciences and Bioengineering Department/People/Faculty/100434.html,bijan.choudhury@bt.iitr.ac.in,0000-0003-4859-3047,,,,,,https://iitr.ac.in/Departments/Biosciences and Bioengineering Department/People/Faculty/index.html
Debabrata Sircar,Biosciences and Bioengineering,Professor,current,2013,https://iitr.ac.in/Departments/Biosciences and Bioengineering Department/People/Faculty/100624.html,debabrata.sircar@bt.iitr.ac.in,0000-0002-2788-119X,,,,,,https://iitr.ac.in/Departments/Biosciences and Bioengineering Department/People/Faculty/index.html
Deepak Sharma,Biosciences and Bioengineering,Associate Professor,current,2014,https://iitr.ac.in/Departments/Biosciences and Bioengineering Department/People/Faculty/100700.html,deepak.sharma@bt.iitr.ac.in,,https://scholar.google.com/citations?user=NLblbtUAAAAJ,,,,,https://iitr.ac.in/Departments/Biosciences and Bioengineering Department/People/Faculty/index.html
Devesh Bhimsaria,Biosciences and Bioengineering,Assistant Professor,current,2022,https://iitr.ac.in/Departments/Biosciences and Bioengineering Department/People/Faculty/100992.html,devesh.bhimsaria@bt.iitr.ac.in,0000-0001-8413-3801,https://scholar.google.com/citations?user=9qpALAEAAAAJ,,,,,https://iitr.ac.in/Departments/Biosciences and Bioengineering Department/People/Faculty/index.html
Gopinath Packirisamy,Biosciences and Bioengineering,Professor,current,2011,https://iitr.ac.in/Departments/Biosciences and Bioengineering Department/People/Faculty/100575.html,gopi@bt.iitr.ac.in,,,,,,,https://iitr.ac.in/Departments/Biosciences and Bioengineering Department/People/Faculty/index.html
Harsh Chauhan,Biosciences and Bioengineering,Professor,current,2014,https://iitr.ac.in/Departments/Biosciences and Bioengineering Department/People/Faculty/100677.html,harsh.chauhan@bt.iitr.ac.in,0000-0002-1396-5464,https://scholar.google.com/citations?user=YyNimlsAAAAJ,,,,,https://iitr.ac.in/Departments/Biosciences and Bioengineering Department/People/Faculty/index.html
Jitin Singla,Biosciences and Bioengineering,Assistant Professor,current,2021,https://iitr.ac.in/Departments/Biosciences and Bioengineering Department/People/Faculty/100946.html,jsingla@bt.iitr.ac.in,0000-0001-6225-0783,,,,,,https://iitr.ac.in/Departments/Biosciences and Bioengineering Department/People/Faculty/index.html
Krishna Mohan Poluri,Biosciences and Bioengineering,Professor,current,2013,https://iitr.ac.in/Departments/Biosciences and Bioengineering Department/People/Faculty/100637.html,krishna.poluri@bt.iitr.ac.in,0000-0003-3801-7134,,,,,,https://iitr.ac.in/Departments/Biosciences and Bioengineering Department/People/Faculty/index.html
Maya S. Nair,Biosciences and Bioengineering,Assistant Professor,current,,https://iitr.ac.in/Departments/Biosciences and Bioengineering Department/People/Faculty/100536.html,maya.nair@bt.iitr.ac.in,,,,,,,https://iitr.ac.in/Departments/Biosciences and Bioengineering Department/People/Faculty/index.html
Naveen Kumar,Biosciences and Bioengineering,Professor,current,,https://iitr.ac.in/Departments/Biosciences and Bioengineering Department/People/Faculty/100504.html,naveen.navani@bt.iitr.ac.in,,,,,,,https://iitr.ac.in/Departments/Biosciences and Bioengineering Department/People/Faculty/index.html
Partha Roy,Biosciences and Bioengineering,Professor,current,2004,https://iitr.ac.in/Departments/Biosciences and Bioengineering Department/People/Faculty/100388.html,partha.roy@bt.iitr.ac.in,0000-0003-1943-3079,,,,,,https://iitr.ac.in/Departments/Biosciences and Bioengineering Department/People/Faculty/index.html
Poonam Choudhary,Biosciences and Bioengineering,Assistant Professor,current,2023,https://iitr.ac.in/Departments/Biosciences and Bioengineering Department/People/Faculty/101006.html,poonamchoudhary@bt.iitr.ac.in,,,,,,,https://iitr.ac.in/Departments/Biosciences and Bioengineering Department/People/Faculty/index.html
Prabhat Kumar Mandal,Biosciences and Bioengineering,Professor,current,2013,https://iitr.ac.in/Departments/Biosciences and Bioengineering Department/People/Faculty/100638.html,prabhat.mandal@bt.iitr.ac.in,0000-0002-9624-2543,,,,,,https://iitr.ac.in/Departments/Biosciences and Bioengineering Department/People/Faculty/index.html
Pranita P. Sarangi,Biosciences and Bioengineering,Professor,current,2014,https://iitr.ac.in/Departments/Biosciences and Bioengineering Department/People/Faculty/100643.html,pranita.sarangi@bt.iitr.ac.in,0000-0002-7877-4802,https://scholar.google.com/citations?user=g1tv1MYAAAAJ,,,,,https://iitr.ac.in/Departments/Biosciences and Bioengineering Department/People/Faculty/index.html
Pravindra Kumar,Biosciences and Bioengineering,Professor,current,2005,https://iitr.ac.in/Departments/Biosciences and Bioengineering Department/People/Faculty/100441.html,pravindra.kumar@bt.iitr.ac.in,,,,,,,https://iitr.ac.in/Departments/Biosciences and Bioengineering Department/People/Faculty/index.html
Prince Tiwari,Biosciences and Bioengineering,Assistant Professor,current,2022,https://iitr.ac.in/Departments/Biosciences and Bioengineering Department/People/Faculty/100999.html,prince.tiwari@bt.iitr.ac.in,0000-0003-4062-1648,,,,,,https://iitr.ac.in/Departments/Biosciences and Bioengineering Department/People/Faculty/index.html
R. Prasad,Biosciences and Bioengineering,Professor,current,2012,https://iitr.ac.in/Departments/Biosciences and Bioengineering Department/People/Faculty/100332.html,ramasare.prasad@bt.iitr.ac.in,,,,,,,https://iitr.ac.in/Departments/Biosciences and Bioengineering Department/People/Faculty/index.html
Rajesh Kumar,Biosciences and Bioengineering,Assistant Professor,current,2023,https://iitr.ac.in/Departments/Biosciences and Bioengineering Department/People/Faculty/101008.html,rajesh.kumar@bt.iitr.ac.in,,,,,,,https://iitr.ac.in/Departments/Biosciences and Bioengineering Department/People/Faculty/index.html
Ram Yadav,Biosciences and Bioengineering,Professor,current,2013,https://iitr.ac.in/Departments/Biosciences and Bioengineering Department/People/Faculty/100641.html,shri.yadav@bt.iitr.ac.in,0000-0002-4083-7054,https://scholar.google.com/citations?user=VDKH34IAAAAJ,,,,,https://iitr.ac.in/Departments/Biosciences and Bioengineering Department/People/Faculty/index.html
Ranjana Pathania,Biosciences and Bioengineering,Professor,current,2007,https://iitr.ac.in/Departments/Biosciences and Bioengineering Department/People/Faculty/100503.html,ranjana.pathania@bt.iitr.ac.in,0000-0002-7965-8176,,,,,,https://iitr.ac.in/Departments/Biosciences and Bioengineering Department/People/Faculty/index.html
Rishikesh Pandey,Biosciences and Bioengineering,Assistant Professor,current,2024,https://iitr.ac.in/Departments/Biosciences and Bioengineering Department/People/Faculty/101058.html,rishikesh.pandey@bt.iitr.ac.in,,,,,,,https://iitr.ac.in/Departments/Biosciences and Bioengineering Department/People/Faculty/index.html
Sachin Suresh Tiwari,Biosciences and Bioengineering,Assistant Professor,current,2022,https://iitr.ac.in/Departments/Biosciences and Bioengineering Department/People/Faculty/100977.html,sachin.tiwari@bt.iitr.ac.in,0000-0002-5220-844X,,,,,,https://iitr.ac.in/Departments/Biosciences and Bioengineering Department/People/Faculty/index.html
Sanjoy Ghosh,Biosciences and Bioengineering,Head of the Department,current,2006,https://iitr.ac.in/Departments/Biosciences and Bioengineering Department/People/Faculty/100455.html,sanjoy.ghosh@bt.iitr.ac.in,0000-0001-7466-828X,,,,,,https://iitr.ac.in/Departments/Biosciences and Bioengineering Department/People/Faculty/index.html
Satyanarayan Rao,Biosciences and Bioengineering,Assistant Professor,current,2023,https://iitr.ac.in/Departments/Biosciences and Bioengineering Department/People/Faculty/101018.html,satyanarayan.rao@bt.iitr.ac.in,0000-0001-7678-3505,,,,,,https://iitr.ac.in/Departments/Biosciences and Bioengineering Department/People/Faculty/index.html
Saugata Hazra,Biosciences and Bioengineering,Professor,current,2014,https://iitr.ac.in/Departments/Biosciences and Bioengineering Department/People/Faculty/100671.html,saugata.hazra@bt.iitr.ac.in,0000-0002-3074-1534,,,,,,https://iitr.ac.in/Departments/Biosciences and Bioengineering Department/People/Faculty/index.html
Shailly Tomar,Biosciences and Bioengineering,Professor,current,2006,https://iitr.ac.in/Departments/Biosciences and Bioengineering Department/People/Faculty/100475.html,shailly.tomar@bt.iitr.ac.in,0000-0002-1730-003X,,,,,,https://iitr.ac.in/Departments/Biosciences and Bioengineering Department/People/Faculty/index.html
Srinivas Kiran Ambatipudi,Biosciences and Bioengineering,Professor,current,2014,https://iitr.ac.in/Departments/Biosciences and Bioengineering Department/People/Faculty/100642.html,kiran.ambatipudi@bt.iitr.ac.in,0000-0003-4157-0678,https://scholar.google.com/citations?user=VkaWZ6QAAAAJ,,,,,https://iitr.ac.in/Departments/Biosciences and Bioengineering Department/People/Faculty/index.html
G. S. Randhawa,Biosciences and Bioengineering,Former faculty (1984-2018); last listed as Retired Faculty,former,1984,https://iitr.ac.in/Departments/Biosciences and Bioengineering Department/People/Faculty/100328.html,sharnfbs@iitr.ac.in,0000-0003-1374-8360,,,,,,https://iitr.ac.in/Departments/Biosciences and Bioengineering Department/People/Faculty/index.html ; https://web.archive.org/web/20160201175304/http://www.iitr.ac.in:80/departments/BT/pages/People+Faculty_List.html
Hugo Germain,Biosciences and Bioengineering,Former faculty (2019-2019); last listed as Visiting Professor,former,,,hgermainfbt@iitr.ac.in,,,,,,,https://web.archive.org/web/20190716184918/https://www.iitr.ac.in/departments/AH/pages/People+Faculty.html
Pawan K Agrawal,Biosciences and Bioengineering,Former faculty (2019-2019); last listed as Adjunct Faculty,former,,,pkagrawal.fbt@iitr.ac.in,,,,,,,https://web.archive.org/web/20190716184918/https://www.iitr.ac.in/departments/AH/pages/People+Faculty.html
R. P. Singh,Biosciences and Bioengineering,Former faculty (2016-2024); last listed as Retired Faculty,former,,https://iitr.ac.in/Departments/Biosciences and Bioengineering Department/People/Faculty/100331.html,r.singh@bt.iitr.ac.in,,,,,,,https://iitr.ac.in/Departments/Biosciences and Bioengineering Department/People/Faculty/index.html ; https://web.archive.org/web/20190716184918/https://www.iitr.ac.in/departments/AH/pages/People+Faculty.html
R. Pad Padmanabhan,Biosciences and Bioengineering,Former faculty (2019-2019); last listed as Distinguished Professor,former,,,rpad.fbt@iitr.ac.in,,,,,,,https://web.archive.org/web/20190716184918/https://www.iitr.ac.in/departments/AH/pages/People+Faculty.html
Ritu Barthwal,Biosciences and Bioengineering,Former faculty (1981-2019); last listed as Emeritus Professor,former,1981,,ritubfbs@iitr.ac.in,0000-0002-4038-2256,,,,,,https://web.archive.org/web/20190716184918/https://www.iitr.ac.in/departments/AH/pages/People+Faculty.html
Robert Hänsch,Biosciences and Bioengineering,Visiting Professor,visiting,,,,,,,,,,https://iitr.ac.in/Departments/Biosciences and Bioengineering Department/People/Visiting Faculty.html
Sanchita Bhatnagar,Biosciences and Bioengineering,Visiting Professor,visiting,,https://www.sanchitabhatnagarlab.org,,,,,,,,https://iitr.ac.in/Departments/Biosciences and Bioengineering Department/People/Visiting Faculty.html
Saswata Goswami,Biosciences and Bioengineering,Visiting Professor,visiting,,,,,,,,,,https://iitr.ac.in/Departments/Biosciences and Bioengineering Department/People/Visiting Faculty.html
Saurav Datta,Biosciences and Bioengineering,Former faculty (2014-2019); last listed as Retired Faculty,former,2014,https://iitr.ac.in/Departments/Biosciences and Bioengineering Department/People/Faculty/100659.html,saurav.datta@bt.iitr.ac.in,0000-0001-9964-1905,,,,,,https://iitr.ac.in/Departments/Biosciences and Bioengineering Department/People/Faculty/index.html ; https://web.archive.org/web/20190716184918/https://www.iitr.ac.in/departments/AH/pages/People+Faculty.html
Soma Rohatgi,Biosciences and Bioengineering,Former faculty (2014-2023); last listed as Assistant Professor,former,2014,,soma.rohatgi@bt.iitr.ac.in,0000-0002-0953-3132,,,,,,https://web.archive.org/web/20190716184918/https://www.iitr.ac.in/departments/AH/pages/People+Faculty.html
Sulakshana P. Mukherjee,Biosciences and Bioengineering,Former faculty (2016-2024); last listed as Assistant Professor,former,,,sulakshana.mukherjee@bt.iitr.ac.in,,,,,,,https://web.archive.org/web/20190716184918/https://www.iitr.ac.in/departments/AH/pages/People+Faculty.html
Surendra Saini,Biosciences and Bioengineering,Former faculty (2019-2019); last listed as Visiting Professor,former,,,ssainifbt@iitr.ac.in,,,,,,,https://web.archive.org/web/20190716184918/https://www.iitr.ac.in/departments/AH/pages/People+Faculty.html
Vikas Pruthi,Biosciences and Bioengineering,Former faculty (2000-2019); last listed as Retired Faculty,former,2000,https://iitr.ac.in/Centres/Centre for Transportation Systems/People/Faculty/100333.html,v.pruthi@bt.iitr.ac.in,0000-0002-3666-5552,,,,,,https://iitr.ac.in/Centres/Centre for Transportation Systems/People/Faculty/index.html ; https://web.archive.org/web/20190716184918/https://www.iitr.ac.in/departments/AH/pages/People+Faculty.html
Vinod Kumar,Biosciences and Bioengineering,Visiting Professor,visiting,,,,,,,,,,https://iitr.ac.in/Departments/Biosciences and Bioengineering Department/People/Visiting Faculty.html
Pavankumar Satuluri,Centre for Indian Knowledge Systems,Assistant Professor,current,,https://iitr.ac.in/~HS/Pavankumar_Satuluri,,,,,,,,https://iitr.ac.in/Centres/Centre for Indian Knowledge Systems/People/Joint Faculty.html
Anilkumar Sukumara Pillai,Centre for Indian Knowledge Systems,Visiting Faculty,visiting,,https://mykalari.org/,,,,,,,,https://iitr.ac.in/Centres/Centre for Indian Knowledge Systems/People/Visiting Faculty.html
H. C. Pokhriyal,Centre for Indian Knowledge Systems,Visiting Faculty,visiting,,,,,,,,,,https://iitr.ac.in/Centres/Centre for Indian Knowledge Systems/People/Visiting Faculty.html
Nagaraj Paturi,Centre for Indian Knowledge Systems,Visiting Faculty,visiting,,,,,,,,,,https://iitr.ac.in/Centres/Centre for Indian Knowledge Systems/People/Visiting Faculty.html
Ankush Kumar,Centre for Nanotechnology,Assistant Professor,current,,https://iitr.ac.in/Centres/Centre for Nanotechnology/People/Faculty/101062.html,ankush.kumar@nt.iitr.ac.in,,,,,,,https://iitr.ac.in/Centres/Centre for Nanotechnology/People/Faculty/index.html
Ashwani Kumar,Centre for Nanotechnology,Assistant Professor,current,,https://iitr.ac.in/Centres/Centre for Nanotechnology/People/Faculty/101111.html,ashwani.kumar@nt.iitr.ac.in,,,,,,,https://iitr.ac.in/Centres/Centre for Nanotechnology/People/Faculty/index.html
Rajesh Kumar Ulaganathan,Centre for Nanotechnology,Assistant Professor,current,2024,https://iitr.ac.in/Centres/Centre for Nanotechnology/People/Faculty/101068.html,urajesh@nt.iitr.ac.in,0000-0001-8886-6332,,,,,,https://iitr.ac.in/Centres/Centre for Nanotechnology/People/Faculty/index.html
Santanu Pradhan,Centre for Nanotechnology,Associate Professor,current,2021,https://iitr.ac.in/Centres/Centre for Nanotechnology/People/Faculty/100944.html,santanu.pradhan@nt.iitr.ac.in,0000-0002-8934-4269,,,,,,https://iitr.ac.in/Centres/Centre for Nanotechnology/People/Faculty/index.html
Avik Samanta,Centre for Nanotechnology,Former faculty (2023-2024); last listed as Assistant Professor,former,2023,,avik.samanta@nt.iitr.ac.in,0000-0001-5279-834X,,,,,,https://web.archive.org/web/20240415005241/https://iitr.ac.in/Centres/Centre%20for%20Nanotechnology/People/Faculty/index.html
Ganesh Pandian Namasivayam,Centre for Nanotechnology,Visiting Professor,visiting,,https://www.icems.kyoto-u.ac.jp/en/people/1419/,,,,,,,,https://iitr.ac.in/Centres/Centre for Nanotechnology/People/Visiting Faculty/Visiting Faculty.html
kamlesh Chandra,Centre for Nanotechnology,Former faculty (2019-2019); last listed as Visiting Professor,former,,,kc111fnt@iitr.ac.in,,,,,,,https://web.archive.org/web/20190716184918/https://www.iitr.ac.in/departments/AH/pages/People+Faculty.html
Ravindra Pratap Singh,Centre for Photonics and Quantum Communication Technology,Visiting Professor,visiting,,https://iitr.ac.in/Centres/Centre for Photonics and Quantum Communication Technology/static/CPQCT/rpsingh.pdf,,,,,,,,https://iitr.ac.in/Centres/Centre for Photonics and Quantum Communication Technology/People/Visiting Faculty.html
Tomasz Paterek,Centre for Photonics and Quantum Communication Technology,Visiting Professor,visiting,,https://iitr.ac.in/Centres/Centre for Photonics and Quantum Communication Technology/static/CPQCT/Prof_Tomasz_Peteric.pdf,,,,,,,,https://iitr.ac.in/Centres/Centre for Photonics and Quantum Communication Technology/People/Visiting Faculty.html
Dipendra Singh Rawal,Centre for Semiconductor Design and Technology,Visiting Professor,visiting,,,,,,,,,,https://iitr.ac.in/Centres/Centre for Semiconductor Design and Technology/People/Visiting faculty.html
Senthil Srinivasan VS,Centre for Semiconductor Design and Technology,Visiting Professor,visiting,,,,,,,,,,https://iitr.ac.in/Centres/Centre for Semiconductor Design and Technology/People/Visiting faculty.html
Tarak A. Railkar,Centre for Semiconductor Design and Technology,Adjunct Faculty,adjunct,,,,,,,,,,https://iitr.ac.in/Centres/Centre for Semiconductor Design and Technology/People/Adjunct Facultys.html
Writam Banerjee,Centre for Semiconductor Design and Technology,Visiting Professor,visiting,,,,,,,,,,https://iitr.ac.in/Centres/Centre for Semiconductor Design and Technology/People/Visiting faculty.html
Dhivyabharathi,Centre for Transportation Systems,Assistant Professor,current,,https://iitr.ac.in/Centres/Centre for Transportation Systems/People/Faculty/101048.html,dhivya@ct.iitr.ac.in,,,,,,,https://iitr.ac.in/Centres/Centre for Transportation Systems/People/Faculty/index.html
Hemant Kumar Suman,Centre for Transportation Systems,Assistant Professor,current,2022,https://iitr.ac.in/Centres/Centre for Transportation Systems/People/Faculty/100996.html,hemant@ct.iitr.ac.in,0000-0003-4875-2263,,,,,,https://iitr.ac.in/Centres/Centre for Transportation Systems/People/Faculty/index.html
Tushar Pramod Choudhari,Centre for Transportation Systems,Assistant Professor,current,2025,https://iitr.ac.in/Centres/Centre for Transportation Systems/People/Faculty/101089.html,tushar@ct.iitr.ac.in,0000-0002-4709-2470,,,,,,https://iitr.ac.in/Centres/Centre for Transportation Systems/People/Faculty/index.html
Amit Kumar Dhiman,Chemical Engineering,Professor,current,2007,https://iitr.ac.in/Departments/Chemical Engineering Department/People/Faculty/100482.html,amit.dhiman@ch.iitr.ac.in,,,,,,,https://iitr.ac.in/Departments/Chemical Engineering Department/People/Faculty/index.html
Anshu Anand,Chemical Engineering,Associate Professor,current,2015,https://iitr.ac.in/Departments/Chemical Engineering Department/People/Faculty/100738.html,anshu.anand@ch.iitr.ac.in,0000-0002-1870-8491,,,,,,https://iitr.ac.in/Departments/Chemical Engineering Department/People/Faculty/index.html
Ashish Yadav,Chemical Engineering,Associate Professor,current,2020,https://iitr.ac.in/Departments/Chemical Engineering Department/People/Faculty/100916.html,ashish@ch.iitr.ac.in,,https://scholar.google.com/citations?user=7fBw87oAAAAJ,,,,,https://iitr.ac.in/Departments/Chemical Engineering Department/People/Faculty/index.html
Ashwini Kumar Sharma,Chemical Engineering,Associate Professor,current,2018,https://iitr.ac.in/Departments/Chemical Engineering Department/People/Faculty/100858.html,ashwini@ch.iitr.ac.in,0000-0002-1180-056X,,,,,,https://iitr.ac.in/Departments/Chemical Engineering Department/People/Faculty/index.html
B. Prasad,Chemical Engineering,Professor,current,1982,https://iitr.ac.in/Departments/Chemical Engineering Department/People/Faculty/100169.html,basheshwer.prasad@ch.iitr.ac.in,,,,,,,https://iitr.ac.in/Departments/Chemical Engineering Department/People/Faculty/index.html
C. Balomajumder,Chemical Engineering,Professor,current,1990,https://iitr.ac.in/Departments/Chemical Engineering Department/People/Faculty/100168.html,chandrajit.balomajumder@ch.iitr.ac.in,0000-0002-3644-5218,,,,,,https://iitr.ac.in/Departments/Chemical Engineering Department/People/Faculty/index.html
Deepak Kumar Ojha,Chemical Engineering,Associate Professor,current,2020,https://iitr.ac.in/Departments/Chemical Engineering Department/People/Faculty/100895.html,dojha@ch.iitr.ac.in,0000-0002-7961-4843,,,,,,https://iitr.ac.in/Departments/Chemical Engineering Department/People/Faculty/index.html
Gaurav Sharma,Chemical Engineering,Associate Professor,current,,https://iitr.ac.in/Departments/Chemical Engineering Department/People/Faculty/100572.html,gaurav.sharma@ch.iitr.ac.in,,,,,,,https://iitr.ac.in/Departments/Chemical Engineering Department/People/Faculty/index.html
Hari Prakash Veluswamy,Chemical Engineering,Associate Professor,current,2019,https://iitr.ac.in/Departments/Chemical Engineering Department/People/Faculty/100861.html,hariprakashv@ch.iitr.ac.in,0000-0002-6297-1430,https://scholar.google.com/citations?user=-a2nDVgAAAAJ,,,,,https://iitr.ac.in/Departments/Chemical Engineering Department/People/Faculty/index.html
K. K. Pant,Chemical Engineering,Professor,current,,https://iitr.ac.in/Departments/Chemical Engineering Department/People/Faculty/101000.html,kkpant@ch.iitr.ac.in,,,,,,,https://iitr.ac.in/Departments/Chemical Engineering Department/People/Faculty/index.html
Komal Tripathi,Chemical Engineering,Assistant Professor,current,2023,https://iitr.ac.in/Departments/Chemical Engineering Department/People/Faculty/101031.html,komal.tripathi@ch.iitr.ac.in,0009-0003-7773-0239,https://scholar.google.com/citations?user=b9qEXM0AAAAJ,,,,,https://iitr.ac.in/Departments/Chemical Engineering Department/People/Faculty/index.html
N. Siva Mohan Reddy,Chemical Engineering,Associate Professor,current,2015,https://iitr.ac.in/Departments/Chemical Engineering Department/People/Faculty/100707.html,n.reddy@ch.iitr.ac.in,,,,,,,https://iitr.ac.in/Departments/Chemical Engineering Department/People/Faculty/index.html
Niladri Sekhar Mandal,Chemical Engineering,Assistant Professor,current,,https://iitr.ac.in/Departments/Chemical Engineering Department/People/Faculty/101106.html,niladri.mandal@ch.iitr.ac.in,,,,,,,https://iitr.ac.in/Departments/Chemical Engineering Department/People/Faculty/index.html
Niwesh Ojha,Chemical Engineering,"DST - INSPIRE Faculty Fellow, 2023",current,2023,https://niweshojha.wixsite.com/ojha,,0000-0002-6252-1907,,,,,,https://iitr.ac.in/Departments/Chemical Engineering Department/People/DST-INSPIRE Faculty Fellow.html
Palas Kumar Farsoiya,Chemical Engineering,Assistant Professor,current,2024,https://iitr.ac.in/Departments/Chemical Engineering Department/People/Faculty/101039.html,palas.farsoiya@ch.iitr.ac.in,0000-0003-4784-3470,,,,,,https://iitr.ac.in/Departments/Chemical Engineering Department/People/Faculty/index.html
Patit Paban Kundu,Chemical Engineering,Professor,current,2016,https://iitr.ac.in/Departments/Chemical Engineering Department/People/Faculty/100761.html,patit.kundu@ch.iitr.ac.in,0000-0003-1776-6427,https://scholar.google.com/citations?user=0oUMSG0AAAAJ,,,,,https://iitr.ac.in/Departments/Chemical Engineering Department/People/Faculty/index.html
Prakash Biswas,Chemical Engineering,Professor,current,2009,https://iitr.ac.in/Departments/Chemical Engineering Department/People/Faculty/100540.html,prakash.biswas@ch.iitr.ac.in,,,,,,,https://iitr.ac.in/Departments/Chemical Engineering Department/People/Faculty/index.html
Prasenjit Mondal,Chemical Engineering,Head of the Department,current,2009,https://iitr.ac.in/Departments/Chemical Engineering Department/People/Faculty/100530.html,prasenjit.mondal@ch.iitr.ac.in,0000-0002-3101-9017,,,,,,https://iitr.ac.in/Departments/Biosciences and Bioengineering Department/People/Faculty/index.html
Prateek Kumar Jha,Chemical Engineering,Professor,current,2014,https://iitr.ac.in/Departments/Chemical Engineering Department/People/Faculty/100682.html,prateek.jha@ch.iitr.ac.in,0000-0001-9844-2875,https://scholar.google.com/citations?user=SAgH8nsAAAAJ,,,,https://sites.google.com/iitr.ac.in/msdd/publications?authuser=0,https://iitr.ac.in/Departments/Chemical Engineering Department/People/Faculty/index.html
Ram Prakash Bharti,Chemical Engineering,Professor,current,2009,https://iitr.ac.in/Departments/Chemical Engineering Department/People/Faculty/100531.html,rpbharti@ch.iitr.ac.in,0000-0003-2530-1697,https://scholar.google.com/citations?user=vsLU3tcAAAAJ,,14521775900,,,https://iitr.ac.in/Departments/Chemical Engineering Department/People/Faculty/index.html
Shabina Khanam,Chemical Engineering,Professor,current,2012,https://iitr.ac.in/Departments/Chemical Engineering Department/People/Faculty/100586.html,shabina.khanam@ch.iitr.ac.in,,,,,,,https://iitr.ac.in/Departments/Chemical Engineering Department/People/Faculty/index.html
Shishir Sinha,Chemical Engineering,Professor,current,2006,https://iitr.ac.in/Departments/Chemical Engineering Department/People/Faculty/100467.html,shishir@ch.iitr.ac.in,0000-0002-9506-3850,,,,,,https://iitr.ac.in/Departments/Chemical Engineering Department/People/Faculty/index.html
Shushil Kumar,Chemical Engineering,Associate Professor,current,2020,https://iitr.ac.in/Departments/Chemical Engineering Department/People/Faculty/100888.html,shushil@ch.iitr.ac.in,,,,,,,https://iitr.ac.in/Departments/Chemical Engineering Department/People/Faculty/index.html
Sumana Ghosh,Chemical Engineering,Associate Professor,current,2014,https://iitr.ac.in/Departments/Chemical Engineering Department/People/Faculty/100670.html,sumana.ghosh@ch.iitr.ac.in,0009-0002-5803-0758,,,,,,https://iitr.ac.in/Departments/Chemical Engineering Department/People/Faculty/index.html
Taraknath Das,Chemical Engineering,Associate Professor,current,2014,https://iitr.ac.in/Departments/Chemical Engineering Department/People/Faculty/100705.html,taraknath.das@ch.iitr.ac.in,0000-0001-8772-9176,https://scholar.google.com/citations?user=_lAFTZEAAAAJ,,7201461586,,https://sites.google.com/site/drtaraknathdas/complete-list-of-publications,https://iitr.ac.in/Departments/Chemical Engineering Department/People/Faculty/index.html
V. C. Srivastava,Chemical Engineering,Professor,current,2007,https://iitr.ac.in/Departments/Chemical Engineering Department/People/Faculty/100484.html,vimal.srivastava@ch.iitr.ac.in,0000-0001-5321-7981,,,,,,https://iitr.ac.in/Departments/Chemical Engineering Department/People/Faculty/index.html
Veeramani Chidambaranathan,Chemical Engineering,Assistant Professor,current,2012,https://iitr.ac.in/Departments/Chemical Engineering Department/People/Faculty/100580.html,c.veeramani@ch.iitr.ac.in,,,,,,,https://iitr.ac.in/Departments/Chemical Engineering Department/People/Faculty/index.html
Vimal Kumar,Chemical Engineering,Professor,current,2011,https://iitr.ac.in/Departments/Chemical Engineering Department/People/Faculty/100563.html,vimal.kumar@ch.iitr.ac.in,,https://scholar.google.com/citations?user=N_xTKpAAAAAJ,,,,,https://iitr.ac.in/Departments/Chemical Engineering Department/People/Faculty/index.html
Bikash Mohanty,Chemical Engineering,Former faculty (2016-2021); last listed as Emeritus Professor,former,,,bmohanty@iitr.ac.in,,,,,,,https://web.archive.org/web/20190716184918/https://www.iitr.ac.in/departments/AH/pages/People+Faculty.html
Indra D. Mall,Chemical Engineering,Former faculty (2016-2016); last listed as Professor,former,,,invigfch@iitr.ac.in,,,,,,,https://web.archive.org/web/20160106180050/http://www.iitr.ac.in:80/departments/CH/pages/People+Faculty.html
Indra M. Mishra,Chemical Engineering,Former faculty (1975-2016); last listed as Professor,former,1975,,imishfch@iitr.ac.in,0000-0003-1103-8621,,,,,,https://web.archive.org/web/20160106180050/http://www.iitr.ac.in:80/departments/CH/pages/People+Faculty.html
Ishan Bajaj,Chemical Engineering,Former faculty (2022-2023); last listed as Assistant Professor,former,2022,,ishan.bajaj@ch.iitr.ac.in,0000-0001-9302-4770,,,,,,https://web.archive.org/web/20220807163009/https://iitr.ac.in/Departments/Chemical%20Engineering%20Department/People/Faculty/index.html
Kumari Priti Sinha,Chemical Engineering,Former faculty (2022-2022); last listed as Assistant Professor,former,,,priti.sinha@ch.iitr.ac.in,,,,,,,https://web.archive.org/web/20220807163009/https://iitr.ac.in/Departments/Chemical%20Engineering%20Department/People/Faculty/index.html
Ravindra Bhargava,Chemical Engineering,Former faculty (2016-2016); last listed as Associate Professor,former,,,ravibfch@iitr.ac.in,,,,,,,https://web.archive.org/web/20160106180050/http://www.iitr.ac.in:80/departments/CH/pages/People+Faculty.html
Shashi,Chemical Engineering,Former faculty (2016-2017); last listed as Professor,former,,,sashifch@iitr.ac.in,,,,,,,https://web.archive.org/web/20160106180050/http://www.iitr.ac.in:80/departments/CH/pages/People+Faculty.html
Shri Chand,Chemical Engineering,Former faculty (2016-2016); last listed as Professor,former,,,schanfch@iitr.ac.in,,,,,,,https://web.archive.org/web/20160106180050/http://www.iitr.ac.in:80/departments/CH/pages/People+Faculty.html
Surendra Kumar,Chemical Engineering,Former faculty (2016-2016); last listed as Professor,former,,,skumar@iitr.ac.in,,,,,,,https://web.archive.org/web/20160106180050/http://www.iitr.ac.in:80/departments/CH/pages/People+Faculty.html
Vijay Kumar Agarwal,Chemical Engineering,Former faculty (2016-2021); last listed as Professor,former,,,vijay.agarwal@ch.iitr.ac.in,,,,,,,https://web.archive.org/web/20190716184918/https://www.iitr.ac.in/departments/AH/pages/People+Faculty.html
Akash Kaithal,Chemistry,Assistant Professor,current,2024,https://iitr.ac.in/Departments/Chemistry Department/People/Faculty/101084.html,akash.kaithal@cy.iitr.ac.in,0000-0003-3328-3003,,,,,,https://iitr.ac.in/Departments/Chemistry Department/People/Faculty/index.html
Anuj Sharma,Chemistry,Head of the Department,current,2011,https://iitr.ac.in/Departments/Chemistry Department/People/Faculty/100573.html,anuj.sharma@cy.iitr.ac.in,,,,,,,https://iitr.ac.in/Departments/Chemistry Department/People/Faculty/index.html
Bharat Tandon,Chemistry,Assistant Professor,current,2024,https://iitr.ac.in/Departments/Chemistry Department/People/Faculty/101042.html,bharat.tandon@cy.iitr.ac.in,0000-0003-1108-9859,,,,,,https://iitr.ac.in/Departments/Chemistry Department/People/Faculty/index.html
Debasis Banerjee,Chemistry,Professor,current,2015,https://iitr.ac.in/Departments/Chemistry Department/People/Faculty/100719.html,debasis.banerjee@cy.iitr.ac.in,0000-0001-8626-8742,,,,,,https://iitr.ac.in/Departments/Chemistry Department/People/Faculty/index.html
Dheeraj Kumar,Chemistry,Associate Professor,current,2018,https://iitr.ac.in/Departments/Chemistry Department/People/Faculty/100812.html,dheeraj.kumar@cy.iitr.ac.in,,,,,,,https://iitr.ac.in/Departments/Chemistry Department/People/Faculty/index.html
E. Gnanamani,Chemistry,Associate Professor,current,2020,https://iitr.ac.in/Departments/Chemistry Department/People/Faculty/100884.html,gnanam@cy.iitr.ac.in,0000-0003-3699-3350,,,,,,https://iitr.ac.in/Departments/Chemistry Department/People/Faculty/index.html
Hem C. Kandpal,Chemistry,Assistant Professor,current,,https://iitr.ac.in/Departments/Chemistry Department/People/Faculty/100596.html,hem.kandpal@cy.iitr.ac.in,,,,,,,https://iitr.ac.in/Departments/Chemistry Department/People/Faculty/index.html
K. R. Justin Thomas,Chemistry,Professor,current,,https://iitr.ac.in/Departments/Chemistry Department/People/Faculty/100451.html,krjt@cy.iitr.ac.in,,,,,,,https://iitr.ac.in/Departments/Chemistry Department/People/Faculty/index.html
Kalyan Kumar Sadhu,Chemistry,Professor,current,2014,https://iitr.ac.in/Departments/Chemistry Department/People/Faculty/100684.html,sadhu@cy.iitr.ac.in,0000-0001-5891-951X,,,,,,https://iitr.ac.in/Departments/Chemistry Department/People/Faculty/index.html
Kaushik Ghosh,Chemistry,Professor,current,2006,https://iitr.ac.in/Departments/Chemistry Department/People/Faculty/100449.html,kaushik.ghosh@cy.iitr.ac.in,0000-0002-3792-2848,,,,,,https://iitr.ac.in/Departments/Biosciences and Bioengineering Department/People/Faculty/index.html
M. Sankar,Chemistry,Professor,current,2011,https://iitr.ac.in/Departments/Chemistry Department/People/Faculty/100576.html,m.sankar@cy.iitr.ac.in,0000-0001-6667-3759,,,,,,https://iitr.ac.in/Departments/Chemistry Department/People/Faculty/index.html
Naseem Ahmed,Chemistry,Professor,current,,https://iitr.ac.in/Departments/Chemistry Department/People/Faculty/100505.html,naseem.ahmed@cy.iitr.ac.in,,,,,,,https://iitr.ac.in/Departments/Chemistry Department/People/Faculty/index.html
P. Jeevanandam,Chemistry,Professor,current,2006,https://iitr.ac.in/Departments/Chemistry Department/People/Faculty/100464.html,p.jeevanandam@cy.iitr.ac.in,,,,,,,https://iitr.ac.in/Departments/Chemistry Department/People/Faculty/index.html
Pallavi Debnath,Chemistry,Associate Professor,current,,https://iitr.ac.in/Departments/Chemistry Department/People/Faculty/100567.html,pallavi.debnath@cy.iitr.ac.in,,,,,,,https://iitr.ac.in/Departments/Chemistry Department/People/Faculty/index.html
Paritosh Mohanty,Chemistry,Professor,current,2011,https://iitr.ac.in/Departments/Chemistry Department/People/Faculty/100734.html,pm@cy.iitr.ac.in,0000-0003-2765-0129,https://scholar.google.com/citations?user=MDUxqyIAAAAJ,,,,,https://iitr.ac.in/Departments/Chemistry Department/People/Faculty/index.html
Prasenjit Kar,Chemistry,Professor,current,,https://iitr.ac.in/Departments/Chemistry Department/People/Faculty/100627.html,prasenjit.kar@cy.iitr.ac.in,,,,,,,https://iitr.ac.in/Departments/Chemistry Department/People/Faculty/index.html
Puneet Gupta,Chemistry,Associate Professor,current,2018,https://iitr.ac.in/Departments/Chemistry Department/People/Faculty/100810.html,puneet.gupta@cy.iitr.ac.in,0000-0002-3004-2936,https://scholar.google.com/citations?user=J0MQMYUAAAAJ,,,,,https://iitr.ac.in/Departments/Chemistry Department/People/Faculty/index.html
Raj Kumar Dutta,Chemistry,Professor,current,2006,https://iitr.ac.in/Departments/Chemistry Department/People/Faculty/100460.html,r.dutta@cy.iitr.ac.in,,,,,,,https://iitr.ac.in/Departments/Chemistry Department/People/Faculty/index.html
Rakesh Kumar Saunthwal,Chemistry,Assistant Professor,current,2024,https://iitr.ac.in/Departments/Chemistry Department/People/Faculty/101034.html,rakesh.saunthwal@cy.iitr.ac.in,0000-0003-1329-0783,,,,,,https://iitr.ac.in/Departments/Chemistry Department/People/Faculty/index.html
Rama Krishna Peddinti,Chemistry,Professor,current,2004,https://iitr.ac.in/Departments/Chemistry Department/People/Faculty/100407.html,rkpeddinti@cy.iitr.ac.in,0000-0001-7340-1516,,,,,,https://iitr.ac.in/Departments/Chemistry Department/People/Faculty/index.html
Ramachandran C. N.,Chemistry,Associate Professor,current,,https://iitr.ac.in/Departments/Chemistry Department/People/Faculty/100604.html,ramcn@cy.iitr.ac.in,,,,,,,https://iitr.ac.in/Departments/Chemistry Department/People/Faculty/index.html
Ranjana Bisht,Chemistry,Assistant Professor,current,2024,https://iitr.ac.in/Departments/Chemistry Department/People/Faculty/101070.html,ranjana.bisht@cy.iitr.ac.in,0009-0005-1685-497X,,,,,,https://iitr.ac.in/Departments/Chemistry Department/People/Faculty/index.html
Rathod Suman,Chemistry,Assistant Professor,current,,https://iitr.ac.in/Departments/Chemistry Department/People/Faculty/101098.html,rathod.suman@cy.iitr.ac.in,,,,,,,https://iitr.ac.in/Departments/Chemistry Department/People/Faculty/index.html
Ravi Yadav,Chemistry,Assistant Professor,current,2025,https://iitr.ac.in/Departments/Chemistry Department/People/Faculty/101097.html,ravi.yadav@cy.iitr.ac.in,,,,,,,https://iitr.ac.in/Departments/Chemistry Department/People/Faculty/index.html
Ravindra Pandey,Chemistry,Associate Professor,current,2018,https://iitr.ac.in/Departments/Chemistry Department/People/Faculty/100792.html,rpandey@cy.iitr.ac.in,,,,,,,https://iitr.ac.in/Departments/Chemistry Department/People/Faculty/index.html
Sayanti Chatterjee,Chemistry,Assistant Professor,current,2022,https://iitr.ac.in/Departments/Chemistry Department/People/Faculty/100979.html,sayanti.chatterjee@cy.iitr.ac.in,0000-0002-8030-0753,,,,,,https://iitr.ac.in/Departments/Chemistry Department/People/Faculty/index.html
Swastika Banerjee,Chemistry,Assistant Professor,current,2022,https://iitr.ac.in/Departments/Chemistry Department/People/Faculty/100981.html,sbanerjee@cy.iitr.ac.in,,,,,,,https://iitr.ac.in/Departments/Chemistry Department/People/Faculty/index.html
Tapas Kumar Mandal,Chemistry,Associate Professor,current,2011,https://iitr.ac.in/Departments/Chemistry Department/People/Faculty/100568.html,tapas.mandal@cy.iitr.ac.in,0000-0003-1069-8302,,,,,,https://iitr.ac.in/Departments/Chemistry Department/People/Faculty/index.html
U. P. Singh,Chemistry,Professor,current,,https://iitr.ac.in/Departments/Chemistry Department/People/Faculty/100268.html,u.singh@cy.iitr.ac.in,,,,,,,https://iitr.ac.in/Departments/Chemistry Department/People/Faculty/index.html
Veera Venkata Surya Pavan Kumar Bosukonda,Chemistry,Associate Professor,current,2019,https://iitr.ac.in/Departments/Chemistry Department/People/Faculty/100867.html,pavan.bosukonda@cy.iitr.ac.in,,,,,,,https://iitr.ac.in/Departments/Chemistry Department/People/Faculty/index.html
Venkatesh V,Chemistry,Associate Professor,current,2019,https://iitr.ac.in/Departments/Chemistry Department/People/Faculty/100855.html,venkatesh.v@cy.iitr.ac.in,,,,,,,https://iitr.ac.in/Departments/Chemistry Department/People/Faculty/index.html
Yadagiri Dongari,Chemistry,Associate Professor,current,2021,https://iitr.ac.in/Departments/Chemistry Department/People/Faculty/100936.html,yadagiri.dongari@cy.iitr.ac.in,0000-0001-8305-3519,,,,,,https://iitr.ac.in/Departments/Chemistry Department/People/Faculty/index.html
A. K. Singh,Chemistry,Former faculty (2016-2019); last listed as Retired Faculty,former,,https://iitr.ac.in/Departments/Chemistry Department/People/Faculty/100262.html,ashok.singh@cy.iitr.ac.in,,,,,,,https://iitr.ac.in/Departments/Chemistry Department/People/Faculty/index.html ; https://web.archive.org/web/20190716184918/https://www.iitr.ac.in/departments/AH/pages/People+Faculty.html
Anil Kumar,Chemistry,Former faculty (2016-2020); last listed as Retired Faculty,former,,https://iitr.ac.in/Departments/Chemistry Department/People/Faculty/100263.html,anil.kumar@cy.iitr.ac.in,,,,,,,https://iitr.ac.in/Departments/Chemistry Department/People/Faculty/index.html ; https://web.archive.org/web/20190716184918/https://www.iitr.ac.in/departments/AH/pages/People+Faculty.html
Anil Kumar Mishra,Chemistry,Visiting Professor,visiting,,https://iitr.ac.in/Departments/Chemistry Department/People/Faculty/800049.html,akmishra@cy.iitr.ac.in,,,,,,,https://iitr.ac.in/Departments/Chemistry Department/People/Faculty/index.html
Bina Gupta,Chemistry,Former faculty (1987-2020); last listed as Retired Faculty,former,1987,https://iitr.ac.in/Departments/Chemistry Department/People/Faculty/100265.html,bina.gupta@cy.iitr.ac.in,,,,,,,https://iitr.ac.in/Departments/Chemistry Department/People/Faculty/index.html ; https://web.archive.org/web/20190716184918/https://www.iitr.ac.in/departments/AH/pages/People+Faculty.html
K. C. Gupta,Chemistry,Former faculty (1987-2022); last listed as Professor,former,1987,,kcgupta@cy.iitr.ac.in,0000-0001-7226-3561,,,,,,https://web.archive.org/web/20190716184918/https://www.iitr.ac.in/departments/AH/pages/People+Faculty.html
Kamaluddin,Chemistry,Former faculty (2016-2017); last listed as Emeritus Professor,former,,,kamalfcy@iitr.ac.in,,,,,,,https://web.archive.org/web/20160211202054/http://www.iitr.ac.in:80/departments/CY/pages/People+Faculty_List.html
M. R. Maurya,Chemistry,Emeritus Professor,emeritus,,https://iitr.ac.in/Departments/Chemistry Department/People/Faculty/100269.html,m.maurya@cy.iitr.ac.in,0000-0001-9977-6287,,,,,,https://iitr.ac.in/Departments/Chemistry Department/People/Faculty/index.html
Mala Nath,Chemistry,Former faculty (1981-2020); last listed as Retired Faculty,former,1981,https://iitr.ac.in/Departments/Chemistry Department/People/Faculty/100261.html,mala.nath@cy.iitr.ac.in,0000-0003-1158-2520,,,,,,https://iitr.ac.in/Departments/Chemistry Department/People/Faculty/index.html ; https://web.archive.org/web/20190716184918/https://www.iitr.ac.in/departments/AH/pages/People+Faculty.html
P. P. Thankachan,Chemistry,Former faculty (2016-2017); last listed as Retired Faculty,former,,,ppthnfcy@iitr.ac.in,,,,,,,https://web.archive.org/web/20160211202054/http://www.iitr.ac.in:80/departments/CY/pages/People+Faculty_List.html
R. N. Goyal,Chemistry,Former faculty (2016-2019); last listed as Retired Faculty,former,,https://iitr.ac.in/Departments/Chemistry Department/People/Faculty/100277.html,r.goyal@cy.iitr.ac.in,,,,,,,https://iitr.ac.in/Departments/Chemistry Department/People/Faculty/index.html ; https://web.archive.org/web/20190716184918/https://www.iitr.ac.in/departments/AH/pages/People+Faculty.html
Ravi Bhushan,Chemistry,Former faculty (1979-2017); last listed as Retired Faculty,former,1979,https://iitr.ac.in/Departments/Chemistry Department/People/Faculty/100259.html,rbushfcy@iitr.ac.in,,,,,,,https://iitr.ac.in/Departments/Chemistry Department/People/Faculty/index.html ; https://web.archive.org/web/20160211202054/http://www.iitr.ac.in:80/departments/CY/pages/People+Faculty_List.html
S. M. Sondhi,Chemistry,Former faculty (2016-2017); last listed as Visiting Professor,former,,,sondifcy@iitr.ac.in,,,,,,,https://web.archive.org/web/20160211202054/http://www.iitr.ac.in:80/departments/CY/pages/People+Faculty_List.html
Abhiraj Sharma,Civil Engineering,Assistant Professor,current,2024,https://civil.iitr.ac.in/CE?Uid=abhiraj.sharma,abhiraj.sharma@ce.iitr.ac.in,0009-0001-7249-6864,https://scholar.google.com/citations?user=IiQqaEwAAAAJ,,57200071206,,,https://civil.iitr.ac.in/faculty.aspx
Abhishek,Civil Engineering,Assistant Professor,current,,https://civil.iitr.ac.in/CE?Uid=abhishek,abhishek@ce.iitr.ac.in,0000-0002-1704-4486,https://scholar.google.com/citations?user=WI_j6KIAAAAJ,,,,,https://civil.iitr.ac.in/faculty.aspx
Absar Ahmad Kazmi,Civil Engineering,Professor,current,,https://civil.iitr.ac.in/CE?Uid=kazmifce,absar.kazmi@ce.iitr.ac.in,,https://scholar.google.com/citations?user=ZKfXrvEAAAAJ,,,,,https://civil.iitr.ac.in/faculty.aspx
Aditya Singh,Civil Engineering,Associate Professor,current,2020,https://civil.iitr.ac.in/CE?Uid=aditya.singh,aditya.singh@ce.iitr.ac.in,0000-0003-4749-2471,https://scholar.google.com/citations?user=1AVCjy0AAAAJ,,59260306100,,,https://civil.iitr.ac.in/faculty.aspx
Akanksha Tyagi,Civil Engineering,Associate Professor,current,,https://civil.iitr.ac.in/CE?Uid=akankshafce,akanksha.tyagi@ce.iitr.ac.in,,https://scholar.google.com/citations?user=ECtiRj0AAAAJ,,,,,https://civil.iitr.ac.in/faculty.aspx
Akhil Upadhyay,Civil Engineering,Professor,current,,https://civil.iitr.ac.in/CE?Uid=akhilfce,a.upadhyay@ce.iitr.ac.in,,,,13608643500,,,https://civil.iitr.ac.in/faculty.aspx
Alok Bhardwaj,Civil Engineering,Assistant Professor,current,2020,https://civil.iitr.ac.in/CE?Uid=alok.bhardwaj,alok.bhardwaj@ce.iitr.ac.in,0000-0003-2614-5796,https://scholar.google.com/citations?user=xzosEXoAAAAJ,,,https://iitr.irins.org/profile/155218,,https://civil.iitr.ac.in/faculty.aspx
Amit Agarwal,Civil Engineering,Associate Professor,current,2018,https://civil.iitr.ac.in/CE?Uid=amitfce,amitfce@iitr.ac.in,0000-0002-3352-0227,https://scholar.google.com/citations?user=tk33FCkAAAAJ,,22333522300,,http://faculty.iitr.ac.in/~amitfce/,https://civil.iitr.ac.in/faculty.aspx
Anjaneya Dixit,Civil Engineering,Assistant Professor,current,2022,https://civil.iitr.ac.in/CE?Uid=anjaneya.dixit,anjaneya.dixit@ce.iitr.ac.in,0000-0002-3045-0761,https://scholar.google.com/citations?user=3Civ86sAAAAJ,,,,,https://civil.iitr.ac.in/faculty.aspx
Anumita Mishra,Civil Engineering,Associate Professor,current,,https://civil.iitr.ac.in/CE?Uid=anumitafce,anumita.mishra@ce.iitr.ac.in,0000-0003-0739-6610,https://scholar.google.com/citations?user=OFqD_kAAAAAJ,,23991360500,,,https://civil.iitr.ac.in/faculty.aspx
Anupam Chakrabarti,Civil Engineering,Professor,current,,https://civil.iitr.ac.in/CE?Uid=achakfce,anupam.chakrabarti@ce.iitr.ac.in,,https://scholar.google.com/citations?user=pWO8LvYAAAAJ,,,,,https://civil.iitr.ac.in/faculty.aspx
Bhanu Prakash Vellanki,Civil Engineering,Professor,current,,https://civil.iitr.ac.in/CE?Uid=bhanufce,bhanuprakashv@ce.iitr.ac.in,,,,,,,https://civil.iitr.ac.in/faculty.aspx
Bhola Ram Gurjar,Civil Engineering,Professor,current,,https://civil.iitr.ac.in/CE?Uid=bholafce,bhola.gurjar@ce.iitr.ac.in,0000-0002-7224-1802,https://scholar.google.com/citations?user=9M9vBUEAAAAJ,,,,,https://civil.iitr.ac.in/faculty.aspx
Bhupinder Singh,Civil Engineering,Professor,current,,https://civil.iitr.ac.in/CE?Uid=bhuppifce,bhupinder.singh@ce.iitr.ac.in,,https://scholar.google.com/citations?user=uMWkJMYAAAAJ,,37961051100,,,https://civil.iitr.ac.in/faculty.aspx
Bihu Suchetana,Civil Engineering,Assistant Professor,current,2020,https://civil.iitr.ac.in/CE?Uid=bihu,bihu@ce.iitr.ac.in,0000-0002-9162-0736,,,,,,https://civil.iitr.ac.in/faculty.aspx
Chandra Shekhar Prasad Ojha,Civil Engineering,Professor,current,1986,https://civil.iitr.ac.in/CE?Uid=cojhafce,c.ojha@ce.iitr.ac.in,0000-0003-3364-0429,https://scholar.google.com/citations?user=4Ij6fogAAAAJ,,7004206177,,,https://civil.iitr.ac.in/faculty.aspx
G. D. Ransinchung R. N.,Civil Engineering,Professor,current,,https://civil.iitr.ac.in/CE?Uid=gdranfce,"gdranfce@iitr[.]ac[.]in,g.n@ce@iitr[.]ac[.]in",,https://scholar.google.com/citations?user=gosKglIAAAAJ,,,,,https://civil.iitr.ac.in/faculty.aspx
Gargi Singh,Civil Engineering,Associate Professor,current,2016,https://civil.iitr.ac.in/CE?Uid=gargifce,gargi.singh@ce.iitr.ac.in,0000-0002-2433-5441,,,55241252000,,,https://civil.iitr.ac.in/faculty.aspx
Hemant Kumar,Civil Engineering,Assistant Professor,current,2024,https://civil.iitr.ac.in/CE?Uid=hemant,hemant@ce.iitr.ac.in,0000-0001-6175-0612,https://scholar.google.com/citations?user=B7RBQhQAAAAJ,,,,,https://iitr.ac.in/Centres/Centre for Indian Knowledge Systems/People/Associated Faculty.html
Indrajit Ghosh,Civil Engineering,Professor,current,2012,https://civil.iitr.ac.in/CE?Uid=indrafce,indrajit.ghosh@ce.iitr.ac.in,0000-0002-1341-0258,https://scholar.google.com/citations?user=PmRjsdUAAAAJ,,60242237200,,http://indrajit_ghosh.ce.faculty.iitr.ac.in/,https://civil.iitr.ac.in/faculty.aspx
K. S. Hari Prasad,Civil Engineering,Professor,current,,https://civil.iitr.ac.in/CE?Uid=suryafce,k.hari@ce.iitr.ac.in,,,,,,,https://civil.iitr.ac.in/faculty.aspx
Kaustav Chatterjee,Civil Engineering,Associate Professor,current,,https://civil.iitr.ac.in/CE?Uid=kchatfce,kaustav.chatterjee@ce.iitr.ac.in,,https://scholar.google.com/citations?user=LoE3w_UAAAAJ,,,,,https://civil.iitr.ac.in/faculty.aspx
Ketan Arora,Civil Engineering,Assistant Professor,current,2024,https://civil.iitr.ac.in/CE?Uid=ketan.arora,ketan.arora@ce.iitr.ac.in,0000-0001-5854-632X,https://scholar.google.com/citations?user=Xqcsi_EAAAAJ,,57203904005,,,https://civil.iitr.ac.in/faculty.aspx
Manoranjan Parida,Civil Engineering,Professor,current,,https://civil.iitr.ac.in/CE?Uid=mprdafce,m.parida@ce.iitr.ac.in,,https://scholar.google.com/citations?user=SsxEiMwAAAAJ,,,,,https://civil.iitr.ac.in/faculty.aspx
Mohd. Ashraf Iqbal,Civil Engineering,Professor,current,,https://civil.iitr.ac.in/CE?Uid=iqbalfce,ashraf.iqbal@ce.iitr.ac.in,0000-0002-3428-1395,https://scholar.google.com/citations?user=mUzzIwsAAAAJ,,,,,https://civil.iitr.ac.in/faculty.aspx
Narendra Kumar Samadhiya,Civil Engineering,Professor & Head of the Department,current,,https://civil.iitr.ac.in/CE?Uid=nksamfce,narendra.samadhiya@ce.iitr.ac.in,,,,,,,https://civil.iitr.ac.in/faculty.aspx
Nikhil Saboo,Civil Engineering,Associate Professor,current,2021,https://civil.iitr.ac.in/CE?Uid=nikhil.saboo,nikhil.saboo@ce.iitr.ac.in,0000-0003-0173-405X,https://scholar.google.com/citations?user=4ybtNM0AAAAJ,,,,,https://civil.iitr.ac.in/faculty.aspx
Pradeep Bhargava,Civil Engineering,Professor,current,,https://civil.iitr.ac.in/CE?Uid=bhpdpfce,p.bhargava@ce.iitr.ac.in,0000-0002-5476-9080,,,,,,https://civil.iitr.ac.in/faculty.aspx
Prakhar Misra,Civil Engineering,Assistant Professor,current,2023,https://civil.iitr.ac.in/CE?Uid=prakhar.misra,prakhar.misra@ce.iitr.ac.in,0000-0003-0180-4900,https://scholar.google.com/citations?user=ESzGQk0AAAAJ,,,,https://geohues.github.io/,https://civil.iitr.ac.in/faculty.aspx
Pramod Kumar Gupta,Civil Engineering,Professor,current,,https://civil.iitr.ac.in/CE?Uid=pkgupfce,pramod.gupta@ce.iitr.ac.in,,,,,,,https://civil.iitr.ac.in/faculty.aspx
Pramod Kumar Sharma,Civil Engineering,Professor,current,,https://civil.iitr.ac.in/CE?Uid=pks08fce,pramod.sharma@ce.iitr.ac.in,,,,7403231593,,,https://civil.iitr.ac.in/faculty.aspx
Praveen Kumar,Civil Engineering,Professor,current,,https://civil.iitr.ac.in/CE?Uid=pkaerfce,praveen.kumar@ce.iitr.ac.in,,,,,,,https://civil.iitr.ac.in/faculty.aspx
Priti Maheshwari,Civil Engineering,Professor,current,,https://civil.iitr.ac.in/CE?Uid=pritifce,priti.maheshwari@ce.iitr.ac.in,0000-0002-2979-8568,https://scholar.google.com/citations?user=XHS9ZtkAAAAJ,,56279208800,,,https://civil.iitr.ac.in/faculty.aspx
Pushpa Choudhary,Civil Engineering,Assistant Professor,current,2019,https://civil.iitr.ac.in/CE?Uid=pushpafce,pushpa@ce.iitr.ac.in,0000-0003-4217-0705,https://scholar.google.com/citations?user=unUZoZAAAAAJ,,,,https://choudharypushpa.github.io/HumanFRSTLab/,https://civil.iitr.ac.in/faculty.aspx
R. Vinnarasi,Civil Engineering,Assistant Professor,current,2020,https://civil.iitr.ac.in/CE?Uid=vinnarasi,vinnarasi@ce.iitr.ac.in,0000-0001-9834-6779,https://scholar.google.com/citations?user=slQCU7sAAAAJ,,,,http://faculty.iitr.ac.in/~vinnarasi/,https://civil.iitr.ac.in/faculty.aspx
Rahul Dev Garg,Civil Engineering,Professor,current,2007,https://civil.iitr.ac.in/CE?Uid=garg_fce,rdgarg@ce.iitr.ac.in,0000-0003-3684-8962,https://scholar.google.com/citations?user=QdQNyY4AAAAJ,,,,,https://civil.iitr.ac.in/faculty.aspx
Raja Chowdhury,Civil Engineering,Associate Professor,current,,https://civil.iitr.ac.in/CE?Uid=rajacfce,raja.chowdhury@ce.iitr.ac.in,0000-0002-8277-6296,,,56864559800,,,https://civil.iitr.ac.in/faculty.aspx
Rajat Rastogi,Civil Engineering,Professor,current,2006,https://civil.iitr.ac.in/CE?Uid=rajatfce,rajat.rastogi@ce.iitr.ac.in,0000-0001-9220-4470,https://scholar.google.com/citations?user=QnQH_3wAAAAJ,,7202416770,,,https://civil.iitr.ac.in/faculty.aspx
Rajib Chowdhury,Civil Engineering,Professor,current,2012,https://civil.iitr.ac.in/CE?Uid=rajibfce,rajib.chowdhury@ce.iitr.ac.in,0000-0001-9026-8657,https://scholar.google.com/citations?user=NuP8ItUAAAAJ,,10046255200,,,https://civil.iitr.ac.in/faculty.aspx
Rakesh Ranjan,Civil Engineering,Assistant Professor,current,2022,https://civil.iitr.ac.in/CE?Uid=rakesh.ranjan,rakesh.ranjan@ce.iitr.ac.in,0000-0002-9829-1189,https://scholar.google.com/citations?user=n_cwH9MAAAAJ,,57188759473,,,https://civil.iitr.ac.in/faculty.aspx
Sandipan Paul,Civil Engineering,Assistant Professor,current,2022,https://civil.iitr.ac.in/CE?Uid=sandipan.paul,sandipan.paul@ce.iitr.ac.in,0000-0003-1445-6896,https://scholar.google.com/citations?user=vo8vHaAAAAAJ,,,,,https://civil.iitr.ac.in/faculty.aspx
Sanhita Das,Civil Engineering,Assistant Professor,current,2021,https://civil.iitr.ac.in/CE?Uid=sanhita.das,sanhita.das@ce.iitr.ac.in,0000-0002-1199-6398,https://scholar.google.com/citations?user=ph2R0LsAAAAJ,,,,https://faculty.iitr.ac.in/~sanhitadas/,https://civil.iitr.ac.in/faculty.aspx
Sanjay Chikermane,Civil Engineering,Assistant Professor,current,,https://civil.iitr.ac.in/CE?Uid=chikermane,sanjay.chikermane@ce.iitr.ac.in,0009-0003-5696-9785,,,,,,https://civil.iitr.ac.in/faculty.aspx
Satish Chandra,Civil Engineering,Professor,current,1985,https://civil.iitr.ac.in/CE?Uid=satisfce,satish.chandra@ce.iitr.ac.in,0000-0001-7625-4726,https://scholar.google.com/citations?user=-a00qwgAAAAJ,,,,,https://civil.iitr.ac.in/faculty.aspx
Saurabh Vijay,Civil Engineering,Assistant Professor,current,2020,https://civil.iitr.ac.in/CE?Uid=saurabhVijay,saurabh.vijay@ce.iitr.ac.in,0000-0002-8970-9213,https://scholar.google.com/citations?user=NhsJ1YQAAAAJ,,,,https://sites.google.com/view/saurabhvijayearthscientist/,https://civil.iitr.ac.in/faculty.aspx
Shubhankar Roy Chowdhury,Civil Engineering,Assistant Professor,current,2019,https://civil.iitr.ac.in/CE?Uid=shubhankarcfce,shubhankar.rc@ce.iitr.ac.in,0000-0002-9776-2508,https://scholar.google.com/citations?user=SuQVO8gAAAAJ,,56818427600,,https://sites.google.com/view/mams-rg,https://civil.iitr.ac.in/faculty.aspx
Siddhartha Khare,Civil Engineering,Assistant Professor,current,2022,https://civil.iitr.ac.in/CE?Uid=Siddhartha.khare,siddhartha.khare@ce.iitr.ac.in,0000-0002-6996-4583,https://scholar.google.com/citations?user=UghalYsAAAAJ,,,,,https://civil.iitr.ac.in/faculty.aspx
Sonalisa Ray,Civil Engineering,Professor,current,2012,https://civil.iitr.ac.in/CE?Uid=sonarfce,sonalisa.ray@ce.iitr.ac.in,0000-0002-9213-3665,https://scholar.google.com/citations?user=BgQ-TEUAAAAJ,,,,,https://civil.iitr.ac.in/faculty.aspx
Sudakshina Dutta,Civil Engineering,Assistant Professor,current,2019,https://civil.iitr.ac.in/CE?Uid=sudakshinafce,sudakshina@ce.iitr.ac.in,0009-0009-2580-2740,https://scholar.google.com/citations?user=OIrdf1wAAAAJ,,,,,https://civil.iitr.ac.in/faculty.aspx
Sudipta Sarkar,Civil Engineering,Professor,current,2012,https://civil.iitr.ac.in/CE?Uid=sarkarfce,sudipta.sarkar@ce.iitr.ac.in,0000-0002-9197-530X,https://scholar.google.com/citations?user=a-zZ70EAAAAJ,,57201440577,,,https://civil.iitr.ac.in/faculty.aspx
Tarun Gangwar,Civil Engineering,Assistant Professor,current,,https://civil.iitr.ac.in/CE?Uid=tarun.gangwar,tarun.gangwar@ce.iitr.ac.in,,,,,,https://sites.google.com/umn.edu/tarungangwar/home,https://civil.iitr.ac.in/faculty.aspx
Umesh Kumar Sharma,Civil Engineering,Professor,current,2007,https://civil.iitr.ac.in/CE?Uid=umuksfce,umesh.sharma@ce.iitr.ac.in,0000-0002-0972-908X,https://scholar.google.com/citations?user=rlB1U6YAAAAJ,,,,,https://civil.iitr.ac.in/faculty.aspx
Vindhyawasini Prasad,Civil Engineering,Assistant Professor,current,2026,https://civil.iitr.ac.in/CE?Uid=vprasad%40ce.iitr.ac.in,vprasad@ce.iitr.ac.in,0000-0003-0585-7217,https://scholar.google.com/citations?user=sM4vyVIAAAAJ,,,,,https://civil.iitr.ac.in/faculty.aspx
Vipul Prakash,Civil Engineering,Professor,current,,https://civil.iitr.ac.in/CE?Uid=vipulfeq,vipul.prakash@ce.iitr.ac.in,,,,,,,https://civil.iitr.ac.in/faculty.aspx
Vishwas A. Sawant,Civil Engineering,Professor,current,2007,https://civil.iitr.ac.in/CE?Uid=sawantfce,vishwas.sawant@ce.iitr.ac.in,0000-0002-6730-4311,,,35607818000,,,https://civil.iitr.ac.in/faculty.aspx
Zulfequar Ahmad,Civil Engineering,Professor,current,,https://civil.iitr.ac.in/CE?Uid=zulfifce,z.ahmad@ce.iitr.ac.in,0009-0006-5197-9054,https://scholar.google.com/citations?user=k1W_nvcAAAAJ,,,,,https://civil.iitr.ac.in/faculty.aspx
Ajay Gairola,Civil Engineering,Former faculty (2016-2020); last listed as Professor,former,,,garryfce@iitr.ac.in,,,,,,,https://web.archive.org/web/20190716184918/https://www.iitr.ac.in/departments/AH/pages/People+Faculty.html
Ashok K. Jain,Civil Engineering,Former faculty (2016-2019); last listed as Retired Faculty,former,,,ashokfce@iitr.ac.in,,,,,,,https://web.archive.org/web/20190716184918/https://www.iitr.ac.in/departments/AH/pages/People+Faculty.html
Ashok Kumar Ahuja,Civil Engineering,Former faculty (1982-2018); last listed as Professor,former,1982,,ahujafce@iitr.ac.in,0000-0001-8429-4664,,,,,,https://web.archive.org/web/20160113175831/http://www.iitr.ac.in:80/departments/CE/pages/People+Faculty_List.html
Deepak Kashyap,Civil Engineering,Former faculty (2016-2017); last listed as Professor,former,,,dkashfce@iitr.ac.in,,,,,,,https://web.archive.org/web/20160113175831/http://www.iitr.ac.in:80/departments/CE/pages/People+Faculty_List.html
Indu Mehrotra,Civil Engineering,Former faculty (2017-2019); last listed as Retired Faculty,former,,,indumfce@iitr.ac.in,,,,,,,https://web.archive.org/web/20190716184918/https://www.iitr.ac.in/departments/AH/pages/People+Faculty.html
Jagdish Prasad Sahoo,Civil Engineering,Former faculty (2016-2020); last listed as Assistant Professor,former,,,jagdish.sahoo@ce.iitr.ac.in,,,,,,,https://web.archive.org/web/20190716184918/https://www.iitr.ac.in/departments/AH/pages/People+Faculty.html
Jayanta Kumar Ghosh,Civil Engineering,Former faculty (2016-2020); last listed as Professor,former,,,jayanta.ghosh@ce.iitr.ac.in,,,,,,,https://web.archive.org/web/20190716184918/https://www.iitr.ac.in/departments/AH/pages/People+Faculty.html
Kamal Jain,Civil Engineering,Former faculty (1985-2020); last listed as Professor,former,1985,,kamal.jain@ce.iitr.ac.in,0000-0001-5153-0405,,,,,,https://web.archive.org/web/20190716184918/https://www.iitr.ac.in/departments/AH/pages/People+Faculty.html
M. K. Arora,Civil Engineering,Former faculty (2016-2017); last listed as Professor,former,,,manojfce@iitr.ac.in,,,,,,,https://web.archive.org/web/20160113175831/http://www.iitr.ac.in:80/departments/CE/pages/People+Faculty_List.html
M. N. Viladkar,Civil Engineering,Former faculty (2016-2019); last listed as Retired Faculty,former,,,sumanfce@iitr.ac.in,,,,,,,https://web.archive.org/web/20190716184918/https://www.iitr.ac.in/departments/AH/pages/People+Faculty.html
Mahendra Singh,Civil Engineering,Emeritus Fellow,emeritus,,https://civil.iitr.ac.in/CE?Uid=singhfce,mahendra.singh@ce.iitr.ac.in,0000-0003-3775-7026,https://scholar.google.com/citations?user=KDXk_jEAAAAJ,,,,,https://civil.iitr.ac.in/faculty.aspx
N. M Bhandari,Civil Engineering,Former faculty (2017-2019); last listed as Retired Faculty,former,,,nmbcefce@iitr.ac.in,,,,,,,https://web.archive.org/web/20190716184918/https://www.iitr.ac.in/departments/AH/pages/People+Faculty.html
O. P. Dubey,Civil Engineering,Former faculty (2020-2020); last listed as Professor,former,,,f_s_2015_0@iitr.ac.in,,,,,,,https://web.archive.org/web/20201001135129/https://iitr.ac.in/departments/CE/pages/People+Faculty_List.html
Pradeep Kumar Garg,Civil Engineering,Emeritus Fellow,emeritus,,https://civil.iitr.ac.in/CE?Uid=gargpfce,p.garg@ce.iitr.ac.in,,,,,,,https://civil.iitr.ac.in/faculty.aspx
Pradipta Banerji,Civil Engineering,Former faculty (2011-2017); last listed as Professor,former,2011,,pbanerji@iitr.ac.in,0000-0001-7066-3940,,,,,,https://web.archive.org/web/20160113175831/http://www.iitr.ac.in:80/departments/CE/pages/People+Faculty_List.html
Pramod Kumar,Civil Engineering,Former faculty (2016-2020); last listed as Associate Professor,former,,,pramod.kumar@ce.iitr.ac.in,,,,,,,https://web.archive.org/web/20190716184918/https://www.iitr.ac.in/departments/AH/pages/People+Faculty.html
S. K. Ghosh,Civil Engineering,Former faculty (2016-2020); last listed as Head Of Department,former,,,sanjay.ghosh@ce.iitr.ac.in,,,,,,,https://web.archive.org/web/20190716184918/https://www.iitr.ac.in/departments/AH/pages/People+Faculty.html
S. S. Jain,Civil Engineering,Former faculty (2016-2019); last listed as Retired Faculty,former,,,ssjanfce@iitr.ac.in,,,,,,,https://web.archive.org/web/20190716184918/https://www.iitr.ac.in/departments/AH/pages/People+Faculty.html
Sahil Bansal,Civil Engineering,Former faculty (2018-2019); last listed as Retired Faculty,former,2018,,sahil.fce@iitr.ac.in,0000-0002-4968-2079,,,,,,https://web.archive.org/web/20190716184918/https://www.iitr.ac.in/departments/AH/pages/People+Faculty.html
Sarit Kumar Das,Civil Engineering,Former faculty (2017-2020); last listed as DST INSPIRE Faculty,former,,,sarit.kdas@ce.iitr.ac.in,,,,,,,https://web.archive.org/web/20190716184918/https://www.iitr.ac.in/departments/AH/pages/People+Faculty.html
Satyendra Mittal,Civil Engineering,Former faculty (1982-2020); last listed as Professor,former,1982,,satyendra.mittal@ce.iitr.ac.in,0000-0001-6216-9205,,,,,,https://web.archive.org/web/20190716184918/https://www.iitr.ac.in/departments/AH/pages/People+Faculty.html
V. K. Gupta,Civil Engineering,Former faculty (2016-2019); last listed as Retired Faculty,former,,,vinodfcy@iitr.ac.in,,,,,,,https://web.archive.org/web/20190716184918/https://www.iitr.ac.in/departments/AH/pages/People+Faculty.html
Vinay Kumar Tyagi,Civil Engineering,Former faculty (2019-2019); last listed as Ramalingaswami Fellow,former,,,vinay.fce@iitr.ac.in,,,,,,,https://web.archive.org/web/20190716184918/https://www.iitr.ac.in/departments/AH/pages/People+Faculty.html
Awanish Pandey,Computer Science and Engineering,Assistant Professor,current,2024,https://iitr.ac.in/Departments/Computer Science and Engineering Department/People/Faculty/101075.html,ap@cs.iitr.ac.in,0009-0005-4125-5493,,,,,,https://iitr.ac.in/Departments/Computer Science and Engineering Department/People/Faculty/index.html
Chetan Gupta,Computer Science and Engineering,Assistant Professor,current,2023,https://iitr.ac.in/Departments/Computer Science and Engineering Department/People/Faculty/101027.html,chetan.gupta@cs.iitr.ac.in,0000-0002-0727-160X,,,,,,https://iitr.ac.in/Departments/Computer Science and Engineering Department/People/Faculty/index.html
Durga Toshniwal,Computer Science and Engineering,Professor,current,2012,https://iitr.ac.in/Departments/Computer Science and Engineering Department/People/Faculty/100469.html,durga.toshniwal@cs.iitr.ac.in,0000-0002-7960-4127,https://scholar.google.com/citations?user=2RfI0fkAAAAJ,,,https://iitr.irins.org/profile/49535,,https://iitr.ac.in/Departments/Computer Science and Engineering Department/People/Faculty/index.html
Jagnyashini Debadarshini,Computer Science and Engineering,Assistant Professor,current,,https://iitr.ac.in/Departments/Computer Science and Engineering Department/People/Faculty/101096.html,jagnyashini@cs.iitr.ac.in,,,,,,,https://iitr.ac.in/Departments/Computer Science and Engineering Department/People/Faculty/index.html
Manoj Mishra,Computer Science and Engineering,Professor,current,1998,https://iitr.ac.in/Departments/Computer Science and Engineering Department/People/Faculty/100137.html,manoj.misra@cs.iitr.ac.in,,,,,,,https://iitr.ac.in/Departments/Computer Science and Engineering Department/People/Faculty/index.html
Neetesh Kumar,Computer Science and Engineering,Associate Professor,current,,https://iitr.ac.in/Departments/Computer Science and Engineering Department/People/Faculty/100892.html,neetesh@cs.iitr.ac.in,,,,,,,https://iitr.ac.in/Departments/Computer Science and Engineering Department/People/Faculty/index.html
Partha Pratim Roy,Computer Science and Engineering,On Lien,current,2014,https://iitr.ac.in/Departments/Computer Science and Engineering Department/People/Faculty/100681.html,partha@cs.iitr.ac.in,0000-0002-5735-5254,https://scholar.google.com/citations?user=moDpyKkAAAAJ,https://dblp.uni-trier.de/pers/hd/r/Roy_0001:Partha_Pratim,,,,https://iitr.ac.in/Departments/Computer Science and Engineering Department/People/Faculty/index.html
Peddoju Sateesh Kumar,Computer Science and Engineering,Professor,current,2010,https://iitr.ac.in/Departments/Computer Science and Engineering Department/People/Faculty/100554.html,sateesh@cs.iitr.ac.in,,,,,,,https://iitr.ac.in/Departments/Computer Science and Engineering Department/People/Faculty/index.html
Pradumn K. Pandey,Computer Science and Engineering,Associate Professor,current,2018,https://iitr.ac.in/Departments/Computer Science and Engineering Department/People/Faculty/100871.html,pradumn.pandey@cs.iitr.ac.in,0000-0002-2601-7850,https://scholar.google.com/citations?user=7kClcuYAAAAJ,,,,,https://iitr.ac.in/Departments/Computer Science and Engineering Department/People/Faculty/index.html
Pravendra Singh,Computer Science and Engineering,Assistant Professor,current,2021,https://iitr.ac.in/Departments/Computer Science and Engineering Department/People/Faculty/100933.html,pravendra.singh@cs.iitr.ac.in,0000-0003-1001-2219,,,,,,https://iitr.ac.in/Departments/Computer Science and Engineering Department/People/Faculty/index.html
R. Balasubramanian,Computer Science and Engineering,Head of the Department,current,2004,https://iitr.ac.in/Departments/Computer Science and Engineering Department/People/Faculty/100421.html,bala@cs.iitr.ac.in,,https://scholar.google.com/citations?user=QU2O6JMAAAAJ,,,https://iitr.irins.org/profile/49525,https://faculty.iitr.ac.in/cs/bala/publications.html,https://iitr.ac.in/Departments/Computer Science and Engineering Department/People/Faculty/index.html
Raghvendra Singh Rohit,Computer Science and Engineering,Assistant Professor,current,,https://iitr.ac.in/Departments/Computer Science and Engineering Department/People/Faculty/101083.html,raghvendra.rohit@cs.iitr.ac.in,,,,,,,https://iitr.ac.in/Departments/Computer Science and Engineering Department/People/Faculty/index.html
Rahul Thakur,Computer Science and Engineering,Assistant Professor,current,2018,https://iitr.ac.in/Departments/Computer Science and Engineering Department/People/Faculty/100821.html,rahul.thakur@cs.iitr.ac.in,,,,,,,https://iitr.ac.in/Departments/Computer Science and Engineering Department/People/Faculty/index.html
Rajat Sadhukhan,Computer Science and Engineering,Assistant Professor,current,2024,https://iitr.ac.in/Departments/Computer Science and Engineering Department/People/Faculty/101045.html,rajat.sadhukhan@cs.iitr.ac.in,0000-0002-2922-9517,,,,,,https://iitr.ac.in/Departments/Computer Science and Engineering Department/People/Faculty/index.html
Rajdeep Niyogi,Computer Science and Engineering,Professor,current,2007,https://iitr.ac.in/Departments/Computer Science and Engineering Department/People/Faculty/100487.html,rajdeep.niyogi@cs.iitr.ac.in,0000-0003-1664-4882,,,,,,https://iitr.ac.in/Departments/Computer Science and Engineering Department/People/Faculty/index.html
Raksha Sharma,Computer Science and Engineering,Associate Professor,current,2019,https://iitr.ac.in/Departments/Computer Science and Engineering Department/People/Faculty/100823.html,raksha.sharma@cs.iitr.ac.in,,https://scholar.google.com/citations?user=V9oafzsAAAAJ,,,,,https://iitr.ac.in/Departments/Computer Science and Engineering Department/People/Faculty/index.html
Sandeep Kumar Garg,Computer Science and Engineering,Professor,current,,https://iitr.ac.in/Departments/Computer Science and Engineering Department/People/Faculty/100561.html,sandeep.garg@cs.iitr.ac.in,,,,,,,https://iitr.ac.in/Departments/Computer Science and Engineering Department/People/Faculty/index.html
Shahbaz Khan,Computer Science and Engineering,Assistant Professor,current,2021,https://iitr.ac.in/Departments/Computer Science and Engineering Department/People/Faculty/100971.html,shahbaz.khan@cs.iitr.ac.in,0000-0001-9352-0088,,,,,,https://iitr.ac.in/Departments/Computer Science and Engineering Department/People/Faculty/index.html
Sudip Roy,Computer Science and Engineering,Associate Professor,current,2014,https://iitr.ac.in/Departments/Computer Science and Engineering Department/People/Faculty/100679.html,sudip.roy@cs.iitr.ac.in,,https://scholar.google.com/citations?user=Sl3l41YAAAAJ,http://dblp.uni-trier.de/pers/hd/r/Roy_0001:Sudip,,,,https://iitr.ac.in/Departments/Computer Science and Engineering Department/People/Faculty/index.html
Sugata Gangopadhyay,Computer Science and Engineering,Professor,current,2004,https://iitr.ac.in/Departments/Computer Science and Engineering Department/People/Faculty/100403.html,sugata.gangopadhyay@cs.iitr.ac.in,,,https://dblp.uni-trier.de/pers/hd/m/Mandal:Bimal,,,,https://iitr.ac.in/Departments/Computer Science and Engineering Department/People/Faculty/index.html
Anil K. Sarje,Computer Science and Engineering,Former faculty (2016-2016); last listed as Emeritus Professor,former,,,sarjefec@iitr.ac.in,,,,,,,https://web.archive.org/web/20160104225451/http://www.iitr.ac.in:80/departments/CSE/pages/People+Faculty_List.html
Aparajita Khan,Computer Science and Engineering,Former faculty (2024-2025); last listed as Assistant Professor,former,2024,,aparajita.khan@cs.iitr.ac.in,0000-0003-0415-9070,,,,,,https://web.archive.org/web/20240527032941/https://iitr.ac.in/Departments/Computer%20Science%20and%20Engineering%20Department/People/Faculty/index.html
Biplab Banerjee,Computer Science and Engineering,Former faculty (2017-2017); last listed as Assistant Professor,former,,,bbanfcs@iitr.ac.in,,,,,,,https://web.archive.org/web/20170427030038/http://www.iitr.ac.in:80/departments/CSE/pages/People+Faculty_List.html
Debiprasanna Sahoo,Computer Science and Engineering,Former faculty (2021-2024); last listed as Assistant Professor,former,2021,,debiprasanna.sahoo@cs.iitr.ac.in,0000-0003-1438-0617,,,,,,https://web.archive.org/web/20220816222401/https://iitr.ac.in/Departments/Computer%20Science%20and%20Engineering%20Department/People/Faculty/index.html
Dhaval Patel,Computer Science and Engineering,Former faculty (2016-2016); last listed as Assistant Professor,former,,,patelfec@iitr.ac.in,,,,,,,https://web.archive.org/web/20160104225451/http://www.iitr.ac.in:80/departments/CSE/pages/People+Faculty_List.html
Ranita Biswas,Computer Science and Engineering,Former faculty (2016-2019); last listed as Assistant Professor,former,2016,,ranitafcs@iitr.ac.in,0000-0002-5372-7890,,,,,,https://web.archive.org/web/20190716184918/https://www.iitr.ac.in/departments/AH/pages/People+Faculty.html
Subhankar Mishra,Computer Science and Engineering,Former faculty (2016-2017); last listed as Assistant Professor,former,2016,,smishrafcs@iitr.ac.in,0000-0002-9910-7291,,,,,,https://web.archive.org/web/20170427030038/http://www.iitr.ac.in:80/departments/CSE/pages/People+Faculty_List.html
Vaskar Raychoudhury,Computer Science and Engineering,Former faculty (2011-2018); last listed as Assistant Professor,former,2011,,vaskafec@iitr.ac.in,0000-0003-3722-6954,,,,,,https://web.archive.org/web/20160104225451/http://www.iitr.ac.in:80/departments/CSE/pages/People+Faculty_List.html
R. Sridhara,Continuing Education Centre and QIP Centre,Former faculty (2019-2019),former,,,sridhfqp@iitr.ac.in,,,,,,,https://web.archive.org/web/20190716184918/https://www.iitr.ac.in/departments/AH/pages/People+Faculty.html
S C Handa,Continuing Education Centre and QIP Centre,Former faculty (2019-2019); last listed as Head Of Department,former,,,handafqp@iitr.ac.in,,,,,,,https://web.archive.org/web/20190716184918/https://www.iitr.ac.in/departments/AH/pages/People+Faculty.html
Abhishek Verma,Design,Assistant Professor,current,,https://design.iitr.ac.in/faculty,abhishek.verma@design.iitr.ac.in,,,,,,,https://design.iitr.ac.in/api/faculty/getfacultyForWebsite
Bibhuti Ranjan Bhattacharjya,Design,Assistant Professor,current,2022,https://iitr.ac.in/Departments/Department of Design/People/Faculty/100995.html,bibhuti@design.iitr.ac.in,0000-0001-6397-1574,,,,,,https://iitr.ac.in/Departments/Department of Design/People/Faculty/index.html
Madhan Kumar Vasudevan,Design,Assistant Professor,current,2025,https://iitr.ac.in/Departments/Department of Design/People/Faculty/101088.html,madhan.vasudevan@design.iitr.ac.in,0000-0002-9947-0824,,,,,,https://iitr.ac.in/Departments/Department of Design/People/Faculty/index.html
Deepak John Mathew,Design,Professor (Adjunct),adjunct,,https://design.iitr.ac.in/faculty,djm@des.iith.ac.in,,,,,,,https://design.iitr.ac.in/api/faculty/getfacultyForWebsite
Marianna Obrist,Design,Professor (Visiting),visiting,,https://design.iitr.ac.in/faculty,m.obrist@ucl.ac.uk,,,,,,,https://design.iitr.ac.in/api/faculty/getfacultyForWebsite
Qingguo Li,Design,Professor (Visiting),visiting,,https://design.iitr.ac.in/faculty,ql3@queensu.ca,,,,,,,https://design.iitr.ac.in/api/faculty/getfacultyForWebsite
Ranjit Konkar,Design,Professor (Visiting),visiting,,https://design.iitr.ac.in/faculty,ranjit.konkar@design.iitr.ac.in,,,,,,,https://design.iitr.ac.in/api/faculty/getfacultyForWebsite
Abhayanand Singh Maurya,Earth Sciences,Professor,current,2011,https://iitr.ac.in/Departments/Earth Sciences Department/People/Faculty/100562.html,asmaurya@es.iitr.ac.in,0000-0001-7489-8026,,,,,,https://iitr.ac.in/Departments/Earth Sciences Department/People/Faculty/index.html
Ajanta Goswami,Earth Sciences,Professor,current,2015,https://iitr.ac.in/Departments/Earth Sciences Department/People/Faculty/100710.html,ajanta.goswami@es.iitr.ac.in,0000-0001-9170-8503,,,,https://iitr.irins.org/profile/155242,,https://iitr.ac.in/Departments/Earth Sciences Department/People/Faculty/index.html
Anand Joshi,Earth Sciences,Professor,current,2007,https://iitr.ac.in/Departments/Earth Sciences Department/People/Faculty/100481.html,joshi.anand@es.iitr.ac.in,,,,,,,https://iitr.ac.in/Departments/Earth Sciences Department/People/Faculty/index.html
Arun Singh,Earth Sciences,Assistant Professor,current,2024,https://iitr.ac.in/Departments/Earth Sciences Department/People/Faculty/101086.html,arun.singh@es.iitr.ac.in,0000-0002-2528-2644,,,,,,https://iitr.ac.in/Departments/Earth Sciences Department/People/Faculty/index.html
Ashutosh Chamoli,Earth Sciences,Associate Professor,current,,https://iitr.ac.in/Departments/Earth Sciences Department/People/Faculty/100652.html,a.chamoli@es.iitr.ac.in,0000-0003-4140-7600,,,,,,https://iitr.ac.in/Departments/Earth Sciences Department/People/Faculty/index.html
B. Bhattacharya,Earth Sciences,Professor,current,2013,https://iitr.ac.in/Departments/Earth Sciences Department/People/Faculty/100620.html,biplab.bhattacharya@es.iitr.ac.in,,,,,https://iitr.irins.org/profile/155239,,https://iitr.ac.in/Departments/Earth Sciences Department/People/Faculty/index.html
Champoungam Panmei,Earth Sciences,Assistant Professor,current,2020,https://iitr.ac.in/Departments/Earth Sciences Department/People/Faculty/100891.html,cpanmei@es.iitr.ac.in,,,,,,,https://iitr.ac.in/Departments/Earth Sciences Department/People/Faculty/index.html
Dharmendra Pratap Singh,Earth Sciences,Assistant Professor,current,,https://iitr.ac.in/Departments/Earth Sciences Department/People/Faculty/100889.html,dharmendra.singh@es.iitr.ac.in,,,,,,,https://iitr.ac.in/Departments/Earth Sciences Department/People/Faculty/index.html
G. J. Chakrapani,Earth Sciences,Professor,current,1996,https://iitr.ac.in/Departments/Earth Sciences Department/People/Faculty/100303.html,govind.chakrapani@es.iitr.ac.in,0000-0002-2851-1932,,,,,,https://iitr.ac.in/Departments/Earth Sciences Department/People/Faculty/index.html
Giri Yellalacheruvu,Earth Sciences,Assistant Professor,current,2026,https://iitr.ac.in/Departments/Earth Sciences Department/People/Faculty/101119.html,giri.y@es.iitr.ac.in,,,,,,,https://iitr.ac.in/Departments/Earth Sciences Department/People/Faculty/index.html
Kamal,Earth Sciences,Professor,current,1988,https://iitr.ac.in/Departments/Earth Sciences Department/People/Faculty/100454.html,kamal@es.iitr.ac.in,,,,,,,https://iitr.ac.in/Departments/Earth Sciences Department/People/Faculty/index.html
Lopamudra Saha,Earth Sciences,Associate Professor,current,,https://iitr.ac.in/Departments/Earth Sciences Department/People/Faculty/100621.html,saha.lopamudra@es.iitr.ac.in,,,,,,,https://iitr.ac.in/Departments/Earth Sciences Department/People/Faculty/index.html
Nachiketa Rai,Earth Sciences,Associate Professor,current,2016,https://iitr.ac.in/Departments/Earth Sciences Department/People/Faculty/100779.html,n.rai@es.iitr.ac.in,0000-0002-2358-7962,,,,,,https://iitr.ac.in/Departments/Earth Sciences Department/People/Faculty/index.html
Pallavi Chattopadhyay,Earth Sciences,Associate Professor,current,2015,https://iitr.ac.in/Departments/Earth Sciences Department/People/Faculty/100711.html,cpallavi@es.iitr.ac.in,,https://scholar.google.com/citations?user=SDNMfogAAAAJ,,,,,https://iitr.ac.in/Departments/Earth Sciences Department/People/Faculty/index.html
Pitambar Pati,Earth Sciences,Professor,current,2012,https://iitr.ac.in/Departments/Earth Sciences Department/People/Faculty/100619.html,pitambar.pati@es.iitr.ac.in,0000-0001-8255-8136,,,,,,https://iitr.ac.in/Departments/Earth Sciences Department/People/Faculty/index.html
Pradeep Srivastava,Earth Sciences,Professor,current,2021,https://iitr.ac.in/Departments/Earth Sciences Department/People/Faculty/100947.html,pradeep@es.iitr.ac.in,0000-0002-9591-7764,https://scholar.google.com/citations?user=2L5O7u8AAAAJ,,,https://iitr.irins.org/profile/616818,,https://iitr.ac.in/Departments/Earth Sciences Department/People/Faculty/index.html
R. Krishnamurti,Earth Sciences,Professor,current,2007,https://iitr.ac.in/Departments/Earth Sciences Department/People/Faculty/100382.html,r.krishnamurthi@es.iitr.ac.in,,,,,,,https://iitr.ac.in/Departments/Earth Sciences Department/People/Faculty/index.html
Rajarshi Chakravarti,Earth Sciences,Assistant Professor,current,2021,https://iitr.ac.in/Departments/Earth Sciences Department/People/Faculty/100930.html,rajarshi.chakravarti@es.iitr.ac.in,0000-0002-7640-0399,,,,,,https://iitr.ac.in/Departments/Earth Sciences Department/People/Faculty/index.html
Ravi Sharma,Earth Sciences,Associate Professor,current,2015,https://iitr.ac.in/Departments/Earth Sciences Department/People/Faculty/100747.html,ravi.sharma@es.iitr.ac.in,,,,,,,https://iitr.ac.in/Departments/Earth Sciences Department/People/Faculty/index.html
Sandeep Bhatt,Earth Sciences,Assistant Professor,current,2020,https://iitr.ac.in/Departments/Earth Sciences Department/People/Faculty/100886.html,sandeep.bhatt@es.iitr.ac.in,0009-0006-9471-8874,https://scholar.google.com/citations?user=rvRwTFgAAAAJ,,,,,https://iitr.ac.in/Departments/Earth Sciences Department/People/Faculty/index.html
Sandeep Singh,Earth Sciences,Head of the Department,current,1989,https://iitr.ac.in/Departments/Earth Sciences Department/People/Faculty/100304.html,sandeep.singh@es.iitr.ac.in,0000-0002-3440-6127,https://scholar.google.com/citations?user=LxU3I5cAAAAJ,,,https://iitr.irins.org/profile/14085,,https://iitr.ac.in/Departments/Earth Sciences Department/People/Faculty/index.html
Sarada Prasad Pradhan,Earth Sciences,Associate Professor,current,2015,https://iitr.ac.in/Departments/Earth Sciences Department/People/Faculty/100723.html,sppradhan@es.iitr.ac.in,,,,,,,https://iitr.ac.in/Departments/Earth Sciences Department/People/Faculty/index.html
Simanchal Padhy,Earth Sciences,Associate Professor,current,2021,https://iitr.ac.in/Departments/Earth Sciences Department/People/Faculty/100924.html,spadhy@es.iitr.ac.in,,https://scholar.google.com/citations?user=L7IVvncAAAAJ,,,,,https://iitr.ac.in/Departments/Earth Sciences Department/People/Faculty/index.html
Sudheer Kumar Tiwari,Earth Sciences,Assistant Professor,current,2020,https://iitr.ac.in/Departments/Earth Sciences Department/People/Faculty/100890.html,sudheertiwari07@es.iitr.ac.in,,,,,,,https://iitr.ac.in/Departments/Earth Sciences Department/People/Faculty/index.html
Sunil Bajpai,Earth Sciences,Professor,current,1996,https://iitr.ac.in/Departments/Earth Sciences Department/People/Faculty/100301.html,sunilfes@iitr.ac.in,0000-0002-2279-445X,,,55466209000,,,https://iitr.ac.in/Departments/Earth Sciences Department/People/Faculty/index.html
Vipul Silwal,Earth Sciences,Associate Professor,current,2019,https://iitr.ac.in/Departments/Earth Sciences Department/People/Faculty/100840.html,vipul.silwal@es.iitr.ac.in,0000-0001-9699-3489,,,,,https://vsilwal.github.io/SPGIITR2025/index.html,https://iitr.ac.in/Departments/Earth Sciences Department/People/Faculty/index.html
A. K. Saraf,Earth Sciences,Former faculty (2016-2024); last listed as Retired Faculty,former,,https://iitr.ac.in/Departments/Earth Sciences Department/People/Faculty/100291.html,arun.saraf@es.iitr.ac.in,,,,,,,https://iitr.ac.in/Departments/Earth Sciences Department/People/Faculty/index.html ; https://web.archive.org/web/20190716184918/https://www.iitr.ac.in/departments/AH/pages/People+Faculty.html
A. K. Sen,Earth Sciences,Former faculty (2016-2019); last listed as Retired Faculty,former,,https://iitr.ac.in/Departments/Earth Sciences Department/People/Faculty/100286.html,amit.sen@es.iitr.ac.in,,,,,,,https://iitr.ac.in/Departments/Earth Sciences Department/People/Faculty/index.html ; https://web.archive.org/web/20190716184918/https://www.iitr.ac.in/departments/AH/pages/People+Faculty.html
D. C. Srivastava,Earth Sciences,Emeritus Professor,emeritus,1982,https://iitr.ac.in/Departments/Earth Sciences Department/People/Faculty/100285.html,deepak.srivastava@es.iitr.ac.in,0000-0001-7008-7672,,,,,,https://iitr.ac.in/Departments/Earth Sciences Department/People/Faculty/index.html
D. K. Mukhopadhyay,Earth Sciences,Former faculty (2016-2019); last listed as Retired Faculty,former,,https://iitr.ac.in/Departments/Earth Sciences Department/People/Faculty/100287.html,dilipfes@iitr.ac.in,,,,,,,https://iitr.ac.in/Departments/Earth Sciences Department/People/Faculty/index.html ; https://web.archive.org/web/20190716184918/https://www.iitr.ac.in/departments/AH/pages/People+Faculty.html
M Israil,Earth Sciences,Former faculty (2016-2024); last listed as Retired Faculty,former,,https://iitr.ac.in/Departments/Earth Sciences Department/People/Faculty/100302.html,mohammad.israil@es.iitr.ac.in,,,,,,,https://iitr.ac.in/Departments/Earth Sciences Department/People/Faculty/index.html ; https://web.archive.org/web/20190716184918/https://www.iitr.ac.in/departments/AH/pages/People+Faculty.html
P. K. Gupta,Earth Sciences,Former faculty (2016-2019); last listed as Retired Faculty,former,,https://iitr.ac.in/Departments/Earth Sciences Department/People/Faculty/100284.html,pkgptfes@iitr.ac.in,,,,,,,https://iitr.ac.in/Departments/Earth Sciences Department/People/Faculty/index.html ; https://web.archive.org/web/20190716184918/https://www.iitr.ac.in/departments/AH/pages/People+Faculty.html
R. Anbalagan,Earth Sciences,Former faculty (2016-2019); last listed as Retired Faculty,former,,https://iitr.ac.in/Departments/Earth Sciences Department/People/Faculty/100290.html,ranbafes@iitr.ac.in,,,,,,,https://iitr.ac.in/Departments/Earth Sciences Department/People/Faculty/index.html ; https://web.archive.org/web/20190716184918/https://www.iitr.ac.in/departments/AH/pages/People+Faculty.html
R. G. S. Sastry,Earth Sciences,Former faculty (1981-2019); last listed as Retired Faculty,former,1981,https://iitr.ac.in/Departments/Earth Sciences Department/People/Faculty/100300.html,rgss1fes@iitr.ac.in,0000-0002-9011-0064,,,,,,https://iitr.ac.in/Departments/Earth Sciences Department/People/Faculty/index.html ; https://web.archive.org/web/20190716184918/https://www.iitr.ac.in/departments/AH/pages/People+Faculty.html
S. Mukhopodhyay,Earth Sciences,Former faculty (2009-2024); last listed as Retired Faculty,former,2009,https://iitr.ac.in/Departments/Earth Sciences Department/People/Faculty/100292.html,sagarika.mukhopadhyay@es.iitr.ac.in,,,,,,,https://iitr.ac.in/Departments/Earth Sciences Department/People/Faculty/index.html ; https://web.archive.org/web/20190716184918/https://www.iitr.ac.in/departments/AH/pages/People+Faculty.html
S. N. Rai,Earth Sciences,Former faculty (2016-2017); last listed as Retired Faculty,former,,https://iitr.ac.in/Departments/Earth Sciences Department/People/Faculty/190001.html,raisnfes@iitr.ac.in,,,,,,,https://iitr.ac.in/Departments/Earth Sciences Department/People/Faculty/index.html ; https://web.archive.org/web/20160119183516/http://www.iitr.ac.in:80/departments/ES/pages/People+Faculty_List.html
V. N. Singh,Earth Sciences,Former faculty (2016-2017); last listed as Retired Faculty,former,,https://iitr.ac.in/Departments/Earth Sciences Department/People/Faculty/100281.html,vnshfes@iitr.ac.in,,,,,,,https://iitr.ac.in/Departments/Earth Sciences Department/People/Faculty/index.html ; https://web.archive.org/web/20160119183516/http://www.iitr.ac.in:80/departments/ES/pages/People+Faculty_List.html
Bal Krishna Maheshwari,Earthquake Engineering,Head of the Department,current,2004,https://iitr.ac.in/Departments/Earthquake Department/People/Faculty/100428.html,bk.maheshwari@eq.iitr.ac.in,0000-0002-7306-4932,,,,,,https://iitr.ac.in/Departments/Earthquake Department/People/Faculty/index.html
Daya Shanker,Earthquake Engineering,Professor,current,1996,https://iitr.ac.in/Departments/Earthquake Department/People/Faculty/100205.html,d.shanker@eq.iitr.ac.in,0000-0001-7090-1507,,,,,,https://iitr.ac.in/Departments/Earthquake Department/People/Faculty/index.html
J. P. Narayan,Earthquake Engineering,Professor,current,1996,https://iitr.ac.in/Departments/Earthquake Department/People/Faculty/100206.html,jp.narayan@eq.iitr.ac.in,,,,,,,https://iitr.ac.in/Departments/Earthquake Department/People/Faculty/index.html
Josodhir Das,Earthquake Engineering,Professor,current,,https://iitr.ac.in/Departments/Earthquake Department/People/Faculty/100419.html,josodhir.das@eq.iitr.ac.in,0000-0001-5216-2835,,,,,,https://iitr.ac.in/Departments/Earthquake Department/People/Faculty/index.html
M. L. Sharma,Earthquake Engineering,Professor,current,1986,https://iitr.ac.in/Departments/Earthquake Department/People/Faculty/100201.html,m.sharma@eq.iitr.ac.in,,,,,,,https://iitr.ac.in/Departments/Earthquake Department/People/Faculty/index.html
Manish Shrikhande,Earthquake Engineering,Professor,current,1998,https://iitr.ac.in/Departments/Earthquake Department/People/Faculty/100209.html,manish.shrikhande@eq.iitr.ac.in,0000-0001-8279-3275,,,,,,https://iitr.ac.in/Departments/Earthquake Department/People/Faculty/index.html
P. C. Ashwin Kumar,Earthquake Engineering,Assistant Professor,current,2018,https://iitr.ac.in/Departments/Earthquake Department/People/Faculty/100791.html,pcashwin.feq2018@iitr.ac.in,,,,,,,https://iitr.ac.in/Departments/Earthquake Department/People/Faculty/index.html
Pankaj Agrawal,Earthquake Engineering,Professor,current,2001,https://iitr.ac.in/Departments/Earthquake Department/People/Faculty/100208.html,pankaj.agrawal@eq.iitr.ac.in,,,,,,,https://iitr.ac.in/Departments/Earthquake Department/People/Faculty/index.html
R. N. Dubey,Earthquake Engineering,Professor,current,,https://iitr.ac.in/Departments/Earthquake Department/People/Faculty/100200.html,rn.dubey@eq.iitr.ac.in,0000-0002-8218-5832,,,,,,https://iitr.ac.in/Departments/Earthquake Department/People/Faculty/index.html
Ravi Sankar Jakka,Earthquake Engineering,Professor,current,2010,https://iitr.ac.in/Departments/Earthquake Department/People/Faculty/100556.html,ravi.jakka@eq.iitr.ac.in,,,,,,,https://iitr.ac.in/Departments/Earthquake Department/People/Faculty/index.html
Ritesh Kumar,Earthquake Engineering,Assistant Professor,current,2020,https://iitr.ac.in/Departments/Earthquake Department/People/Faculty/100915.html,ritesh.kumar@eq.iitr.ac.in,,,,,,,https://iitr.ac.in/Departments/Earthquake Department/People/Faculty/index.html
S. C. Gupta,Earthquake Engineering,Associate Professor,current,,https://iitr.ac.in/Departments/Earthquake Department/People/Faculty/100420.html,s.gupta@eq.iitr.ac.in,,,,,,,https://iitr.ac.in/Departments/Earthquake Department/People/Faculty/index.html
Saurabh Shiradhonkar,Earthquake Engineering,Assistant Professor,current,2019,https://iitr.ac.in/Departments/Earthquake Department/People/Faculty/100846.html,saurabh.shiradhonkar@eq.iitr.ac.in,0000-0001-8671-620X,https://scholar.google.com/citations?user=dKIkytUAAAAJ,,,,,https://iitr.ac.in/Departments/Earthquake Department/People/Faculty/index.html
Shiv Prakash,Earthquake Engineering,Assistant Professor,current,2025,https://iitr.ac.in/Departments/Earthquake Department/People/Faculty/101091.html,shiv.prakash@eq.iitr.ac.in,0000-0001-8306-0532,,,,,,https://iitr.ac.in/Departments/Earthquake Department/People/Faculty/index.html
Sohom Ray,Earthquake Engineering,Assistant Professor,current,2020,https://iitr.ac.in/Departments/Earthquake Department/People/Faculty/100911.html,sohom.ray@eq.iitr.ac.in,0000-0003-1253-2867,https://scholar.google.com/citations?user=8DyWjZ8AAAAJ,,,,,https://iitr.ac.in/Departments/Earthquake Department/People/Faculty/index.html
Sourabh Mhaski,Earthquake Engineering,Assistant Professor,current,2026,https://iitr.ac.in/Departments/Earthquake Department/People/Faculty/101104.html,sourabh.mhaski@eq.iitr.ac.in,0000-0001-7358-7971,,,,,,https://iitr.ac.in/Departments/Earthquake Department/People/Faculty/index.html
Varun Kumar Singla,Earthquake Engineering,Assistant Professor,current,2021,https://iitr.ac.in/Departments/Earthquake Department/People/Faculty/100950.html,singlav@eq.iitr.ac.in,0000-0002-1039-0431,,,,,,https://iitr.ac.in/Departments/Earthquake Department/People/Faculty/index.html
Yogendra Singh,Earthquake Engineering,Professor,current,2007,https://iitr.ac.in/Departments/Earthquake Department/People/Faculty/100207.html,yogendra.singh@eq.iitr.ac.in,,,,,,,https://iitr.ac.in/Departments/Earthquake Department/People/Faculty/index.html
Amita Sinval,Earthquake Engineering,Former faculty (2016-2017); last listed as Professor,former,,,amitafeq@iitr.ac.in,,,,,,,https://web.archive.org/web/20160523010117/http://www.iitr.ac.in:80/departments/EQ/pages/People+Faculty_List.html
Ashok D Pandey,Earthquake Engineering,Former faculty (2016-2017); last listed as Assistant Professor,former,,,adpanfeq@iitr.ac.in,,,,,,,https://web.archive.org/web/20160523010117/http://www.iitr.ac.in:80/departments/EQ/pages/People+Faculty_List.html
Ashok Kumar,Earthquake Engineering,Former faculty (2016-2017); last listed as Professor,former,,,akmeqfeq@iitr.ac.in,,,,,,,https://web.archive.org/web/20160523010117/http://www.iitr.ac.in:80/departments/EQ/pages/People+Faculty_List.html
D. K. Paul,Earthquake Engineering,Former faculty (2016-2017); last listed as Emeritus Professor,former,,,dpaulfeq@iitr.ac.in,,,,,,,https://web.archive.org/web/20160523010117/http://www.iitr.ac.in:80/departments/EQ/pages/People+Faculty_List.html
H. R. Wason,Earthquake Engineering,Former faculty (2016-2017); last listed as Emeritus Professor,former,,,hrw@iitr.ac.in,,,,,,,https://web.archive.org/web/20160523010117/http://www.iitr.ac.in:80/departments/EQ/pages/People+Faculty_List.html
I. D. Gupta,Earthquake Engineering,Former faculty (2016-2021); last listed as Professor,former,,,idgupta@iitr.ac.in,,,,,,,https://web.archive.org/web/20160523010117/http://www.iitr.ac.in:80/departments/EQ/pages/People+Faculty_List.html
Kirat Pal,Earthquake Engineering,Former faculty (2016-2017); last listed as Professor,former,,,kiratfeq@iitr.ac.in,,,,,,,https://web.archive.org/web/20160523010117/http://www.iitr.ac.in:80/departments/EQ/pages/People+Faculty_List.html
Shyamal Mukherjee,Earthquake Engineering,Former faculty (2016-2017); last listed as Visiting Professor,former,,,shyamal@iitr.ac.in,,,,,,,https://web.archive.org/web/20160523010117/http://www.iitr.ac.in:80/departments/EQ/pages/People+Faculty_List.html
Abdul Saleem Mir,Electrical Engineering,Assistant Professor,current,,https://iitr.ac.in/Departments/Electrical Engineering Department/People/Faculty/100967.html,saleemmir@ee.iitr.ac.in,0000-0003-4652-4275,,,,,,https://iitr.ac.in/Departments/Electrical Engineering Department/People/Faculty/index.html
Abhisek Kumar Behera,Electrical Engineering,Associate Professor,current,2020,https://iitr.ac.in/Departments/Electrical Engineering Department/People/Faculty/100908.html,abhisek@ee.iitr.ac.in,0000-0002-9907-7010,,,,,,https://iitr.ac.in/Departments/Electrical Engineering Department/People/Faculty/index.html
Anubrata Dey,Electrical Engineering,Associate Professor,current,2015,https://iitr.ac.in/Departments/Electrical Engineering Department/People/Faculty/100709.html,anubrata.dey@ee.iitr.ac.in,0000-0002-1198-2973,,,,,,https://iitr.ac.in/Departments/Electrical Engineering Department/People/Faculty/index.html
Apurv Kumar Yadav,Electrical Engineering,Assistant Professor,current,2021,https://iitr.ac.in/Departments/Electrical Engineering Department/People/Faculty/100940.html,apurv@ee.iitr.ac.in,0000-0003-4050-8944,,,,,,https://iitr.ac.in/Departments/Electrical Engineering Department/People/Faculty/index.html
Arnab Dey,Electrical Engineering,Assistant Professor,current,2019,https://iitr.ac.in/Departments/Electrical Engineering Department/People/Faculty/100869.html,arnab.dey@ee.iitr.ac.in,0000-0003-2621-1490,,,,,,https://iitr.ac.in/Departments/Electrical Engineering Department/People/Faculty/index.html
Asha Sharma,Electrical Engineering,Assistant Professor,current,,https://iitr.ac.in/Departments/Electrical Engineering Department/People/Faculty/101050.html,asha.sharma@ee.iitr.ac.in,,,,,,,https://iitr.ac.in/Departments/Electrical Engineering Department/People/Faculty/index.html
Ashish Kothyari,Electrical Engineering,Assistant Professor,current,,https://iitr.ac.in/Departments/Electrical Engineering Department/People/Faculty/100939.html,ashish.kothyari@ee.iitr.ac.in,,,,,,,https://iitr.ac.in/Departments/Electrical Engineering Department/People/Faculty/index.html
Avik Bhattacharya,Electrical Engineering,Associate Professor,current,,https://iitr.ac.in/Departments/Electrical Engineering Department/People/Faculty/100644.html,avik.bhattacharya@ee.iitr.ac.in,0000-0001-5902-7273,,,,,,https://iitr.ac.in/Departments/Electrical Engineering Department/People/Faculty/index.html
Avinash Kumar,Electrical Engineering,Assistant Professor,current,,https://iitr.ac.in/Departments/Electrical Engineering Department/People/Faculty/101041.html,avinash@ee.iitr.ac.in,,,,,,,https://iitr.ac.in/Departments/Electrical Engineering Department/People/Faculty/index.html
Barjeev Tyagi,Electrical Engineering,Professor,current,,https://iitr.ac.in/Departments/Electrical Engineering Department/People/Faculty/100485.html,barjeev.tyagi@ee.iitr.ac.in,0000-0001-6277-3066,,,,,,https://iitr.ac.in/Departments/Electrical Engineering Department/People/Faculty/index.html
Bhaveshkumar R. Bhalja,Electrical Engineering,Head of the Department,current,2014,https://iitr.ac.in/Departments/Electrical Engineering Department/People/Faculty/100668.html,bhavesh.bhalja@ee.iitr.ac.in,0000-0002-6289-7146,https://scholar.google.com/citations?user=mPb3mAkAAAAJ,,,,,https://iitr.ac.in/Departments/Electrical Engineering Department/People/Faculty/index.html
Biswarup Das,Electrical Engineering,Professor,current,1998,https://iitr.ac.in/Departments/Electrical Engineering Department/People/Faculty/100084.html,biswarup.das@ee.iitr.ac.in,0000-0001-8653-7666,,,,,,https://iitr.ac.in/Departments/Electrical Engineering Department/People/Faculty/index.html
Chandra Prakash Gupta,Electrical Engineering,Professor,current,2006,https://iitr.ac.in/Departments/Electrical Engineering Department/People/Faculty/100446.html,cpgupta@ee.iitr.ac.in,0009-0006-9231-1472,,,,,,https://iitr.ac.in/Departments/Electrical Engineering Department/People/Faculty/index.html
Deep Kiran,Electrical Engineering,Assistant Professor,current,2019,https://iitr.ac.in/Departments/Electrical Engineering Department/People/Faculty/100865.html,deepkiran@ee.iitr.ac.in,,,,,,,https://iitr.ac.in/Departments/Electrical Engineering Department/People/Faculty/index.html
Dheeraj K. Khatod,Electrical Engineering,Associate Professor,current,,https://iitr.ac.in/Departments/Electrical Engineering Department/People/Faculty/100506.html,dheeraj.khatod@ee.iitr.ac.in,,,,,,,https://iitr.ac.in/Departments/Electrical Engineering Department/People/Faculty/index.html
G. N. Pillai,Electrical Engineering,Professor,current,,https://iitr.ac.in/Departments/Electrical Engineering Department/People/Faculty/100394.html,gn.pillai@ee.iitr.ac.in,0000-0002-7386-5270,https://scholar.google.com/citations?user=5rz79-AAAAAJ,,,,,https://iitr.ac.in/Departments/Electrical Engineering Department/People/Faculty/index.html
Indra Gupta,Electrical Engineering,Associate Professor,current,,https://iitr.ac.in/Departments/Electrical Engineering Department/People/Faculty/100075.html,indra.gupta@ee.iitr.ac.in,,,,,,,https://iitr.ac.in/Departments/Electrical Engineering Department/People/Faculty/index.html
Jeevanand S,Electrical Engineering,Associate Professor,current,,https://iitr.ac.in/Departments/Electrical Engineering Department/People/Faculty/100782.html,jeevanand.seshadrinath@ee.iitr.ac.in,,,,,,,https://iitr.ac.in/Departments/Electrical Engineering Department/People/Faculty/index.html
Kishor Bhaskarrao Nandapurkar,Electrical Engineering,Assistant Professor,current,2024,https://iitr.ac.in/Departments/Electrical Engineering Department/People/Faculty/101085.html,nkishor@ee.iitr.ac.in,,,,,,,https://iitr.ac.in/Departments/Electrical Engineering Department/People/Faculty/index.html
M. Felix Orlando,Electrical Engineering,Associate Professor,current,2015,https://iitr.ac.in/Departments/Electrical Engineering Department/People/Faculty/100746.html,m.orlando@ee.iitr.ac.in,,,,,,,https://iitr.ac.in/Departments/Electrical Engineering Department/People/Faculty/index.html
Manoj Tripathy,Electrical Engineering,Professor,current,2011,https://iitr.ac.in/Departments/Electrical Engineering Department/People/Faculty/100571.html,manoj.tripathy@ee.iitr.ac.in,,,,,,,https://iitr.ac.in/Departments/Electrical Engineering Department/People/Faculty/index.html
Mukesh Kr. Pathak,Electrical Engineering,Professor,current,2007,https://iitr.ac.in/Departments/Electrical Engineering Department/People/Faculty/100495.html,mukesh.pathak@ee.iitr.ac.in,0000-0002-4296-8437,,,,,,https://iitr.ac.in/Departments/Electrical Engineering Department/People/Faculty/index.html
N. P. Padhy,Electrical Engineering,Professor,current,1998,https://iitr.ac.in/Departments/Electrical Engineering Department/People/Faculty/100083.html,nppadhy@ee.iitr.ac.in,0000-0002-8523-6826,https://scholar.google.com/citations?user=euvK4fkAAAAJ,,,,,https://iitr.ac.in/Departments/Electrical Engineering Department/People/Faculty/index.html
P. Sumathi,Electrical Engineering,Professor,current,2011,https://iitr.ac.in/Departments/Electrical Engineering Department/People/Faculty/100574.html,p.sumathi@ee.iitr.ac.in,,,,,,,https://iitr.ac.in/Departments/Electrical Engineering Department/People/Faculty/index.html
Parikshit Pareek,Electrical Engineering,Assistant Professor,current,2024,https://iitr.ac.in/Departments/Electrical Engineering Department/People/Faculty/101078.html,pareek@ee.iitr.ac.in,,,,,,,https://iitr.ac.in/Departments/Electrical Engineering Department/People/Faculty/index.html
Pramod Agarwal,Electrical Engineering,Professor,current,,https://iitr.ac.in/Departments/Electrical Engineering Department/People/Faculty/100074.html,pramod.agarwal@ee.iitr.ac.in,,,,,,,https://iitr.ac.in/Departments/Electrical Engineering Department/People/Faculty/index.html
Premalata Jena,Electrical Engineering,Professor,current,,https://iitr.ac.in/Departments/Electrical Engineering Department/People/Faculty/100585.html,premalata.jena@ee.iitr.ac.in,,,,,,,https://iitr.ac.in/Departments/Electrical Engineering Department/People/Faculty/index.html
R. S. Anand,Electrical Engineering,Professor,current,1989,https://iitr.ac.in/Departments/Electrical Engineering Department/People/Faculty/100082.html,r.anand@ee.iitr.ac.in,0000-0003-0290-1462,,,,,,https://iitr.ac.in/Departments/Electrical Engineering Department/People/Faculty/index.html
Ramanuja Panigrahi,Electrical Engineering,Assistant Professor,current,2023,https://iitr.ac.in/Departments/Electrical Engineering Department/People/Faculty/101009.html,ramanujap@ee.iitr.ac.in,0000-0002-6986-7855,,,,,,https://iitr.ac.in/Departments/Electrical Engineering Department/People/Faculty/index.html
Satish Belkhode,Electrical Engineering,Assistant Professor,current,2024,https://iitr.ac.in/Departments/Electrical Engineering Department/People/Faculty/101052.html,satish.belkhode@ee.iitr.ac.in,0000-0002-3031-9691,,,,,,https://iitr.ac.in/Departments/Electrical Engineering Department/People/Faculty/index.html
Siba Kumar Patro,Electrical Engineering,Assistant Professor,current,2022,https://iitr.ac.in/Departments/Electrical Engineering Department/People/Faculty/100997.html,skpatro@ee.iitr.ac.in,0000-0002-0730-4918,https://scholar.google.com/citations?user=GdU2PP8AAAAJ,,,,,https://iitr.ac.in/Departments/Electrical Engineering Department/People/Faculty/index.html
Sohom Chakrabarty,Electrical Engineering,Associate Professor,current,2016,https://iitr.ac.in/Departments/Electrical Engineering Department/People/Faculty/100767.html,sohom@ee.iitr.ac.in,0000-0001-7213-6693,,,,,,https://iitr.ac.in/Departments/Electrical Engineering Department/People/Faculty/index.html
Subhash Chand Yogi,Electrical Engineering,Assistant Professor,current,2025,https://iitr.ac.in/Departments/Electrical Engineering Department/People/Faculty/101087.html,scyogi@ee.iitr.ac.in,0000-0002-9494-5763,,,,,,https://iitr.ac.in/Departments/Electrical Engineering Department/People/Faculty/index.html
Sumit GhatakChoudhuri,Electrical Engineering,Associate Professor,current,2006,https://iitr.ac.in/Departments/Electrical Engineering Department/People/Faculty/100447.html,sumit@ee.iitr.ac.in,,,,,,,https://iitr.ac.in/Departments/Electrical Engineering Department/People/Faculty/index.html
Vishal Kumar,Electrical Engineering,Professor,current,2016,https://iitr.ac.in/Departments/Electrical Engineering Department/People/Faculty/100545.html,vishal.kumar@ee.iitr.ac.in,,,,,,,https://iitr.ac.in/Departments/Electrical Engineering Department/People/Faculty/index.html
Yogesh Vijay Hote,Electrical Engineering,Professor,current,2011,https://iitr.ac.in/Departments/Electrical Engineering Department/People/Faculty/100560.html,yogesh.hote@ee.iitr.ac.in,0000-0001-6791-7532,,,,,,https://iitr.ac.in/Departments/Electrical Engineering Department/People/Faculty/index.html
Ambalika Sharma,Electrical Engineering,Former faculty (2016-2025),former,,,,,,,,,,https://iitr.ac.in/Departments/Electrical Engineering Department/People/Former faculty.html ; https://web.archive.org/web/20190716184918/https://www.iitr.ac.in/departments/AH/pages/People+Faculty.html
Avanish Tripathi,Electrical Engineering,Former faculty (2021-2022),former,,,,,,,,,,https://iitr.ac.in/Departments/Electrical Engineering Department/People/Former faculty.html ; https://web.archive.org/web/20211209033625/https://www.iitr.ac.in/departments/EE/pages/Faculty_List.html
E. Fernandez,Electrical Engineering,Former faculty (2016-2024),former,,,,,,,,,,https://iitr.ac.in/Departments/Electrical Engineering Department/People/Former faculty.html ; https://web.archive.org/web/20190716184918/https://www.iitr.ac.in/departments/AH/pages/People+Faculty.html
Ganesh B. Kumbhar,Electrical Engineering,Former faculty (2016-2024),former,,,,,,,,,,https://iitr.ac.in/Departments/Electrical Engineering Department/People/Former faculty.html ; https://web.archive.org/web/20190716184918/https://www.iitr.ac.in/departments/AH/pages/People+Faculty.html
Girish K. Singh,Electrical Engineering,Former faculty (2016-2024),former,,,,0000-0002-2087-6005,,,,,,https://iitr.ac.in/Departments/Electrical Engineering Department/People/Former faculty.html ; https://web.archive.org/web/20190716184918/https://www.iitr.ac.in/departments/AH/pages/People+Faculty.html
Hari Om Gupta,Electrical Engineering,Former faculty (2019-2019),former,,,,,,,,,,https://iitr.ac.in/Departments/Electrical Engineering Department/People/Former faculty.html ; https://web.archive.org/web/20190716184918/https://www.iitr.ac.in/departments/AH/pages/People+Faculty.html
Jishnu K. Kambrath,Electrical Engineering,Former faculty (2021-2022),former,,,,,,,,,,https://iitr.ac.in/Departments/Electrical Engineering Department/People/Former faculty.html ; https://web.archive.org/web/20211209033625/https://www.iitr.ac.in/departments/EE/pages/Faculty_List.html
M. K. Vasantha,Electrical Engineering,Former faculty (2016-2019),former,,,,,,,,,,https://iitr.ac.in/Departments/Electrical Engineering Department/People/Former faculty.html ; https://web.archive.org/web/20190716184918/https://www.iitr.ac.in/departments/AH/pages/People+Faculty.html
M. L. Dewal,Electrical Engineering,Former faculty (2016-2016),former,,,,,,,,,,https://iitr.ac.in/Departments/Electrical Engineering Department/People/Former faculty.html ; https://web.archive.org/web/20160105072845/http://www.iitr.ac.in:80/departments/EE/pages/Faculty_List.html
R. N. Patel,Electrical Engineering,Former faculty (?-None),former,,,,0000-0002-1630-7256,,,,,,https://iitr.ac.in/Departments/Electrical Engineering Department/People/Former faculty.html
R. P. Maheshwari,Electrical Engineering,Former faculty (2016-2019),former,,,,,,,,,,https://iitr.ac.in/Departments/Electrical Engineering Department/People/Former faculty.html ; https://web.archive.org/web/20190716184918/https://www.iitr.ac.in/departments/AH/pages/People+Faculty.html
Rajendra Prasad,Electrical Engineering,Former faculty (2016-2019),former,,,,,,,,,,https://iitr.ac.in/Departments/Electrical Engineering Department/People/Former faculty.html ; https://web.archive.org/web/20190716184918/https://www.iitr.ac.in/departments/AH/pages/People+Faculty.html
S. P. Gupta,Electrical Engineering,Former faculty (2016-2019),former,,,,,,,,,,https://iitr.ac.in/Departments/Electrical Engineering Department/People/Former faculty.html ; https://web.archive.org/web/20190716184918/https://www.iitr.ac.in/departments/AH/pages/People+Faculty.html
S. P. Singh,Electrical Engineering,Former faculty (2016-2022),former,,,,,,,,,,https://iitr.ac.in/Departments/Electrical Engineering Department/People/Former faculty.html ; https://web.archive.org/web/20190716184918/https://www.iitr.ac.in/departments/AH/pages/People+Faculty.html
S. P. Srivastava,Electrical Engineering,Former faculty (2016-2019),former,,,,,,,,,,https://iitr.ac.in/Departments/Electrical Engineering Department/People/Former faculty.html ; https://web.archive.org/web/20190716184918/https://www.iitr.ac.in/departments/AH/pages/People+Faculty.html
Sharmili Das,Electrical Engineering,Former faculty (2016-2025),former,,,,,,,,,,https://iitr.ac.in/Departments/Electrical Engineering Department/People/Former faculty.html ; https://web.archive.org/web/20190716184918/https://www.iitr.ac.in/departments/AH/pages/People+Faculty.html
Vinay Pant,Electrical Engineering,Former faculty (2016-2025),former,,,,0009-0004-2433-0087,,,,,,https://iitr.ac.in/Departments/Electrical Engineering Department/People/Former faculty.html ; https://web.archive.org/web/20190716184918/https://www.iitr.ac.in/departments/AH/pages/People+Faculty.html
Abhay Kumar Sah,Electronics and Communication Engineering,Associate Professor,current,2020,https://iitr.ac.in/Departments/Electronics and Communication Engineering Department/People/Faculty/100879.html,abhaysah@ece.iitr.ac.in,0000-0002-3101-6852,,,,,,https://iitr.ac.in/Departments/Electronics and Communication Engineering Department/People/Faculty/FACULTY MEMBERS.html
Akhilesh Mohan,Electronics and Communication Engineering,Professor,current,2021,https://iitr.ac.in/Departments/Electronics and Communication Engineering Department/People/Faculty/100925.html,am@ece.iitr.ac.in,,https://scholar.google.com/citations?user=6QhsxmcAAAAJ,,,,,https://iitr.ac.in/Departments/Electronics and Communication Engineering Department/People/Faculty/FACULTY MEMBERS.html
Amalendu Patnaik,Electronics and Communication Engineering,Professor,current,,https://iitr.ac.in/Departments/Electronics and Communication Engineering Department/People/Faculty/100478.html,amalendu.patnaik@ece.iitr.ac.in,0000-0001-6892-7329,,,,,,https://iitr.ac.in/Departments/Electronics and Communication Engineering Department/People/Faculty/FACULTY MEMBERS.html
Amita Giri,Electronics and Communication Engineering,Assistant Professor,current,2024,https://iitr.ac.in/Departments/Electronics and Communication Engineering Department/People/Faculty/101053.html,amita.giri@ece.iitr.ac.in,,,,,,,https://iitr.ac.in/Departments/Electronics and Communication Engineering Department/People/Faculty/FACULTY MEMBERS.html
Anshul Jaiswal,Electronics and Communication Engineering,Associate Professor,current,2019,https://iitr.ac.in/Departments/Electronics and Communication Engineering Department/People/Faculty/100860.html,anshul.jaiswal@ece.iitr.ac.in,0000-0003-3036-2419,,,,,,https://iitr.ac.in/Departments/Electronics and Communication Engineering Department/People/Faculty/FACULTY MEMBERS.html
Anshul Tyagi,Electronics and Communication Engineering,Associate Professor,current,2006,https://iitr.ac.in/Departments/Electronics and Communication Engineering Department/People/Faculty/100471.html,anshul.tyagi@ece.iitr.ac.in,,,,,,,https://iitr.ac.in/Departments/Electronics and Communication Engineering Department/People/Faculty/FACULTY MEMBERS.html
Arnab Datta,Electronics and Communication Engineering,Professor,current,,https://iitr.ac.in/Departments/Electronics and Communication Engineering Department/People/Faculty/100618.html,arnab.datta@ece.iitr.ac.in,,,,,,,https://iitr.ac.in/Departments/Electronics and Communication Engineering Department/People/Faculty/FACULTY MEMBERS.html
Ashish Kumar Chowdhary,Electronics and Communication Engineering,Assistant Professor,current,2023,https://iitr.ac.in/Departments/Electronics and Communication Engineering Department/People/Faculty/101014.html,ashish.chowdhary@ece.iitr.ac.in,0000-0002-2019-360X,,,,,,https://iitr.ac.in/Departments/Electronics and Communication Engineering Department/People/Faculty/FACULTY MEMBERS.html
Avirup Dasgupta,Electronics and Communication Engineering,Associate Professor,current,2021,https://iitr.ac.in/Departments/Electronics and Communication Engineering Department/People/Faculty/100922.html,avirup@ece.iitr.ac.in,0000-0001-7477-0436,https://scholar.google.com/citations?user=FcdmEioAAAAJ,,,,https://faculty.iitr.ac.in/ece/avirup/,https://iitr.ac.in/Departments/Electronics and Communication Engineering Department/People/Faculty/FACULTY MEMBERS.html
Biplab Sarkar,Electronics and Communication Engineering,Associate Professor,current,2018,https://iitr.ac.in/Departments/Electronics and Communication Engineering Department/People/Faculty/100814.html,bsarkar@ece.iitr.ac.in,0000-0003-0074-0626,https://scholar.google.com/citations?user=d6vQQ6UAAAAJ,,,,,https://iitr.ac.in/Departments/Electronics and Communication Engineering Department/People/Faculty/FACULTY MEMBERS.html
Bishnu Prasad Das,Electronics and Communication Engineering,Professor,current,,https://iitr.ac.in/Departments/Electronics and Communication Engineering Department/People/Faculty/100660.html,bishnu.das@ece.iitr.ac.in,,,,,,,https://iitr.ac.in/Departments/Electronics and Communication Engineering Department/People/Faculty/FACULTY MEMBERS.html
Bodhibrata Mukhopadhyay,Electronics and Communication Engineering,Assistant Professor,current,,https://iitr.ac.in/Departments/Electronics and Communication Engineering Department/People/Faculty/101049.html,bodhibrata@ece.iitr.ac.in,,,,,,,https://iitr.ac.in/Departments/Electronics and Communication Engineering Department/People/Faculty/FACULTY MEMBERS.html
Brijesh Kumar,Electronics and Communication Engineering,Associate Professor,current,2014,https://iitr.ac.in/Departments/Electronics and Communication Engineering Department/People/Faculty/100651.html,brijesh@ece.iitr.ac.in,,,,,,,https://iitr.ac.in/Departments/Electronics and Communication Engineering Department/People/Faculty/FACULTY MEMBERS.html
Bulusu Anand,Electronics and Communication Engineering,Professor,current,2008,https://iitr.ac.in/Departments/Electronics and Communication Engineering Department/People/Faculty/100524.html,anand.bulusu@ece.iitr.ac.in,,,,,,,https://iitr.ac.in/Departments/Electronics and Communication Engineering Department/People/Faculty/FACULTY MEMBERS.html
Darshak Bhatt,Electronics and Communication Engineering,Associate Professor,current,2019,https://iitr.ac.in/Departments/Electronics and Communication Engineering Department/People/Faculty/100822.html,darshak.bhatt@ece.iitr.ac.in,0000-0002-9849-4277,https://scholar.google.com/citations?user=XOKWdPAAAAAJ,,,,,https://iitr.ac.in/Departments/Electronics and Communication Engineering Department/People/Faculty/FACULTY MEMBERS.html
Debashis Ghosh,Electronics and Communication Engineering,Professor,current,2008,https://iitr.ac.in/Departments/Electronics and Communication Engineering Department/People/Faculty/100509.html,debashis.ghosh@ece.iitr.ac.in,0000-0001-5672-7645,,,,,,https://iitr.ac.in/Departments/Electronics and Communication Engineering Department/People/Faculty/FACULTY MEMBERS.html
Dharmendra Singh,Electronics and Communication Engineering,Professor,current,,https://iitr.ac.in/Departments/Electronics and Communication Engineering Department/People/Faculty/100381.html,dharmfec@ece.iitr.ac.in,,,,,,,https://iitr.ac.in/Departments/Computer Science and Engineering Department/People/Faculty/index.html
Dheeraj Kumar,Electronics and Communication Engineering,Associate Professor,current,2019,https://iitr.ac.in/Departments/Electronics and Communication Engineering Department/People/Faculty/100834.html,dheeraj.kumar@ece.iitr.ac.in,,,,,,,https://iitr.ac.in/Departments/Electronics and Communication Engineering Department/People/Faculty/FACULTY MEMBERS.html
Ekant Sharma,Electronics and Communication Engineering,Assistant Professor,current,,https://iitr.ac.in/Departments/Electronics and Communication Engineering Department/People/Faculty/100923.html,ekant@ece.iitr.ac.in,,,,,,,https://iitr.ac.in/Departments/Electronics and Communication Engineering Department/People/Faculty/FACULTY MEMBERS.html
Karun Rawat,Electronics and Communication Engineering,Professor,current,2014,https://iitr.ac.in/Departments/Electronics and Communication Engineering Department/People/Faculty/100704.html,karun.rawat@ece.iitr.ac.in,,,,,,,https://iitr.ac.in/Departments/Electronics and Communication Engineering Department/People/Faculty/FACULTY MEMBERS.html
Manoj Kumar,Electronics and Communication Engineering,Assistant Professor,current,,https://iitr.ac.in/Departments/Electronics and Communication Engineering Department/People/Faculty/101118.html,manoj.kumar@ece.iitr.ac.in,,https://scholar.google.com/citations?user=gdL-bokAAAAJ,,,,,https://iitr.ac.in/Departments/Electronics and Communication Engineering Department/People/Faculty/FACULTY MEMBERS.html
Meenakshi Rawat,Electronics and Communication Engineering,Professor,current,,https://iitr.ac.in/Departments/Electronics and Communication Engineering Department/People/Faculty/100676.html,meenakshi.rawat@ece.iitr.ac.in,,,,,,,https://iitr.ac.in/Departments/Electronics and Communication Engineering Department/People/Faculty/FACULTY MEMBERS.html
N. P. Pathak,Electronics and Communication Engineering,Professor,current,2006,https://iitr.ac.in/Departments/Electronics and Communication Engineering Department/People/Faculty/100470.html,nagendra.pathak@ece.iitr.ac.in,,,,,,,https://iitr.ac.in/Departments/Electronics and Communication Engineering Department/People/Faculty/FACULTY MEMBERS.html
Priyansha Kaurav,Electronics and Communication Engineering,Assistant Professor,current,,https://iitr.ac.in/Departments/Electronics and Communication Engineering Department/People/Faculty/101012.html,priyansha.kaurav@ece.iitr.ac.in,,,,,,,https://iitr.ac.in/Departments/Electronics and Communication Engineering Department/People/Faculty/FACULTY MEMBERS.html
Pyari Mohan Pradhan,Electronics and Communication Engineering,Professor,current,,https://iitr.ac.in/Departments/Electronics and Communication Engineering Department/People/Faculty/100675.html,pmpradhan@ece.iitr.ac.in,0000-0002-6070-5577,,,,,,https://iitr.ac.in/Departments/Electronics and Communication Engineering Department/People/Faculty/FACULTY MEMBERS.html
Rajib Kumar Panigrahi,Electronics and Communication Engineering,Professor,current,,https://iitr.ac.in/Departments/Electronics and Communication Engineering Department/People/Faculty/100599.html,rajib.panigrahi@ece.iitr.ac.in,0000-0002-8920-0492,,,,,,https://iitr.ac.in/Departments/Electronics and Communication Engineering Department/People/Faculty/FACULTY MEMBERS.html
Sanjeev Manhas,Electronics and Communication Engineering,Head of the Department,current,2008,https://iitr.ac.in/Departments/Electronics and Communication Engineering Department/People/Faculty/100522.html,sanjeev.manhas@ece.iitr.ac.in,0000-0003-3360-9683,,,,,,https://iitr.ac.in/Departments/Electronics and Communication Engineering Department/People/Faculty/FACULTY MEMBERS.html
Saravana Kumar M,Electronics and Communication Engineering,Assistant Professor,current,,https://iitr.ac.in/Departments/Electronics and Communication Engineering Department/People/Faculty/100969.html,saravana.kumar@ece.iitr.ac.in,,,,,,,https://iitr.ac.in/Departments/Electronics and Communication Engineering Department/People/Faculty/FACULTY MEMBERS.html
Saurabh Khanna,Electronics and Communication Engineering,Assistant Professor,current,2020,https://iitr.ac.in/Departments/Electronics and Communication Engineering Department/People/Faculty/100907.html,sakhanna@ece.iitr.ac.in,0000-0003-4276-3949,,,,,,https://iitr.ac.in/Departments/Electronics and Communication Engineering Department/People/Faculty/FACULTY MEMBERS.html
Shanuja Sasi,Electronics and Communication Engineering,Assistant Professor,current,,https://iitr.ac.in/Departments/Electronics and Communication Engineering Department/People/Faculty/101117.html,shanuja@ece.iitr.ac.in,,,,,,,https://iitr.ac.in/Departments/Electronics and Communication Engineering Department/People/Faculty/FACULTY MEMBERS.html
Sourajeet Roy,Electronics and Communication Engineering,Associate Professor,current,2019,https://iitr.ac.in/Departments/Electronics and Communication Engineering Department/People/Faculty/100826.html,sourajeet.roy@ece.iitr.ac.in,0000-0002-9860-3242,,,,,,https://iitr.ac.in/Departments/Electronics and Communication Engineering Department/People/Faculty/FACULTY MEMBERS.html
Sparsh Mittal,Electronics and Communication Engineering,Associate Professor,current,,https://iitr.ac.in/Departments/Electronics and Communication Engineering Department/People/Faculty/100874.html,sparsh.mittal@ece.iitr.ac.in,,https://scholar.google.com/citations?user=Hz44YrEAAAAJ,,,,,https://iitr.ac.in/Departments/Electronics and Communication Engineering Department/People/Faculty/FACULTY MEMBERS.html
Sudeb Dasgupta,Electronics and Communication Engineering,Professor,current,2006,https://iitr.ac.in/Departments/Electronics and Communication Engineering Department/People/Faculty/100443.html,sudeb.dasgupta@ece.iitr.ac.in,,,,,,,https://iitr.ac.in/Departments/Electronics and Communication Engineering Department/People/Faculty/FACULTY MEMBERS.html
Tanmoy Pramanik,Electronics and Communication Engineering,Associate Professor,current,2021,https://iitr.ac.in/Departments/Electronics and Communication Engineering Department/People/Faculty/100920.html,pramanik.tanmoy@ece.iitr.ac.in,0000-0003-4443-2756,https://scholar.google.com/citations?user=wl8G7iMAAAAJ,,,,,https://iitr.ac.in/Departments/Electronics and Communication Engineering Department/People/Faculty/FACULTY MEMBERS.html
Tharun Kumar Reddy Bollu,Electronics and Communication Engineering,Assistant Professor,current,,https://iitr.ac.in/Departments/Electronics and Communication Engineering Department/People/Faculty/100953.html,tharun.reddy@ece.iitr.ac.in,0000-0001-7873-4889,,,,,,https://iitr.ac.in/Departments/Electronics and Communication Engineering Department/People/Faculty/FACULTY MEMBERS.html
Utpal Dey,Electronics and Communication Engineering,Assistant Professor,current,2022,https://iitr.ac.in/Departments/Electronics and Communication Engineering Department/People/Faculty/100973.html,utpal.dey@ece.iitr.ac.in,0000-0002-4127-4257,,,,,,https://iitr.ac.in/Departments/Electronics and Communication Engineering Department/People/Faculty/FACULTY MEMBERS.html
Vinod Pankajakshan,Electronics and Communication Engineering,Associate Professor,current,2011,https://iitr.ac.in/Departments/Electronics and Communication Engineering Department/People/Faculty/100564.html,vinod.pankajakshan@ece.iitr.ac.in,,,,,,,https://iitr.ac.in/Departments/Electronics and Communication Engineering Department/People/Faculty/FACULTY MEMBERS.html
Vishvendra Singh Poonia,Electronics and Communication Engineering,Associate Professor,current,,https://iitr.ac.in/Departments/Electronics and Communication Engineering Department/People/Faculty/100803.html,vishvendra@ece.iitr.ac.in,0000-0002-5294-4172,,,,,,https://iitr.ac.in/Departments/Electronics and Communication Engineering Department/People/Faculty/FACULTY MEMBERS.html
Ajit Kumar Chaturvedi,Electronics and Communication Engineering,Former faculty (2017-2021); last listed as Professor,former,,,ajit.chaturvedi@ece.iitr.ac.in,,,,,,,https://web.archive.org/web/20190716184918/https://www.iitr.ac.in/departments/AH/pages/People+Faculty.html
Ashok K Saxena,Electronics and Communication Engineering,Former faculty (2016-2017); last listed as Retired Faculty,former,,,kumarfec@iitr.ac.in,,,,,,,https://web.archive.org/web/20160128183902/http://www.iitr.ac.in:80/departments/ECE/pages/People+Faculty_List.html
Bharoti Sinha,Electronics and Communication Engineering,Former faculty (2016-2017); last listed as Retired Faculty,former,,,bseacfec@iitr.ac.in,,,,,,,https://web.archive.org/web/20160128183902/http://www.iitr.ac.in:80/departments/ECE/pages/People+Faculty_List.html
DEBIDAS KUNDU,Electronics and Communication Engineering,Former faculty (2019-2021); last listed as DST INSPIRE Faculty,former,,,debidas.kundu@ece.iitr.ac.in,,,,,,,https://web.archive.org/web/20190716184918/https://www.iitr.ac.in/departments/AH/pages/People+Faculty.html
Daljit K. Mehra,Electronics and Communication Engineering,Former faculty (2016-2017); last listed as Retired Faculty,former,,,dkmecfec@iitr.ac.in,,,,,,,https://web.archive.org/web/20160128183902/http://www.iitr.ac.in:80/departments/ECE/pages/People+Faculty_List.html
Gowrish,Electronics and Communication Engineering,Former faculty (2025-2025); last listed as Assistant Professor,former,,,gowrish.b@ece.iitr.ac.in,,,,,,,https://web.archive.org/web/20250814040559/https://iitr.ac.in/Departments/Electronics%20and%20Communication%20Engineering%20Department/People/Faculty/FACULTY%20MEMBERS.html
M. V. Kartikeyen,Electronics and Communication Engineering,Former faculty (2016-2025); last listed as Professor,former,,,kartik@ece.iitr.ac.in,,,,,,,https://web.archive.org/web/20190716184918/https://www.iitr.ac.in/departments/AH/pages/People+Faculty.html
Madhav J. Nigam,Electronics and Communication Engineering,Former faculty (2016-2017); last listed as Professor,former,,,mkndnfec@iitr.ac.in,0000-0001-6829-6651,,,,,,https://web.archive.org/web/20160128183902/http://www.iitr.ac.in:80/departments/ECE/pages/People+Faculty_List.html
Sachendra N Sinha,Electronics and Communication Engineering,Former faculty (2016-2017); last listed as Retired Faculty,former,,,snsecfec@iitr.ac.in,,,,,,,https://web.archive.org/web/20160128183902/http://www.iitr.ac.in:80/departments/ECE/pages/People+Faculty_List.html
Sandeep Kumar Singh,Electronics and Communication Engineering,Former faculty (2025-2025); last listed as Assistant Professor,former,,,sandeep.singh@ece.iitr.ac.in,,,,,,,https://web.archive.org/web/20250814040559/https://iitr.ac.in/Departments/Electronics%20and%20Communication%20Engineering%20Department/People/Faculty/FACULTY%20MEMBERS.html
Saumik Bhattacharya,Electronics and Communication Engineering,Former faculty (2019-2019); last listed as Assistant Professor,former,,,saumikfec@iitr.ac.in,,,,,,,https://web.archive.org/web/20190716184918/https://www.iitr.ac.in/departments/AH/pages/People+Faculty.html
Siddhartha Chakravorty,Electronics and Communication Engineering,Former faculty (2016-2017); last listed as Retired Faculty,former,,,scecefec@iitr.ac.in,,,,,,,https://web.archive.org/web/20160128183902/http://www.iitr.ac.in:80/departments/ECE/pages/People+Faculty_List.html
Vijay Kumar,Electronics and Communication Engineering,Former faculty (2016-2021); last listed as Retired Faculty,former,,,vijay.kumar@ece.iitr.ac.in,,,,,,,https://web.archive.org/web/20190716184918/https://www.iitr.ac.in/departments/AH/pages/People+Faculty.html
Abhishek Samantray,Humanities and Social Sciences,Assistant Professor,current,2021,https://iitr.ac.in/Departments/Humanities and Social Sciences Department/People/Faculty/100935.html,abhishek.samantray@hs.iitr.ac.in,0000-0002-1172-8334,,,,,,https://iitr.ac.in/Departments/Humanities and Social Sciences Department/People/Faculty/index.html
Anindya Jayanta Mishra,Humanities and Social Sciences,Head of Department,current,2006,https://iitr.ac.in/Departments/Humanities and Social Sciences Department/People/Faculty/100448.html,anindya.mishra@hs.iitr.ac.in,,,,,,,https://iitr.ac.in/Departments/Humanities and Social Sciences Department/People/Faculty/index.html
Aparajita Singh,Humanities and Social Sciences,Assistant Professor,current,2021,https://iitr.ac.in/Departments/Humanities and Social Sciences Department/People/Faculty/100954.html,aparajita.singh@hs.iitr.ac.in,0000-0001-5858-1619,,,,,,https://iitr.ac.in/Departments/Humanities and Social Sciences Department/People/Faculty/index.html
Aruni Mahapatra,Humanities and Social Sciences,Assistant Professor,current,,https://iitr.ac.in/Departments/Humanities and Social Sciences Department/People/Faculty/100963.html,aruni.mahapatra@hs.iitr.ac.in,,,,,,,https://iitr.ac.in/Departments/Humanities and Social Sciences Department/People/Faculty/index.html
Binod Mishra,Humanities and Social Sciences,Professor,current,2007,https://iitr.ac.in/Departments/Humanities and Social Sciences Department/People/Faculty/100486.html,binod.mishra@hs.iitr.ac.in,0000-0003-2364-6405,,,,,,https://iitr.ac.in/Departments/Humanities and Social Sciences Department/People/Faculty/index.html
D. Bharat,Humanities and Social Sciences,Assistant Professor,current,2019,https://iitr.ac.in/Departments/Humanities and Social Sciences Department/People/Faculty/100824.html,d.bharat@hs.iitr.ac.in,,,,,,,https://iitr.ac.in/Departments/Humanities and Social Sciences Department/People/Faculty/index.html
D. K. Nauriyal,Humanities and Social Sciences,Professor,current,2001,https://iitr.ac.in/Departments/Humanities and Social Sciences Department/People/Faculty/100306.html,dinesh.nauriyal@hs.iitr.ac.in,0000-0003-1995-7702,,,,,,https://iitr.ac.in/Departments/Humanities and Social Sciences Department/People/Faculty/index.html
Diptimayee Nayak,Humanities and Social Sciences,Assistant Professor,current,2016,https://iitr.ac.in/Departments/Humanities and Social Sciences Department/People/Faculty/100777.html,dipti.nayak@hs.iitr.ac.in,0000-0001-8635-0631,,,,,,https://iitr.ac.in/Departments/Humanities and Social Sciences Department/People/Faculty/index.html
Falguni Pattanaik,Humanities and Social Sciences,Associate Professor,current,2015,https://iitr.ac.in/Departments/Humanities and Social Sciences Department/People/Faculty/100713.html,falguni.pattanaik@hs.iitr.ac.in,0009-0006-2244-4579,,,,,,https://iitr.ac.in/Departments/Humanities and Social Sciences Department/People/Faculty/index.html
Lalatendu Keshari Das,Humanities and Social Sciences,Assistant Professor,current,2020,https://iitr.ac.in/Departments/Humanities and Social Sciences Department/People/Faculty/100902.html,lkdas@hs.iitr.ac.in,0000-0001-8483-793X,,,,,,https://iitr.ac.in/Departments/Humanities and Social Sciences Department/People/Faculty/index.html
Manish Kumar Asthana,Humanities and Social Sciences,Associate Professor,current,2019,https://iitr.ac.in/Departments/Humanities and Social Sciences Department/People/Faculty/100848.html,m.asthana@hs.iitr.ac.in,0000-0002-0270-8913,,,,,,https://iitr.ac.in/Departments/Department of Design/People/Faculty/index.html
Manish Kumar Singh,Humanities and Social Sciences,Assistant Professor,current,,https://iitr.ac.in/Departments/Humanities and Social Sciences Department/People/Faculty/100941.html,mks@hs.iitr.ac.in,,,,,,,https://iitr.ac.in/Departments/Humanities and Social Sciences Department/People/Faculty/index.html
Nagendra Kumar,Humanities and Social Sciences,Professor,current,2002,https://iitr.ac.in/Departments/Humanities and Social Sciences Department/People/Faculty/100311.html,nagendra.kumar@hs.iitr.ac.in,0000-0002-8292-7947,,,,,,https://iitr.ac.in/Departments/Humanities and Social Sciences Department/People/Faculty/index.html
Pooja Garg,Humanities and Social Sciences,Associate Professor,current,2012,https://iitr.ac.in/Departments/Humanities and Social Sciences Department/People/Faculty/100512.html,pooja.garg@hs.iitr.ac.in,0000-0003-3565-1244,,,,,,https://iitr.ac.in/Departments/Humanities and Social Sciences Department/People/Faculty/index.html
Pratap Chandra Mohanty,Humanities and Social Sciences,Associate Professor,current,2014,https://iitr.ac.in/Departments/Humanities and Social Sciences Department/People/Faculty/100773.html,pratap.mohanty@hs.iitr.ac.in,0000-0002-2421-9643,,,,,,https://iitr.ac.in/Departments/Humanities and Social Sciences Department/People/Faculty/index.html
Rachita Gulati,Humanities and Social Sciences,Associate Professor,current,2013,https://iitr.ac.in/Departments/Humanities and Social Sciences Department/People/Faculty/100626.html,rachita.gulati@hs.iitr.ac.in,0000-0003-3327-7922,https://scholar.google.com/citations?user=I4TmeSIAAAAJ,,,,,https://iitr.ac.in/Departments/Humanities and Social Sciences Department/People/Faculty/index.html
Ram Manohar Singh,Humanities and Social Sciences,Assistant Professor,current,2015,https://iitr.ac.in/Departments/Humanities and Social Sciences Department/People/Faculty/100715.html,rmsingh@hs.iitr.ac.in,0000-0002-2973-7888,,,,,,https://iitr.ac.in/Departments/Humanities and Social Sciences Department/People/Faculty/index.html
Rashmi Gaur,Humanities and Social Sciences,Professor,current,,https://iitr.ac.in/Departments/Humanities and Social Sciences Department/People/Faculty/100308.html,rashmi.gaur@hs.iitr.ac.in,0000-0003-2688-8696,,,,,,https://iitr.ac.in/Departments/Humanities and Social Sciences Department/People/Faculty/index.html
Rishman Jot Kaur Chahal,Humanities and Social Sciences,Assistant Professor,current,2020,https://iitr.ac.in/Departments/Humanities and Social Sciences Department/People/Faculty/100914.html,rishman.chahal@hs.iitr.ac.in,0000-0002-8203-6204,https://scholar.google.com/citations?user=OYOw-64AAAAJ,,,,,https://iitr.ac.in/Departments/Humanities and Social Sciences Department/People/Faculty/index.html
Roluahpuia,Humanities and Social Sciences,Assistant Professor,current,2020,https://iitr.ac.in/Departments/Humanities and Social Sciences Department/People/Faculty/100899.html,puia@hs.iitr.ac.in,,,,,,,https://iitr.ac.in/Departments/Humanities and Social Sciences Department/People/Faculty/index.html
Sanjit Kumar Mishra,Humanities and Social Sciences,Professor,current,2009,https://iitr.ac.in/Departments/Humanities and Social Sciences Department/People/Faculty/400128.html,sanjit.mishra@hs.iitr.ac.in,0000-0003-1593-8141,,,,,,https://iitr.ac.in/Departments/Humanities and Social Sciences Department/People/Faculty/index.html
Sarbani Banerjee,Humanities and Social Sciences,Assistant Professor,current,2020,https://iitr.ac.in/Departments/Humanities and Social Sciences Department/People/Faculty/100901.html,sarbani@hs.iitr.ac.in,0000-0002-1741-2445,,,,,,https://iitr.ac.in/Departments/Humanities and Social Sciences Department/People/Faculty/index.html
Shruti Sengupta,Humanities and Social Sciences,Assistant Professor,current,,https://iitr.ac.in/Departments/Humanities and Social Sciences Department/People/Faculty/100921.html,shruti.sengupta@hs.iitr.ac.in,,,,,,,https://iitr.ac.in/Departments/Humanities and Social Sciences Department/People/Faculty/index.html
Smita Jha,Humanities and Social Sciences,Professor,current,2007,https://iitr.ac.in/Departments/Humanities and Social Sciences Department/People/Faculty/100493.html,smita.jha@hs.iitr.ac.in,0000-0001-6064-5482,,,,,,https://iitr.ac.in/Departments/Humanities and Social Sciences Department/People/Faculty/index.html
Subir Sen,Humanities and Social Sciences,Associate Professor,current,2014,https://iitr.ac.in/Departments/Humanities and Social Sciences Department/People/Faculty/100665.html,subir.sen@hs.iitr.ac.in,0000-0002-8886-6831,,,,,,https://iitr.ac.in/Departments/Humanities and Social Sciences Department/People/Faculty/index.html
Sukhpal Singh,Humanities and Social Sciences,Professor,current,,https://iitr.ac.in/Departments/Humanities and Social Sciences Department/People/Faculty/100307.html,s.singh@hs.iitr.ac.in,,,,,,,https://iitr.ac.in/Departments/Humanities and Social Sciences Department/People/Faculty/index.html
Tony Thomas,Humanities and Social Sciences,Assistant Professor,current,2020,https://iitr.ac.in/Departments/Humanities and Social Sciences Department/People/Faculty/100905.html,tonythomas@hs.iitr.ac.in,0000-0002-7626-3670,,,,,,https://iitr.ac.in/Departments/Humanities and Social Sciences Department/People/Faculty/index.html
Pashupati Jha,Humanities and Social Sciences,Former faculty (2016-2021); last listed as Retired Faculty,former,,https://iitr.ac.in/Departments/Humanities and Social Sciences Department/People/Faculty/100309.html,pashupati.jha@hs.iitr.ac.in,,,,,,,https://iitr.ac.in/Departments/Humanities and Social Sciences Department/People/Faculty/index.html ; https://web.archive.org/web/20190716184918/https://www.iitr.ac.in/departments/AH/pages/People+Faculty.html
Rahul K. Gairola,Humanities and Social Sciences,Former faculty (2015-2017); last listed as Assistant Professor,former,2015,,rahulfhs@iitr.ac.in,0000-0002-1826-6339,,,,,,https://web.archive.org/web/20160408000938/http://www.iitr.ac.in:80/departments/HS/pages/People+Faculty_List.html
Renu Rastogi,Humanities and Social Sciences,Former faculty (2016-2021); last listed as Retired Faculty,former,,https://iitr.ac.in/Departments/Humanities and Social Sciences Department/People/Faculty/100305.html,renu.rastogi@hs.iitr.ac.in,,,,,,,https://iitr.ac.in/Departments/Humanities and Social Sciences Department/People/Faculty/index.html ; https://web.archive.org/web/20190716184918/https://www.iitr.ac.in/departments/AH/pages/People+Faculty.html
Sourit Bhattacharya,Humanities and Social Sciences,Former faculty (2018-2019); last listed as Assistant Professor,former,2018,,souritfhs@iitr.ac.in,0000-0002-7485-1233,,,,,,https://web.archive.org/web/20190716184918/https://www.iitr.ac.in/departments/AH/pages/People+Faculty.html
Amit Bhosale,Hydro and Renewable Energy,Associate Professor,current,2020,https://iitr.ac.in/Departments/Hydro and Renewable Energy Department/People/Faculty/100876.html,achbhosale@hre.iitr.ac.in,0000-0003-1866-8909,,,,,,https://iitr.ac.in/Departments/Hydro and Renewable Energy Department/People/Faculty/index.html
Arun Kumar,Hydro and Renewable Energy,Professor,current,2015,https://iitr.ac.in/Departments/Hydro and Renewable Energy Department/People/Faculty/100362.html,arun.kumar@hre.iitr.ac.in,,,,,,,https://iitr.ac.in/Departments/Hydro and Renewable Energy Department/People/Faculty/index.html
Chandra Shekhar Pant,Hydro and Renewable Energy,Assistant Professor,current,2023,https://iitr.ac.in/Departments/Hydro and Renewable Energy Department/People/Faculty/101019.html,csp@hre.iitr.ac.in,0000-0001-6520-5937,,,,,,https://iitr.ac.in/Departments/Hydro and Renewable Energy Department/People/Faculty/index.html
Hemant Jibhau Sagar,Hydro and Renewable Energy,Assistant Professor,current,2023,https://iitr.ac.in/Departments/Hydro and Renewable Energy Department/People/Faculty/101029.html,hemant.sagar@hre.iitr.ac.in,0000-0001-6067-0143,,,,,,https://iitr.ac.in/Departments/Hydro and Renewable Energy Department/People/Faculty/index.html
Himanshu Jain,Hydro and Renewable Energy,Associate Professor,current,,https://iitr.ac.in/Departments/Hydro and Renewable Energy Department/People/Faculty/100929.html,himanshu.jain@hre.iitr.ac.in,,,,,,,https://iitr.ac.in/Departments/Hydro and Renewable Energy Department/People/Faculty/index.html
M. K. Singhal,Hydro and Renewable Energy,Professor,current,,https://iitr.ac.in/Departments/Hydro and Renewable Energy Department/People/Faculty/100366.html,m.singhal@hre.iitr.ac.in,,,,,,,https://iitr.ac.in/Departments/Hydro and Renewable Energy Department/People/Faculty/index.html
Pranjali Sharma,Hydro and Renewable Energy,Assistant Professor,current,2024,https://iitr.ac.in/Departments/Hydro and Renewable Energy Department/People/Faculty/101080.html,pranjali.sharma@hre.iitr.ac.in,0000-0002-5807-1595,,,,,,https://iitr.ac.in/Departments/Hydro and Renewable Energy Department/People/Faculty/index.html
Prashant Surana,Hydro and Renewable Energy,Assistant Professor,current,2024,https://iitr.ac.in/Departments/Hydro and Renewable Energy Department/People/Faculty/101038.html,prashant.surana@hre.iitr.ac.in,0000-0002-0518-2259,,,,,,https://iitr.ac.in/Departments/Hydro and Renewable Energy Department/People/Faculty/index.html
Pratham Arora,Hydro and Renewable Energy,Associate Professor,current,2019,https://iitr.ac.in/Departments/Hydro and Renewable Energy Department/People/Faculty/100852.html,pratham.arora@hre.iitr.ac.in,0000-0002-3183-5460,,,,,,https://iitr.ac.in/Departments/Hydro and Renewable Energy Department/People/Faculty/index.html
Ravita Lamba,Hydro and Renewable Energy,Assistant Professor,current,2024,https://iitr.ac.in/Departments/Hydro and Renewable Energy Department/People/Faculty/101051.html,ravita.lamba@hre.iitr.ac.in,0000-0003-2120-9121,,,,,,https://iitr.ac.in/Departments/Hydro and Renewable Energy Department/People/Faculty/index.html
Rhythm Singh,Hydro and Renewable Energy,Associate Professor,current,2018,https://iitr.ac.in/Departments/Hydro and Renewable Energy Department/People/Faculty/100816.html,rhythm@hre.iitr.ac.in,,,,,,,https://iitr.ac.in/Departments/Hydro and Renewable Energy Department/People/Faculty/index.html
S. K. Singal,Hydro and Renewable Energy,Professor,current,1984,https://iitr.ac.in/Departments/Hydro and Renewable Energy Department/People/Faculty/100364.html,sunil.singal@hre.iitr.ac.in,,,,,,,https://iitr.ac.in/Departments/Hydro and Renewable Energy Department/People/Faculty/index.html
Sanjeev Kumar Prajapati,Hydro and Renewable Energy,Head of the Department,current,2019,https://iitr.ac.in/Departments/Hydro and Renewable Energy Department/People/Faculty/100843.html,sanjukec@hre.iitr.ac.in,0000-0001-8687-2333,,,,,,https://iitr.ac.in/Departments/Hydro and Renewable Energy Department/People/Faculty/index.html
Sonal K. Thengane,Hydro and Renewable Energy,Associate Professor,current,2020,https://iitr.ac.in/Departments/Hydro and Renewable Energy Department/People/Faculty/100900.html,sonalt@hre.iitr.ac.in,0000-0002-5860-1410,,,,,,https://iitr.ac.in/Departments/Hydro and Renewable Energy Department/People/Faculty/index.html
Alok Kumar,Hydro and Renewable Energy,Professor of practice,adjunct,,https://iitr.ac.in/Departments/Hydro and Renewable Energy Department/People/Faculty/800076.html,alok.kumar@hre.iitr.ac.in,,,,,,,https://iitr.ac.in/Departments/Hydro and Renewable Energy Department/People/Faculty/index.html
Anand Kumar,Hydro and Renewable Energy,Professor of practice,adjunct,,https://iitr.ac.in/Departments/Hydro and Renewable Energy Department/People/Faculty/700152.html,anand.kumar@hre.iitr.ac.in,,,,,,,https://iitr.ac.in/Departments/Hydro and Renewable Energy Department/People/Faculty/index.html
Balraj Joshi,Hydro and Renewable Energy,Former faculty (2021-2021); last listed as Adjunct Faculty,former,,,balraj.joshi@hre.iitr.ac.in,,,,,,,https://web.archive.org/web/20210414063813/https://www.iitr.ac.in/departments/HRE/pages/People+Faculty_List.html
Deepak Ronanki,Hydro and Renewable Energy,Former faculty (2020-2022); last listed as Ex Faculty,former,2020,https://iitr.ac.in/Departments/Hydro and Renewable Energy Department/People/Faculty/100913.html,dronanki@hre.iitr.ac.in,,,,,,,https://iitr.ac.in/Departments/Hydro and Renewable Energy Department/People/Faculty/index.html ; https://web.archive.org/web/20210414063813/https://www.iitr.ac.in/departments/HRE/pages/People+Faculty_List.html
M. P. Sharma,Hydro and Renewable Energy,Former faculty (2016-2021); last listed as Retired Faculty,former,,https://iitr.ac.in/Departments/Hydro and Renewable Energy Department/People/Faculty/100367.html,m.sharma@hre.iitr.ac.in,,,,,,,https://iitr.ac.in/Departments/Hydro and Renewable Energy Department/People/Faculty/index.html ; https://web.archive.org/web/20160410081219/http://www.iitr.ac.in:80/departments/AH/pages/People+Faculty.html
Mukesh Mangla,Hydro and Renewable Energy,Professor of practice,adjunct,,https://iitr.ac.in/Departments/Hydro and Renewable Energy Department/People/Faculty/800029.html,mangla.mah@iitr.ac.in,,,,,,,https://iitr.ac.in/Departments/Hydro and Renewable Energy Department/People/Faculty/index.html
R. P. Saini,Hydro and Renewable Energy,Former faculty (1985-2022); last listed as Ex Faculty,former,1985,https://iitr.ac.in/Departments/Hydro and Renewable Energy Department/People/Faculty/100365.html,rp.saini@hre.iitr.ac.in,,,,,,,https://iitr.ac.in/Departments/Hydro and Renewable Energy Department/People/Faculty/index.html ; https://web.archive.org/web/20160410081219/http://www.iitr.ac.in:80/departments/AH/pages/People+Faculty.html
Ramesh Chandra,Hydro and Renewable Energy,Former faculty (2019-2019); last listed as Professor,former,,,ramesfic@iitr.ac.in,,,,,,,https://web.archive.org/web/20190716184918/https://www.iitr.ac.in/departments/AH/pages/People+Faculty.html
S. K. Soonee,Hydro and Renewable Energy,Former faculty (2021-2021); last listed as Adjunct Faculty,former,,,sksoonee@hre.iitr.ac.in,,,,,,,https://web.archive.org/web/20210414063813/https://www.iitr.ac.in/departments/HRE/pages/People+Faculty_List.html
S. N. Singh,Hydro and Renewable Energy,Former faculty (2016-2017); last listed as Retired Faculty,former,,https://iitr.ac.in/Departments/Hydro and Renewable Energy Department/People/Faculty/100363.html,nishafah@iitr.ac.in,,,,,,,https://iitr.ac.in/Departments/Hydro and Renewable Energy Department/People/Faculty/index.html ; https://web.archive.org/web/20160410081219/http://www.iitr.ac.in:80/departments/AH/pages/People+Faculty.html
Subodh Sharma,Hydro and Renewable Energy,Visiting Professor,visiting,,https://iitr.ac.in/Departments/Hydro and Renewable Energy Department/People/Faculty/800019.html,subodh.sharma@hre.iitr.ac.in,,,,,,,https://iitr.ac.in/Departments/Hydro and Renewable Energy Department/People/Faculty/index.html
Ankit Agarwal,Hydrology,Associate Professor,current,2019,https://iitr.ac.in/Departments/Hydrology Department/People/Faculty/100863.html,ankit.agarwal@hy.iitr.ac.in,,,,,,https://sites.google.com/site/climaticdownscalingtool/,https://iitr.ac.in/Departments/Hydrology Department/People/Faculty/index.html
Ashutosh Sharma,Hydrology,Associate Professor,current,2020,https://iitr.ac.in/Departments/Hydrology Department/People/Faculty/100917.html,ashutosh.sharma@hy.iitr.ac.in,0000-0003-2613-2821,https://scholar.google.com/citations?user=15sE22kAAAAJ,,,,,https://iitr.ac.in/Departments/Hydrology Department/People/Faculty/index.html
Bhaskar Jyoti Deka,Hydrology,Associate Professor,current,2020,https://iitr.ac.in/Departments/Hydrology Department/People/Faculty/100906.html,bhaskar.deka@hy.iitr.ac.in,0000-0002-4199-4713,https://scholar.google.com/citations?user=9cs90qkAAAAJ,,,,,https://iitr.ac.in/Departments/Hydrology Department/People/Faculty/index.html
Brijesh Kumar Yadav,Hydrology,Professor,current,2012,https://iitr.ac.in/Departments/Hydrology Department/People/Faculty/100584.html,brijesh.yadav@hy.iitr.ac.in,0000-0002-1286-7934,,,,,,https://iitr.ac.in/Departments/Hydrology Department/People/Faculty/index.html
D. S. Arya,Hydrology,Professor,current,1998,https://iitr.ac.in/Departments/Hydrology Department/People/Faculty/100320.html,dsarya@hy.iitr.ac.in,,,,,,,https://iitr.ac.in/Departments/Hydrology Department/People/Faculty/index.html
Manoj Kr. Jain,Hydrology,Professor,current,1990,https://iitr.ac.in/Departments/Hydrology Department/People/Faculty/100473.html,manoj.jain@hy.iitr.ac.in,0000-0002-3582-9527,,,,,,https://iitr.ac.in/Departments/Hydrology Department/People/Faculty/index.html
Nitin Khandelwal,Hydrology,Assistant Professor,current,2023,https://iitr.ac.in/Departments/Hydrology Department/People/Faculty/101017.html,nitin.khandelwal@hy.iitr.ac.in,0000-0001-7872-0962,,,,,,https://iitr.ac.in/Departments/Hydrology Department/People/Faculty/index.html
Sumit Sen,Hydrology,Head of the Department,current,2012,https://iitr.ac.in/Departments/Hydrology Department/People/Faculty/100582.html,sumit.sen@hy.iitr.ac.in,0000-0003-2293-2119,,,,,,https://iitr.ac.in/Departments/Hydrology Department/People/Faculty/index.html
Himanshu Joshi,Hydrology,Visiting Professor,visiting,,https://iitr.ac.in/Departments/Hydrology Department/People/Faculty/100316.html,himanshu.joshi@hy.iitr.ac.in,,,,,,,https://iitr.ac.in/Departments/Hydrology Department/People/Faculty/index.html
Jaya Khanna,Hydrology,Former faculty (2019-2019); last listed as Ex Faculty,former,,https://iitr.ac.in/Departments/Hydrology Department/People/Faculty/100807.html,jkhannafhy@iitr.ac.in,,,,,,,https://iitr.ac.in/Departments/Hydrology Department/People/Faculty/index.html ; https://web.archive.org/web/20190716184918/https://www.iitr.ac.in/departments/AH/pages/People+Faculty.html
M. Perumal,Hydrology,Former faculty (2016-2019); last listed as Retired Faculty,former,,https://iitr.ac.in/Departments/Hydrology Department/People/Faculty/100321.html,m.perumal@hy.iitr.ac.in,,,,,,,https://iitr.ac.in/Departments/Hydrology Department/People/Faculty/index.html ; https://web.archive.org/web/20190716184918/https://www.iitr.ac.in/departments/AH/pages/People+Faculty.html
N. K. Goel,Hydrology,Emeritus Professor,emeritus,1982,https://iitr.ac.in/Departments/Hydrology Department/People/Faculty/100317.html,nkgoel@hy.iitr.ac.in,,https://scholar.google.com/citations?user=kOjtxGYAAAAJ,,,,,https://iitr.ac.in/Departments/Hydrology Department/People/Faculty/index.html
Mohan Lal,Institute Computer Centre,Former faculty (2019-2019); last listed as Assistant Professor,former,,,mluccfcc@iitr.ac.in,,,,,,,https://web.archive.org/web/20190716184918/https://www.iitr.ac.in/departments/AH/pages/People+Faculty.html
Rajesh Sachdeva,Institute Computer Centre,Former faculty (2019-2019),former,,,rsachfcc@iitr.ac.in,,,,,,,https://web.archive.org/web/20190716184918/https://www.iitr.ac.in/departments/AH/pages/People+Faculty.html
A. K. Sharma,Management Studies,Professor,current,2001,https://iitr.ac.in/Departments/Management Studies Department/People/Faculty/100339.html,anilsharma@ms.iitr.ac.in,,,,,,,https://iitr.ac.in/Departments/Management Studies Department/People/Faculty/index.html
Amit Upadhyay,Management Studies,Associate Professor,current,2021,https://iitr.ac.in/Departments/Management Studies Department/People/Faculty/100959.html,amit@ms.iitr.ac.in,0000-0001-9731-4089,,,,,,https://iitr.ac.in/Departments/Management Studies Department/People/Faculty/index.html
Anamika Kumar Kulbhaskar,Management Studies,Assistant Professor,current,2024,https://iitr.ac.in/Departments/Management Studies Department/People/Faculty/101033.html,anamika.kulbhaskar@ms.iitr.ac.in,0000-0002-1335-8744,,,,,,https://iitr.ac.in/Departments/Management Studies Department/People/Faculty/index.html
Ashu Khanna,Management Studies,Professor,current,2009,https://iitr.ac.in/Departments/Management Studies Department/People/Faculty/400126.html,ashu.khanna@ms.iitr.ac.in,0000-0003-2785-4391,,,,,,https://iitr.ac.in/Departments/Management Studies Department/People/Faculty/index.html
Eshan Bhatt,Management Studies,Assistant Professor,current,2025,https://iitr.ac.in/Departments/Management Studies Department/People/Faculty/101102.html,eshan.bhatt@ms.iitr.ac.in,0009-0007-7125-2802,,,,,,https://iitr.ac.in/Departments/Management Studies Department/People/Faculty/index.html
Gaurav Dixit,Management Studies,Associate Professor,current,2015,https://iitr.ac.in/Departments/Management Studies Department/People/Faculty/100703.html,gaurav.dixit@ms.iitr.ac.in,,https://scholar.google.com/citations?user=UgZTCyUAAAAJ,,,,,https://iitr.ac.in/Departments/Management Studies Department/People/Faculty/index.html
Jogendra Kumar Nayak,Management Studies,Professor,current,2012,https://iitr.ac.in/Departments/Management Studies Department/People/Faculty/100587.html,jogendra.nayak@ms.iitr.ac.in,0000-0002-7725-7977,,,,,,https://iitr.ac.in/Departments/Management Studies Department/People/Faculty/index.html
Kalpak Kulkarni,Management Studies,Assistant Professor,current,2021,https://iitr.ac.in/Departments/Management Studies Department/People/Faculty/100952.html,kalpak.kulkarni@ms.iitr.ac.in,0000-0002-1291-7524,,,,,,https://iitr.ac.in/Departments/Management Studies Department/People/Faculty/index.html
Manu Kumar Gupta,Management Studies,Assistant Professor,current,,https://iitr.ac.in/Departments/Management Studies Department/People/Faculty/100896.html,manu.gupta@ms.iitr.ac.in,0000-0003-4312-9528,https://scholar.google.com/citations?user=qg_A4VoAAAAJ,,,,https://manugupta-or.github.io/AAAI-Lab/,https://iitr.ac.in/Departments/Management Studies Department/People/Faculty/index.html
Mukesh Kumar Barua,Management Studies,On Lien,current,2014,https://iitr.ac.in/Departments/Management Studies Department/People/Faculty/100538.html,mukesh.barua@ms.iitr.ac.in,0000-0003-1047-4800,,,,,,https://iitr.ac.in/Departments/Applied Mathematics and Scientific Computing Department/People/Faculty/index.html
Prachi Jain,Management Studies,Assistant Professor,current,2024,https://iitr.ac.in/Departments/Management Studies Department/People/Faculty/101077.html,prachi.jain@ms.iitr.ac.in,0000-0002-5011-4992,,,,,,https://iitr.ac.in/Departments/Management Studies Department/People/Faculty/index.html
Rajat Agrawal,Management Studies,Professor,current,1999,https://iitr.ac.in/Departments/Management Studies Department/People/Faculty/100507.html,rajat@ms.iitr.ac.in,0000-0001-9870-4097,,,55550499000,,,https://iitr.ac.in/Departments/Management Studies Department/People/Faculty/index.html
Rajib Lochan Dhar,Management Studies,Professor,current,,https://iitr.ac.in/Departments/Management Studies Department/People/Faculty/100591.html,rajib.dhar@ms.iitr.ac.in,,,,,,,https://iitr.ac.in/Departments/Management Studies Department/People/Faculty/index.html
Rakesh Padhan,Management Studies,Assistant Professor,current,2022,https://iitr.ac.in/Departments/Management Studies Department/People/Faculty/100989.html,rakeshpadhan@ms.iitr.ac.in,,https://scholar.google.com/citations?user=VQ0fi1oAAAAJ,,,,,https://iitr.ac.in/Departments/Management Studies Department/People/Faculty/index.html
Ramesh Anbanandam,Management Studies,Professor,current,2012,https://iitr.ac.in/Departments/Management Studies Department/People/Faculty/100595.html,ramesh.anbanandam@ms.iitr.ac.in,0000-0002-2040-3064,,,,,,https://iitr.ac.in/Departments/Management Studies Department/People/Faculty/index.html
S. N. Rangnekar,Management Studies,Professor,current,2003,https://iitr.ac.in/Departments/Management Studies Department/People/Faculty/100375.html,santosh.rangnekar@ms.iitr.ac.in,0000-0001-5806-1197,https://scholar.google.com/citations?user=MfhakUYAAAAJ,,,,,https://iitr.ac.in/Departments/Management Studies Department/People/Faculty/index.html
Sourabh Arora,Management Studies,Assistant Professor,current,,https://iitr.ac.in/Departments/Management Studies Department/People/Faculty/100885.html,sourabh.arora@ms.iitr.ac.in,0000-0003-1749-5911,,,,,,https://iitr.ac.in/Departments/Management Studies Department/People/Faculty/index.html
Sujata Kar,Management Studies,Associate Professor,current,2015,https://iitr.ac.in/Departments/Management Studies Department/People/Faculty/100726.html,sujata.kar@ms.iitr.ac.in,0000-0002-2074-4707,,,,,,https://iitr.ac.in/Departments/Management Studies Department/People/Faculty/index.html
Sumit Kumar Yadav,Management Studies,Assistant Professor,current,2020,https://iitr.ac.in/Departments/Management Studies Department/People/Faculty/100883.html,sumitky@ms.iitr.ac.in,,,,,,,https://iitr.ac.in/Departments/Management Studies Department/People/Faculty/index.html
Tarun Sharma,Management Studies,Associate Professor,current,2021,https://iitr.ac.in/Departments/Management Studies Department/People/Faculty/100926.html,tarunsharma@ms.iitr.ac.in,0000-0003-3636-2858,,,,,,https://iitr.ac.in/Departments/Management Studies Department/People/Faculty/index.html
Usha Lenka,Management Studies,Professor,current,2010,https://iitr.ac.in/Departments/Management Studies Department/People/Faculty/100555.html,usha.lenka@ms.iitr.ac.in,0000-0003-4728-0559,,,57210441306,,,https://iitr.ac.in/Departments/Management Studies Department/People/Faculty/index.html
Vinay Sharma,Management Studies,Head of the Department,current,1986,https://iitr.ac.in/Departments/Management Studies Department/People/Faculty/100511.html,vinay.sharma@ms.iitr.ac.in,0000-0002-8834-702X,,,,,,https://iitr.ac.in/Departments/Management Studies Department/People/Faculty/index.html
Abhinava Tripathi,Management Studies,Former faculty (2020-2022); last listed as Assistant Professor,former,2020,,abhinava.tripathi@ms.iitr.ac.in,0000-0002-6787-9780,,,,,,https://web.archive.org/web/20210723151105/https://www.iitr.ac.in/departments/DM/pages/People+Faculty.html
Ajeet Mathur,Management Studies,Professor of practice,adjunct,,https://iitr.ac.in/Departments/Management Studies Department/People/Faculty/800096.html,ajeet.mathur@ms.iitr.ac.in,,,,,,,https://iitr.ac.in/Departments/Management Studies Department/People/Faculty/index.html
Anil Kumar Sravat,Management Studies,Former faculty (2021-2021); last listed as Adjunct Faculty,former,,,aksravat@ms.iitr.ac.in,,,,,,,https://web.archive.org/web/20210723151105/https://www.iitr.ac.in/departments/DM/pages/People+Faculty.html
Arun Malhotra,Management Studies,Professor of practice,adjunct,,https://iitr.ac.in/Departments/Management Studies Department/People/Faculty/700147.html,arun.malhotra@ms.iitr.ac.in,,,,,,,https://iitr.ac.in/Departments/Management Studies Department/People/Faculty/index.html
Ashish Nigam,Management Studies,Former faculty (2016-2016); last listed as Visiting Professor,former,,,imgdm004@iitr.ac.in,,,,,,,https://web.archive.org/web/20160113174149/http://www.iitr.ac.in:80/departments/DM/pages/People+Faculty.html
Dinesh Kumar Likhi,Management Studies,Former faculty (2021-2024); last listed as Professor of practice,former,,,dinesh.likhi@ms.iitr.ac.in,,,,,,,https://web.archive.org/web/20210723151105/https://www.iitr.ac.in/departments/DM/pages/People+Faculty.html
G. Pahawanee,Management Studies,Former faculty (2016-2016); last listed as Visiting Professor,former,,,imgdm019@iitr.ac.in,,,,,,,https://web.archive.org/web/20160113174149/http://www.iitr.ac.in:80/departments/DM/pages/People+Faculty.html
Harish Choudhary,Management Studies,Former faculty (2016-2016); last listed as Visiting Professor,former,,,imgdm017@iitr.ac.in,,,,,,,https://web.archive.org/web/20160113174149/http://www.iitr.ac.in:80/departments/DM/pages/People+Faculty.html
J. K. Sharma,Management Studies,Former faculty (2016-2016); last listed as Visiting Professor,former,,,imgdm002@iitr.ac.in,,,,,,,https://web.archive.org/web/20160113174149/http://www.iitr.ac.in:80/departments/DM/pages/People+Faculty.html
J. P. Singh,Management Studies,Former faculty (2016-2023); last listed as Retired Faculty,former,,https://iitr.ac.in/Departments/Management Studies Department/People/Faculty/100338.html,j.singh@ms.iitr.ac.in,,,,,,,https://iitr.ac.in/Departments/Management Studies Department/People/Faculty/index.html ; https://web.archive.org/web/20190716184918/https://www.iitr.ac.in/departments/AH/pages/People+Faculty.html
Kamalendu Bali,Management Studies,Former faculty (2016-2016); last listed as Visiting Professor,former,,,imgdm020@iitr.ac.in,,,,,,,https://web.archive.org/web/20160113174149/http://www.iitr.ac.in:80/departments/DM/pages/People+Faculty.html
Loveneesh Chanana,Management Studies,Former faculty (2016-2017); last listed as Visiting Professor,former,,,imgdm018@iitr.ac.in,,,,,,,https://web.archive.org/web/20160113174149/http://www.iitr.ac.in:80/departments/DM/pages/People+Faculty.html
M. A. Zahir,Management Studies,Former faculty (2016-2016); last listed as Visiting Professor,former,,,imgdm015@iitr.ac.in,,,,,,,https://web.archive.org/web/20160113174149/http://www.iitr.ac.in:80/departments/DM/pages/People+Faculty.html
M. K. Rao,Management Studies,Former faculty (2016-2019); last listed as Assistant Professor,former,,,mkraofdm@iitr.ac.in,,,,,,,https://web.archive.org/web/20190716184918/https://www.iitr.ac.in/departments/AH/pages/People+Faculty.html
Namjae Cho,Management Studies,Former faculty (2021-2021); last listed as Adjunct Faculty,former,,,namje.cho@ms.iitr.ac.in,,,,,,,https://web.archive.org/web/20210723151105/https://www.iitr.ac.in/departments/DM/pages/People+Faculty.html
RK Tyagi,Management Studies,Professor of practice,adjunct,,https://iitr.ac.in/Departments/Management Studies Department/People/Faculty/800013.html,rk.tyagi@ms.iitr.ac.in,,,,,,,https://iitr.ac.in/Departments/Management Studies Department/People/Faculty/index.html
Raj Agnihotri,Management Studies,Professor of practice,adjunct,,https://iitr.ac.in/Departments/Management Studies Department/People/Faculty/800048.html,raj.agnihotri@ms.iitr.ac.in,,,,,,,https://iitr.ac.in/Departments/Management Studies Department/People/Faculty/index.html
Rajiv Ranjan Mishra,Management Studies,Former faculty (2022-2024); last listed as Professor of practice,former,,,rajiv.ranjan@ms.iitr.ac.in,,,,,,,https://web.archive.org/web/20220816215831/https://iitr.ac.in/Departments/Management%20Studies%20Department/People/Faculty/index.html
Sharath Hangal,Management Studies,Former faculty (2016-2016); last listed as Visiting Professor,former,,,imgdm003@iitr.ac.in,,,,,,,https://web.archive.org/web/20160113174149/http://www.iitr.ac.in:80/departments/DM/pages/People+Faculty.html
V. K. Nangia,Management Studies,Former faculty (2016-2017); last listed as Retired Faculty,former,,https://iitr.ac.in/Departments/Management Studies Department/People/Faculty/100336.html,nangvfdm@iitr.ac.in,,,,,,,https://iitr.ac.in/Departments/Management Studies Department/People/Faculty/index.html ; https://web.archive.org/web/20160113174149/http://www.iitr.ac.in:80/departments/DM/pages/People+Faculty.html
Vijeta Agarwal,Management Studies,Former faculty (2016-2016); last listed as Visiting Professor,former,,,imgdm021@iitr.ac.in,,,,,,,https://web.archive.org/web/20160113174149/http://www.iitr.ac.in:80/departments/DM/pages/People+Faculty.html
Vimal Kishore,Management Studies,Former faculty (2016-2016); last listed as Visiting Professor,former,,,imgpf034@iitr.ac.in,,,,,,,https://web.archive.org/web/20160113174149/http://www.iitr.ac.in:80/departments/DM/pages/People+Faculty.html
Zillur Rahman,Management Studies,Former faculty (1999-2024); last listed as Professor,former,1999,,zillur.rahman@ms.iitr.ac.in,0000-0003-2785-0200,,,,,,https://web.archive.org/web/20190716184918/https://www.iitr.ac.in/departments/AH/pages/People+Faculty.html
A. Swaminathan,Mathematics,Professor,current,,https://iitr.ac.in/Departments/Mathematics Department/People/Faculty/100453.html,a.swaminathan@ma.iitr.ac.in,,,,,,,https://iitr.ac.in/Departments/Mathematics Department/People/Faculty/index.html
Aditi Gangopadhyay,Mathematics,Professor,current,2004,https://iitr.ac.in/Departments/Mathematics Department/People/Faculty/100404.html,aditi.gangopadhyay@ma.iitr.ac.in,0009-0008-1135-5321,https://scholar.google.com/citations?user=o_KDWIsAAAAJ,,,,,https://iitr.ac.in/Departments/Mathematics Department/People/Faculty/index.html
Ameeya K. Nayak,Mathematics,Professor,current,2012,https://iitr.ac.in/Departments/Mathematics Department/People/Faculty/100616.html,ameeya.nayak@ma.iitr.ac.in,0000-0002-8923-5492,,,,,,https://iitr.ac.in/Departments/Mathematics Department/People/Faculty/index.html
Amit Maji,Mathematics,Associate Professor,current,2018,https://iitr.ac.in/Departments/Mathematics Department/People/Faculty/100820.html,amit.maji@ma.iitr.ac.in,0000-0001-9068-8571,,,,,,https://iitr.ac.in/Departments/Mathematics Department/People/Faculty/index.html
Ankik Kumar Giri,Mathematics,Professor,current,2014,https://iitr.ac.in/Departments/Mathematics Department/People/Faculty/100680.html,ankik.giri@ma.iitr.ac.in,,,,,,,https://iitr.ac.in/Departments/Mathematics Department/People/Faculty/index.html
Arbaz Khan,Mathematics,Associate Professor,current,2020,https://iitr.ac.in/Departments/Mathematics Department/People/Faculty/100878.html,arbaz@ma.iitr.ac.in,0000-0001-6625-700X,,,,,,https://iitr.ac.in/Departments/Mathematics Department/People/Faculty/index.html
Arunava Mandal,Mathematics,Assistant Professor,current,2022,https://iitr.ac.in/Departments/Mathematics Department/People/Faculty/100993.html,arunava@ma.iitr.ac.in,0000-0003-2123-8184,,,,,,https://iitr.ac.in/Departments/Mathematics Department/People/Faculty/index.html
Chaman Kumar,Mathematics,Associate Professor,current,,https://iitr.ac.in/Departments/Mathematics Department/People/Faculty/100781.html,chaman.kumar@ma.iitr.ac.in,,https://scholar.google.com/citations?user=cowGhuYAAAAJ,,,,,https://iitr.ac.in/Departments/Mathematics Department/People/Faculty/index.html
D. N. Pandey,Mathematics,Professor,current,,https://iitr.ac.in/Departments/Mathematics Department/People/Faculty/100558.html,dwijendra.pandey@ma.iitr.ac.in,,,,,,,https://iitr.ac.in/Departments/Mathematics Department/People/Faculty/index.html
Deepak Kumar,Mathematics,Assistant Professor,current,,https://iitr.ac.in/Departments/Mathematics Department/People/Faculty/101092.html,deepak.kumar@ma.iitr.ac.in,,,,,,,https://iitr.ac.in/Departments/Mathematics Department/People/Faculty/index.html
Gargi Ghosh,Mathematics,Assistant Professor,current,,https://iitr.ac.in/Departments/Mathematics Department/People/Faculty/101056.html,gargi.ghosh@ma.iitr.ac.in,,,,,,,https://iitr.ac.in/Departments/Mathematics Department/People/Faculty/index.html
Mahendra Kumar Verma,Mathematics,Assistant Professor,current,2019,https://iitr.ac.in/Departments/Mathematics Department/People/Faculty/100862.html,mahendraverma@ma.iitr.ac.in,0009-0001-2847-4545,,,,,,https://iitr.ac.in/Departments/Mathematics Department/People/Faculty/index.html
Maheshanand,Mathematics,Head of the Department,current,2010,https://iitr.ac.in/Departments/Mathematics Department/People/Faculty/100553.html,maheshanand@ma.iitr.ac.in,,,,,,,https://iitr.ac.in/Departments/Mathematics Department/People/Faculty/index.html
Manil T. Mohan,Mathematics,Associate Professor,current,2018,https://iitr.ac.in/Departments/Mathematics Department/People/Faculty/100801.html,maniltmohan@ma.iitr.ac.in,0000-0003-3197-1136,,,,,,https://iitr.ac.in/Departments/Mathematics Department/People/Faculty/index.html
Narayan Rakshit,Mathematics,Assistant Professor,current,,https://iitr.ac.in/Departments/Mathematics Department/People/Faculty/101013.html,nrakshit@ma.iitr.ac.in,,,,,,,https://iitr.ac.in/Departments/Mathematics Department/People/Faculty/index.html
Pratibha,Mathematics,Associate Professor,current,,https://iitr.ac.in/Departments/Mathematics Department/People/Faculty/100456.html,pratibha@ma.iitr.ac.in,,,,,,,https://iitr.ac.in/Departments/Mathematics Department/People/Faculty/index.html
Premananda Bera,Mathematics,Professor,current,2002,https://iitr.ac.in/Departments/Mathematics Department/People/Faculty/100237.html,p.bera@ma.iitr.ac.in,0000-0002-9030-984X,,,,,,https://iitr.ac.in/Departments/Mathematics Department/People/Faculty/index.html
Rahul Kumar,Mathematics,Assistant Professor,current,,https://iitr.ac.in/Departments/Mathematics Department/People/Faculty/101074.html,rahul.kumar@ma.iitr.ac.in,,,,,,,https://iitr.ac.in/Departments/Mathematics Department/People/Faculty/index.html
Ram Jiwari,Mathematics,Professor,current,2014,https://iitr.ac.in/Departments/Mathematics Department/People/Faculty/100664.html,ram.jiwari@ma.iitr.ac.in,0000-0003-3580-6525,,,,,,https://iitr.ac.in/Departments/Mathematics Department/People/Faculty/index.html
Ram Krishna Pandey,Mathematics,Professor,current,2014,https://iitr.ac.in/Departments/Mathematics Department/People/Faculty/100656.html,ram.pandey@ma.iitr.ac.in,,,,,,,https://iitr.ac.in/Departments/Mathematics Department/People/Faculty/index.html
Saikat Saha,Mathematics,Assistant Professor,current,2021,https://iitr.ac.in/Departments/Mathematics Department/People/Faculty/100957.html,saikat.saha@ma.iitr.ac.in,0000-0001-7920-7714,,,,,,https://iitr.ac.in/Departments/Mathematics Department/People/Faculty/index.html
Sandip Banerjee,Mathematics,Professor,current,2008,https://iitr.ac.in/Departments/Mathematics Department/People/Faculty/100518.html,sandip.banerjee@ma.iitr.ac.in,,,,,,,https://iitr.ac.in/Departments/Mathematics Department/People/Faculty/index.html
Sanjeev Kumar,Mathematics,Professor,current,2010,https://iitr.ac.in/Departments/Mathematics Department/People/Faculty/100550.html,sanjeev.kumar@ma.iitr.ac.in,0000-0001-7728-3668,https://scholar.google.com/citations?user=FWh8EFkAAAAJ,,,https://iitr.irins.org/profile/99763,,https://iitr.ac.in/Departments/Mathematics Department/People/Faculty/index.html
Shambhu Nath Maurya,Mathematics,Assistant Professor,current,2025,https://iitr.ac.in/Departments/Mathematics Department/People/Faculty/101093.html,shambhu.nath@ma.iitr.ac.in,0000-0003-3461-1857,,,,,,https://iitr.ac.in/Departments/Mathematics Department/People/Faculty/index.html
Shiv Kumar Gupta,Mathematics,Professor,current,2012,https://iitr.ac.in/Departments/Mathematics Department/People/Faculty/100614.html,s.gupta@ma.iitr.ac.in,,,,,,,https://iitr.ac.in/Departments/Mathematics Department/People/Faculty/index.html
Sugandha Maheshwary,Mathematics,Assistant Professor,current,2022,https://iitr.ac.in/Departments/Mathematics Department/People/Faculty/100991.html,msugandha@ma.iitr.ac.in,0000-0002-8343-1492,,,,,,https://iitr.ac.in/Departments/Mathematics Department/People/Faculty/index.html
Surojit Ghosh,Mathematics,Assistant Professor,current,2021,https://iitr.ac.in/Departments/Mathematics Department/People/Faculty/100927.html,surojit.ghosh@ma.iitr.ac.in,0000-0002-2034-6063,,,,,,https://iitr.ac.in/Departments/Mathematics Department/People/Faculty/index.html
Tanuja Srivastava,Mathematics,Professor,current,,https://iitr.ac.in/Departments/Mathematics Department/People/Faculty/100240.html,tanuja.srivastava@ma.iitr.ac.in,,,,,,,https://iitr.ac.in/Departments/Mathematics Department/People/Faculty/index.html
Uaday Singh,Mathematics,Professor,current,2010,https://iitr.ac.in/Departments/Mathematics Department/People/Faculty/100548.html,uaday.singh@ma.iitr.ac.in,0000-0002-6272-7753,https://scholar.google.com/citations?user=LhB9zjUAAAAJ,,,,,https://iitr.ac.in/Departments/Mathematics Department/People/Faculty/index.html
Kusum Deep,Mathematics,Emeritus Professor,emeritus,1988,https://iitr.ac.in/Departments/Mathematics Department/People/Faculty/100236.html,kusum.deep@ma.iitr.ac.in,0000-0001-5821-2696,,,,,,https://iitr.ac.in/Departments/Mathematics Department/People/Faculty/index.html
M. L. Mittal,Mathematics,Former faculty (2016-2016); last listed as Ex Faculty,former,,https://iitr.ac.in/Departments/Mathematics Department/People/Faculty/100226.html,mymitfma@iitr.ac.in,,,,,,,https://iitr.ac.in/Departments/Mathematics Department/People/Faculty/index.html ; https://web.archive.org/web/20160129211655/http://www.iitr.ac.in:80/departments/MA/pages/People+Faculty_List.html
Madhu Jain,Mathematics,Former faculty (2008-2025); last listed as Retired Faculty,former,2008,https://iitr.ac.in/Departments/Mathematics Department/People/Faculty/100526.html,madhu.jain@ma.iitr.ac.in,0000-0002-8183-5338,https://scholar.google.com/citations?user=3FG971wAAAAJ,,57190382404,,,https://iitr.ac.in/Departments/Mathematics Department/People/Faculty/index.html ; https://web.archive.org/web/20190716184918/https://www.iitr.ac.in/departments/AH/pages/People+Faculty.html
N. Sukavanam,Mathematics,Former faculty (2016-2023); last listed as Ex Faculty,former,,https://iitr.ac.in/Departments/Mathematics Department/People/Faculty/100235.html,n.sukavanam@ma.iitr.ac.in,,,,,,,https://iitr.ac.in/Departments/Mathematics Department/People/Faculty/index.html ; https://web.archive.org/web/20190716184918/https://www.iitr.ac.in/departments/AH/pages/People+Faculty.html
P. N. Agrawal,Mathematics,Former faculty (2016-2021); last listed as Emeritus Professor,former,,,p.agrawal@ma.iitr.ac.in,,,,,,,https://web.archive.org/web/20190716184918/https://www.iitr.ac.in/departments/AH/pages/People+Faculty.html
R. C. Mittal,Mathematics,Former faculty (1980-2019); last listed as Retired Faculty,former,1980,,rcmmmfma@iitr.ac.in,0000-0003-4094-9600,,,,,,https://web.archive.org/web/20190716184918/https://www.iitr.ac.in/departments/AH/pages/People+Faculty.html
R. R. Bhargava,Mathematics,Former faculty (2016-2021); last listed as Ex Faculty,former,,https://iitr.ac.in/Departments/Mathematics Department/People/Faculty/100224.html,rajrbfma@iitr.ac.in,,,,,,,https://iitr.ac.in/Departments/Mathematics Department/People/Faculty/index.html ; https://web.archive.org/web/20190716184918/https://www.iitr.ac.in/departments/AH/pages/People+Faculty.html
Roshan Lal,Mathematics,Former faculty (2016-2019); last listed as Professor,former,,,rlatmfma@iitr.ac.in,,,,,,,https://web.archive.org/web/20190716184918/https://www.iitr.ac.in/departments/AH/pages/People+Faculty.html
S. P. Sharma,Mathematics,Former faculty (2016-2019); last listed as Retired Faculty,former,,,sspprfma@iitr.ac.in,,,,,,,https://web.archive.org/web/20190716184918/https://www.iitr.ac.in/departments/AH/pages/People+Faculty.html
Shiv Prasad Yadav,Mathematics,Former faculty (2016-2023); last listed as Ex Faculty,former,,https://iitr.ac.in/Departments/Mathematics Department/People/Faculty/100234.html,shiv.yadav@ma.iitr.ac.in,,,,,,,https://iitr.ac.in/Departments/Mathematics Department/People/Faculty/index.html ; https://web.archive.org/web/20190716184918/https://www.iitr.ac.in/departments/AH/pages/People+Faculty.html
Sunita Gakkhar,Mathematics,Former faculty (2016-2021); last listed as Ex Faculty,former,,https://iitr.ac.in/Departments/Mathematics Department/People/Faculty/100232.html,sungkfma@iitr.ac.in,,,,,,,https://iitr.ac.in/Departments/Mathematics Department/People/Faculty/index.html ; https://web.archive.org/web/20190716184918/https://www.iitr.ac.in/departments/AH/pages/People+Faculty.html
T. R. Gulati,Mathematics,Former faculty (2016-2016); last listed as Ex Faculty,former,,https://iitr.ac.in/Departments/Mathematics Department/People/Faculty/100220.html,trgorfma@iitr.ac.in,,,,,,,https://iitr.ac.in/Departments/Mathematics Department/People/Faculty/index.html ; https://web.archive.org/web/20160129211655/http://www.iitr.ac.in:80/departments/MA/pages/People+Faculty_List.html
V. K. Katiyar,Mathematics,Former faculty (2016-2019); last listed as Retired Faculty,former,,,vktmafma@iitr.ac.in,,,,,,,https://web.archive.org/web/20190716184918/https://www.iitr.ac.in/departments/AH/pages/People+Faculty.html
Abinash Kumar Swain,Mechanical and Industrial Engineering,Associate Professor,current,2013,https://iitr.ac.in/Departments/Mechanical and Industrial Engineering Department/People/Faculty/100640.html,abinash.swain@me.iitr.ac.in,0000-0002-6950-1167,,,,,,https://iitr.ac.in/Departments/Mechanical and Industrial Engineering Department/People/Faculty/index.html
Ajit Kumar Dubey,Mechanical and Industrial Engineering,Assistant Professor,current,2021,https://iitr.ac.in/Departments/Mechanical and Industrial Engineering Department/People/Faculty/100961.html,ajit.dubey@me.iitr.ac.in,0000-0002-6074-412X,,,,,,https://iitr.ac.in/Departments/Mechanical and Industrial Engineering Department/People/Faculty/index.html
Akshay Dvivedi,Mechanical and Industrial Engineering,Head of the Department,current,2009,https://iitr.ac.in/Departments/Mechanical and Industrial Engineering Department/People/Faculty/100549.html,akshaydvivedi@me.iitr.ac.in,0000-0002-1293-069X,,,,,,https://iitr.ac.in/Departments/Mechanical and Industrial Engineering Department/People/Faculty/index.html
Alankrita Singh,Mechanical and Industrial Engineering,Assistant Professor,current,,https://iitr.ac.in/Departments/Mechanical and Industrial Engineering Department/People/Faculty/100974.html,alankrita@me.iitr.ac.in,,,,,,,https://iitr.ac.in/Departments/Mechanical and Industrial Engineering Department/People/Faculty/index.html
Amit Choudhary,Mechanical and Industrial Engineering,Assistant Professor,current,2021,https://iitr.ac.in/Departments/Mechanical and Industrial Engineering Department/People/Faculty/100943.html,amit.choudhary@me.iitr.ac.in,,https://scholar.google.com/citations?user=wa4-6JYAAAAJ,,,,,https://iitr.ac.in/Departments/Mechanical and Industrial Engineering Department/People/Faculty/index.html
Amritesh Kumar,Mechanical and Industrial Engineering,Assistant Professor,current,,https://iitr.ac.in/Departments/Mechanical and Industrial Engineering Department/People/Faculty/101112.html,amritesh.kumar@me.iitr.ac.in,,,,,,,https://iitr.ac.in/Departments/Mechanical and Industrial Engineering Department/People/Faculty/index.html
Andallib Tariq,Mechanical and Industrial Engineering,Professor,current,2007,https://iitr.ac.in/Departments/Mechanical and Industrial Engineering Department/People/Faculty/100496.html,atariq@me.iitr.ac.in,0000-0002-7437-9960,,,,,,https://iitr.ac.in/Departments/Mechanical and Industrial Engineering Department/People/Faculty/index.html
Anil Kumar,Mechanical and Industrial Engineering,Professor,current,2012,https://iitr.ac.in/Departments/Mechanical and Industrial Engineering Department/People/Faculty/100607.html,anil.kumar@me.iitr.ac.in,,,,,,,https://iitr.ac.in/Departments/Mechanical and Industrial Engineering Department/People/Faculty/index.html
Ankit Bansal,Mechanical and Industrial Engineering,Professor,current,2013,https://iitr.ac.in/Departments/Mechanical and Industrial Engineering Department/People/Faculty/100639.html,ankit.bansal@me.iitr.ac.in,0000-0002-2395-2296,,,,,,https://iitr.ac.in/Departments/Mechanical and Industrial Engineering Department/People/Faculty/index.html
Anuj Bisht,Mechanical and Industrial Engineering,Assistant Professor,current,,https://iitr.ac.in/Departments/Mechanical and Industrial Engineering Department/People/Faculty/101032.html,anuj.bisht@me.iitr.ac.in,,,,,,,https://iitr.ac.in/Departments/Mechanical and Industrial Engineering Department/People/Faculty/index.html
Apurbba Kumar Sharma,Mechanical and Industrial Engineering,Professor,current,2006,https://iitr.ac.in/Departments/Mechanical and Industrial Engineering Department/People/Faculty/100445.html,aks@me.iitr.ac.in,0000-0001-9783-1000,https://scholar.google.com/citations?user=1jkHT0gAAAAJ,,,,,https://iitr.ac.in/Departments/Mechanical and Industrial Engineering Department/People/Faculty/index.html
Arup Kumar Das,Mechanical and Industrial Engineering,Professor,current,2013,https://iitr.ac.in/Departments/Mechanical and Industrial Engineering Department/People/Faculty/100669.html,arup.das@me.iitr.ac.in,,,,,,,https://iitr.ac.in/Departments/Mechanical and Industrial Engineering Department/People/Faculty/index.html
Avijit Saha,Mechanical and Industrial Engineering,Assistant Professor,current,2026,https://iitr.ac.in/Departments/Mechanical and Industrial Engineering Department/People/Faculty/101109.html,avijit.saha@me.iitr.ac.in,0000-0003-2017-1918,,,,,,https://iitr.ac.in/Departments/Mechanical and Industrial Engineering Department/People/Faculty/index.html
Avinash Parashar,Mechanical and Industrial Engineering,Professor,current,2014,https://iitr.ac.in/Departments/Mechanical and Industrial Engineering Department/People/Faculty/100667.html,avinash.parashar@me.iitr.ac.in,0000-0002-1052-0670,,,,,,https://iitr.ac.in/Departments/Mechanical and Industrial Engineering Department/People/Faculty/index.html
B. K. Gandhi,Mechanical and Industrial Engineering,Professor,current,2001,https://iitr.ac.in/Departments/Mechanical and Industrial Engineering Department/People/Faculty/100120.html,bkgandhi@me.iitr.ac.in,,,,,,,https://iitr.ac.in/Departments/Mechanical and Industrial Engineering Department/People/Faculty/index.html
B. K. Mishra,Mechanical and Industrial Engineering,Professor,current,1990,https://iitr.ac.in/Departments/Mechanical and Industrial Engineering Department/People/Faculty/100114.html,bhanu.mishra@me.iitr.ac.in,,https://scholar.google.com/citations?user=bQ4XrgcAAAAJ,,,,,https://iitr.ac.in/Departments/Mechanical and Industrial Engineering Department/People/Faculty/index.html
D. Benny Karunakar,Mechanical and Industrial Engineering,Associate Professor,current,2008,https://iitr.ac.in/Departments/Mechanical and Industrial Engineering Department/People/Faculty/100517.html,benny.karunakar@me.iitr.ac.in,0000-0002-4166-9072,,,,,,https://iitr.ac.in/Departments/Mechanical and Industrial Engineering Department/People/Faculty/index.html
D. K. Saxena,Mechanical and Industrial Engineering,Professor,current,2012,https://iitr.ac.in/Departments/Mechanical and Industrial Engineering Department/People/Faculty/100603.html,dhish.saxena@me.iitr.ac.in,,https://scholar.google.com/citations?user=cbAvO80AAAAJ,,,,,https://iitr.ac.in/Departments/Mechanical and Industrial Engineering Department/People/Faculty/index.html
Dhanashri M. Joglekar,Mechanical and Industrial Engineering,Associate Professor,current,2016,https://iitr.ac.in/Departments/Mechanical and Industrial Engineering Department/People/Faculty/100799.html,dhanashri.joglekar@me.iitr.ac.in,,,,,,,https://iitr.ac.in/Departments/Mechanical and Industrial Engineering Department/People/Faculty/index.html
Dheerendra Kr. Dwivedi,Mechanical and Industrial Engineering,Professor,current,2004,https://iitr.ac.in/Departments/Mechanical and Industrial Engineering Department/People/Faculty/100405.html,dwivedi@me.iitr.ac.in,0000-0002-3593-2110,https://scholar.google.com/citations?user=gpTmDd4AAAAJ,,,,,https://iitr.ac.in/Departments/Mechanical and Industrial Engineering Department/People/Faculty/index.html
Ganpule Shailesh Govind,Mechanical and Industrial Engineering,Associate Professor,current,2016,https://iitr.ac.in/Departments/Mechanical and Industrial Engineering Department/People/Faculty/100774.html,ganpule@me.iitr.ac.in,,,,,,,https://iitr.ac.in/Departments/Mechanical and Industrial Engineering Department/People/Faculty/index.html
Inderdeep Singh,Mechanical and Industrial Engineering,Professor,current,2005,https://iitr.ac.in/Departments/Mechanical and Industrial Engineering Department/People/Faculty/100442.html,inderdeep.singh@me.iitr.ac.in,,,,,,,https://iitr.ac.in/Departments/Mechanical and Industrial Engineering Department/People/Faculty/index.html
Indra Vir Singh,Mechanical and Industrial Engineering,Professor,current,2007,https://iitr.ac.in/Departments/Mechanical and Industrial Engineering Department/People/Faculty/100483.html,ivsingh@me.iitr.ac.in,,,,,,,https://iitr.ac.in/Departments/Mechanical and Industrial Engineering Department/People/Faculty/index.html
K. M. Singh,Mechanical and Industrial Engineering,Professor,current,2003,https://iitr.ac.in/Departments/Mechanical and Industrial Engineering Department/People/Faculty/100378.html,krishna.singh@me.iitr.ac.in,,,,,,,https://iitr.ac.in/Departments/Mechanical and Industrial Engineering Department/People/Faculty/index.html
Kaushik Pal,Mechanical and Industrial Engineering,Professor,current,2012,https://iitr.ac.in/Departments/Mechanical and Industrial Engineering Department/People/Faculty/100592.html,kaushik@me.iitr.ac.in,0000-0002-7409-9344,,,,,,https://iitr.ac.in/Departments/Mechanical and Industrial Engineering Department/People/Faculty/index.html
Kirti Bhushan Mishra,Mechanical and Industrial Engineering,Assistant Professor,current,2015,https://iitr.ac.in/Departments/Mechanical and Industrial Engineering Department/People/Faculty/100729.html,kirti.mishra@me.iitr.ac.in,,,,,,,https://iitr.ac.in/Departments/Mechanical and Industrial Engineering Department/People/Faculty/index.html
M. M. Joglekar,Mechanical and Industrial Engineering,Professor,current,2012,https://iitr.ac.in/Departments/Mechanical and Industrial Engineering Department/People/Faculty/100615.html,manish.joglekar@me.iitr.ac.in,,,,,,,https://iitr.ac.in/Departments/Mechanical and Industrial Engineering Department/People/Faculty/index.html
Manish Mishra,Mechanical and Industrial Engineering,Professor,current,2008,https://iitr.ac.in/Departments/Mechanical and Industrial Engineering Department/People/Faculty/100514.html,mmishra@me.iitr.ac.in,0000-0002-6332-9319,,,,,,https://iitr.ac.in/Departments/Mechanical and Industrial Engineering Department/People/Faculty/index.html
Navneet Arora,Mechanical and Industrial Engineering,Professor,current,1998,https://iitr.ac.in/Departments/Mechanical and Industrial Engineering Department/People/Faculty/100118.html,navneet.arora@me.iitr.ac.in,0000-0003-4374-4117,,,,,,https://iitr.ac.in/Departments/Mechanical and Industrial Engineering Department/People/Faculty/index.html
Nikhil Kumar Singh,Mechanical and Industrial Engineering,Assistant Professor,current,,https://iitr.ac.in/Departments/Mechanical and Industrial Engineering Department/People/Faculty/100937.html,nikhil.singh@me.iitr.ac.in,0000-0003-4439-1456,,,,,,https://iitr.ac.in/Departments/Mechanical and Industrial Engineering Department/People/Faculty/index.html
Nitish Arya,Mechanical and Industrial Engineering,Assistant Professor,current,,https://iitr.ac.in/Departments/Mechanical and Industrial Engineering Department/People/Faculty/101057.html,nitish.arya@me.iitr.ac.in,,,,,,,https://iitr.ac.in/Departments/Mechanical and Industrial Engineering Department/People/Faculty/index.html
P. K. Jain,Mechanical and Industrial Engineering,Professor,current,,https://iitr.ac.in/Departments/Mechanical and Industrial Engineering Department/People/Faculty/100115.html,pramod.jain@me.iitr.ac.in,,,,,,,https://iitr.ac.in/Departments/Mechanical and Industrial Engineering Department/People/Faculty/index.html
P. M. Pathak,Mechanical and Industrial Engineering,Professor,current,2006,https://iitr.ac.in/Departments/Mechanical and Industrial Engineering Department/People/Faculty/100450.html,pushparaj.pathak@me.iitr.ac.in,0000-0001-7068-8574,,,,,,https://iitr.ac.in/Departments/Mechanical and Industrial Engineering Department/People/Faculty/index.html
Pradeep Kr. Jha,Mechanical and Industrial Engineering,Professor,current,2007,https://iitr.ac.in/Departments/Mechanical and Industrial Engineering Department/People/Faculty/100480.html,pradeep.jha@me.iitr.ac.in,0000-0003-2289-1513,,,,,,https://iitr.ac.in/Departments/Mechanical and Industrial Engineering Department/People/Faculty/index.html
Pradeep Kumar,Mechanical and Industrial Engineering,Professor,current,2003,https://iitr.ac.in/Departments/Mechanical and Industrial Engineering Department/People/Faculty/100113.html,pradeep.kumar@me.iitr.ac.in,,,,,,,https://iitr.ac.in/Departments/Mechanical and Industrial Engineering Department/People/Faculty/index.html
Rahul S. Mulik,Mechanical and Industrial Engineering,Professor,current,2012,https://iitr.ac.in/Departments/Mechanical and Industrial Engineering Department/People/Faculty/100609.html,rahul.mulik@me.iitr.ac.in,0000-0002-0347-7328,https://scholar.google.com/citations?user=3FvUR1cAAAAJ,,,,,https://iitr.ac.in/Departments/Mechanical and Industrial Engineering Department/People/Faculty/index.html
Ravi Kumar,Mechanical and Industrial Engineering,Professor,current,,https://iitr.ac.in/Departments/Mechanical and Industrial Engineering Department/People/Faculty/100122.html,ravi@me.iitr.ac.in,,,,,,,https://iitr.ac.in/Departments/Mechanical and Industrial Engineering Department/People/Faculty/index.html
S H Upadhyay,Mechanical and Industrial Engineering,Professor,current,2010,https://iitr.ac.in/Departments/Mechanical and Industrial Engineering Department/People/Faculty/100552.html,sanjay.upadhyay@me.iitr.ac.in,,,,,,,https://iitr.ac.in/Departments/Mechanical and Industrial Engineering Department/People/Faculty/index.html
S. P. Harsha,Mechanical and Industrial Engineering,Professor,current,2007,https://iitr.ac.in/Departments/Mechanical and Industrial Engineering Department/People/Faculty/100488.html,s.harsha@me.iitr.ac.in,0000-0003-4749-9892,,,,,,https://iitr.ac.in/Departments/Mechanical and Industrial Engineering Department/People/Faculty/index.html
Santanu Kumar Sahoo,Mechanical and Industrial Engineering,Assistant Professor,current,2025,https://iitr.ac.in/Departments/Mechanical and Industrial Engineering Department/People/Faculty/101101.html,santanu.sahoo@me.iitr.ac.in,0000-0002-6074-8825,,,,,,https://iitr.ac.in/Departments/Mechanical and Industrial Engineering Department/People/Faculty/index.html
Saurabh Sharma,Mechanical and Industrial Engineering,Assistant Professor,current,,https://iitr.ac.in/Departments/Mechanical and Industrial Engineering Department/People/Faculty/101028.html,saurabh.sharma@me.iitr.ac.in,,,,,,,https://iitr.ac.in/Departments/Mechanical and Industrial Engineering Department/People/Faculty/index.html
Shamik Basak,Mechanical and Industrial Engineering,Associate Professor,current,2021,https://iitr.ac.in/Departments/Mechanical and Industrial Engineering Department/People/Faculty/100931.html,shamik.basak@me.iitr.ac.in,0000-0003-1578-4250,https://scholar.google.com/citations?user=UsTnymQAAAAJ,,,,,https://iitr.ac.in/Departments/Mechanical and Industrial Engineering Department/People/Faculty/index.html
Siladitya Pal,Mechanical and Industrial Engineering,Associate Professor,current,,https://iitr.ac.in/Departments/Mechanical and Industrial Engineering Department/People/Faculty/100716.html,siladitya.pal@me.iitr.ac.in,,,,,,,https://iitr.ac.in/Departments/Mechanical and Industrial Engineering Department/People/Faculty/index.html
Sneha Singh,Mechanical and Industrial Engineering,Associate Professor,current,2019,https://iitr.ac.in/Departments/Mechanical and Industrial Engineering Department/People/Faculty/100831.html,sneha.singh@me.iitr.ac.in,,,,,,,https://iitr.ac.in/Departments/Mechanical and Industrial Engineering Department/People/Faculty/index.html
Sudhakar Subudhi,Mechanical and Industrial Engineering,Professor,current,2012,https://iitr.ac.in/Departments/Mechanical and Industrial Engineering Department/People/Faculty/100594.html,sudhakar.subudhi@me.iitr.ac.in,0000-0002-6406-5554,,,,,,https://iitr.ac.in/Departments/Mechanical and Industrial Engineering Department/People/Faculty/index.html
Sushanta Dutta,Mechanical and Industrial Engineering,Professor,current,2008,https://iitr.ac.in/Departments/Mechanical and Industrial Engineering Department/People/Faculty/100513.html,sushanta@me.iitr.ac.in,0000-0002-8707-6133,,,,,,https://iitr.ac.in/Departments/Mechanical and Industrial Engineering Department/People/Faculty/index.html
V. Huzur Saran,Mechanical and Industrial Engineering,Professor,current,,https://iitr.ac.in/Departments/Mechanical and Industrial Engineering Department/People/Faculty/100108.html,v.saran@me.iitr.ac.in,,,,,,,https://iitr.ac.in/Departments/Mechanical and Industrial Engineering Department/People/Faculty/index.html
Varun Sharma,Mechanical and Industrial Engineering,Associate Professor,current,2018,https://iitr.ac.in/Departments/Mechanical and Industrial Engineering Department/People/Faculty/100797.html,varun.sharma@me.iitr.ac.in,,,,,,,https://iitr.ac.in/Departments/Mechanical and Industrial Engineering Department/People/Faculty/index.html
Vidit Gaur,Mechanical and Industrial Engineering,Associate Professor,current,2019,https://iitr.ac.in/Departments/Mechanical and Industrial Engineering Department/People/Faculty/100832.html,vidit.gaur@me.iitr.ac.in,0000-0003-0635-5833,,,,,,https://iitr.ac.in/Departments/Mechanical and Industrial Engineering Department/People/Faculty/index.html
Vishwajeet,Mechanical and Industrial Engineering,Ramanujan Faculty,current,,,,,,,,,,https://iitr.ac.in/Departments/Mechanical and Industrial Engineering Department/People/FacultyPDF.html
Akhilesh Gupta,Mechanical and Industrial Engineering,Former faculty (2016-2022); last listed as Retired Faculty,former,,https://iitr.ac.in/Departments/Mechanical and Industrial Engineering Department/People/Faculty/100106.html,akhilesh.gupta@me.iitr.ac.in,,,,,,,https://iitr.ac.in/Departments/Mechanical and Industrial Engineering Department/People/Faculty/index.html ; https://web.archive.org/web/20190716184918/https://www.iitr.ac.in/departments/AH/pages/People+Faculty.html
Ashbir Singh,Mechanical and Industrial Engineering,Former faculty (2017-2017); last listed as Retired Faculty,former,,https://iitr.ac.in/Departments/Mechanical and Industrial Engineering Department/People/Faculty/100770.html,ashbirfme@iitr.ac.in,,,,,,,https://iitr.ac.in/Departments/Mechanical and Industrial Engineering Department/People/Faculty/index.html ; https://web.archive.org/web/20170429204812/http://iitr.ac.in:80/departments/ME/pages/People+Faculty.html
Degala Venkata Kiran,Mechanical and Industrial Engineering,Former faculty (2016-2017); last listed as Retired Faculty,former,2016,https://iitr.ac.in/Departments/Mechanical and Industrial Engineering Department/People/Faculty/900002.html,dvkiranfme@iitr.ac.in,,,,,,,https://iitr.ac.in/Departments/Mechanical and Industrial Engineering Department/People/Faculty/index.html ; https://web.archive.org/web/20170429204812/http://iitr.ac.in:80/departments/ME/pages/People+Faculty.html
Dinesh Kumar,Mechanical and Industrial Engineering,Former faculty (1996-2022); last listed as Retired Faculty,former,1996,https://iitr.ac.in/Departments/Mechanical and Industrial Engineering Department/People/Faculty/100117.html,dinesfme@me.iitr.ac.in,0000-0003-2901-9701,,,,,,https://iitr.ac.in/Departments/Mechanical and Industrial Engineering Department/People/Faculty/index.html ; https://web.archive.org/web/20190716184918/https://www.iitr.ac.in/departments/AH/pages/People+Faculty.html
Krishnan Murugesan,Mechanical and Industrial Engineering,Former faculty (2005-2022); last listed as Retired Faculty,former,2005,https://iitr.ac.in/Departments/Mechanical and Industrial Engineering Department/People/Faculty/100437.html,krishnan.murugesan@me.iitr.ac.in,,,,,,,https://iitr.ac.in/Departments/Mechanical and Industrial Engineering Department/People/Faculty/index.html ; https://web.archive.org/web/20190716184918/https://www.iitr.ac.in/departments/AH/pages/People+Faculty.html
M. M. Mahapatra,Mechanical and Industrial Engineering,Former faculty (2016-2017); last listed as Retired Faculty,former,,https://iitr.ac.in/Departments/Mechanical and Industrial Engineering Department/People/Faculty/100534.html,manasfme@iitr.ac.in,,,,,,,https://iitr.ac.in/Departments/Mechanical and Industrial Engineering Department/People/Faculty/index.html ; https://web.archive.org/web/20160217153957/http://www.iitr.ac.in:80/departments/ME/pages/People+Faculty.html
P. K. Sahoo,Mechanical and Industrial Engineering,Former faculty (2016-2022); last listed as Retired Faculty,former,,https://iitr.ac.in/Departments/Mechanical and Industrial Engineering Department/People/Faculty/100119.html,pradeep.sahoo@me.iitr.ac.in,,,,,,,https://iitr.ac.in/Departments/Mechanical and Industrial Engineering Department/People/Faculty/index.html ; https://web.archive.org/web/20190716184918/https://www.iitr.ac.in/departments/AH/pages/People+Faculty.html
R. P. Gakkhar,Mechanical and Industrial Engineering,Former faculty (2016-2017); last listed as Retired Faculty,former,,https://iitr.ac.in/Departments/Mechanical and Industrial Engineering Department/People/Faculty/100100.html,gakhrfme@iitr.ac.in,,,,,,,https://iitr.ac.in/Departments/Mechanical and Industrial Engineering Department/People/Faculty/index.html ; https://web.archive.org/web/20160217153957/http://www.iitr.ac.in:80/departments/ME/pages/People+Faculty.html
Ram Kumar Singh,Mechanical and Industrial Engineering,Former faculty (2016-2017); last listed as Visiting Professor,former,,,rksinghfme@iitr.ac.in,,,,,,,https://web.archive.org/web/20160217153957/http://www.iitr.ac.in:80/departments/ME/pages/People+Faculty.html
Satish C. Sharma,Mechanical and Industrial Engineering,Former faculty (2013-2022); last listed as Retired Faculty,former,2013,https://iitr.ac.in/Departments/Mechanical and Industrial Engineering Department/People/Faculty/100105.html,sshmefme@me.iitr.ac.in,,,,,,,https://iitr.ac.in/Departments/Mechanical and Industrial Engineering Department/People/Faculty/index.html ; https://web.archive.org/web/20190716184918/https://www.iitr.ac.in/departments/AH/pages/People+Faculty.html
Amit Agrawal,Mehta Family School of Data Science and Artificial Intelligence,Associate Professor,current,2018,https://civil.iitr.ac.in/CE?Uid=amitfce,amit.agarwal@mfs.iitr.ac.in,0000-0002-3352-0227,https://scholar.google.com/citations?user=tk33FCkAAAAJ,,22333522300,https://iitr.irins.org/profile/99744,,https://mfs.iitr.ac.in/api/faculty
Gaurav Kumar Nayak,Mehta Family School of Data Science and Artificial Intelligence,Assistant Professor,current,2024,https://iitr.ac.in/Schools/Mehta%20Family%20School%20of%20Data%20Science%20and%20Artificial%20Intelligence/People/Faculty/101043.html,gauravkumar.nayak@mfs.iitr.ac.in,0000-0002-6406-6178,https://scholar.google.com/citations?user=cLCeKTkAAAAJ,,,,,https://mfs.iitr.ac.in/api/faculty
Ishaan Batta,Mehta Family School of Data Science and Artificial Intelligence,Assistant Professor,current,,https://scholar.google.com/citations?user=WhBuu1sAAAAJ&hl=en,ishaan@mfs.iitr.ac.in,,,,,,,https://mfs.iitr.ac.in/api/faculty
Tapas Nayak,Mehta Family School of Data Science and Artificial Intelligence,Assistant Professor,current,,https://nayakt.github.io/,tapas.nayak@mfs.iitr.ac.in,,https://scholar.google.com/citations?user=4AgZ2VYAAAAJ,,,,,https://mfs.iitr.ac.in/api/faculty
Noel Buckley,Mehta Family School of Data Science and Artificial Intelligence,Professor,adjunct,,/api/uploads/1763758030865-27f6b2613f64b33ef2fd0bacaed4803b-biopic_buckley.pdf,,,,,,,,https://mfs.iitr.ac.in/api/faculty
Abhishek Tewari,Metallurgical and Materials Engineering,Associate Professor,current,2019,https://iitr.ac.in/Departments/Metallurgical and Materials Engineering Department/People/Faculty/100872.html,abhishek@mt.iitr.ac.in,0000-0001-5977-2230,https://scholar.google.com/citations?user=wEaLj2EAAAAJ,,,,,https://iitr.ac.in/Departments/Metallurgical and Materials Engineering Department/People/Faculty/index.html
Anish Karmakar,Metallurgical and Materials Engineering,Associate Professor,current,2019,https://iitr.ac.in/Departments/Metallurgical and Materials Engineering Department/People/Faculty/100829.html,anish.karmakar@mt.iitr.ac.in,0000-0002-4240-2169,,,,,,https://iitr.ac.in/Departments/Metallurgical and Materials Engineering Department/People/Faculty/index.html
Anjan Sil,Metallurgical and Materials Engineering,Professor,current,2001,https://iitr.ac.in/Departments/Metallurgical and Materials Engineering Department/People/Faculty/100188.html,anjan.sil@mt.iitr.ac.in,,,,,,,https://iitr.ac.in/Departments/Metallurgical and Materials Engineering Department/People/Faculty/index.html
Aparna Tripathi,Metallurgical and Materials Engineering,Assistant Professor,current,,https://iitr.ac.in/Departments/Metallurgical and Materials Engineering Department/People/Faculty/101007.html,aparna.tripathi@mt.iitr.ac.in,,,,,,,https://iitr.ac.in/Departments/Metallurgical and Materials Engineering Department/People/Faculty/index.html
Arka Lahiri,Metallurgical and Materials Engineering,Associate Professor,current,2019,https://iitr.ac.in/Departments/Metallurgical and Materials Engineering Department/People/Faculty/100854.html,arka.lahiri@mt.iitr.ac.in,0000-0003-2836-2305,,,,,,https://iitr.ac.in/Departments/Metallurgical and Materials Engineering Department/People/Faculty/index.html
B. S. Sundar Daniel,Metallurgical and Materials Engineering,Professor,current,2014,https://iitr.ac.in/Departments/Metallurgical and Materials Engineering Department/People/Faculty/100399.html,sundar.daniel@mt.iitr.ac.in,,,,,,,https://iitr.ac.in/Departments/Metallurgical and Materials Engineering Department/People/Faculty/index.html
B. V. Manoj Kumar,Metallurgical and Materials Engineering,Head of the Department,current,,https://iitr.ac.in/Departments/Metallurgical and Materials Engineering Department/People/Faculty/100566.html,manoj.kumar@mt.iitr.ac.in,,,,,,,https://iitr.ac.in/Departments/Metallurgical and Materials Engineering Department/People/Faculty/index.html
Debrupa Lahiri,Metallurgical and Materials Engineering,Professor,current,2012,https://iitr.ac.in/Departments/Metallurgical and Materials Engineering Department/People/Faculty/100613.html,debrupa.lahiri@mt.iitr.ac.in,0000-0003-3499-7307,,,,,,https://iitr.ac.in/Departments/Metallurgical and Materials Engineering Department/People/Faculty/index.html
Devendra Puri,Metallurgical and Materials Engineering,Assistant Professor,current,,https://iitr.ac.in/Departments/Metallurgical and Materials Engineering Department/People/Faculty/100187.html,devendra.puri@mt.iitr.ac.in,,,,,,,https://iitr.ac.in/Departments/Metallurgical and Materials Engineering Department/People/Faculty/index.html
Digvijay Singh,Metallurgical and Materials Engineering,Ramanujan Fellow,current,,https://sites.google.com/view/digvijaysinghiiti/home,,,,,,,,https://iitr.ac.in/Departments/Metallurgical and Materials Engineering Department/People/Ramanujan Fellow.html
G. P. Chaudhari,Metallurgical and Materials Engineering,Professor,current,2006,https://iitr.ac.in/Departments/Metallurgical and Materials Engineering Department/People/Faculty/100463.html,g.chaudhari@mt.iitr.ac.in,0000-0001-5495-1053,,,,,,https://iitr.ac.in/Departments/Metallurgical and Materials Engineering Department/People/Faculty/index.html
Gautam Agarwal,Metallurgical and Materials Engineering,Assistant Professor,current,,https://iitr.ac.in/Departments/Metallurgical and Materials Engineering Department/People/Faculty/100932.html,gautam.agarwal@mt.iitr.ac.in,0000-0003-4669-7037,,,,,,https://iitr.ac.in/Departments/Metallurgical and Materials Engineering Department/People/Faculty/index.html
Indranil Lahiri,Metallurgical and Materials Engineering,Professor,current,2012,https://iitr.ac.in/Departments/Metallurgical and Materials Engineering Department/People/Faculty/100612.html,indranil.lahiri@mt.iitr.ac.in,0000-0002-5301-0072,,,,,,https://iitr.ac.in/Departments/Metallurgical and Materials Engineering Department/People/Faculty/index.html
K. S. Suresh,Metallurgical and Materials Engineering,Associate Professor,current,2015,https://iitr.ac.in/Departments/Metallurgical and Materials Engineering Department/People/Faculty/100750.html,ks.suresh@mt.iitr.ac.in,0000-0002-9711-6784,,,,,,https://iitr.ac.in/Departments/Metallurgical and Materials Engineering Department/People/Faculty/index.html
Mukesh Bhardwaj,Metallurgical and Materials Engineering,Assistant Professor,current,2009,https://iitr.ac.in/Departments/Metallurgical and Materials Engineering Department/People/Faculty/100537.html,mukesh.bhardwaj@mt.iitr.ac.in,,,,,,,https://iitr.ac.in/Departments/Metallurgical and Materials Engineering Department/People/Faculty/index.html
Nikhil Dhawan,Metallurgical and Materials Engineering,Professor,current,2015,https://iitr.ac.in/Departments/Metallurgical and Materials Engineering Department/People/Faculty/100714.html,nikhil.dhawan@mt.iitr.ac.in,0000-0002-0404-4575,,,25222833400,,,https://iitr.ac.in/Departments/Metallurgical and Materials Engineering Department/People/Faculty/index.html
Pinku Roy,Metallurgical and Materials Engineering,Assistant Professor,current,2024,https://iitr.ac.in/Departments/Metallurgical and Materials Engineering Department/People/Faculty/101082.html,pinku.roy@mt.iitr.ac.in,0000-0002-3504-9571,,,,,,https://iitr.ac.in/Departments/Metallurgical and Materials Engineering Department/People/Faculty/index.html
Piyush Vijay Jagtap,Metallurgical and Materials Engineering,Assistant Professor,current,2023,https://iitr.ac.in/Departments/Metallurgical and Materials Engineering Department/People/Faculty/101022.html,piyushvj@mt.iitr.ac.in,,,,,,,https://iitr.ac.in/Departments/Metallurgical and Materials Engineering Department/People/Faculty/index.html
Rajeshwar R. Eleti,Metallurgical and Materials Engineering,Assistant Professor,current,2022,https://iitr.ac.in/Departments/Metallurgical and Materials Engineering Department/People/Faculty/100986.html,rajeshwar.eleti@mt.iitr.ac.in,0000-0001-8717-2742,,,,,,https://iitr.ac.in/Departments/Metallurgical and Materials Engineering Department/People/Faculty/index.html
Sadhan Ghosh,Metallurgical and Materials Engineering,Associate Professor,current,2012,https://iitr.ac.in/Departments/Metallurgical and Materials Engineering Department/People/Faculty/100593.html,sadhan.ghosh@mt.iitr.ac.in,,https://scholar.google.com/citations?user=FDM60QkAAAAJ,,,,,https://iitr.ac.in/Departments/Metallurgical and Materials Engineering Department/People/Faculty/index.html
Sai Ramudu Meka,Metallurgical and Materials Engineering,Professor,current,2015,https://iitr.ac.in/Departments/Metallurgical and Materials Engineering Department/People/Faculty/100736.html,s.r.meka@mt.iitr.ac.in,0000-0002-9877-7752,https://scholar.google.com/citations?user=eVcemFgAAAAJ,,,,,https://iitr.ac.in/Departments/Metallurgical and Materials Engineering Department/People/Faculty/index.html
Smitirupa Biswal,Metallurgical and Materials Engineering,Assistant Professor,current,2026,https://iitr.ac.in/Departments/Metallurgical and Materials Engineering Department/People/Faculty/101108.html,smitirupa.biswal@mt.iitr.ac.in,,,,,,,https://iitr.ac.in/Departments/Metallurgical and Materials Engineering Department/People/Faculty/index.html
Sourav Das,Metallurgical and Materials Engineering,Professor,current,2015,https://iitr.ac.in/Departments/Metallurgical and Materials Engineering Department/People/Faculty/100737.html,sourav.das@mt.iitr.ac.in,,,,,,,https://iitr.ac.in/Departments/Metallurgical and Materials Engineering Department/People/Faculty/index.html
Suhrit Mula,Metallurgical and Materials Engineering,Professor,current,2012,https://iitr.ac.in/Departments/Metallurgical and Materials Engineering Department/People/Faculty/100610.html,suhrit.mula@mt.iitr.ac.in,,,,,,,https://iitr.ac.in/Departments/Metallurgical and Materials Engineering Department/People/Faculty/index.html
Sumeet Mishra,Metallurgical and Materials Engineering,Associate Professor,current,2020,https://iitr.ac.in/Departments/Metallurgical and Materials Engineering Department/People/Faculty/100912.html,sumeet.mishra@mt.iitr.ac.in,0000-0002-9924-4894,https://scholar.google.com/citations?user=75E4cbcAAAAJ,,,,,https://iitr.ac.in/Departments/Metallurgical and Materials Engineering Department/People/Faculty/index.html
Supriyo Ghosh,Metallurgical and Materials Engineering,Associate Professor,current,2021,https://iitr.ac.in/Departments/Metallurgical and Materials Engineering Department/People/Faculty/100948.html,supriyo.ghosh@mt.iitr.ac.in,,,,,,,https://iitr.ac.in/Departments/Metallurgical and Materials Engineering Department/People/Faculty/index.html
Ujjwal Prakash,Metallurgical and Materials Engineering,Professor,current,2006,https://iitr.ac.in/Departments/Metallurgical and Materials Engineering Department/People/Faculty/100468.html,ujjwal.prakash@mt.iitr.ac.in,,,,,,,https://iitr.ac.in/Departments/Metallurgical and Materials Engineering Department/People/Faculty/index.html
Varun A Baheti,Metallurgical and Materials Engineering,Assistant Professor,current,,https://iitr.ac.in/Departments/Metallurgical and Materials Engineering Department/People/Faculty/100873.html,varun@mt.iitr.ac.in,,https://scholar.google.com/citations?user=4-Qiic4AAAAJ,,,,,https://iitr.ac.in/Departments/Metallurgical and Materials Engineering Department/People/Faculty/index.html
Vikram Vasant Dabhade,Metallurgical and Materials Engineering,Associate Professor,current,2009,https://iitr.ac.in/Departments/Metallurgical and Materials Engineering Department/People/Faculty/100543.html,vikram.dabhade@mt.iitr.ac.in,,,,,,,https://iitr.ac.in/Departments/Metallurgical and Materials Engineering Department/People/Faculty/index.html
Vivek Pancholi,Metallurgical and Materials Engineering,Professor,current,2014,https://iitr.ac.in/Departments/Metallurgical and Materials Engineering Department/People/Faculty/100462.html,vivek.pancholi@mt.iitr.ac.in,0000-0001-8219-8871,,,,,,https://iitr.ac.in/Departments/Metallurgical and Materials Engineering Department/People/Faculty/index.html
Braham Prakash,Metallurgical and Materials Engineering,Distinguished Visiting Professor,visiting,,,,,,,,,,https://iitr.ac.in/Departments/Metallurgical and Materials Engineering Department/People/Visiting Professor.html
Devendra Singh,Metallurgical and Materials Engineering,Former faculty (2016-2019); last listed as Associate Professor,former,,,dev27fmt@iitr.ac.in,,,,,,,https://web.archive.org/web/20190716184918/https://www.iitr.ac.in/departments/AH/pages/People+Faculty.html
Jerzy A Szpunar,Metallurgical and Materials Engineering,Distinguished Visiting Professor,visiting,,http://www.jerzyszpunar.com/,,,,,,,,https://iitr.ac.in/Departments/Metallurgical and Materials Engineering Department/People/Visiting Professor.html
Prakriti K. Ghosh,Metallurgical and Materials Engineering,Former faculty (2016-2022); last listed as Retired Faculty,former,,,prakgfmt@iitr.ac.in,,,,,,,https://web.archive.org/web/20190716184918/https://www.iitr.ac.in/departments/AH/pages/People+Faculty.html
R. Jayaganthan,Metallurgical and Materials Engineering,Former faculty (2016-2019); last listed as Professor,former,,,rjayafmt@iitr.ac.in,,,,,,,https://web.archive.org/web/20190716184918/https://www.iitr.ac.in/departments/AH/pages/People+Faculty.html
Satya Prakash,Metallurgical and Materials Engineering,Former faculty (2016-2016); last listed as Emeritus Professor,former,,,truthfmt@iitr.ac.in,,,,,,,https://web.archive.org/web/20160607210818/http://www.iitr.ac.in:80/departments/MT/pages/People+Faculty_List.html
Sharvan Kumar,Metallurgical and Materials Engineering,Former faculty (2016-2022); last listed as Assistant Professor,former,,,sharvan.kumar@mt.iitr.ac.in,,,,,,,https://web.archive.org/web/20190716184918/https://www.iitr.ac.in/departments/AH/pages/People+Faculty.html
Sumeer K. Nath,Metallurgical and Materials Engineering,Former faculty (2016-2022); last listed as Retired Faculty,former,,,sumeer.nath@mt.iitr.ac.in,,,,,,,https://web.archive.org/web/20190716184918/https://www.iitr.ac.in/departments/AH/pages/People+Faculty.html
Chhaya Sharma,Paper Technology,Professor,current,,https://iitr.ac.in/Departments/Paper Technology Department/People/Faculty/400017.html,chhaya.sharma@pt.iitr.ac.in,0000-0003-1148-7216,,,,,,https://iitr.ac.in/Departments/Paper Technology Department/People/Faculty/index.html
Dharm Dutt,Paper Technology,Professor,current,,https://iitr.ac.in/Departments/Paper Technology Department/People/Faculty/400013.html,dharm.dutt@pt.iitr.ac.in,,,,,,,https://iitr.ac.in/Departments/Paper Technology Department/People/Faculty/index.html
Kirtiraj Kundlik Gaikwad,Paper Technology,Head of the Department,current,,https://iitr.ac.in/Departments/Paper Technology Department/People/Faculty/400154.html,kirtiraj.gaikwad@pt.iitr.ac.in,,,,,,,https://iitr.ac.in/Departments/Paper Technology Department/People/Faculty/index.html
S. C. Sharma,Paper Technology,Professor,current,1984,https://iitr.ac.in/Departments/Paper Technology Department/People/Faculty/400012.html,subhash.sharma@pt.iitr.ac.in,0000-0002-9275-5843,,,,,,https://iitr.ac.in/Departments/Paper Technology Department/People/Faculty/index.html
Subrata Biswas,Paper Technology,Assistant Professor,current,2024,https://iitr.ac.in/Departments/Paper Technology Department/People/Faculty/400169.html,subrata.biswas@pt.iitr.ac.in,,,,,,,https://iitr.ac.in/Departments/Paper Technology Department/People/Faculty/index.html
Vibhore Kumar Rastogi,Paper Technology,Associate Professor,current,2020,https://iitr.ac.in/Departments/Paper Technology Department/People/Faculty/400155.html,vibhore.rastogi@pt.iitr.ac.in,0000-0002-7914-9056,,,,,,https://iitr.ac.in/Departments/Paper Technology Department/People/Faculty/index.html
A. K. Ray,Paper Technology,Former faculty (2016-2016); last listed as Retired Faculty,former,,https://iitr.ac.in/Departments/Paper Technology Department/People/Faculty/190004.html,akrayfpt@iitr.ac.in,,,,,,,https://iitr.ac.in/Departments/Paper Technology Department/People/Faculty/index.html ; https://web.archive.org/web/20160419131712/http://www.iitr.ac.in:80/departments/PPE/pages/People+Faculty+Faculty_Profiles.html
Anurag Kulshreshtha,Paper Technology,Former faculty (2016-2019); last listed as Retired Faculty,former,2016,https://iitr.ac.in/Departments/Paper Technology Department/People/Faculty/400144.html,anurag.kulshreshtha@pt.iitr.ac.in,0000-0002-1192-3746,,,,,,https://iitr.ac.in/Departments/Paper Technology Department/People/Faculty/index.html ; https://web.archive.org/web/20190716184918/https://www.iitr.ac.in/departments/AH/pages/People+Faculty.html
Ashish A. Kadam,Paper Technology,Former faculty (2016-2019); last listed as Assistant Professor,former,,,kadamfpt@iitr.ac.in,,,,,,,https://web.archive.org/web/20190716184918/https://www.iitr.ac.in/departments/AH/pages/People+Faculty.html
Nishi Kant Bhardwaj,Paper Technology,Visiting Professor,visiting,,https://iitr.ac.in/Departments/Paper Technology Department/People/Faculty/800062.html,nishi.bhardwaj@pt.iitr.ac.in,,https://scholar.google.com/citations?user=QMdF2E8AAAAJ,,,,,https://iitr.ac.in/Departments/Paper Technology Department/People/Faculty/index.html
Ram Kumar,Paper Technology,Former faculty (2016-2019); last listed as Retired Faculty,former,,https://iitr.ac.in/Departments/Paper Technology Department/People/Faculty/400009.html,ram.kumar@pt.iitr.ac.in,,,,,,,https://iitr.ac.in/Departments/Paper Technology Department/People/Faculty/index.html ; https://web.archive.org/web/20190716184918/https://www.iitr.ac.in/departments/AH/pages/People+Faculty.html
Ramjee Subramanian,Paper Technology,Professor of practice,adjunct,,https://iitr.ac.in/Departments/Paper Technology Department/People/Faculty/800101.html,ramjee.subramanian@pt.iitr.ac.in,,,,,,,https://iitr.ac.in/Departments/Paper Technology Department/People/Faculty/index.html
Sampat Singh Bhati,Paper Technology,Former faculty (2022-2023); last listed as Ex Faculty,former,,https://iitr.ac.in/Departments/Paper Technology Department/People/Faculty/400158.html,sampat.bhati@pt.iitr.ac.in,,,,,,,https://iitr.ac.in/Departments/Paper Technology Department/People/Faculty/index.html ; https://web.archive.org/web/20220807170132/https://iitr.ac.in/Departments/Paper%20Technology%20Department/People/Faculty/index.html
Satish Kumar,Paper Technology,Former faculty (2016-2017); last listed as Retired Faculty,former,,https://iitr.ac.in/Departments/Paper Technology Department/People/Faculty/400007.html,kumarfpt@iitr.ac.in,,,,,,,https://iitr.ac.in/Departments/Paper Technology Department/People/Faculty/index.html ; https://web.archive.org/web/20160306101210/http://www.iitr.ac.in/departments/DPT/pages/People+Faculty_List.html
Surendra P Singh,Paper Technology,Former faculty (2016-2019); last listed as Professor,former,,,spsptfpt@iitr.ac.in,,,,,,,https://web.archive.org/web/20190716184918/https://www.iitr.ac.in/departments/AH/pages/People+Faculty.html
Sushmita Das,Paper Technology,Former faculty (2016-2017); last listed as Assistant Professor,former,,,fa5@iitr.ac.in,,,,,,,https://web.archive.org/web/20160306101210/http://www.iitr.ac.in/departments/DPT/pages/People+Faculty_List.html
Swapan Chakraborty,Paper Technology,Former faculty (2016-2017); last listed as Assistant Professor,former,,,fa7@iitr.ac.in,,,,,,,https://web.archive.org/web/20160306101210/http://www.iitr.ac.in/departments/DPT/pages/People+Faculty_List.html
Tripta Mehra,Paper Technology,Former faculty (2016-2017); last listed as Assistant Professor,former,,,fa8@iitr.ac.in,,,,,,,https://web.archive.org/web/20160306101210/http://www.iitr.ac.in/departments/DPT/pages/People+Faculty_List.html
Vikram Singh,Paper Technology,Former faculty (2016-2017); last listed as Retired Faculty,former,,https://iitr.ac.in/Departments/Paper Technology Department/People/Faculty/190007.html,vikssfpt@iitr.ac.in,,,,,,,https://iitr.ac.in/Departments/Paper Technology Department/People/Faculty/index.html ; https://web.archive.org/web/20160306101210/http://www.iitr.ac.in/departments/DPT/pages/People+Faculty_List.html
Vivek Kumar,Paper Technology,Former faculty (2016-2019); last listed as Retired Faculty,former,,https://iitr.ac.in/Departments/Paper Technology Department/People/Faculty/400111.html,vivek.kumar@pt.iitr.ac.in,,,,,,,https://iitr.ac.in/Departments/Paper Technology Department/People/Faculty/index.html ; https://web.archive.org/web/20190716184918/https://www.iitr.ac.in/departments/AH/pages/People+Faculty.html
Y. K. Sharma,Paper Technology,Former faculty (2016-2016); last listed as Retired Faculty,former,,https://iitr.ac.in/Departments/Paper Technology Department/People/Faculty/100130.html,yksptfpt@iitr.ac.in,,,,,,,https://iitr.ac.in/Departments/Paper Technology Department/People/Faculty/index.html ; https://web.archive.org/web/20160103121518/http://www.iitr.ac.in:80/departments/PH/pages/People+Faculty_List.html
Aalok Misra,Physics,Professor,current,,https://iitr.ac.in/Departments/Physics Department/People/Faculty/100390.html,aalok.misra@ph.iitr.ac.in,0000-0002-5718-4686,https://scholar.google.com/citations?user=JBP6zgMAAAAJ,,,,https://sites.google.com/view/mtech-sset/,https://iitr.ac.in/Departments/Physics Department/People/Faculty.html
Abhishek Nag,Physics,Assistant Professor,current,2024,https://iitr.ac.in/Departments/Physics Department/People/Faculty/101061.html,abhishek.nag@ph.iitr.ac.in,0000-0002-1394-5105,,,,,https://sites.google.com/view/mtech-sset/,https://iitr.ac.in/Departments/Physics Department/People/Faculty.html
Ajay,Physics,Professor,current,2008,https://iitr.ac.in/Departments/Physics Department/People/Faculty/100735.html,ajaypfph@iitr.ac.in,,,,,,https://sites.google.com/view/mtech-sset/,https://iitr.ac.in/Departments/Physics Department/People/Faculty.html
Ajay Wasan,Physics,Professor,current,2007,https://iitr.ac.in/Departments/Physics Department/People/Faculty/100499.html,awasan@ph.iitr.ac.in,,,,,,https://sites.google.com/view/mtech-sset/,https://iitr.ac.in/Departments/Physics Department/People/Faculty.html
Ajay Yashavant Deo,Physics,Associate Professor,current,2012,https://iitr.ac.in/Departments/Physics Department/People/Faculty/100601.html,ajay.deo@ph.iitr.ac.in,0000-0003-4561-3401,,,,,https://sites.google.com/view/mtech-sset/,https://iitr.ac.in/Departments/Physics Department/People/Faculty.html
Akhilesh Kumar Mishra,Physics,Associate Professor,current,2018,https://iitr.ac.in/Departments/Physics Department/People/Faculty/100808.html,akhilesh.mishra@ph.iitr.ac.in,0000-0002-2734-460X,,,,,https://sites.google.com/view/mtech-sset/,https://iitr.ac.in/Departments/Physics Department/People/Faculty.html
Akshay Bhatnagar,Physics,Assistant Professor,current,2025,https://iitr.ac.in/Departments/Physics Department/People/Faculty/101095.html,akshay.bhatnagar@ph.iitr.ac.in,,,,,,https://sites.google.com/view/mtech-sset/,https://iitr.ac.in/Departments/Physics Department/People/Faculty.html
Ambrish Pandey,Physics,Assistant Professor,current,2023,https://iitr.ac.in/Departments/Physics Department/People/Faculty/101001.html,ambrish.pandey@ph.iitr.ac.in,0000-0001-8232-6626,,,,,https://sites.google.com/view/mtech-sset/,https://iitr.ac.in/Departments/Physics Department/People/Faculty.html
Anil Kumar Gourishetty,Physics,Professor,current,2011,https://iitr.ac.in/Departments/Physics Department/People/Faculty/100557.html,anil.gourishetty@ph.iitr.ac.in,0000-0001-9712-9422,,,6507200270,,https://sites.google.com/view/mtech-sset/,https://iitr.ac.in/Departments/Physics Department/People/Faculty.html
Anirban Mitra,Physics,Professor,current,2008,https://iitr.ac.in/Departments/Physics Department/People/Faculty/100515.html,anirban.mitra@ph.iitr.ac.in,,,,,,https://sites.google.com/view/mtech-sset/,https://iitr.ac.in/Departments/Physics Department/People/Faculty.html
Anjani Kumar Tiwari,Physics,Assistant Professor,current,2021,https://iitr.ac.in/Departments/Physics Department/People/Faculty/100934.html,anjani@ph.iitr.ac.in,0000-0002-7346-9729,,,,,https://sites.google.com/view/mtech-sset/,https://iitr.ac.in/Departments/Physics Department/People/Faculty.html
Arup Samanta,Physics,Associate Professor,current,2016,https://iitr.ac.in/Departments/Physics Department/People/Faculty/100778.html,arup.samanta@ph.iitr.ac.in,0000-0002-2057-0786,,,,,https://sites.google.com/view/mtech-sset/,https://iitr.ac.in/Departments/Physics Department/People/Faculty.html
B. K. Patra,Physics,Professor,current,2003,https://iitr.ac.in/Departments/Physics Department/People/Faculty/100383.html,binoy.patra@ph.iitr.ac.in,0009-0007-0577-3925,https://scholar.google.com/citations?user=EsOq07oAAAAJ,,,,https://sites.google.com/view/mtech-sset/,https://iitr.ac.in/Departments/Physics Department/People/Faculty.html
Davinder Kaur,Physics,Professor,current,2001,https://iitr.ac.in/Departments/Physics Department/People/Faculty/100254.html,davinder.kaur@ph.iitr.ac.in,0000-0002-7293-625X,https://scholar.google.com/citations?user=dm-ZzwMAAAAJ,,,,https://sites.google.com/view/mtech-sset/,https://iitr.ac.in/Departments/Physics Department/People/Faculty.html
Dibakar Roychowdhury,Physics,Associate Professor,current,2018,https://iitr.ac.in/Departments/Physics Department/People/Faculty/100817.html,dibakar.roychowdhury@ph.iitr.ac.in,0000-0003-0602-425X,,,,,https://sites.google.com/view/mtech-sset/,https://iitr.ac.in/Departments/Physics Department/People/Faculty.html
G. D. Verma,Physics,Professor,current,,https://iitr.ac.in/Departments/Physics Department/People/Faculty/100253.html,g.varma@ph.iitr.ac.in,,,,,,https://sites.google.com/view/mtech-sset/,https://iitr.ac.in/Departments/Physics Department/People/Faculty.html
H. S. Nataraj,Physics,Assistant Professor,current,2013,https://iitr.ac.in/Departments/Physics Department/People/Faculty/100617.html,hsnataraj@ph.iitr.ac.in,,,,,,https://sites.google.com/view/mtech-sset/,https://iitr.ac.in/Departments/Physics Department/People/Faculty.html
Himanshu Fulara,Physics,Associate Professor,current,2021,https://iitr.ac.in/Departments/Physics Department/People/Faculty/100942.html,himanshu.fulara@ph.iitr.ac.in,0000-0001-6570-0444,https://scholar.google.com/citations?user=N0s0sMwAAAAJ,,,,https://sites.google.com/view/mtech-sset/,https://iitr.ac.in/Departments/Physics Department/People/Faculty.html
K. L. Yadav,Physics,Professor,current,2002,https://iitr.ac.in/Departments/Physics Department/People/Faculty/100255.html,kanhaiya.yadav@ph.iitr.ac.in,,,,,,https://sites.google.com/view/mtech-sset/,https://iitr.ac.in/Departments/Physics Department/People/Faculty.html
Lalita Sharma,Physics,Associate Professor,current,,https://iitr.ac.in/Departments/Physics Department/People/Faculty/100565.html,lalita.sharma@ph.iitr.ac.in,,,,,,https://sites.google.com/view/mtech-sset/,https://iitr.ac.in/Departments/Physics Department/People/Faculty.html
M. V. Sunil Krishna,Physics,Professor,current,2013,https://iitr.ac.in/Departments/Physics Department/People/Faculty/100559.html,mv.sunilkrishna@ph.iitr.ac.in,0000-0002-5359-5592,,,,,https://sites.google.com/view/mtech-sset/,https://iitr.ac.in/Departments/Physics Department/People/Faculty.html
Manjari Garg,Physics,Assistant Professor,current,2024,https://iitr.ac.in/Departments/Physics Department/People/Faculty/101071.html,manjari.garg@ph.iitr.ac.in,,,,,,https://sites.google.com/view/mtech-sset/,https://iitr.ac.in/Departments/Physics Department/People/Faculty.html
Mayank Goswami,Physics,Associate Professor,current,2016,https://iitr.ac.in/Departments/Physics Department/People/Faculty/100776.html,mayank.goswami@ph.iitr.ac.in,0000-0001-8829-9980,,,,,https://sites.google.com/view/mtech-sset/,https://iitr.ac.in/Departments/Physics Department/People/Faculty.html
Monojit Bag,Physics,Professor,current,2016,https://iitr.ac.in/Departments/Physics Department/People/Faculty/100753.html,monojit.bag@ph.iitr.ac.in,0000-0002-4210-5455,,,,,https://sites.google.com/view/mtech-sset/,https://iitr.ac.in/Departments/Physics Department/People/Faculty.html
Moumita Maiti,Physics,Professor,current,2012,https://iitr.ac.in/Departments/Physics Department/People/Faculty/100611.html,moumita.maiti@ph.iitr.ac.in,0000-0001-9460-4347,,,,,https://sites.google.com/view/mtech-sset/,https://iitr.ac.in/Departments/Physics Department/People/Faculty.html
Narayan Mohanta,Physics,Assistant Professor,current,,https://iitr.ac.in/Departments/Physics Department/People/Faculty/100985.html,narayan.mohanta@ph.iitr.ac.in,,,,,,https://sites.google.com/view/mtech-sset/,https://iitr.ac.in/Departments/Physics Department/People/Faculty.html
P. Arumugam,Physics,Professor,current,2008,https://iitr.ac.in/Departments/Physics Department/People/Faculty/100521.html,aruphfph@iitr.ac.in,,,,,,https://sites.google.com/view/mtech-sset/,https://iitr.ac.in/Departments/Physics Department/People/Faculty.html
P. C. Srivastava,Physics,Professor,current,2012,https://iitr.ac.in/Departments/Physics Department/People/Faculty/100597.html,praveen.srivastava@ph.iitr.ac.in,0000-0001-8719-1548,,,,,https://sites.google.com/view/mtech-sset/,https://iitr.ac.in/Departments/Physics Department/People/Faculty.html
Peayush Kumar Choubey,Physics,Assistant Professor,current,2022,https://iitr.ac.in/Departments/Physics Department/People/Faculty/100987.html,peayush@ph.iitr.ac.in,0000-0002-2363-7712,,,,,https://sites.google.com/view/mtech-sset/,https://iitr.ac.in/Departments/Physics Department/People/Faculty.html
Puneet Jain,Physics,Associate Professor,current,,https://iitr.ac.in/Departments/Physics Department/People/Faculty/100650.html,puneet.jain@ph.iitr.ac.in,0000-0002-8162-7758,,,,,https://sites.google.com/view/mtech-sset/,https://iitr.ac.in/Departments/Physics Department/People/Faculty.html
Rajdeep Chatterjee,Physics,Professor,current,2008,https://iitr.ac.in/Departments/Physics Department/People/Faculty/100520.html,rchatterjee@ph.iitr.ac.in,0000-0002-1615-2637,,,,,https://sites.google.com/view/mtech-sset/,https://iitr.ac.in/Departments/Physics Department/People/Faculty.html
Rajesh Kumar,Physics,Professor,current,2015,https://iitr.ac.in/Departments/Physics Department/People/Faculty/100748.html,rajesh.kumar@ph.iitr.ac.in,,,,,,https://sites.google.com/view/mtech-sset/,https://iitr.ac.in/Departments/Physics Department/People/Faculty.html
Sachin Kumar Srivastava,Physics,Associate Professor,current,2018,https://iitr.ac.in/Departments/Physics Department/People/Faculty/100809.html,sachin.srivastava@ph.iitr.ac.in,0000-0003-1711-1551,,,,,https://sites.google.com/view/mtech-sset/,https://iitr.ac.in/Departments/Physics Department/People/Faculty.html
Shiladitya Sengupta,Physics,Assistant Professor,current,2018,https://iitr.ac.in/Departments/Physics Department/People/Faculty/100804.html,shiladityasg@ph.iitr.ac.in,0000-0003-1179-6756,,,,,https://sites.google.com/view/mtech-sset/,https://iitr.ac.in/Departments/Physics Department/People/Faculty.html
Soumitra Satapathi,Physics,Professor,current,2014,https://iitr.ac.in/Departments/Physics Department/People/Faculty/100688.html,soumitra.satapathi@ph.iitr.ac.in,0000-0001-9218-3796,https://scholar.google.com/citations?user=faAnTEwAAAAJ,,,,https://sites.google.com/view/mtech-sset/,https://iitr.ac.in/Departments/Physics Department/People/Faculty.html
Sumanta Sarkhel,Physics,Professor,current,2014,https://iitr.ac.in/Departments/Physics Department/People/Faculty/100683.html,sarkhel@ph.iitr.ac.in,0000-0001-5980-2612,https://scholar.google.com/citations?user=UotPqsMAAAAJ,,22981859800,,https://sites.google.com/view/mtech-sset/,https://iitr.ac.in/Departments/Physics Department/People/Faculty.html
Tulika Maitra,Physics,Head of the Department,current,2008,https://iitr.ac.in/Departments/Physics Department/People/Faculty/100523.html,tulika.maitra@ph.iitr.ac.in,0000-0003-1898-2682,,,,,https://sites.google.com/view/mtech-sset/,https://iitr.ac.in/Departments/Physics Department/People/Faculty.html
Vipul Rastogi,Physics,Professor,current,2003,https://iitr.ac.in/Departments/Physics Department/People/Faculty/100384.html,vipul.rastogi@ph.iitr.ac.in,0009-0007-9073-1091,,,,,https://sites.google.com/view/mtech-sset/,https://iitr.ac.in/Departments/Physics Department/People/Faculty.html
Vivek Kumar Malik,Physics,Professor,current,2014,https://iitr.ac.in/Departments/Physics Department/People/Faculty/100661.html,vivek.malik@ph.iitr.ac.in,0000-0001-8792-2419,,,,,https://sites.google.com/view/mtech-sset/,https://iitr.ac.in/Departments/Physics Department/People/Faculty.html
Yogesh Kr. Sharma,Physics,Professor,current,,https://iitr.ac.in/Departments/Physics Department/People/Faculty/100733.html,yogesh.sharma@ph.iitr.ac.in,,,,,,https://sites.google.com/view/mtech-sset/,https://iitr.ac.in/Departments/Physics Department/People/Faculty.html
A. K. Jain,Physics,Former faculty (1992-2021); last listed as Retired Faculty,former,1992,https://iitr.ac.in/Departments/Physics Department/People/Faculty/100245.html,ajainfph@iitr.ac.in,,,,,,https://sites.google.com/view/mtech-sset/,https://iitr.ac.in/Departments/Physics Department/People/Faculty.html ; https://web.archive.org/web/20190716184918/https://www.iitr.ac.in/departments/AH/pages/People+Faculty.html
B. D. Indu,Physics,Former faculty (1996-2021); last listed as Retired Faculty,former,1996,https://iitr.ac.in/Departments/Physics Department/People/Faculty/100250.html,indubfph@iitr.ac.in,0000-0001-6881-4308,,,,,https://sites.google.com/view/mtech-sset/,https://iitr.ac.in/Departments/Physics Department/People/Faculty.html ; https://web.archive.org/web/20190716184918/https://www.iitr.ac.in/departments/AH/pages/People+Faculty.html
Bhal Chandra Joshi,Physics,Adjunct Faculty,adjunct,,https://iitr.ac.in/Departments/Physics Department/People/Faculty/800021.html,bcj@ph.iitr.ac.in,,,,,,https://sites.google.com/view/mtech-sset/,https://iitr.ac.in/Departments/Physics Department/People/Faculty/index.html
Gauri Shankar Singh,Physics,Former faculty (2016-2016); last listed as Professor,former,,,gssaafph@iitr.ac.in,,,,,,,https://web.archive.org/web/20160103121518/http://www.iitr.ac.in:80/departments/PH/pages/People+Faculty_List.html
I. S. Tayagi,Physics,Former faculty (2016-2021); last listed as Retired Faculty,former,,https://iitr.ac.in/Departments/Physics Department/People/Faculty/100242.html,ist11fph@iitr.ac.in,,,,,,https://sites.google.com/view/mtech-sset/,https://iitr.ac.in/Departments/Physics Department/People/Faculty.html ; https://web.archive.org/web/20160103121518/http://www.iitr.ac.in:80/departments/PH/pages/People+Faculty_List.html
Jagdish Rai,Physics,Former faculty (2019-2019); last listed as Retired Faculty,former,,,jgraifph@iitr.ac.in,,,,,,,https://web.archive.org/web/20190716184918/https://www.iitr.ac.in/departments/AH/pages/People+Faculty.html
Meena Kothyari,Physics,Former faculty (2016-2017),former,,,meenapms@iitr.ac.in,,,,,,,https://web.archive.org/web/20160103121518/http://www.iitr.ac.in:80/departments/PH/pages/People+Faculty_List.html
P. Sanyal,Physics,Former faculty (2016-2019); last listed as Retired Faculty,former,,https://iitr.ac.in/Departments/Physics Department/People/Faculty/100625.html,p.sanyal@ph.iitr.ac.in,,,,,,https://sites.google.com/view/mtech-sset/,https://iitr.ac.in/Departments/Physics Department/People/Faculty.html ; https://web.archive.org/web/20190716184918/https://www.iitr.ac.in/departments/AH/pages/People+Faculty.html
Prasanta Kumar Biswas,Physics,Former faculty (2016-2016); last listed as Visiting Professor,former,,,pkphffph@iitr.ac.in,,,,,,,https://web.archive.org/web/20160103121518/http://www.iitr.ac.in:80/departments/PH/pages/People+Faculty_List.html
Rajesh Srivastava,Physics,Former faculty (1983-2025); last listed as Retired Faculty,former,1983,https://iitr.ac.in/Departments/Physics Department/People/Faculty/100244.html,rajesh.srivastava@ph.iitr.ac.in,0000-0001-5632-8070,,,,,https://sites.google.com/view/mtech-sset/,https://iitr.ac.in/Departments/Physics Department/People/Faculty.html ; https://web.archive.org/web/20190716184918/https://www.iitr.ac.in/departments/AH/pages/People+Faculty.html
Ravindra Nath,Physics,Former faculty (2016-2021); last listed as Retired Faculty,former,,https://iitr.ac.in/Departments/Physics Department/People/Faculty/100247.html,rnathfph@iitr.ac.in,,,,,,https://sites.google.com/view/mtech-sset/,https://iitr.ac.in/Departments/Physics Department/People/Faculty.html ; https://web.archive.org/web/20190716184918/https://www.iitr.ac.in/departments/AH/pages/People+Faculty.html
Tashi Nautiyal,Physics,Former faculty (2016-2025); last listed as Retired Faculty,former,,https://iitr.ac.in/Departments/Physics Department/People/Faculty/100257.html,tashi.nautiyal@ph.iitr.ac.in,,,,,,https://sites.google.com/view/mtech-sset/,https://iitr.ac.in/Departments/Physics Department/People/Faculty.html ; https://web.archive.org/web/20190716184918/https://www.iitr.ac.in/departments/AH/pages/People+Faculty.html
V. Singh,Physics,Former faculty (2016-2021); last listed as Retired Faculty,former,,https://iitr.ac.in/Departments/Physics Department/People/Faculty/100246.html,virphfph@iitr.ac.in,,,,,,https://sites.google.com/view/mtech-sset/,https://iitr.ac.in/Departments/Physics Department/People/Faculty.html ; https://web.archive.org/web/20190716184918/https://www.iitr.ac.in/departments/AH/pages/People+Faculty.html
A. Bandyopadhyay,Polymer and Process Engineering,Associate Professor,current,2013,https://iitr.ac.in/Departments/Polymer and Process Engineering Department/People/Faculty/400137.html,anasuya.bandyopadhyay@pe.iitr.ac.in,,,,,,,https://iitr.ac.in/Departments/Polymer and Process Engineering Department/People/Faculty/index.html
Abhijit Maiti,Polymer and Process Engineering,Head of the Department,current,2014,https://iitr.ac.in/Departments/Polymer and Process Engineering Department/People/Faculty/400140.html,abhijit.maiti@pe.iitr.ac.in,0000-0002-0284-9572,,,,,https://sites.google.com/view/mswtlab/researches,https://iitr.ac.in/Departments/Polymer and Process Engineering Department/People/Faculty/index.html
Dharmansh,Polymer and Process Engineering,Assistant Professor,current,,https://iitr.ac.in/Departments/Polymer and Process Engineering Department/People/Faculty/400165.html,dharmansh@pe.iitr.ac.in,,,,,,,https://iitr.ac.in/Departments/Polymer and Process Engineering Department/People/Faculty/index.html
Gaurav Manik,Polymer and Process Engineering,Professor,current,2013,https://iitr.ac.in/Departments/Polymer and Process Engineering Department/People/Faculty/400136.html,gaurav.manik@pe.iitr.ac.in,0000-0003-2501-1737,,,,,,https://iitr.ac.in/Departments/Polymer and Process Engineering Department/People/Faculty/index.html
Kaushik Parida,Polymer and Process Engineering,Associate Professor,current,2022,https://iitr.ac.in/Departments/Polymer and Process Engineering Department/People/Faculty/400159.html,kaushik.parida@pe.iitr.ac.in,0000-0001-8057-2102,https://scholar.google.com/citations?user=bM1dtJMAAAAJ,,,,,https://iitr.ac.in/Departments/Polymer and Process Engineering Department/People/Faculty/index.html
Narayan Chandra Mishra,Polymer and Process Engineering,Professor,current,2007,https://iitr.ac.in/Departments/Polymer and Process Engineering Department/People/Faculty/400118.html,narayan.mishra@pe.iitr.ac.in,0000-0003-1546-3537,,,,,,https://iitr.ac.in/Departments/Polymer and Process Engineering Department/People/Faculty/index.html
Naveen K. R.,Polymer and Process Engineering,Assistant Professor,current,2025,https://iitr.ac.in/Departments/Polymer and Process Engineering Department/People/Faculty/400171.html,naveen.kr@pe.iitr.ac.in,,,,,,,https://iitr.ac.in/Departments/Polymer and Process Engineering Department/People/Faculty/index.html
Pradip K. Maji,Polymer and Process Engineering,Professor,current,2014,https://iitr.ac.in/Departments/Polymer and Process Engineering Department/People/Faculty/400141.html,pradip@pe.iitr.ac.in,0000-0001-8112-554X,https://scholar.google.com/citations?user=sFEjyMgAAAAJ,,,,,https://iitr.ac.in/Departments/Polymer and Process Engineering Department/People/Faculty/index.html
S. Chattopadhyaya,Polymer and Process Engineering,Professor,current,2011,https://iitr.ac.in/Departments/Polymer and Process Engineering Department/People/Faculty/400132.html,sujay@pe.iitr.ac.in,,https://scholar.google.com/citations?user=UafZK74AAAAJ,,,,,https://iitr.ac.in/Departments/Polymer and Process Engineering Department/People/Faculty/index.html
Sanjay Palsule,Polymer and Process Engineering,Associate Professor,current,,https://iitr.ac.in/Departments/Polymer and Process Engineering Department/People/Faculty/400110.html,sanjay.palsule@pe.iitr.ac.in,,,,,,,https://iitr.ac.in/Departments/Polymer and Process Engineering Department/People/Faculty/index.html
Sham Sundar R,Polymer and Process Engineering,Associate Professor,current,2015,https://iitr.ac.in/Departments/Polymer and Process Engineering Department/People/Faculty/400142.html,sham.ravindranath@pe.iitr.ac.in,,,,,,,https://iitr.ac.in/Departments/Polymer and Process Engineering Department/People/Faculty/index.html
Udit Choudhury,Polymer and Process Engineering,Assistant Professor,current,2023,https://iitr.ac.in/Departments/Polymer and Process Engineering Department/People/Faculty/400167.html,udit.choudhury@pe.iitr.ac.in,0000-0003-0965-0977,,,,,,https://iitr.ac.in/Departments/Polymer and Process Engineering Department/People/Faculty/index.html
Ameya Rege,Polymer and Process Engineering,Adjunct Faculty,adjunct,,https://iitr.ac.in/Departments/Polymer and Process Engineering Department/People/Faculty/800105.html,ameya.rege@pe.iitr.ac.in,,,,,,,https://iitr.ac.in/Departments/Polymer and Process Engineering Department/People/Faculty/index.html
Garima Agrawal,Polymer and Process Engineering,Former faculty (2016-2019); last listed as Ex Faculty,former,,https://iitr.ac.in/Departments/Polymer and Process Engineering Department/People/Faculty/700052.html,garima.agrawal@pe.iitr.ac.in,,,,,,,https://iitr.ac.in/Departments/Polymer and Process Engineering Department/People/Faculty/index.html ; https://web.archive.org/web/20190716184918/https://www.iitr.ac.in/departments/AH/pages/People+Faculty.html
Kuljeet Kaur,Polymer and Process Engineering,Former faculty (2024-2025); last listed as Ex Faculty,former,2024,https://iitr.ac.in/Departments/Polymer and Process Engineering Department/People/Faculty/400170.html,kuljeet.kaur@pe.iitr.ac.in,0000-0001-7996-1290,,,,,,https://iitr.ac.in/Departments/Polymer and Process Engineering Department/People/Faculty/index.html ; https://web.archive.org/web/20250317152424/https://iitr.ac.in/Departments/Polymer%20and%20Process%20Engineering%20Department/People/Faculty/index.html
Manojkumar C Ramteke,Polymer and Process Engineering,Former faculty (2016-2016); last listed as Assistant Professor,former,,,manojfpt@iitr.ac.in,,,,,,,https://web.archive.org/web/20160419131712/http://www.iitr.ac.in:80/departments/PPE/pages/People+Faculty+Faculty_Profiles.html
Mohan Gupta,Polymer and Process Engineering,Adjunct Faculty,adjunct,,https://iitr.ac.in/Departments/Polymer and Process Engineering Department/People/Faculty/800088.html,mohan.gupta@pe.iitr.ac.in,,,,,,,https://iitr.ac.in/Departments/Polymer and Process Engineering Department/People/Faculty/index.html
Sabu Thomas,Polymer and Process Engineering,Adjunct Faculty,adjunct,,https://iitr.ac.in/Departments/Polymer and Process Engineering Department/People/Faculty/800150.html,sabu.thomas@pe.iitr.ac.in,,,,,,,https://iitr.ac.in/Departments/Polymer and Process Engineering Department/People/Faculty/index.html
Sanket A. Deshmukh,Polymer and Process Engineering,Visiting Professor,visiting,,https://iitr.ac.in/Departments/Polymer and Process Engineering Department/People/Faculty/800086.html,sanket.deshmukh@pe.iitr.ac.in,,,,,,,https://iitr.ac.in/Departments/Polymer and Process Engineering Department/People/Faculty/index.html
Swapan K Chakrabarti,Polymer and Process Engineering,Former faculty (2016-2016); last listed as Visiting Professor,former,,,swapnfpt@iitr.ac.in,,,,,,,https://web.archive.org/web/20160419131712/http://www.iitr.ac.in:80/departments/PPE/pages/People+Faculty+Faculty_Profiles.html
Tripti Mahara,Polymer and Process Engineering,Former faculty (2016-2019); last listed as Ex Faculty,former,,https://iitr.ac.in/Departments/Polymer and Process Engineering Department/People/Faculty/400139.html,tripti.mahara@pe.iitr.ac.in,,,,,,,https://iitr.ac.in/Departments/Polymer and Process Engineering Department/People/Faculty/index.html ; https://web.archive.org/web/20190716184918/https://www.iitr.ac.in/departments/AH/pages/People+Faculty.html
U. K. Ghosh,Polymer and Process Engineering,Former faculty (2016-2024); last listed as Retired Faculty,former,,https://iitr.ac.in/Departments/Polymer and Process Engineering Department/People/Faculty/400014.html,uttam.ghosh@pe.iitr.ac.in,,,,,,,https://iitr.ac.in/Departments/Polymer and Process Engineering Department/People/Faculty/index.html ; https://web.archive.org/web/20190716184918/https://www.iitr.ac.in/departments/AH/pages/People+Faculty.html
Vinod Kumar Shahi,Polymer and Process Engineering,Visiting Professor,visiting,,https://iitr.ac.in/Departments/Polymer and Process Engineering Department/People/Faculty/800107.html,vinod.shahi@pe.iitr.ac.in,,,,,,,https://iitr.ac.in/Departments/Polymer and Process Engineering Department/People/Faculty/index.html
Y. S. Negi,Polymer and Process Engineering,Former faculty (2005-2021); last listed as Retired Faculty,former,2005,https://iitr.ac.in/Departments/Polymer and Process Engineering Department/People/Faculty/400113.html,yuvraj.negi@pe.iitr.ac.in,,https://scholar.google.com/citations?user=VEAXM8IAAAAJ,,,,,https://iitr.ac.in/Departments/Polymer and Process Engineering Department/People/Faculty/index.html ; https://web.archive.org/web/20190716184918/https://www.iitr.ac.in/departments/AH/pages/People+Faculty.html
A. K. Chaudhary,Unknown unit (institute-wide list 2019),Former faculty (2019-2019); last listed as Professor,former,,,aswinfuc@iitr.ac.in,,,,,,,https://web.archive.org/web/20190716184918/https://www.iitr.ac.in/departments/AH/pages/People+Faculty.html
B. K. Maheshwari,Unknown unit (institute-wide list 2019),Former faculty (2016-2019); last listed as Professor,former,,,bkmahfeq@iitr.ac.in,,,,,,,https://web.archive.org/web/20190716184918/https://www.iitr.ac.in/departments/AH/pages/People+Faculty.html
Jagdish Singh,Unknown unit (institute-wide list 2019),Former faculty (2019-2019); last listed as Assistant Professor,former,,,jsingmuc@iitr.ac.in,,,,,,,https://web.archive.org/web/20190716184918/https://www.iitr.ac.in/departments/AH/pages/People+Faculty.html
Navneet Kumar Gupta,Unknown unit (institute-wide list 2019),Former faculty (2019-2019),former,,,guptank@iitr.ac.in,,,,,,,https://web.archive.org/web/20190716184918/https://www.iitr.ac.in/departments/AH/pages/People+Faculty.html
Anil Kumar Gupta,Water Resources Development and Management,"Professor, ICARS",current,2024,https://iitr.ac.in/Departments/Water Resources Development and Management Department/People/Faculty/101076.html,,0000-0002-4382-4531,,,,,,https://iitr.ac.in/Departments/Water Resources Development and Management Department/People/faculties.html
Anshul Yadav,Water Resources Development and Management,Assistant Professor,current,2024,https://iitr.ac.in/Departments/Water Resources Development and Management Department/People/Faculty/101072.html,,,,,,,,https://iitr.ac.in/Departments/Water Resources Development and Management Department/People/faculties.html
Ashish Pandey,Water Resources Development and Management,Professor,current,2007,https://iitr.ac.in/Departments/Water Resources Development and Management Department/People/Faculty/100479.html,,0000-0003-2110-8283,,,,,,https://iitr.ac.in/Departments/Water Resources Development and Management Department/People/faculties.html
Basant Yadav,Water Resources Development and Management,Associate Professor,current,2020,https://iitr.ac.in/Departments/Water Resources Development and Management Department/People/Faculty/100910.html,,0000-0001-9780-9030,,,,,,https://iitr.ac.in/Departments/Water Resources Development and Management Department/People/faculties.html
Deepak Khare,Water Resources Development and Management,BIS Chair Professor,current,2001,https://iitr.ac.in/Departments/Water Resources Development and Management Department/People/Faculty/100353.html,,0000-0002-1968-0136,,,,,,https://iitr.ac.in/Departments/Water Resources Development and Management Department/People/faculties.html
Ellora Padhi,Water Resources Development and Management,Assistant Professor,current,2024,https://iitr.ac.in/Departments/Water Resources Development and Management Department/People/Faculty/101046.html,,0000-0002-2295-2171,,,,,,https://iitr.ac.in/Departments/Water Resources Development and Management Department/People/faculties.html
Idhaya Chandhiran . I,Water Resources Development and Management,Associate Professor,current,,https://iitr.ac.in/Departments/Water Resources Development and Management Department/People/Faculty/100877.html,,,,,,,,https://iitr.ac.in/Departments/Water Resources Development and Management Department/People/faculties.html
K. S. Kasiviswanathan,Water Resources Development and Management,Associate Professor (on Lien),current,2019,https://iitr.ac.in/Departments/Water Resources Development and Management Department/People/Faculty/100841.html,,0000-0003-4706-6931,https://scholar.google.com/citations?user=J7AMGk8AAAAJ,,,,,https://iitr.ac.in/Departments/Water Resources Development and Management Department/People/faculties.html
Kritika Kothari,Water Resources Development and Management,Assistant Professor,current,2022,https://iitr.ac.in/Departments/Water Resources Development and Management Department/People/Faculty/100994.html,,,,,,,,https://iitr.ac.in/Departments/Water Resources Development and Management Department/People/faculties.html
M. L. Kansal,Water Resources Development and Management,Professor,current,1990,https://iitr.ac.in/Departments/Water Resources Development and Management Department/People/Faculty/100352.html,,0000-0002-4757-1084,,,,,,https://iitr.ac.in/Departments/Water Resources Development and Management Department/People/faculties.html
Mohit Prakash Mohanty,Water Resources Development and Management,Associate Professor,current,2021,https://iitr.ac.in/Departments/Water Resources Development and Management Department/People/Faculty/100938.html,,0000-0001-7783-2073,https://scholar.google.com/citations?user=7THkWAEAAAAJ,,,,,https://iitr.ac.in/Departments/Water Resources Development and Management Department/People/faculties.html
S. K. Mishra,Water Resources Development and Management,Professor,current,1987,https://iitr.ac.in/Departments/Water Resources Development and Management Department/People/Faculty/100398.html,,,,,,,,https://iitr.ac.in/Departments/Water Resources Development and Management Department/People/faculties.html
Thanga Raj Chelliah,Water Resources Development and Management,NHPC Chair Professor and Head of the Department,current,,https://iitr.ac.in/Departments/Water Resources Development and Management Department/People/Faculty/100569.html,,,,,,,,https://iitr.ac.in/Departments/Water Resources Development and Management Department/People/faculties.html
A. K. Singh,Water Resources Development and Management,Adjunct Faculty,adjunct,,,,,,,,,,https://iitr.ac.in/Departments/Water Resources Development and Management Department/People/faculties.html
Devadutta Das,Water Resources Development and Management,Former faculty (2016-2017); last listed as Emeritus Professor,former,,,devdsfwt@iitr.ac.in,,,,,,,https://web.archive.org/web/20160401013349/http://www.iitr.ac.in/departments/WRT/pages/People+Faculty_List.html
Gopal Chauhan,Water Resources Development and Management,Former faculty (2016-2017); last listed as On Contract Professor,former,,,gopalfwt@iitr.ac.in,,,,,,,https://web.archive.org/web/20160401013349/http://www.iitr.ac.in/departments/WRT/pages/People+Faculty_List.html
Matsuno Yutaka,Water Resources Development and Management,Former faculty (2025-2025); last listed as Visiting Professor,former,,,,,,,,,,https://web.archive.org/web/20250717084523/https://iitr.ac.in/Departments/Water%20Resources%20Development%20and%20Management%20Department/People/faculties.html
Nayan Sharma,Water Resources Development and Management,Former faculty (2016-2017); last listed as Retired Faculty,former,,,,,,,,,,https://iitr.ac.in/Departments/Water Resources Development and Management Department/People/faculties.html ; https://web.archive.org/web/20160401013349/http://www.iitr.ac.in/departments/WRT/pages/People+Faculty_List.html
P. K. Suresh,Water Resources Development and Management,Adjunct Faculty,adjunct,,,,,,,,,,https://iitr.ac.in/Departments/Water Resources Development and Management Department/People/faculties.html
Raj Deva Singh,Water Resources Development and Management,Former faculty (2019-2019); last listed as Adjunct Faculty,former,,,rdsinghfwt@iitr.ac.in,,,,,,,https://web.archive.org/web/20190716184918/https://www.iitr.ac.in/departments/AH/pages/People+Faculty.html
Ramesh Narain Misra,Water Resources Development and Management,Former faculty (2024-2025); last listed as Professor of practice,former,,,ramesh.misra@wr.iitr.ac.in,,,,,,,https://web.archive.org/web/20240415094523/https://iitr.ac.in/Departments/Water%20Resources%20Development%20and%20Management%20Department/People/Faculty/index.html
S. K. Tripathi,Water Resources Development and Management,Former faculty (2016-2017); last listed as Retired Faculty,former,,,,,,,,,,https://iitr.ac.in/Departments/Water Resources Development and Management Department/People/faculties.html ; https://web.archive.org/web/20160401013349/http://www.iitr.ac.in/departments/WRT/pages/People+Faculty_List.html
S. V. Appa Sarma,Water Resources Development and Management,Adjunct Faculty,adjunct,,,,,,,,,,https://iitr.ac.in/Departments/Water Resources Development and Management Department/People/faculties.html
Sambeet Mishra,Water Resources Development and Management,Visiting Professor,visiting,,https://www.usn.no/english/about/contact-us/employees/sambeet-mishra,,,,,,,,https://iitr.ac.in/Departments/Water Resources Development and Management Department/People/faculties.html
Shailendra Kumar Joshi,Water Resources Development and Management,Former faculty (2023-2025); last listed as Adjunct Faculty,former,,,shailendra.joshi@wr.iitr.ac.in,,,,,,,https://web.archive.org/web/20230529160823/https://iitr.ac.in/Departments/Water%20Resources%20Development%20and%20Management%20Department/People/Faculty/index.html
U. C. Chaube,Water Resources Development and Management,Former faculty (2016-2017); last listed as Retired Faculty,former,,,,,,,,,,https://iitr.ac.in/Departments/Water Resources Development and Management Department/People/faculties.html ; https://web.archive.org/web/20160401013349/http://www.iitr.ac.in/departments/WRT/pages/People+Faculty_List.html
V. P. Singh,Water Resources Development and Management,Former faculty (2019-2019); last listed as Distinguished Professor,former,,,vijayfwt@iitr.ac.in,,,,,,,https://web.archive.org/web/20190716184918/https://www.iitr.ac.in/departments/AH/pages/People+Faculty.html
