name,department,designation,status,joining_year,profile_url,email,orcid,google_scholar,dblp,scopus_id,irins,homepage,source_url
Akshay Prakash,Aerospace Engineering,Assistant Professor Grade-I,current,,https://www.iitkgp.ac.in/department/AE/faculty/ae-ap,ap@aero.iitkgp.ac.in,,,,,,,https://www.iitkgp.ac.in/Departments/showPeopleFormerStaff [POST show_people_former_staff=faculty&dept_code=AE] (unit page https://www.iitkgp.ac.in/department/AE)
Amardip Ghosh,Aerospace Engineering,Assistant Professor Grade-I,current,2018,https://www.iitkgp.ac.in/department/AE/faculty/ae-amardip.ghosh,amardip.ghosh@aero.iitkgp.ac.in,0009-0006-3880-6124,,,,,,https://www.iitkgp.ac.in/Departments/showPeopleFormerStaff [POST show_people_former_staff=faculty&dept_code=AE] (unit page https://www.iitkgp.ac.in/department/AE)
Ananth S M,Aerospace Engineering,Assistant Professor Grade-I,current,,https://www.iitkgp.ac.in/department/AE/faculty/ae-YXkxWEs3Y01ETExPMHBweGREbGZKUT09,,,https://scholar.google.com/citations?user=WDUf3IQAAAAJ,,,,,https://www.iitkgp.ac.in/Departments/showPeopleFormerStaff [POST show_people_former_staff=faculty&dept_code=AE] (unit page https://www.iitkgp.ac.in/department/AE)
Anubhav Roy,Aerospace Engineering,Assistant Professor Grade-II,current,,https://www.iitkgp.ac.in/department/AE/faculty/ae-anubhav.roy,anubhav.roy@aero.iitkgp.ac.in,,https://scholar.google.com/citations?user=OF5DERIAAAAJ,,,,,https://www.iitkgp.ac.in/Departments/showPeopleFormerStaff [POST show_people_former_staff=faculty&dept_code=AE] (unit page https://www.iitkgp.ac.in/department/AE)
Anup Ghosh,Aerospace Engineering,Professor,current,2004,https://www.iitkgp.ac.in/department/AE/faculty/ae-anup,anup@aero.iitkgp.ac.in,0000-0002-1593-002X,,,,,http://www.ae.iitkgp.ac.in/anup/,https://www.iitkgp.ac.in/Departments/showPeopleFormerStaff [POST show_people_former_staff=faculty&dept_code=AE] (unit page https://www.iitkgp.ac.in/department/AE)
Arnab Roy,Aerospace Engineering,Professor,current,,https://www.iitkgp.ac.in/department/AE/faculty/ae-arnab,arnab@aero.iitkgp.ac.in,0000-0002-9481-9871,,,,,,https://www.iitkgp.ac.in/Departments/showPeopleFormerStaff [POST show_people_former_staff=faculty&dept_code=AE] (unit page https://www.iitkgp.ac.in/department/AE)
Bhrigu Nath Singh,Aerospace Engineering,Professor,current,,https://www.iitkgp.ac.in/department/AE/faculty/ae-bnsingh,bnsingh@aero.iitkgp.ac.in,,https://scholar.google.com/citations?user=wwjYPDMAAAAJ,,,,,https://www.iitkgp.ac.in/Departments/showPeopleFormerStaff [POST show_people_former_staff=faculty&dept_code=AE] (unit page https://www.iitkgp.ac.in/department/AE)
Chetankumar Sureshbhai Mistry,Aerospace Engineering,Associate Professor,current,,https://www.iitkgp.ac.in/department/AE/faculty/ae-csmistry,csmistry@aero.iitkgp.ac.in,0000-0002-0010-8260,https://scholar.google.com/citations?user=3uI9AmoAAAAJ,,,,https://chetanmistryiit.com/,https://www.iitkgp.ac.in/Departments/showPeopleFormerStaff [POST show_people_former_staff=faculty&dept_code=AE] (unit page https://www.iitkgp.ac.in/department/AE)
Dipak Kumar Maiti,Aerospace Engineering,Professor,current,,https://www.iitkgp.ac.in/department/AE/faculty/ae-dkmaiti,dkmaiti@aero.iitkgp.ac.in,,,,,,,https://www.iitkgp.ac.in/Departments/showPeopleFormerStaff [POST show_people_former_staff=faculty&dept_code=AE] (unit page https://www.iitkgp.ac.in/department/AE)
Manoranjan Sinha,Aerospace Engineering,Professor,current,,https://www.iitkgp.ac.in/department/AE/faculty/ae-masinha,masinha@aero.iitkgp.ac.in,,,,,,,https://www.iitkgp.ac.in/Departments/showPeopleFormerStaff [POST show_people_former_staff=faculty&dept_code=AE] (unit page https://www.iitkgp.ac.in/department/AE)
Mira Mitra,Aerospace Engineering,Professor,current,,https://www.iitkgp.ac.in/department/AE/faculty/ae-mira,mira@aero.iitkgp.ac.in,,https://scholar.google.com/citations?user=JdQQa74AAAAJ,,,,,https://www.iitkgp.ac.in/Departments/showPeopleFormerStaff [POST show_people_former_staff=faculty&dept_code=AE] (unit page https://www.iitkgp.ac.in/department/AE)
Mohammed Rabius Sunny,Aerospace Engineering,Associate Professor,current,,https://www.iitkgp.ac.in/department/AE/faculty/ae-sunny,sunny@aero.iitkgp.ac.in,,,,,,,https://www.iitkgp.ac.in/Departments/showPeopleFormerStaff [POST show_people_former_staff=faculty&dept_code=AE] (unit page https://www.iitkgp.ac.in/department/AE)
Mrinal Kaushik,Aerospace Engineering,Professor,current,2013,https://www.iitkgp.ac.in/department/AE/faculty/ae-mkaushik,mkaushik@aero.iitkgp.ac.in,0000-0001-9956-5770,https://scholar.google.com/citations?user=6wtTKogAAAAJ,,,,https://sites.google.com/view/drmrinalkaushik,https://www.iitkgp.ac.in/Departments/showPeopleFormerStaff [POST show_people_former_staff=faculty&dept_code=AE] (unit page https://www.iitkgp.ac.in/department/AE)
Naba Kumar Peyada,Aerospace Engineering,Associate Professor,current,2013,https://www.iitkgp.ac.in/department/AE/faculty/ae-nkpeyada,nkpeyada@aero.iitkgp.ac.in,0009-0000-8606-757X,,,,,,https://www.iitkgp.ac.in/Departments/showPeopleFormerStaff [POST show_people_former_staff=faculty&dept_code=AE] (unit page https://www.iitkgp.ac.in/department/AE)
Prasun Jana,Aerospace Engineering,Associate Professor,current,2018,https://www.iitkgp.ac.in/department/AE/faculty/ae-prasun,prasun@aero.iitkgp.ac.in,0000-0002-1851-5403,,,,,,https://www.iitkgp.ac.in/Departments/showPeopleFormerStaff [POST show_people_former_staff=faculty&dept_code=AE] (unit page https://www.iitkgp.ac.in/department/AE)
Priyam Chakraborty,Aerospace Engineering,Assistant Professor Grade-I,current,,https://www.iitkgp.ac.in/department/AE/faculty/ae-priyam,priyam@aero.iitkgp.ac.in,,,,,,,https://www.iitkgp.ac.in/Departments/showPeopleFormerStaff [POST show_people_former_staff=faculty&dept_code=AE] (unit page https://www.iitkgp.ac.in/department/AE)
Ratan Joarder,Aerospace Engineering,Professor,current,2013,https://www.iitkgp.ac.in/department/AE/faculty/ae-jratan,jratan@aero.iitkgp.ac.in,0000-0002-1291-7305,https://scholar.google.com/citations?user=1-_oT00AAAAJ,,,,http://www.ae.iitkgp.ac.in/jratan/,https://www.iitkgp.ac.in/Departments/showPeopleFormerStaff [POST show_people_former_staff=faculty&dept_code=AE] (unit page https://www.iitkgp.ac.in/department/AE)
Sandeep Saha,Aerospace Engineering,Associate Professor,current,2014,https://www.iitkgp.ac.in/department/AE/faculty/ae-ssaha,ssaha@aero.iitkgp.ac.in,0000-0002-0507-9980,,,,,https://ssaha-aero.github.io/TAILWIND-Lab/,https://www.iitkgp.ac.in/Departments/showPeopleFormerStaff [POST show_people_former_staff=faculty&dept_code=AE] (unit page https://www.iitkgp.ac.in/department/AE)
Sikha Hota,Aerospace Engineering,Associate Professor,current,,https://www.iitkgp.ac.in/department/AE/faculty/ae-sikhahota,sikhahota@aero.iitkgp.ac.in,,https://scholar.google.com/citations?user=Sw87EI4AAAAJ,,,,,https://www.iitkgp.ac.in/Departments/showPeopleFormerStaff [POST show_people_former_staff=faculty&dept_code=AE] (unit page https://www.iitkgp.ac.in/department/AE)
Somnath Ghosh,Aerospace Engineering,Professor,current,2013,https://www.iitkgp.ac.in/department/AE/faculty/ae-sghosh,sghosh@aero.iitkgp.ac.in,0000-0002-1344-3527,https://scholar.google.com/citations?user=9BbHWc8AAAAJ,,,,,https://www.iitkgp.ac.in/Departments/showPeopleFormerStaff [POST show_people_former_staff=faculty&dept_code=AE] (unit page https://www.iitkgp.ac.in/department/AE)
Srinibas Karmakar,Aerospace Engineering,Professor,current,,https://www.iitkgp.ac.in/department/AE/faculty/ae-skarmakar,skarmakar@aero.iitkgp.ac.in,,https://scholar.google.com/citations?user=o3BG2gkAAAAJ,,,,,https://www.iitkgp.ac.in/Departments/showPeopleFormerStaff [POST show_people_former_staff=faculty&dept_code=AE] (unit page https://www.iitkgp.ac.in/department/AE)
Sundaram Vinod Kumar Anicode,Aerospace Engineering,Assistant Professor Grade-II,current,,https://www.iitkgp.ac.in/department/AE/faculty/ae-svkanicode,svkanicode@aero.iitkgp.ac.in,,https://scholar.google.com/citations?user=3n_-OTAAAAAJ,,,,,https://www.iitkgp.ac.in/Departments/showPeopleFormerStaff [POST show_people_former_staff=faculty&dept_code=AE] (unit page https://www.iitkgp.ac.in/department/AE)
Sunil Manohar Dash,Aerospace Engineering,Associate Professor,current,,https://www.iitkgp.ac.in/department/AE/faculty/ae-smdash,smdash@aero.iitkgp.ac.in,,https://scholar.google.com/citations?user=dcF6nU4AAAAJ,,,,https://www.sunilmanohardash.com/,https://www.iitkgp.ac.in/Departments/showPeopleFormerStaff [POST show_people_former_staff=faculty&dept_code=AE] (unit page https://www.iitkgp.ac.in/department/AE)
Suresh Chandra Pradhan,Aerospace Engineering,Associate Professor,current,,https://www.iitkgp.ac.in/department/AE/faculty/ae-scp,scp@aero.iitkgp.ac.in,,,,,,http://www.facweb.iitkgp.ernet.in/~scp/,https://www.iitkgp.ac.in/Departments/showPeopleFormerStaff [POST show_people_former_staff=faculty&dept_code=AE] (unit page https://www.iitkgp.ac.in/department/AE)
Susmita Bhattacharyya,Aerospace Engineering,Assistant Professor Grade-I,current,,https://www.iitkgp.ac.in/department/AE/faculty/ae-susmita,susmita@aero.iitkgp.ac.in,,https://scholar.google.com/citations?user=b3_c8XEAAAAJ,,,,,https://www.iitkgp.ac.in/Departments/showPeopleFormerStaff [POST show_people_former_staff=faculty&dept_code=AE] (unit page https://www.iitkgp.ac.in/department/AE)
Vatsalya Sharma,Aerospace Engineering,Assistant Professor Grade-I,current,,https://www.iitkgp.ac.in/department/AE/faculty/ae-vatsalya,vatsalya@aero.iitkgp.ac.in,,,,,,https://vatsalyasharma.gitlab.io/comet/,https://www.iitkgp.ac.in/Departments/showPeopleFormerStaff [POST show_people_former_staff=faculty&dept_code=AE] (unit page https://www.iitkgp.ac.in/department/AE)
Adinpunya Mitra,Agricultural and Food Engineering,Professor,current,2000,https://www.iitkgp.ac.in/department/AG/faculty/ag-adin,adin@iitkgp.ac.in,0000-0002-1740-8147,,,,,http://www.npbt.in,https://www.iitkgp.ac.in/Departments/showPeopleFormerStaff [POST show_people_former_staff=faculty&dept_code=AG] (unit page https://www.iitkgp.ac.in/department/AG)
Amey Pathak,Agricultural and Food Engineering,Assistant Professor Grade-I,current,2018,https://www.iitkgp.ac.in/department/AG/faculty/ag-amey,amey@agfe.iitkgp.ac.in,0000-0002-1141-911X,https://scholar.google.com/citations?user=do9u7u8AAAAJ,,,,https://hydroclimatelab.github.io/HydroClimate-Lab/,https://www.iitkgp.ac.in/Departments/showPeopleFormerStaff [POST show_people_former_staff=faculty&dept_code=AG] (unit page https://www.iitkgp.ac.in/department/AG)
Ankit Shekhar,Agricultural and Food Engineering,Assistant Professor Grade-I,current,2024,https://www.iitkgp.ac.in/department/AG/faculty/ag-UjdZOTdVNnQwNUxoS1JNdmMvM3VxZz09,,0000-0003-0802-2821,,,,,,https://www.iitkgp.ac.in/Departments/showPeopleFormerStaff [POST show_people_former_staff=faculty&dept_code=AG] (unit page https://www.iitkgp.ac.in/department/AG)
Ashok Mishra,Agricultural and Food Engineering,Professor,current,2018,https://www.iitkgp.ac.in/department/AG/faculty/ag-amishra,amishra@agfe.iitkgp.ac.in,0000-0003-4309-7626,,,,,,https://www.iitkgp.ac.in/Departments/showPeopleFormerStaff [POST show_people_former_staff=faculty&dept_code=AG] (unit page https://www.iitkgp.ac.in/department/AG)
Bhabani Sankar Das,Agricultural and Food Engineering,Professor,current,,https://www.iitkgp.ac.in/department/AG/faculty/ag-bsdas,bsdas@agfe.iitkgp.ac.in,,,,,,,https://www.iitkgp.ac.in/Departments/showPeopleFormerStaff [POST show_people_former_staff=faculty&dept_code=AG] (unit page https://www.iitkgp.ac.in/department/AG)
Bhupendra M Ghodki,Agricultural and Food Engineering,Assistant Professor Grade-I,current,2023,https://www.iitkgp.ac.in/department/AG/faculty/ag-bmg,bmg@agfe.iitkgp.ac.in,0000-0002-8879-1550,,,,,,https://www.iitkgp.ac.in/Departments/showPeopleFormerStaff [POST show_people_former_staff=faculty&dept_code=AG] (unit page https://www.iitkgp.ac.in/department/AG)
Brajesh Kumar Panda,Agricultural and Food Engineering,Assistant Professor Grade-I,current,2022,https://www.iitkgp.ac.in/department/AG/faculty/ag-bkp,bkp@agfe.iitkgp.ac.in,0000-0002-2257-1600,https://scholar.google.com/citations?user=5CMlwvMAAAAJ,,,,,https://www.iitkgp.ac.in/Departments/showPeopleFormerStaff [POST show_people_former_staff=faculty&dept_code=AG] (unit page https://www.iitkgp.ac.in/department/AG)
Chandranath Chatterjee,Agricultural and Food Engineering,Professor,current,2004,https://www.iitkgp.ac.in/department/AG/faculty/ag-cchatterjee,cchatterjee@agfe.iitkgp.ac.in,0000-0002-6201-1667,,,,,http://cchatterjeeiitkgp.co.in,https://www.iitkgp.ac.in/Departments/showPeopleFormerStaff [POST show_people_former_staff=faculty&dept_code=AG] (unit page https://www.iitkgp.ac.in/department/AG)
Damodhara Rao Mailapalli,Agricultural and Food Engineering,Professor,current,2019,https://www.iitkgp.ac.in/department/AG/faculty/ag-mailapalli,mailapalli@agfe.iitkgp.ac.in,0000-0003-3443-2461,,,,,http://www.npslabiitkgp.com,https://www.iitkgp.ac.in/Departments/showPeopleFormerStaff [POST show_people_former_staff=faculty&dept_code=AG] (unit page https://www.iitkgp.ac.in/department/AG)
Dibyendu Kamilya,Agricultural and Food Engineering,Associate Professor,current,,https://www.iitkgp.ac.in/department/AG/faculty/ag-dibyendu,dibyendu@agfe.iitkgp.ac.in,,https://scholar.google.com/citations?user=-ed-DcgAAAAJ,,,,,https://www.iitkgp.ac.in/Departments/showPeopleFormerStaff [POST show_people_former_staff=faculty&dept_code=AG] (unit page https://www.iitkgp.ac.in/department/AG)
Dillip Kumar Swain,Agricultural and Food Engineering,Professor,current,,https://www.iitkgp.ac.in/department/AG/faculty/ag-swain,swain@agfe.iitkgp.ac.in,,,,,,http://www.facweb.iitkgp.ernet.in/~dkswain/,https://www.iitkgp.ac.in/Departments/showPeopleFormerStaff [POST show_people_former_staff=faculty&dept_code=AG] (unit page https://www.iitkgp.ac.in/department/AG)
Gayatri Mishra,Agricultural and Food Engineering,Assistant Professor Grade-I,current,2024,https://www.iitkgp.ac.in/department/AG/faculty/ag-gayatri,gayatri@agfe.iitkgp.ac.in,0000-0001-8941-5445,,,,,,https://www.iitkgp.ac.in/Departments/showPeopleFormerStaff [POST show_people_former_staff=faculty&dept_code=AG] (unit page https://www.iitkgp.ac.in/department/AG)
Gourav Dhar Bhowmick,Agricultural and Food Engineering,Assistant Professor Grade-I,current,2021,https://www.iitkgp.ac.in/department/AG/faculty/ag-gourav,gourav@agfe.iitkgp.ac.in,0000-0002-7628-4746,https://scholar.google.com/citations?user=HlWA628AAAAJ,,,,https://www.gouravdharbhowmick.com/,https://www.iitkgp.ac.in/Departments/showPeopleFormerStaff [POST show_people_former_staff=faculty&dept_code=AG] (unit page https://www.iitkgp.ac.in/department/AG)
Hifjur Raheman,Agricultural and Food Engineering,Professor,current,,https://www.iitkgp.ac.in/department/AG/faculty/ag-hifjur,hifjur@agfe.iitkgp.ac.in,,,,,,https://sites.google.com/view/hraheman/home,https://www.iitkgp.ac.in/Departments/showPeopleFormerStaff [POST show_people_former_staff=faculty&dept_code=AG] (unit page https://www.iitkgp.ac.in/department/AG)
Jayeeta Mitra,Agricultural and Food Engineering,Associate Professor,current,2014,https://www.iitkgp.ac.in/department/AG/faculty/ag-jayeeta.mitra,jayeeta.mitra@agfe.iitkgp.ac.in,0000-0002-0045-5262,,,,,http://www.facweb.iitkgp.ernet.in/~jayeeta/,https://www.iitkgp.ac.in/Departments/showPeopleFormerStaff [POST show_people_former_staff=faculty&dept_code=AG] (unit page https://www.iitkgp.ac.in/department/AG)
Jayraj P,Agricultural and Food Engineering,Assistant Professor Grade-I,current,,https://www.iitkgp.ac.in/department/AG/faculty/ag-jayrajp,jayrajp@agfe.iitkgp.ac.in,,,,,,,https://www.iitkgp.ac.in/Departments/showPeopleFormerStaff [POST show_people_former_staff=faculty&dept_code=AG] (unit page https://www.iitkgp.ac.in/department/AG)
Joydeep Banerjee,Agricultural and Food Engineering,Assistant Professor Grade-I,current,2018,https://www.iitkgp.ac.in/department/AG/faculty/ag-joydeep,joydeep@agfe.iitkgp.ac.in,0000-0003-3856-8876,,,,,,https://www.iitkgp.ac.in/Departments/showPeopleFormerStaff [POST show_people_former_staff=faculty&dept_code=AG] (unit page https://www.iitkgp.ac.in/department/AG)
Kanishka Bhunia,Agricultural and Food Engineering,Assistant Professor Grade-I,current,2018,https://www.iitkgp.ac.in/department/AG/faculty/ag-kanishka,kanishka@agfe.iitkgp.ac.in,0000-0002-2682-2841,,,,,,https://www.iitkgp.ac.in/Departments/showPeopleFormerStaff [POST show_people_former_staff=faculty&dept_code=AG] (unit page https://www.iitkgp.ac.in/department/AG)
Madan Kumar Jha,Agricultural and Food Engineering,Professor,current,1999,https://www.iitkgp.ac.in/department/AG/faculty/ag-madan,madan@agfe.iitkgp.ac.in,0000-0001-9460-8567,,,,,,https://www.iitkgp.ac.in/Departments/showPeopleFormerStaff [POST show_people_former_staff=faculty&dept_code=AG] (unit page https://www.iitkgp.ac.in/department/AG)
Mohan Das,Agricultural and Food Engineering,Assistant Professor Grade-I,current,,https://www.iitkgp.ac.in/department/AG/faculty/ag-mohan,mohan@agfe.iitkgp.ac.in,,,,,,,https://www.iitkgp.ac.in/Departments/showPeopleFormerStaff [POST show_people_former_staff=faculty&dept_code=AG] (unit page https://www.iitkgp.ac.in/department/AG)
Narendra Singh Raghuwanshi,Agricultural and Food Engineering,Professor,current,,https://www.iitkgp.ac.in/department/AG/faculty/ag-nsr,nsr@agfe.iitkgp.ac.in,,,,,,,https://www.iitkgp.ac.in/Departments/showPeopleFormerStaff [POST show_people_former_staff=faculty&dept_code=AG] (unit page https://www.iitkgp.ac.in/department/AG)
Nirupama Mallick,Agricultural and Food Engineering,Professor,current,,https://www.iitkgp.ac.in/department/AG/faculty/ag-nm,nm@agfe.iitkgp.ac.in,0000-0002-9969-0464,,,,,,https://www.iitkgp.ac.in/Departments/showPeopleFormerStaff [POST show_people_former_staff=faculty&dept_code=AG] (unit page https://www.iitkgp.ac.in/department/AG)
P Srinivasa Rao,Agricultural and Food Engineering,Professor,current,2018,https://www.iitkgp.ac.in/department/AG/faculty/ag-psrao,psrao@agfe.iitkgp.ac.in,0009-0005-7109-2058,,,,,,https://www.iitkgp.ac.in/Departments/showPeopleFormerStaff [POST show_people_former_staff=faculty&dept_code=AG] (unit page https://www.iitkgp.ac.in/department/AG)
Peeyush Soni,Agricultural and Food Engineering,Professor,current,2018,https://www.iitkgp.ac.in/department/AG/faculty/ag-soni,soni@iitkgp.ac.in,0000-0001-9533-6858,,,,,,https://www.iitkgp.ac.in/Departments/showPeopleFormerStaff [POST show_people_former_staff=faculty&dept_code=AG] (unit page https://www.iitkgp.ac.in/department/AG)
Poulomi Ganguli,Agricultural and Food Engineering,Assistant Professor Grade-I,current,2018,https://www.iitkgp.ac.in/department/AG/faculty/ag-pganguli,pganguli@agfe.iitkgp.ac.in,0000-0002-2372-1121,https://scholar.google.com/citations?user=-k_IVRkAAAAJ,,,,,https://www.iitkgp.ac.in/Departments/showPeopleFormerStaff [POST show_people_former_staff=faculty&dept_code=AG] (unit page https://www.iitkgp.ac.in/department/AG)
Praveen Kumar Sappati,Agricultural and Food Engineering,Assistant Professor Grade-I,current,,https://www.iitkgp.ac.in/department/AG/faculty/ag-pks,pks@agfe.iitkgp.ac.in,,,,,,https://www.linkedin.com/in/spraveen-kumar/,https://www.iitkgp.ac.in/Departments/showPeopleFormerStaff [POST show_people_former_staff=faculty&dept_code=AG] (unit page https://www.iitkgp.ac.in/department/AG)
Prithwiraj Dey,Agricultural and Food Engineering,Assistant Professor Grade-I,current,,https://www.iitkgp.ac.in/department/AG/faculty/ag-prithwi,prithwi@agfe.iitkgp.ac.in,0000-0001-5373-1876,,,,,https://sites.google.com/view/kgp-saal,https://www.iitkgp.ac.in/Departments/showPeopleFormerStaff [POST show_people_former_staff=faculty&dept_code=AG] (unit page https://www.iitkgp.ac.in/department/AG)
Priyabrata Pradhan,Agricultural and Food Engineering,Assistant Professor Grade-I,current,2023,https://www.iitkgp.ac.in/department/AG/faculty/ag-ppradhan,ppradhan@agfe.iitkgp.ac.in,0000-0003-0225-3055,,,,,,https://www.iitkgp.ac.in/Departments/showPeopleFormerStaff [POST show_people_former_staff=faculty&dept_code=AG] (unit page https://www.iitkgp.ac.in/department/AG)
Punyadarshini Punam Tripathy,Agricultural and Food Engineering,Professor,current,,https://www.iitkgp.ac.in/department/AG/faculty/ag-punam,punam@agfe.iitkgp.ac.in,,,,,,,https://www.iitkgp.ac.in/Departments/showPeopleFormerStaff [POST show_people_former_staff=faculty&dept_code=AG] (unit page https://www.iitkgp.ac.in/department/AG)
Rajendra Machavaram,Agricultural and Food Engineering,Associate Professor,current,,https://www.iitkgp.ac.in/department/AG/faculty/ag-rajendra,rajendra@agfe.iitkgp.ac.in,,,,,,https://sites.google.com/site/rajendramachavaram/,https://www.iitkgp.ac.in/Departments/showPeopleFormerStaff [POST show_people_former_staff=faculty&dept_code=AG] (unit page https://www.iitkgp.ac.in/department/AG)
Rajendra Singh,Agricultural and Food Engineering,Professor,current,2003,https://www.iitkgp.ac.in/department/AG/faculty/ag-rsingh,rsingh@agfe.iitkgp.ac.in,0000-0002-4452-1065,,,,,http://rsinghiitkgp.co.in/,https://www.iitkgp.ac.in/Departments/showPeopleFormerStaff [POST show_people_former_staff=faculty&dept_code=AG] (unit page https://www.iitkgp.ac.in/department/AG)
Rintu Banerjee,Agricultural and Food Engineering,Deputy Director,current,1993,https://www.iitkgp.ac.in/department/AG/faculty/ag-rb,rb@agfe.iitkgp.ac.in,0000-0002-2349-1151,,,,,,https://www.iitkgp.ac.in/Departments/showPeopleFormerStaff [POST show_people_former_staff=faculty&dept_code=AG] (unit page https://www.iitkgp.ac.in/department/AG)
Ronit Mandal,Agricultural and Food Engineering,Assistant Professor Grade-I,current,2023,https://www.iitkgp.ac.in/department/AG/faculty/ag-rm,rm@agfe.iitkgp.ac.in,0000-0003-3541-8039,https://scholar.google.com/citations?user=ioBfILAAAAAJ,,,,,https://www.iitkgp.ac.in/Departments/showPeopleFormerStaff [POST show_people_former_staff=faculty&dept_code=AG] (unit page https://www.iitkgp.ac.in/department/AG)
Somsubhra Chakraborty,Agricultural and Food Engineering,Associate Professor,current,,https://www.iitkgp.ac.in/department/AG/faculty/ag-somsubhra,somsubhra@agfe.iitkgp.ac.in,0000-0003-1913-3973,https://scholar.google.com/citations?user=AkE_7XAAAAAJ,,32067504500,,https://www.somsubhra.in/,https://www.iitkgp.ac.in/Departments/showPeopleFormerStaff [POST show_people_former_staff=faculty&dept_code=AG] (unit page https://www.iitkgp.ac.in/department/AG)
Sridhar Sahoo,Agricultural and Food Engineering,Assistant Professor Grade-I,current,2023,https://www.iitkgp.ac.in/department/AG/faculty/ag-RlhMK3N0RExqdzB5a2lPRkF2dHVVZz09,,0000-0001-5197-118X,,,,,https://sites.google.com/view/sridharsahoo/home,https://www.iitkgp.ac.in/Departments/showPeopleFormerStaff [POST show_people_former_staff=faculty&dept_code=AG] (unit page https://www.iitkgp.ac.in/department/AG)
Subhadip Dey,Agricultural and Food Engineering,Assistant Professor Grade-I,current,2022,https://www.iitkgp.ac.in/department/AG/faculty/ag-sdey23,sdey23@agfe.iitkgp.ac.in,0000-0002-4979-0192,https://scholar.google.com/citations?user=buTbWvUAAAAJ,,,,https://subhadipdey.in/,https://www.iitkgp.ac.in/Departments/showPeopleFormerStaff [POST show_people_former_staff=faculty&dept_code=AG] (unit page https://www.iitkgp.ac.in/department/AG)
Abraham George,Architecture and Regional Planning,Professor,current,,https://www.iitkgp.ac.in/department/AR/faculty/ar-abraham,abraham@arp.iitkgp.ac.in,,,,,,http://www.iitkgp.ac.in/department/AR/faculty/ar-abraham,https://www.iitkgp.ac.in/Departments/showPeopleFormerStaff [POST show_people_former_staff=faculty&dept_code=AR] (unit page https://www.iitkgp.ac.in/department/AR)
Arjun Mukerji,Architecture and Regional Planning,Associate Professor,current,2018,https://www.iitkgp.ac.in/department/AR/faculty/ar-arjun,arjun@arp.iitkgp.ac.in,0000-0003-4244-5326,,,,,,https://www.iitkgp.ac.in/Departments/showPeopleFormerStaff [POST show_people_former_staff=faculty&dept_code=AR] (unit page https://www.iitkgp.ac.in/department/AR)
Arup Das,Architecture and Regional Planning,Associate Professor,current,2015,https://www.iitkgp.ac.in/department/AR/faculty/ar-arup.das,arup.das@arp.iitkgp.ac.in,0000-0002-9265-8242,,,,,,https://www.iitkgp.ac.in/Departments/showPeopleFormerStaff [POST show_people_former_staff=faculty&dept_code=AR] (unit page https://www.iitkgp.ac.in/department/AR)
Debapratim Pandit,Architecture and Regional Planning,Professor,current,2008,https://www.iitkgp.ac.in/department/AR/faculty/ar-debapratim,debapratim@arp.iitkgp.ac.in,0000-0003-3149-4747,,,,,https://cfl.iitkgp.ac.in/,https://www.iitkgp.ac.in/Departments/showPeopleFormerStaff [POST show_people_former_staff=faculty&dept_code=AR] (unit page https://www.iitkgp.ac.in/department/AR)
Gaurab Das Mahapatra,Architecture and Regional Planning,Assistant Professor Grade-II,current,2024,https://www.iitkgp.ac.in/department/AR/faculty/ar-gaurabdasmahapatra,gaurabdasmahapatra@arp.iitkgp.ac.in,0000-0002-0713-2108,https://scholar.google.com/citations?user=t7Dm354AAAAJ,,,,https://www.gaurabdasmahapatra.com/,https://www.iitkgp.ac.in/Departments/showPeopleFormerStaff [POST show_people_former_staff=faculty&dept_code=AR] (unit page https://www.iitkgp.ac.in/department/AR)
Haimanti Banerji,Architecture and Regional Planning,Professor,current,,https://www.iitkgp.ac.in/department/AR/faculty/ar-haimanti,haimanti@arp.iitkgp.ac.in,,,,,,,https://www.iitkgp.ac.in/Departments/showPeopleFormerStaff [POST show_people_former_staff=faculty&dept_code=AR] (unit page https://www.iitkgp.ac.in/department/AR)
Joy Sen,Architecture and Regional Planning,Professor,current,2014,https://www.iitkgp.ac.in/department/AR/faculty/ar-joysen,joysen@arp.iitkgp.ac.in,0000-0002-4605-9273,,,,,http://Nil,https://www.iitkgp.ac.in/Departments/showPeopleFormerStaff [POST show_people_former_staff=faculty&dept_code=AR] (unit page https://www.iitkgp.ac.in/department/AR)
Prashant Anand,Architecture and Regional Planning,Assistant Professor Grade-I,current,2020,https://www.iitkgp.ac.in/department/AR/faculty/ar-prashantanand,prashantanand@arp.iitkgp.ac.in,0000-0002-1049-082X,https://scholar.google.com/citations?user=y_TowhQAAAAJ,,,,,https://www.iitkgp.ac.in/Departments/showPeopleFormerStaff [POST show_people_former_staff=faculty&dept_code=AR] (unit page https://www.iitkgp.ac.in/department/AR)
Priyanka Dey,Architecture and Regional Planning,Assistant Professor Grade-I,current,2019,https://www.iitkgp.ac.in/department/AR/faculty/ar-priyanka,priyanka@arp.iitkgp.ac.in,0000-0001-6059-980X,,,,,,https://www.iitkgp.ac.in/Departments/showPeopleFormerStaff [POST show_people_former_staff=faculty&dept_code=AR] (unit page https://www.iitkgp.ac.in/department/AR)
Saikat Kumar Paul,Architecture and Regional Planning,Professor,current,,https://www.iitkgp.ac.in/department/AR/faculty/ar-skpaul,skpaul@arp.iitkgp.ac.in,,,,,,,https://www.iitkgp.ac.in/Departments/showPeopleFormerStaff [POST show_people_former_staff=faculty&dept_code=AR] (unit page https://www.iitkgp.ac.in/department/AR)
Shankha Pratim Bhattacharya,Architecture and Regional Planning,Associate Professor,current,,https://www.iitkgp.ac.in/department/AR/faculty/ar-spb,spb@arp.iitkgp.ac.in,0000-0003-4806-8883,,,,,,https://www.iitkgp.ac.in/Departments/showPeopleFormerStaff [POST show_people_former_staff=faculty&dept_code=AR] (unit page https://www.iitkgp.ac.in/department/AR)
Shreya Banerjee,Architecture and Regional Planning,Assistant Professor Grade-I,current,,https://www.iitkgp.ac.in/department/AR/faculty/ar-shreya,shreya@arp.iitkgp.ac.in,,https://scholar.google.com/citations?user=3s51lpEAAAAJ,,,,,https://www.iitkgp.ac.in/Departments/showPeopleFormerStaff [POST show_people_former_staff=faculty&dept_code=AR] (unit page https://www.iitkgp.ac.in/department/AR)
Shreyas Pramod Bharule,Architecture and Regional Planning,Assistant Professor Grade-I,current,,https://www.iitkgp.ac.in/department/AR/faculty/ar-sbharule,sbharule@arp.iitkgp.ac.in,,,,,,https://www.shreyasbharule.com/,https://www.iitkgp.ac.in/Departments/showPeopleFormerStaff [POST show_people_former_staff=faculty&dept_code=AR] (unit page https://www.iitkgp.ac.in/department/AR)
Sumana Gupta,Architecture and Regional Planning,Professor,current,,https://www.iitkgp.ac.in/department/AR/faculty/ar-sumana,sumana@arp.iitkgp.ac.in,,,,,,,https://www.iitkgp.ac.in/Departments/showPeopleFormerStaff [POST show_people_former_staff=faculty&dept_code=AR] (unit page https://www.iitkgp.ac.in/department/AR)
Tarak Nath Mazumder,Architecture and Regional Planning,Professor,current,,https://www.iitkgp.ac.in/department/AR/faculty/ar-taraknm,taraknm@arp.iitkgp.ac.in,,,,,,,https://www.iitkgp.ac.in/Departments/showPeopleFormerStaff [POST show_people_former_staff=faculty&dept_code=AR] (unit page https://www.iitkgp.ac.in/department/AR)
Adway Mitra,Artificial Intelligence,Assistant Professor Grade-I,current,,https://www.iitkgp.ac.in/department/AI/faculty/ai-adway,adway@cai.iitkgp.ac.in,,,,,,https://sites.google.com/site/adwayresearch/,https://www.iitkgp.ac.in/Departments/showPeopleFormerStaff [POST show_people_former_staff=faculty&dept_code=AI] (unit page https://www.iitkgp.ac.in/department/AI)
Anindita Maiti,Artificial Intelligence,Assistant Professor Grade-I,current,2026,https://www.iitkgp.ac.in/department/AI/faculty/ai-amaiti,amaiti@ai.iitkgp.ac.in,0000-0002-4712-6626,https://scholar.google.com/citations?user=I_32R-EAAAAJ,,,,https://aninditamaiti.github.io/,https://www.iitkgp.ac.in/Departments/showPeopleFormerStaff [POST show_people_former_staff=faculty&dept_code=AI] (unit page https://www.iitkgp.ac.in/department/AI)
Dipanjyoti Paul,Artificial Intelligence,Assistant Professor Grade-I,current,,https://www.iitkgp.ac.in/department/AI/faculty/ai-dipanjyoti,dipanjyoti@ai.iitkgp.ac.in,,,,,,,https://www.iitkgp.ac.in/Departments/showPeopleFormerStaff [POST show_people_former_staff=faculty&dept_code=AI] (unit page https://www.iitkgp.ac.in/department/AI)
Jiaul Hoque Paik,Artificial Intelligence,Associate Professor,current,,https://www.iitkgp.ac.in/department/AI/faculty/ai-jiaul,jiaul@ai.iitkgp.ac.in,,,,,,https://jiaul.github.io/,https://www.iitkgp.ac.in/Departments/showPeopleFormerStaff [POST show_people_former_staff=faculty&dept_code=AI] (unit page https://www.iitkgp.ac.in/department/AI)
Kota Srinivas Reddy,Artificial Intelligence,Assistant Professor Grade-I,current,,https://www.iitkgp.ac.in/department/AI/faculty/ai-ksreddy,ksreddy@ai.iitkgp.ac.in,,,,,,https://sites.google.com/view/srinivas-reddy-kota/home,https://www.iitkgp.ac.in/Departments/showPeopleFormerStaff [POST show_people_former_staff=faculty&dept_code=AI] (unit page https://www.iitkgp.ac.in/department/AI)
Koustav Rudra,Artificial Intelligence,Assistant Professor Grade-I,current,2023,https://www.iitkgp.ac.in/department/AI/faculty/ai-krudra,krudra@cai.iitkgp.ac.in,0000-0002-2486-7608,https://scholar.google.com/citations?user=t9LUAUQAAAAJ,https://dblp.uni-trier.de/pers/hd/r/Rudra:Koustav,,,https://sites.google.com/view/krudra5/,https://www.iitkgp.ac.in/Departments/showPeopleFormerStaff [POST show_people_former_staff=faculty&dept_code=AI] (unit page https://www.iitkgp.ac.in/department/AI)
Mahesh Mohan M R,Artificial Intelligence,Assistant Professor Grade-I,current,,https://www.iitkgp.ac.in/department/AI/faculty/ai-mahesh.mohan,mahesh.mohan@cai.iitkgp.ac.in,0000-0002-4991-4669,https://scholar.google.com/citations?user=gNshB_kAAAAJ,,,,https://maheshmohanmr.github.io/,https://www.iitkgp.ac.in/Departments/showPeopleFormerStaff [POST show_people_former_staff=faculty&dept_code=AI] (unit page https://www.iitkgp.ac.in/department/AI)
Plaban Kumar Bhowmick,Artificial Intelligence,Associate Professor,current,,https://www.iitkgp.ac.in/department/AI/faculty/ai-plaban,plaban@cai.iitkgp.ac.in,,,,,,,https://www.iitkgp.ac.in/Departments/showPeopleFormerStaff [POST show_people_former_staff=faculty&dept_code=AI] (unit page https://www.iitkgp.ac.in/department/AI)
Prabhat Kumar Mishra,Artificial Intelligence,Assistant Professor Grade-I,current,2023,https://www.iitkgp.ac.in/department/AI/faculty/ai-pkmishra,pkmishra@cai.iitkgp.ac.in,0000-0002-8507-8194,https://scholar.google.com/citations?user=rXhwtr0AAAAJ,https://dblp.org/pid/175/9540.html,57188646050,,https://rhpilab.in/,https://www.iitkgp.ac.in/Departments/showPeopleFormerStaff [POST show_people_former_staff=faculty&dept_code=AI] (unit page https://www.iitkgp.ac.in/department/AI)
Shreya Ghosh,Artificial Intelligence,Assistant Professor Grade-I,current,,https://www.iitkgp.ac.in/department/AI/faculty/ai-shreya.ghosh,shreya.ghosh@ai.iitkgp.ac.in,,https://scholar.google.com/citations?user=nlOQ2CkAAAAJ,,,,https://sites.google.com/view/shreyaghosh/home,https://www.iitkgp.ac.in/Departments/showPeopleFormerStaff [POST show_people_former_staff=faculty&dept_code=AI] (unit page https://www.iitkgp.ac.in/department/AI)
Somdyuti Paul,Artificial Intelligence,Assistant Professor Grade-I,current,,https://www.iitkgp.ac.in/department/AI/faculty/ai-somdyuti,somdyuti@cai.iitkgp.ac.in,,,,,,,https://www.iitkgp.ac.in/Departments/showPeopleFormerStaff [POST show_people_former_staff=faculty&dept_code=AI] (unit page https://www.iitkgp.ac.in/department/AI)
Soumen Basu,Artificial Intelligence,Assistant Professor Grade-II,current,2026,https://www.iitkgp.ac.in/department/AI/faculty/ai-soumen,soumen@ai.iitkgp.ac.in,0000-0002-3915-7545,https://scholar.google.com/citations?user=RPj75XMAAAAJ,,,,https://sbasu276.github.io,https://www.iitkgp.ac.in/Departments/showPeopleFormerStaff [POST show_people_former_staff=faculty&dept_code=AI] (unit page https://www.iitkgp.ac.in/department/AI)
Abhijit Das,Bioscience and Biotechnology,Assistant Professor Grade-I,current,,https://www.iitkgp.ac.in/department/BT/faculty/bt-abhijit.das,abhijit.das@iitkgp.ac.in,,,,,,http://iitkgpbioscience.weebly.com/abhijit-das.html,https://www.iitkgp.ac.in/Departments/showPeopleFormerStaff [POST show_people_former_staff=faculty&dept_code=BT] (unit page https://www.iitkgp.ac.in/department/BT)
Agneyo Ganguly,Bioscience and Biotechnology,Associate Professor,current,,https://www.iitkgp.ac.in/department/BT/faculty/bt-agneyo,agneyo@iitkgp.ac.in,,,,,,https://bmblabiitkgp.wordpress.com/,https://www.iitkgp.ac.in/Departments/showPeopleFormerStaff [POST show_people_former_staff=faculty&dept_code=BT] (unit page https://www.iitkgp.ac.in/department/BT)
Amit Kumar Das,Bioscience and Biotechnology,Professor,current,,https://www.iitkgp.ac.in/department/BT/faculty/bt-amitk,amitk@bt.iitkgp.ac.in,0000-0001-9703-1898,,,,,,https://www.iitkgp.ac.in/Departments/showPeopleFormerStaff [POST show_people_former_staff=faculty&dept_code=BT] (unit page https://www.iitkgp.ac.in/department/BT)
Anil Kumar Sahoo,Bioscience and Biotechnology,Assistant Professor Grade-I,current,2026,https://www.iitkgp.ac.in/department/BT/faculty/bt-aksahoo,aksahoo@bt.iitkgp.ac.in,0000-0001-7769-4774,,,,,,https://www.iitkgp.ac.in/Departments/showPeopleFormerStaff [POST show_people_former_staff=faculty&dept_code=BT] (unit page https://www.iitkgp.ac.in/department/BT)
Anindya Sundar Ghosh,Bioscience and Biotechnology,Professor,current,2004,https://www.iitkgp.ac.in/department/BT/faculty/bt-asghosh,asghosh@bt.iitkgp.ac.in,0000-0001-6403-032X,,,,,,https://www.iitkgp.ac.in/Departments/showPeopleFormerStaff [POST show_people_former_staff=faculty&dept_code=BT] (unit page https://www.iitkgp.ac.in/department/BT)
Anuska Das,Bioscience and Biotechnology,Assistant Professor Grade-I,current,2026,https://www.iitkgp.ac.in/department/BT/faculty/bt-anuskadas,anuskadas@bt.iitkgp.ac.in,0000-0002-8014-8915,,,,,,https://www.iitkgp.ac.in/Departments/showPeopleFormerStaff [POST show_people_former_staff=faculty&dept_code=BT] (unit page https://www.iitkgp.ac.in/department/BT)
Arindam Mondal,Bioscience and Biotechnology,Associate Professor,current,2016,https://www.iitkgp.ac.in/department/BT/faculty/bt-arindam.mondal,arindam.mondal@iitkgp.ac.in,0000-0001-7991-5809,,,,,https://www.arindammondaliitkgp.in/,https://www.iitkgp.ac.in/Departments/showPeopleFormerStaff [POST show_people_former_staff=faculty&dept_code=BT] (unit page https://www.iitkgp.ac.in/department/BT)
Dibyendu Samanta,Bioscience and Biotechnology,Associate Professor,current,,https://www.iitkgp.ac.in/department/BT/faculty/bt-dibyendu.samanta,dibyendu.samanta@iitkgp.ac.in,,,,,,,https://www.iitkgp.ac.in/Departments/showPeopleFormerStaff [POST show_people_former_staff=faculty&dept_code=BT] (unit page https://www.iitkgp.ac.in/department/BT)
Mainak Bose,Bioscience and Biotechnology,Assistant Professor Grade-I,current,,https://www.iitkgp.ac.in/department/BT/faculty/bt-mainak29,mainak29@iitkgp.ac.in,,,,,,https://sites.google.com/view/boselab,https://www.iitkgp.ac.in/Departments/showPeopleFormerStaff [POST show_people_former_staff=faculty&dept_code=BT] (unit page https://www.iitkgp.ac.in/department/BT)
Mrinal Kumar Maiti,Bioscience and Biotechnology,Professor,current,,https://www.iitkgp.ac.in/department/BT/faculty/bt-maitimk,maitimk@bt.iitkgp.ac.in,,,,,,,https://www.iitkgp.ac.in/Departments/showPeopleFormerStaff [POST show_people_former_staff=faculty&dept_code=BT] (unit page https://www.iitkgp.ac.in/department/BT)
Nihar Ranjan Jana,Bioscience and Biotechnology,Professor,current,2018,https://www.iitkgp.ac.in/department/BT/faculty/bt-nihar,nihar@iitkgp.ac.in,0000-0002-6549-4211,,,,,https://www.facebook.com/groups/683622908357625,https://www.iitkgp.ac.in/Departments/showPeopleFormerStaff [POST show_people_former_staff=faculty&dept_code=BT] (unit page https://www.iitkgp.ac.in/department/BT)
Pinaki Sar,Bioscience and Biotechnology,Professor,current,2004,https://www.iitkgp.ac.in/department/BT/faculty/bt-psar,psar@bt.iitkgp.ac.in,0000-0001-8538-2527,,,,,,https://www.iitkgp.ac.in/Departments/showPeopleFormerStaff [POST show_people_former_staff=faculty&dept_code=BT] (unit page https://www.iitkgp.ac.in/department/BT)
Puja Majumder,Bioscience and Biotechnology,Assistant Professor Grade-I,current,,https://www.iitkgp.ac.in/department/BT/faculty/bt-puja,puja@bt.iitkgp.ac.in,,,,,,https://pujamajumder.github.io/,https://www.iitkgp.ac.in/Departments/showPeopleFormerStaff [POST show_people_former_staff=faculty&dept_code=BT] (unit page https://www.iitkgp.ac.in/department/BT)
Ramkrishna Sen,Bioscience and Biotechnology,Professor,current,2004,https://www.iitkgp.ac.in/department/BT/faculty/bt-rksen,rksen@bt.iitkgp.ac.in,0000-0002-6207-3307,https://scholar.google.com/citations?user=FhCZ9AsAAAAJ,,,,,https://www.iitkgp.ac.in/Departments/showPeopleFormerStaff [POST show_people_former_staff=faculty&dept_code=BT] (unit page https://www.iitkgp.ac.in/department/BT)
Ranjit Prasad Bahadur,Bioscience and Biotechnology,Professor,current,,https://www.iitkgp.ac.in/department/BT/faculty/bt-r.bahadur,r.bahadur@bt.iitkgp.ac.in,,,,,,http://www.csb.iitkgp.ac.in,https://www.iitkgp.ac.in/Departments/showPeopleFormerStaff [POST show_people_former_staff=faculty&dept_code=BT] (unit page https://www.iitkgp.ac.in/department/BT)
Riddhiman Dhar,Bioscience and Biotechnology,Associate Professor,current,,https://www.iitkgp.ac.in/department/BT/faculty/bt-riddhiman.dhar,riddhiman.dhar@iitkgp.ac.in,0000-0003-4642-0492,,,,,https://simbioslab.pages.dev,https://www.iitkgp.ac.in/Departments/showPeopleFormerStaff [POST show_people_former_staff=faculty&dept_code=BT] (unit page https://www.iitkgp.ac.in/department/BT)
Ritesh Ghosh,Bioscience and Biotechnology,Assistant Professor Grade-I,current,2024,https://www.iitkgp.ac.in/department/BT/faculty/bt-ritesh.ghosh,ritesh.ghosh@bt.iitkgp.ac.in,0000-0002-2528-7277,,,,,https://sites.google.com/view/ritghosh/home,https://www.iitkgp.ac.in/Departments/showPeopleFormerStaff [POST show_people_former_staff=faculty&dept_code=BT] (unit page https://www.iitkgp.ac.in/department/BT)
Ritobrata Goswami,Bioscience and Biotechnology,Associate Professor,current,2016,https://www.iitkgp.ac.in/department/BT/faculty/bt-ritobrata.goswami,ritobrata.goswami@iitkgp.ac.in,0000-0002-4388-7962,,,,,http://iitkgpbioscience.weebly.com/ritobrata-goswami.html,https://www.iitkgp.ac.in/Departments/showPeopleFormerStaff [POST show_people_former_staff=faculty&dept_code=BT] (unit page https://www.iitkgp.ac.in/department/BT)
Smaranika Panda,Bioscience and Biotechnology,Assistant Professor Grade-II,current,,https://www.iitkgp.ac.in/department/BT/faculty/bt-spanda,spanda@bt.iitkgp.ac.in,,,,,,,https://www.iitkgp.ac.in/Departments/showPeopleFormerStaff [POST show_people_former_staff=faculty&dept_code=BT] (unit page https://www.iitkgp.ac.in/department/BT)
Somdeb Bose Dasgupta,Bioscience and Biotechnology,Associate Professor,current,,https://www.iitkgp.ac.in/department/BT/faculty/bt-somdeb,somdeb@iitkgp.ac.in,,,,,,https://somdeblab.wixsite.com/sbdg,https://www.iitkgp.ac.in/Departments/showPeopleFormerStaff [POST show_people_former_staff=faculty&dept_code=BT] (unit page https://www.iitkgp.ac.in/department/BT)
Soumya De,Bioscience and Biotechnology,Associate Professor,current,2015,https://www.iitkgp.ac.in/department/BT/faculty/bt-somde,somde@iitkgp.ac.in,0000-0002-4347-3137,https://scholar.google.com/citations?user=PWHL9gkAAAAJ,,,,https://sites.google.com/view/soumyadelab/home,https://www.iitkgp.ac.in/Departments/showPeopleFormerStaff [POST show_people_former_staff=faculty&dept_code=BT] (unit page https://www.iitkgp.ac.in/department/BT)
Sudip Kumar Ghosh,Bioscience and Biotechnology,Professor,current,,https://www.iitkgp.ac.in/department/BT/faculty/bt-sudip,sudip@bt.iitkgp.ac.in,,https://scholar.google.com/citations?user=9dmU414AAAAJ,,,,,https://www.iitkgp.ac.in/Departments/showPeopleFormerStaff [POST show_people_former_staff=faculty&dept_code=BT] (unit page https://www.iitkgp.ac.in/department/BT)
Vinay Patel,Bioscience and Biotechnology,Assistant Professor Grade-I,current,,https://www.iitkgp.ac.in/department/BT/faculty/bt-vinaypatel,vinaypatel@bt.iitkgp.ac.in,,,,,,https://one-health-tech-lab-website.lovable.app/,https://www.iitkgp.ac.in/Departments/showPeopleFormerStaff [POST show_people_former_staff=faculty&dept_code=BT] (unit page https://www.iitkgp.ac.in/department/BT)
Manikandan D,Centre for Computational and Data Sciences,Assistant Professor Grade-I,current,,https://www.iitkgp.ac.in/department/CD/faculty/cd-manikandan,manikandan@ccds.iitkgp.ac.in,,,,,,,https://www.iitkgp.ac.in/Departments/showPeopleFormerStaff [POST show_people_former_staff=faculty&dept_code=CD] (unit page https://www.iitkgp.ac.in/department/CD)
Sandeep Kumar Reddy,Centre for Computational and Data Sciences,Associate Professor,current,2018,https://www.iitkgp.ac.in/department/CD/faculty/cd-skreddy,skreddy@iitkgp.ac.in,0000-0002-1458-6853,,,,,https://sites.google.com/view/skreddy/,https://www.iitkgp.ac.in/Departments/showPeopleFormerStaff [POST show_people_former_staff=faculty&dept_code=CD] (unit page https://www.iitkgp.ac.in/department/CD)
Akash Kumar,Centre for Interdisciplinary and Convergent Technologies,Assistant Professor Grade-I,current,,https://www.iitkgp.ac.in/department/AT/faculty/at-akash.kumar,akash.kumar@atdc.iitkgp.ac.in,0000-0002-4105-3681,,,,,https://sites.google.com/view/aqash-lab/home,https://www.iitkgp.ac.in/Departments/showPeopleFormerStaff [POST show_people_former_staff=faculty&dept_code=AT] (unit page https://www.iitkgp.ac.in/department/AT)
Arnab Sarkar,Centre for Interdisciplinary and Convergent Technologies,Professor,current,,https://www.iitkgp.ac.in/department/AT/faculty/at-arnab,arnab@atdc.iitkgp.ac.in,0000-0002-5930-2180,https://scholar.google.com/citations?user=dwRVa9EAAAAJ,https://dblp.uni-trier.de/pid/88/4287-1.html,,https://iitkgp.irins.org/profile/158373,https://facweb.iitkgp.ac.in/~arnab/,https://www.iitkgp.ac.in/Departments/showPeopleFormerStaff [POST show_people_former_staff=faculty&dept_code=AT] (unit page https://www.iitkgp.ac.in/department/AT)
Ayantika Chatterjee,Centre for Interdisciplinary and Convergent Technologies,Assistant Professor Grade-I,current,,https://www.iitkgp.ac.in/department/AT/faculty/at-ayantika,ayantika@atdc.iitkgp.ac.in,,,,,,https://sites.google.com/view/ayantikachatterjee,https://www.iitkgp.ac.in/Departments/showPeopleFormerStaff [POST show_people_former_staff=faculty&dept_code=AT] (unit page https://www.iitkgp.ac.in/department/AT)
Banibrata Mukherjee,Centre for Interdisciplinary and Convergent Technologies,Assistant Professor Grade-I,current,,https://www.iitkgp.ac.in/department/AT/faculty/at-banibratam,banibratam@atdc.iitkgp.ac.in,,https://scholar.google.com/citations?user=6WiTAcUAAAAJ,,,,https://sites.google.com/view/memsensatdciitkgp/home/,https://www.iitkgp.ac.in/Departments/showPeopleFormerStaff [POST show_people_former_staff=faculty&dept_code=AT] (unit page https://www.iitkgp.ac.in/department/AT)
Homagni Saha,Centre for Interdisciplinary and Convergent Technologies,Assistant Professor Grade-I,current,,https://www.iitkgp.ac.in/department/AT/faculty/at-homagni.saha,homagni.saha@atdc.iitkgp.ac.in,,,,,,https://physical-intelligence-lab-iitkgp.github.io/,https://www.iitkgp.ac.in/Departments/showPeopleFormerStaff [POST show_people_former_staff=faculty&dept_code=AT] (unit page https://www.iitkgp.ac.in/department/AT)
Kaushal Kumar Bhagat,Centre for Interdisciplinary and Convergent Technologies,Associate Professor,current,2018,https://www.iitkgp.ac.in/department/AT/faculty/at-kkntnu,kkntnu@cet.iitkgp.ac.in,0000-0002-6861-6819,,,,,http://www.ivarlab.iitkgp.ac.in/,https://www.iitkgp.ac.in/Departments/showPeopleFormerStaff [POST show_people_former_staff=faculty&dept_code=AT] (unit page https://www.iitkgp.ac.in/department/AT)
Nandita Dasgupta,Centre for Interdisciplinary and Convergent Technologies,Assistant Professor Grade-I,current,,https://www.iitkgp.ac.in/department/AT/faculty/at-nandita,nandita@atdc.iitkgp.ac.in,,,,,,https://nanditadiitkgp.wixsite.com/funbio,https://www.iitkgp.ac.in/Departments/showPeopleFormerStaff [POST show_people_former_staff=faculty&dept_code=AT] (unit page https://www.iitkgp.ac.in/department/AT)
Pooja Lahiri,Centre for Interdisciplinary and Convergent Technologies,Assistant Professor Grade-I,current,2026,https://www.iitkgp.ac.in/department/AT/faculty/at-plahiri,plahiri@atdc.iitkgp.ac.in,0000-0002-6305-9451,,,,,https://sites.google.com/view/plahiri-group-tbl/home?authuser=0,https://www.iitkgp.ac.in/Departments/showPeopleFormerStaff [POST show_people_former_staff=faculty&dept_code=AT] (unit page https://www.iitkgp.ac.in/department/AT)
Pranabendu Gangopadhyay,Centre for Interdisciplinary and Convergent Technologies,Associate Professor,current,,https://www.iitkgp.ac.in/department/AT/faculty/at-pran,pran@ece.iitkgp.ac.in,,,,,,,https://www.iitkgp.ac.in/Departments/showPeopleFormerStaff [POST show_people_former_staff=faculty&dept_code=AT] (unit page https://www.iitkgp.ac.in/department/AT)
Prasun Mishra,Centre for Interdisciplinary and Convergent Technologies,Assistant Professor Grade-I,current,2021,https://www.iitkgp.ac.in/department/AT/faculty/at-prasun.mishra,prasun.mishra@atdc.iitkgp.ac.in,0000-0002-1355-9343,https://scholar.google.com/citations?user=eAVcEjkAAAAJ,,,,,https://www.iitkgp.ac.in/Departments/showPeopleFormerStaff [POST show_people_former_staff=faculty&dept_code=AT] (unit page https://www.iitkgp.ac.in/department/AT)
Sankaran Ramesh,Centre for Interdisciplinary and Convergent Technologies,Assistant Professor Grade-I,current,2026,https://www.iitkgp.ac.in/department/AT/faculty/at-UEZ6R0VjZVZ5aEJBTHpwR1hzZ2lYdz09,,0000-0002-1557-3798,https://scholar.google.com/citations?user=4Bk6g1YAAAAJ,,,,http://srlab-web.github.io,https://www.iitkgp.ac.in/Departments/showPeopleFormerStaff [POST show_people_former_staff=faculty&dept_code=AT] (unit page https://www.iitkgp.ac.in/department/AT)
Shaili Sett,Centre for Interdisciplinary and Convergent Technologies,Assistant Professor Grade-I,current,,https://www.iitkgp.ac.in/department/AT/faculty/at-shaili,shaili@atdc.iitkgp.ac.in,,,,,,https://sites.google.com/view/translational-nanodevices-lab,https://www.iitkgp.ac.in/Departments/showPeopleFormerStaff [POST show_people_former_staff=faculty&dept_code=AT] (unit page https://www.iitkgp.ac.in/department/AT)
Shyamal Kumar Das Mandal,Centre for Interdisciplinary and Convergent Technologies,Professor,current,2010,https://www.iitkgp.ac.in/department/AT/faculty/at-sdasmandal,sdasmandal@cet.iitkgp.ac.in,0000-0002-4088-3173,,,,,,https://www.iitkgp.ac.in/Departments/showPeopleFormerStaff [POST show_people_former_staff=faculty&dept_code=AT] (unit page https://www.iitkgp.ac.in/department/AT)
Somnath Sengupta,Centre for Interdisciplinary and Convergent Technologies,Assistant Professor Grade-I,current,2017,https://www.iitkgp.ac.in/department/AT/faculty/at-sengupta.s,sengupta.s@atdc.iitkgp.ac.in,0000-0002-9615-2126,,,,,,https://www.iitkgp.ac.in/Departments/showPeopleFormerStaff [POST show_people_former_staff=faculty&dept_code=AT] (unit page https://www.iitkgp.ac.in/department/AT)
Syamsundar De,Centre for Interdisciplinary and Convergent Technologies,Assistant Professor Grade-I,current,2021,https://www.iitkgp.ac.in/department/AT/faculty/at-syamsundarde,syamsundarde@atdc.iitkgp.ac.in,0000-0002-8598-6395,,,,,,https://www.iitkgp.ac.in/Departments/showPeopleFormerStaff [POST show_people_former_staff=faculty&dept_code=AT] (unit page https://www.iitkgp.ac.in/department/AT)
Abhishek Kumar Rai,"Centre for Ocean, River, Atmosphere and Land Sciences (CORAL)",Associate Professor,current,,https://www.iitkgp.ac.in/department/CL/faculty/cl-abhishek,abhishek@coral.iitkgp.ac.in,,https://scholar.google.com/citations?user=w_-EnvkAAAAJ,,,,https://sites.google.com/view/natmodelers/,https://www.iitkgp.ac.in/Departments/showPeopleFormerStaff [POST show_people_former_staff=faculty&dept_code=CL] (unit page https://www.iitkgp.ac.in/department/CL)
Achanta Naga Venkata Satyanarayana,"Centre for Ocean, River, Atmosphere and Land Sciences (CORAL)",Professor,current,,https://www.iitkgp.ac.in/department/CL/faculty/cl-anvsatya,anvsatya@coral.iitkgp.ac.in,,https://scholar.google.com/citations?user=8I5PwOsAAAAJ,,,,,https://www.iitkgp.ac.in/Departments/showPeopleFormerStaff [POST show_people_former_staff=faculty&dept_code=CL] (unit page https://www.iitkgp.ac.in/department/CL)
Arun Chakraborty,"Centre for Ocean, River, Atmosphere and Land Sciences (CORAL)",Professor,current,,https://www.iitkgp.ac.in/department/CL/faculty/cl-arunc,arunc@coral.iitkgp.ac.in,,,,,,https://arunchakraborty.wixsite.com/arunc,https://www.iitkgp.ac.in/Departments/showPeopleFormerStaff [POST show_people_former_staff=faculty&dept_code=CL] (unit page https://www.iitkgp.ac.in/department/CL)
C Shaji,"Centre for Ocean, River, Atmosphere and Land Sciences (CORAL)",Associate Professor,current,,https://www.iitkgp.ac.in/department/CL/faculty/cl-cshaji,cshaji@coral.iitkgp.ac.in,,,,,,,https://www.iitkgp.ac.in/Departments/showPeopleFormerStaff [POST show_people_former_staff=faculty&dept_code=CL] (unit page https://www.iitkgp.ac.in/department/CL)
Jayanarayanan Kuttippurath,"Centre for Ocean, River, Atmosphere and Land Sciences (CORAL)",Associate Professor,current,2015,https://www.iitkgp.ac.in/department/CL/faculty/cl-jayan,jayan@coral.iitkgp.ac.in,0000-0003-4073-8918,,,,,https://www.atmoslabiitkgp.com,https://www.iitkgp.ac.in/Departments/showPeopleFormerStaff [POST show_people_former_staff=faculty&dept_code=CL] (unit page https://www.iitkgp.ac.in/department/CL)
Mihir Kumar Dash,"Centre for Ocean, River, Atmosphere and Land Sciences (CORAL)",Professor,current,,https://www.iitkgp.ac.in/department/CL/faculty/cl-mihir,mihir@coral.iitkgp.ac.in,,,,,,,https://www.iitkgp.ac.in/Departments/showPeopleFormerStaff [POST show_people_former_staff=faculty&dept_code=CL] (unit page https://www.iitkgp.ac.in/department/CL)
Mukunda Dev Behera,"Centre for Ocean, River, Atmosphere and Land Sciences (CORAL)",Professor,current,,https://www.iitkgp.ac.in/department/CL/faculty/cl-mdbehera,mdbehera@coral.iitkgp.ac.in,,https://scholar.google.com/citations?user=JbCyhMcAAAAJ,,,,,https://www.iitkgp.ac.in/Departments/showPeopleFormerStaff [POST show_people_former_staff=faculty&dept_code=CL] (unit page https://www.iitkgp.ac.in/department/CL)
Nairita Pal,"Centre for Ocean, River, Atmosphere and Land Sciences (CORAL)",Assistant Professor Grade-I,current,,https://www.iitkgp.ac.in/department/CL/faculty/cl-nairita.pal,nairita.pal@coral.iitkgp.ac.in,,,,,,https://sites.google.com/view/nairitapalgroup/home,https://www.iitkgp.ac.in/Departments/showPeopleFormerStaff [POST show_people_former_staff=faculty&dept_code=CL] (unit page https://www.iitkgp.ac.in/department/CL)
Parthasarathi Chakraborty,"Centre for Ocean, River, Atmosphere and Land Sciences (CORAL)",Professor,current,,https://www.iitkgp.ac.in/department/CL/faculty/cl-pchak,pchak@coral.iitkgp.ac.in,,,,,,https://en.wikipedia.org/wiki/Parthasarathi_Chakraborty,https://www.iitkgp.ac.in/Departments/showPeopleFormerStaff [POST show_people_former_staff=faculty&dept_code=CL] (unit page https://www.iitkgp.ac.in/department/CL)
Pranab Deb,"Centre for Ocean, River, Atmosphere and Land Sciences (CORAL)",Assistant Professor Grade-I,current,2018,https://www.iitkgp.ac.in/department/CL/faculty/cl-pranab,pranab@coral.iitkgp.ac.in,0000-0002-1858-0918,,,,,https://sites.google.com/d/1uKYPAHSPQBEA1ZoS219d_ZyOoT7egO7t/p/1o1-j87TZ9FkESwcdpVzyTfPYDVR6F9lS/edit,https://www.iitkgp.ac.in/Departments/showPeopleFormerStaff [POST show_people_former_staff=faculty&dept_code=CL] (unit page https://www.iitkgp.ac.in/department/CL)
Rashmi Rekha Nayak,"Centre for Ocean, River, Atmosphere and Land Sciences (CORAL)",Assistant Professor Grade-I,current,,https://www.iitkgp.ac.in/department/CL/faculty/cl-rashmi,rashmi@coral.iitkgp.ac.in,0009-0009-2946-606X,,,,,,https://www.iitkgp.ac.in/Departments/showPeopleFormerStaff [POST show_people_former_staff=faculty&dept_code=CL] (unit page https://www.iitkgp.ac.in/department/CL)
Piyush Kumar Singh,Centre for Rural Development and Innovative Sustainable Technology,Associate Professor,current,,https://www.iitkgp.ac.in/department/RD/faculty/rd-psingh,psingh@iitkgp.ac.in,0000-0003-0877-2526,,,,,https://arflab.co.in,https://www.iitkgp.ac.in/Departments/showPeopleFormerStaff [POST show_people_former_staff=faculty&dept_code=RD] (unit page https://www.iitkgp.ac.in/department/RD)
Rakesh N,Centre for Rural Development and Innovative Sustainable Technology,Assistant Professor Grade-I,current,,https://www.iitkgp.ac.in/department/RD/faculty/rd-rakesh,rakesh@iitkgp.ac.in,,https://scholar.google.com/citations?user=AyBvTJwAAAAJ,,,,,https://www.iitkgp.ac.in/Departments/showPeopleFormerStaff [POST show_people_former_staff=faculty&dept_code=RD] (unit page https://www.iitkgp.ac.in/department/RD)
Somnath Ghosal,Centre for Rural Development and Innovative Sustainable Technology,Associate Professor,current,,https://www.iitkgp.ac.in/department/RD/faculty/rd-somnath,somnath@iitkgp.ac.in,,,,,,http://www.somnathghosal.com/,https://www.iitkgp.ac.in/Departments/showPeopleFormerStaff [POST show_people_former_staff=faculty&dept_code=RD] (unit page https://www.iitkgp.ac.in/department/RD)
Vutukuru Ravindra,Centre for Rural Development and Innovative Sustainable Technology,Assistant Professor Grade-I,current,,https://www.iitkgp.ac.in/department/RD/faculty/rd-vravindra,vravindra@iitkgp.ac.in,,https://scholar.google.com/citations?user=DlINqhAAAAAJ,,,,,https://www.iitkgp.ac.in/Departments/showPeopleFormerStaff [POST show_people_former_staff=faculty&dept_code=RD] (unit page https://www.iitkgp.ac.in/department/RD)
Dipesh Vinod Katira,Centre of Excellence for Indian Knowledge Systems,Assistant Professor Grade-I,current,2022,https://www.iitkgp.ac.in/department/KS/faculty/ks-dipesh,dipesh@iks.iitkgp.ac.in,0009-0009-2172-0123,,,,,,https://www.iitkgp.ac.in/Departments/showPeopleFormerStaff [POST show_people_former_staff=faculty&dept_code=KS] (unit page https://www.iitkgp.ac.in/department/KS)
Jayashree Aanand Gajjam,Centre of Excellence for Indian Knowledge Systems,Assistant Professor Grade-I,current,,https://www.iitkgp.ac.in/department/KS/faculty/ks-jayashree,jayashree@iks.iitkgp.ac.in,,,,,,,https://www.iitkgp.ac.in/Departments/showPeopleFormerStaff [POST show_people_former_staff=faculty&dept_code=KS] (unit page https://www.iitkgp.ac.in/department/KS)
Mahesh K,Centre of Excellence for Indian Knowledge Systems,Assistant Professor Grade-I,current,,https://www.iitkgp.ac.in/department/KS/faculty/ks-mahesh,mahesh@iks.iitkgp.ac.in,,,,,,,https://www.iitkgp.ac.in/Departments/showPeopleFormerStaff [POST show_people_former_staff=faculty&dept_code=KS] (unit page https://www.iitkgp.ac.in/department/KS)
Richa Chopra,Centre of Excellence for Indian Knowledge Systems,Assistant Professor Grade-I,current,2022,https://www.iitkgp.ac.in/department/KS/faculty/ks-richachopra,richachopra@iks.iitkgp.ac.in,0000-0001-7207-068X,,,,,https://www.iitkgp.ac.in/department/KS/faculty/ks-richachopra,https://www.iitkgp.ac.in/Departments/showPeopleFormerStaff [POST show_people_former_staff=faculty&dept_code=KS] (unit page https://www.iitkgp.ac.in/department/KS)
Ashutosh Tiwari,Centre of Excellence in Affordable Healthcare,Assistant Professor Grade-I,current,,https://www.iitkgp.ac.in/department/FH/faculty/fh-bG5jaE5ienZFTGdiQ3dPdnhTMWFaQT09,,,,,,,https://www.applied-biomech.in/,https://www.iitkgp.ac.in/Departments/showPeopleFormerStaff [POST show_people_former_staff=faculty&dept_code=FH] (unit page https://www.iitkgp.ac.in/department/FH)
Debanjan Das,Centre of Excellence in Affordable Healthcare,Assistant Professor Grade-I,current,2024,https://www.iitkgp.ac.in/department/FH/faculty/fh-debanjands,debanjands@iitkgp.ac.in,0000-0002-3450-9767,,,,,,https://www.iitkgp.ac.in/Departments/showPeopleFormerStaff [POST show_people_former_staff=faculty&dept_code=FH] (unit page https://www.iitkgp.ac.in/department/FH)
Harshad Hemantrao Shrigondekar,Centre of Excellence on Safety Engineering & Analytics (COE-SEA),Assistant Professor Grade-I,current,,https://www.iitkgp.ac.in/department/SE/faculty/se-harshad,harshad@coesea.iitkgp.ac.in,0000-0002-7426-9171,https://scholar.google.com/citations?user=p_EIJa8AAAAJ,,,,,https://www.iitkgp.ac.in/Departments/showPeopleFormerStaff [POST show_people_former_staff=faculty&dept_code=SE] (unit page https://www.iitkgp.ac.in/department/SE)
Laxman Singh Bisht,Centre of Excellence on Safety Engineering & Analytics (COE-SEA),Assistant Professor Grade-I,current,2024,https://www.iitkgp.ac.in/department/SE/faculty/se-lsbisht,lsbisht@coesea.iitkgp.ac.in,0000-0003-2834-4801,https://scholar.google.com/citations?user=8RzMaRIAAAAJ,,,,,https://www.iitkgp.ac.in/Departments/showPeopleFormerStaff [POST show_people_former_staff=faculty&dept_code=SE] (unit page https://www.iitkgp.ac.in/department/SE)
Richa Ahuja,Centre of Excellence on Safety Engineering & Analytics (COE-SEA),Assistant Professor Grade-I,current,2023,https://www.iitkgp.ac.in/department/SE/faculty/se-TjlmbWwxZHRRL01CZmFQcTFZL2FNQT09,,0000-0003-1729-0748,,,,,https://www.iitkgp.ac.in/department/SE/faculty/se-richa,https://www.iitkgp.ac.in/Departments/showPeopleFormerStaff [POST show_people_former_staff=faculty&dept_code=SE] (unit page https://www.iitkgp.ac.in/department/SE)
Abhishek Kumar Gupta,Chemical Engineering,Assistant Professor Grade-I,current,2023,https://www.iitkgp.ac.in/department/CH/faculty/ch-akg,akg@che.iitkgp.ac.in,0000-0003-0345-1547,,,,,https://sites.google.com/view/cmdliitkgp/about-us,https://www.iitkgp.ac.in/Departments/showPeopleFormerStaff [POST show_people_former_staff=faculty&dept_code=CH] (unit page https://www.iitkgp.ac.in/department/CH)
Amandeep Jindal,Chemical Engineering,Assistant Professor Grade-I,current,2024,https://www.iitkgp.ac.in/department/CH/faculty/ch-ajindal,ajindal@che.iitkgp.ac.in,0000-0002-9497-8389,,,,,https://jindalresearchgroup.com,https://www.iitkgp.ac.in/Departments/showPeopleFormerStaff [POST show_people_former_staff=faculty&dept_code=CH] (unit page https://www.iitkgp.ac.in/department/CH)
Amiya Kumar Jana,Chemical Engineering,Associate Professor,current,,https://www.iitkgp.ac.in/department/CH/faculty/ch-akjana,akjana@che.iitkgp.ac.in,,,,,,,https://www.iitkgp.ac.in/Departments/showPeopleFormerStaff [POST show_people_former_staff=faculty&dept_code=CH] (unit page https://www.iitkgp.ac.in/department/CH)
Ananta Kumar Sarkar,Chemical Engineering,Assistant Professor Grade-I,current,,https://www.iitkgp.ac.in/department/CH/faculty/ch-ananta,ananta@che.iitkgp.ac.in,,,,,,,https://www.iitkgp.ac.in/Departments/showPeopleFormerStaff [POST show_people_former_staff=faculty&dept_code=CH] (unit page https://www.iitkgp.ac.in/department/CH)
Aniket Shrikant Ambekar,Chemical Engineering,Assistant Professor Grade-I,current,,https://www.iitkgp.ac.in/department/CH/faculty/ch-a.s.ambekar,a.s.ambekar@che.iitkgp.ac.in,,https://scholar.google.com/citations?user=3uralawAAAAJ,,,,,https://www.iitkgp.ac.in/Departments/showPeopleFormerStaff [POST show_people_former_staff=faculty&dept_code=CH] (unit page https://www.iitkgp.ac.in/department/CH)
Arnab Atta,Chemical Engineering,Professor,current,2013,https://www.iitkgp.ac.in/department/CH/faculty/ch-arnab,arnab@che.iitkgp.ac.in,0000-0001-9052-6097,https://scholar.google.com/citations?user=H9rIc5AAAAAJ,,,,https://facweb.iitkgp.ac.in/~arnabatta,https://www.iitkgp.ac.in/Departments/showPeopleFormerStaff [POST show_people_former_staff=faculty&dept_code=CH] (unit page https://www.iitkgp.ac.in/department/CH)
Bhaskar Bhaduri,Chemical Engineering,Assistant Professor Grade-I,current,,https://www.iitkgp.ac.in/department/CH/faculty/ch-bhaskar,bhaskar@che.iitkgp.ac.in,,https://scholar.google.com/citations?user=gx6w5TkAAAAJ,,,,,https://www.iitkgp.ac.in/Departments/showPeopleFormerStaff [POST show_people_former_staff=faculty&dept_code=CH] (unit page https://www.iitkgp.ac.in/department/CH)
Bhim Charan Meikap,Chemical Engineering,Professor,current,,https://www.iitkgp.ac.in/department/CH/faculty/ch-bcmeikap,bcmeikap@che.iitkgp.ac.in,,,,,,http://10.20.10.45:8000/,https://www.iitkgp.ac.in/Departments/showPeopleFormerStaff [POST show_people_former_staff=faculty&dept_code=CH] (unit page https://www.iitkgp.ac.in/department/CH)
Debasis Sarkar,Chemical Engineering,Professor,current,,https://www.iitkgp.ac.in/department/CH/faculty/ch-dsarkar,dsarkar@che.iitkgp.ac.in,,,,,,https://sites.google.com/site/ch62001ds/home,https://www.iitkgp.ac.in/Departments/showPeopleFormerStaff [POST show_people_former_staff=faculty&dept_code=CH] (unit page https://www.iitkgp.ac.in/department/CH)
Gargi Das,Chemical Engineering,Professor,current,2001,https://www.iitkgp.ac.in/department/CH/faculty/ch-gargi,gargi@che.iitkgp.ac.in,0000-0002-7950-2155,,,,,,https://www.iitkgp.ac.in/Departments/showPeopleFormerStaff [POST show_people_former_staff=faculty&dept_code=CH] (unit page https://www.iitkgp.ac.in/department/CH)
Gidituri Harinadha,Chemical Engineering,Assistant Professor Grade-I,current,2026,https://www.iitkgp.ac.in/department/CH/faculty/ch-g.harinadha,g.harinadha@che.iitkgp.ac.in,0000-0001-6552-9587,,,,,https://sites.google.com/view/samlabiitkgp/home,https://www.iitkgp.ac.in/Departments/showPeopleFormerStaff [POST show_people_former_staff=faculty&dept_code=CH] (unit page https://www.iitkgp.ac.in/department/CH)
Harikrishnan G,Chemical Engineering,Assistant Professor Grade-I,current,,https://www.iitkgp.ac.in/department/CH/faculty/ch-hari,hari@che.iitkgp.ac.in,,,,,,,https://www.iitkgp.ac.in/Departments/showPeopleFormerStaff [POST show_people_former_staff=faculty&dept_code=CH] (unit page https://www.iitkgp.ac.in/department/CH)
Jayanta Chakraborty,Chemical Engineering,Professor,current,2018,https://www.iitkgp.ac.in/department/CH/faculty/ch-jayanta,jayanta@che.iitkgp.ac.in,0000-0001-6335-1594,,,,,,https://www.iitkgp.ac.in/Departments/showPeopleFormerStaff [POST show_people_former_staff=faculty&dept_code=CH] (unit page https://www.iitkgp.ac.in/department/CH)
Joydip Chaudhuri,Chemical Engineering,Assistant Professor Grade-I,current,2024,https://www.iitkgp.ac.in/department/CH/faculty/ch-joy,joy@che.iitkgp.ac.in,0000-0001-5068-375X,,,,,https://sites.google.com/view/physicslab-joydipchaudhuri/physics-lab,https://www.iitkgp.ac.in/Departments/showPeopleFormerStaff [POST show_people_former_staff=faculty&dept_code=CH] (unit page https://www.iitkgp.ac.in/department/CH)
Koustuv Ray,Chemical Engineering,Assistant Professor Grade-I,current,2018,https://www.iitkgp.ac.in/department/CH/faculty/ch-koustuv,koustuv@che.iitkgp.ac.in,0000-0001-6867-5707,,,,,https://sites.google.com/view/lcpeiitkharagpur/home,https://www.iitkgp.ac.in/Departments/showPeopleFormerStaff [POST show_people_former_staff=faculty&dept_code=CH] (unit page https://www.iitkgp.ac.in/department/CH)
Madhusudan Sau,Chemical Engineering,Professor of Practice,current,2024,https://www.iitkgp.ac.in/department/CH/faculty/ch-saum,saum@che.iitkgp.ac.in,0009-0001-2965-9162,,,,,,https://www.iitkgp.ac.in/Departments/showPeopleFormerStaff [POST show_people_former_staff=faculty&dept_code=CH] (unit page https://www.iitkgp.ac.in/department/CH)
Manish Kaushal,Chemical Engineering,Assistant Professor Grade-I,current,,https://www.iitkgp.ac.in/department/CH/faculty/ch-mkaushal,mkaushal@che.iitkgp.ac.in,,https://scholar.google.com/citations?user=yXSZyeAAAAAJ,,,,,https://www.iitkgp.ac.in/Departments/showPeopleFormerStaff [POST show_people_former_staff=faculty&dept_code=CH] (unit page https://www.iitkgp.ac.in/department/CH)
Monojit Chakraborty,Chemical Engineering,Assistant Professor Grade-I,current,2018,https://www.iitkgp.ac.in/department/CH/faculty/ch-monojit,monojit@che.iitkgp.ac.in,0000-0003-4149-8733,https://scholar.google.com/citations?user=0DSJ9SMAAAAJ,,,,,https://www.iitkgp.ac.in/Departments/showPeopleFormerStaff [POST show_people_former_staff=faculty&dept_code=CH] (unit page https://www.iitkgp.ac.in/department/CH)
Namrata Deepakrao Gaikwad,Chemical Engineering,Assistant Professor Grade-II,current,,https://www.iitkgp.ac.in/department/CH/faculty/ch-namrata,namrata@che.iitkgp.ac.in,,https://scholar.google.com/citations?user=nWrtNfUAAAAJ,,,,,https://www.iitkgp.ac.in/Departments/showPeopleFormerStaff [POST show_people_former_staff=faculty&dept_code=CH] (unit page https://www.iitkgp.ac.in/department/CH)
Narayan Chandra Pradhan,Chemical Engineering,Professor,current,,https://www.iitkgp.ac.in/department/CH/faculty/ch-ncp,ncp@che.iitkgp.ac.in,,,,,,,https://www.iitkgp.ac.in/Departments/showPeopleFormerStaff [POST show_people_former_staff=faculty&dept_code=CH] (unit page https://www.iitkgp.ac.in/department/CH)
Nikita Dewangan,Chemical Engineering,Assistant Professor Grade-I,current,2024,https://www.iitkgp.ac.in/department/CH/faculty/ch-dnikita,dnikita@che.iitkgp.ac.in,0009-0006-8069-180X,,,,,https://sites.google.com/view/nikitadewangan/home,https://www.iitkgp.ac.in/Departments/showPeopleFormerStaff [POST show_people_former_staff=faculty&dept_code=CH] (unit page https://www.iitkgp.ac.in/department/CH)
Nikita Saxena,Chemical Engineering,Assistant Professor Grade-I,current,,https://www.iitkgp.ac.in/department/CH/faculty/ch-nks,nks@che.iitkgp.ac.in,,https://scholar.google.com/citations?user=kAlD-pQAAAAJ,,,,,https://www.iitkgp.ac.in/Departments/showPeopleFormerStaff [POST show_people_former_staff=faculty&dept_code=CH] (unit page https://www.iitkgp.ac.in/department/CH)
Parag Arvind Deshpande,Chemical Engineering,Associate Professor,current,2012,https://www.iitkgp.ac.in/department/CH/faculty/ch-parag,parag@che.iitkgp.ac.in,0000-0002-2445-5873,,,,,http://www.facweb.iitkgp.ac.in/~parag,https://www.iitkgp.ac.in/Departments/showPeopleFormerStaff [POST show_people_former_staff=faculty&dept_code=CH] (unit page https://www.iitkgp.ac.in/department/CH)
Pothukuchi Naga Venkata Rajesh Pavan,Chemical Engineering,Assistant Professor Grade-II,current,2026,https://www.iitkgp.ac.in/department/CH/faculty/ch-rajesh,rajesh@che.iitkgp.ac.in,0000-0002-7889-9234,,,,,https://sites.google.com/alumni.iitgn.ac.in/profrajeshpothukuchi,https://www.iitkgp.ac.in/Departments/showPeopleFormerStaff [POST show_people_former_staff=faculty&dept_code=CH] (unit page https://www.iitkgp.ac.in/department/CH)
Rabibrata Mukherjee,Chemical Engineering,Professor,current,2009,https://www.iitkgp.ac.in/department/CH/faculty/ch-rabibrata,rabibrata@che.iitkgp.ac.in,0000-0001-7031-9859,https://scholar.google.com/citations?user=ecalMYAAAAAJ,,,,,https://www.iitkgp.ac.in/Departments/showPeopleFormerStaff [POST show_people_former_staff=faculty&dept_code=CH] (unit page https://www.iitkgp.ac.in/department/CH)
Rahul Ranjan,Chemical Engineering,Assistant Professor Grade-I,current,2023,https://www.iitkgp.ac.in/department/CH/faculty/ch-rahul,rahul@che.iitkgp.ac.in,0000-0003-2822-536X,,,,,,https://www.iitkgp.ac.in/Departments/showPeopleFormerStaff [POST show_people_former_staff=faculty&dept_code=CH] (unit page https://www.iitkgp.ac.in/department/CH)
Sirshendu De,Chemical Engineering,Professor,current,,https://www.iitkgp.ac.in/department/CH/faculty/ch-sde,sde@che.iitkgp.ac.in,,,,,,http://www.sirshendudelab.in/,https://www.iitkgp.ac.in/Departments/showPeopleFormerStaff [POST show_people_former_staff=faculty&dept_code=CH] (unit page https://www.iitkgp.ac.in/department/CH)
Somenath Ganguly,Chemical Engineering,Professor,current,,https://www.iitkgp.ac.in/department/CH/faculty/ch-snganguly,snganguly@che.iitkgp.ac.in,,,,,,,https://www.iitkgp.ac.in/Departments/showPeopleFormerStaff [POST show_people_former_staff=faculty&dept_code=CH] (unit page https://www.iitkgp.ac.in/department/CH)
Sonali Sengupta,Chemical Engineering,Professor,current,,https://www.iitkgp.ac.in/department/CH/faculty/ch-sonalis,sonalis@che.iitkgp.ac.in,,,,,,,https://www.iitkgp.ac.in/Departments/showPeopleFormerStaff [POST show_people_former_staff=faculty&dept_code=CH] (unit page https://www.iitkgp.ac.in/department/CH)
Sourav Mondal,Chemical Engineering,Associate Professor,current,2018,https://www.iitkgp.ac.in/department/CH/faculty/ch-smondal,smondal@che.iitkgp.ac.in,0000-0002-3626-3254,https://scholar.google.com/citations?user=klFemNcAAAAJ,,,,,https://www.iitkgp.ac.in/Departments/showPeopleFormerStaff [POST show_people_former_staff=faculty&dept_code=CH] (unit page https://www.iitkgp.ac.in/department/CH)
Sudip Das,Chemical Engineering,Assistant Professor Grade-I,current,2026,https://www.iitkgp.ac.in/department/CH/faculty/ch-sudip,sudip@che.iitkgp.ac.in,0000-0002-5606-8421,,,,,https://sites.google.com/view/the-psi-lab/home,https://www.iitkgp.ac.in/Departments/showPeopleFormerStaff [POST show_people_former_staff=faculty&dept_code=CH] (unit page https://www.iitkgp.ac.in/department/CH)
Sudipto Chakraborty,Chemical Engineering,Professor,current,,https://www.iitkgp.ac.in/department/CH/faculty/ch-sc,sc@che.iitkgp.ac.in,0000-0002-2202-2062,https://scholar.google.com/citations?user=oj_8dIgAAAAJ,,,,,https://www.iitkgp.ac.in/Departments/showPeopleFormerStaff [POST show_people_former_staff=faculty&dept_code=CH] (unit page https://www.iitkgp.ac.in/department/CH)
Sunando Dasgupta,Chemical Engineering,Professor,current,1994,https://www.iitkgp.ac.in/department/CH/faculty/ch-sunando,sunando@che.iitkgp.ac.in,0000-0002-6365-5077,,,,,http://www.facweb.iitkgp.ac.in/~sdgmtp/,https://www.iitkgp.ac.in/Departments/showPeopleFormerStaff [POST show_people_former_staff=faculty&dept_code=CH] (unit page https://www.iitkgp.ac.in/department/CH)
Surjendu Maity,Chemical Engineering,Assistant Professor Grade-I,current,2026,https://www.iitkgp.ac.in/department/CH/faculty/ch-surjendu,surjendu@che.iitkgp.ac.in,0000-0003-0190-248X,https://scholar.google.com/citations?user=7THJlUsAAAAJ,,,,,https://www.iitkgp.ac.in/Departments/showPeopleFormerStaff [POST show_people_former_staff=faculty&dept_code=CH] (unit page https://www.iitkgp.ac.in/department/CH)
Suverna Trivedi,Chemical Engineering,Assistant Professor Grade-I,current,,https://www.iitkgp.ac.in/department/CH/faculty/ch-strivedi,strivedi@che.iitkgp.ac.in,0000-0003-4697-7338,,,,,https://0-scholar-google-com.brum.beds.ac.uk/citations?hl=en&user=bYnM5LoAAAAJ&view_op=list_works&sortby=pubdate,https://www.iitkgp.ac.in/Departments/showPeopleFormerStaff [POST show_people_former_staff=faculty&dept_code=CH] (unit page https://www.iitkgp.ac.in/department/CH)
Swambabu Varanasi,Chemical Engineering,Assistant Professor Grade-I,current,,https://www.iitkgp.ac.in/department/CH/faculty/ch-swambabu,swambabu@che.iitkgp.ac.in,0000-0003-4409-1621,,,,,https://sites.google.com/view/swambabu,https://www.iitkgp.ac.in/Departments/showPeopleFormerStaff [POST show_people_former_staff=faculty&dept_code=CH] (unit page https://www.iitkgp.ac.in/department/CH)
Swati Neogi,Chemical Engineering,Professor,current,,https://www.iitkgp.ac.in/department/CH/faculty/ch-swati,swati@che.iitkgp.ac.in,0000-0001-6386-9633,,,,,,https://www.iitkgp.ac.in/Departments/showPeopleFormerStaff [POST show_people_former_staff=faculty&dept_code=CH] (unit page https://www.iitkgp.ac.in/department/CH)
Amita (Pathak) Mahanty,Chemistry,Professor,current,,https://www.iitkgp.ac.in/department/CY/faculty/cy-ami,ami@chem.iitkgp.ac.in,,,,,,,https://www.iitkgp.ac.in/Departments/showPeopleFormerStaff [POST show_people_former_staff=faculty&dept_code=CY] (unit page https://www.iitkgp.ac.in/department/CY)
Avik Samanta,Chemistry,Assistant Professor Grade-I,current,2024,https://www.iitkgp.ac.in/department/CY/faculty/cy-avik.samanta,avik.samanta@chem.iitkgp.ac.in,0000-0001-5279-834X,,,,,https://www.samanta-lab.com/,https://www.iitkgp.ac.in/Departments/showPeopleFormerStaff [POST show_people_former_staff=faculty&dept_code=CY] (unit page https://www.iitkgp.ac.in/department/CY)
Biswarup Jash,Chemistry,Assistant Professor Grade-I,current,2022,https://www.iitkgp.ac.in/department/CY/faculty/cy-bjash,bjash@chem.iitkgp.ac.in,0000-0001-7909-0210,,,,,https://www.jashlab.org/,https://www.iitkgp.ac.in/Departments/showPeopleFormerStaff [POST show_people_former_staff=faculty&dept_code=CY] (unit page https://www.iitkgp.ac.in/department/CY)
C Retna Raj,Chemistry,Professor,current,,https://www.iitkgp.ac.in/department/CY/faculty/cy-crraj,crraj@chem.iitkgp.ac.in,,,,,,https://fmechemlab.in/,https://www.iitkgp.ac.in/Departments/showPeopleFormerStaff [POST show_people_former_staff=faculty&dept_code=CY] (unit page https://www.iitkgp.ac.in/department/CY)
Chandra Chowdhury,Chemistry,Assistant Professor Grade-I,current,2026,https://www.iitkgp.ac.in/department/CY/faculty/cy-chandra.cs,chandra.cs@chem.iitkgp.ac.in,0000-0001-9336-6041,,,,,,https://www.iitkgp.ac.in/Departments/showPeopleFormerStaff [POST show_people_former_staff=faculty&dept_code=CY] (unit page https://www.iitkgp.ac.in/department/CY)
Debashis Ray,Chemistry,Professor,current,1990,https://www.iitkgp.ac.in/department/CY/faculty/cy-dray,dray@chem.iitkgp.ac.in,0000-0002-4174-6445,,,,,http://www.iitkgp.ac.in/fac-profiles/showprofile.php?empcode=abmaZ&depts_name=CM,https://www.iitkgp.ac.in/Departments/showPeopleFormerStaff [POST show_people_former_staff=faculty&dept_code=CY] (unit page https://www.iitkgp.ac.in/department/CY)
Dibakar Dhara,Chemistry,Professor,current,2008,https://www.iitkgp.ac.in/department/CY/faculty/cy-dibakar,dibakar@chem.iitkgp.ac.in,0000-0003-2574-5378,,,,,http://bit.ly/dd-iit,https://www.iitkgp.ac.in/Departments/showPeopleFormerStaff [POST show_people_former_staff=faculty&dept_code=CY] (unit page https://www.iitkgp.ac.in/department/CY)
Ganesan Mani,Chemistry,Professor,current,,https://www.iitkgp.ac.in/department/CY/faculty/cy-gmani,gmani@chem.iitkgp.ac.in,,,,,,https://sites.google.com/view/organometallics-lab/home,https://www.iitkgp.ac.in/Departments/showPeopleFormerStaff [POST show_people_former_staff=faculty&dept_code=CY] (unit page https://www.iitkgp.ac.in/department/CY)
Ganesh Venkataraman,Chemistry,Associate Professor,current,2018,https://www.iitkgp.ac.in/department/CY/faculty/cy-ganesh.v,ganesh.v@chem.iitkgp.ac.in,0000-0001-7893-109X,,,,,https://sites.google.com/view/ganeshv,https://www.iitkgp.ac.in/Departments/showPeopleFormerStaff [POST show_people_former_staff=faculty&dept_code=CY] (unit page https://www.iitkgp.ac.in/department/CY)
Kiran Ramakant Gore,Chemistry,Associate Professor,current,,https://www.iitkgp.ac.in/department/CY/faculty/cy-kiran,kiran@chem.iitkgp.ac.in,,,,,,https://nucleicacidiitkgp.wixsite.com/kgore,https://www.iitkgp.ac.in/Departments/showPeopleFormerStaff [POST show_people_former_staff=faculty&dept_code=CY] (unit page https://www.iitkgp.ac.in/department/CY)
Kumar Biradha,Chemistry,Professor,current,2002,https://www.iitkgp.ac.in/department/CY/faculty/cy-kbiradha,kbiradha@chem.iitkgp.ac.in,0000-0001-5464-1952,,,,,https://www.structuralchemistrylab.com/,https://www.iitkgp.ac.in/Departments/showPeopleFormerStaff [POST show_people_former_staff=faculty&dept_code=CY] (unit page https://www.iitkgp.ac.in/department/CY)
Madhab Chandra Das,Chemistry,Professor,current,,https://www.iitkgp.ac.in/department/CY/faculty/cy-mcdas,mcdas@chem.iitkgp.ac.in,,https://scholar.google.com/citations?user=e_82fboAAAAJ,,,,https://chemiitkgp-mcdaslab.com/,https://www.iitkgp.ac.in/Departments/showPeopleFormerStaff [POST show_people_former_staff=faculty&dept_code=CY] (unit page https://www.iitkgp.ac.in/department/CY)
Manish Bhattacharjee,Chemistry,Professor,current,,https://www.iitkgp.ac.in/department/CY/faculty/cy-mxb,mxb@chem.iitkgp.ac.in,0000-0002-2197-9524,,,,,http://chemistry.iitkgp.ac.in/professor/mxb,https://www.iitkgp.ac.in/Departments/showPeopleFormerStaff [POST show_people_former_staff=faculty&dept_code=CY] (unit page https://www.iitkgp.ac.in/department/CY)
Mintu Halder,Chemistry,Professor,current,,https://www.iitkgp.ac.in/department/CY/faculty/cy-mintu,mintu@chem.iitkgp.ac.in,0000-0002-8876-0420,,,,,http://www.iitkgp.ac.in/fac-profiles/showprofile.php?empcode=bXmYT,https://www.iitkgp.ac.in/Departments/showPeopleFormerStaff [POST show_people_former_staff=faculty&dept_code=CY] (unit page https://www.iitkgp.ac.in/department/CY)
Modhu Sudan Maji,Chemistry,Professor,current,2013,https://www.iitkgp.ac.in/department/CY/faculty/cy-msm,msm@chem.iitkgp.ac.in,0000-0001-9647-2683,,,,,https://www.msmlabiitkgp.com/,https://www.iitkgp.ac.in/Departments/showPeopleFormerStaff [POST show_people_former_staff=faculty&dept_code=CY] (unit page https://www.iitkgp.ac.in/department/CY)
Narayan Dhuleep Pradeep Singh,Chemistry,Professor,current,,https://www.iitkgp.ac.in/department/CY/faculty/cy-ndpradeep,ndpradeep@chem.iitkgp.ac.in,,,,,,https://www.photochemistrylab.com/,https://www.iitkgp.ac.in/Departments/showPeopleFormerStaff [POST show_people_former_staff=faculty&dept_code=CY] (unit page https://www.iitkgp.ac.in/department/CY)
Nilmoni Sarkar,Chemistry,Professor,current,,https://www.iitkgp.ac.in/department/CY/faculty/cy-nilmoni,nilmoni@chem.iitkgp.ac.in,,,,,,https://www.nilmonisarkarlab.com/,https://www.iitkgp.ac.in/Departments/showPeopleFormerStaff [POST show_people_former_staff=faculty&dept_code=CY] (unit page https://www.iitkgp.ac.in/department/CY)
Nirmalya Bag,Chemistry,Assistant Professor Grade-I,current,,https://www.iitkgp.ac.in/department/CY/faculty/cy-nirmalya,nirmalya@chem.iitkgp.ac.in,0000-0001-6752-9142,,,,,https://sites.google.com/view/nirmalyabaglab,https://www.iitkgp.ac.in/Departments/showPeopleFormerStaff [POST show_people_former_staff=faculty&dept_code=CY] (unit page https://www.iitkgp.ac.in/department/CY)
Papri Chakraborty,Chemistry,Assistant Professor Grade-I,current,2026,https://www.iitkgp.ac.in/department/CY/faculty/cy-papri,papri@chem.iitkgp.ac.in,0000-0002-1353-7734,,,,,,https://www.iitkgp.ac.in/Departments/showPeopleFormerStaff [POST show_people_former_staff=faculty&dept_code=CY] (unit page https://www.iitkgp.ac.in/department/CY)
Partha Pratim Jana,Chemistry,Associate Professor,current,,https://www.iitkgp.ac.in/department/CY/faculty/cy-ppj,ppj@chem.iitkgp.ac.in,,,,,,https://sites.google.com/view/parthapratimjana/home?authuser=0,https://www.iitkgp.ac.in/Departments/showPeopleFormerStaff [POST show_people_former_staff=faculty&dept_code=CY] (unit page https://www.iitkgp.ac.in/department/CY)
Piyush Mishra,Chemistry,Assistant Professor Grade-I,current,2024,https://www.iitkgp.ac.in/department/CY/faculty/cy-pmishra,pmishra@chem.iitkgp.ac.in,0000-0003-0916-1292,,,,,https://sites.google.com/view/piyushmishraresearchgroup/reseach-group,https://www.iitkgp.ac.in/Departments/showPeopleFormerStaff [POST show_people_former_staff=faculty&dept_code=CY] (unit page https://www.iitkgp.ac.in/department/CY)
Pradip Kumar Chakraborty,Chemistry,Assistant Professor Grade-I,current,,https://www.iitkgp.ac.in/department/CY/faculty/cy-pradipc,pradipc@chem.iitkgp.ac.in,,,,,,https://sites.google.com/view/chakraborty-lab/home,https://www.iitkgp.ac.in/Departments/showPeopleFormerStaff [POST show_people_former_staff=faculty&dept_code=CY] (unit page https://www.iitkgp.ac.in/department/CY)
Rajakumar Ananthakrishnan,Chemistry,Professor,current,2019,https://www.iitkgp.ac.in/department/CY/faculty/cy-raja,raja@chem.iitkgp.ac.in,0000-0002-8400-9883,,,,,http://www.chemistry.iitkgp.ac.in/~raja/,https://www.iitkgp.ac.in/Departments/showPeopleFormerStaff [POST show_people_former_staff=faculty&dept_code=CY] (unit page https://www.iitkgp.ac.in/department/CY)
Rajarshi Samanta,Chemistry,Professor,current,,https://www.iitkgp.ac.in/department/CY/faculty/cy-rsamanta,rsamanta@chem.iitkgp.ac.in,,,,,,https://www.rsamanta.com,https://www.iitkgp.ac.in/Departments/showPeopleFormerStaff [POST show_people_former_staff=faculty&dept_code=CY] (unit page https://www.iitkgp.ac.in/department/CY)
Rambabu Reddi,Chemistry,Assistant Professor Grade-I,current,,https://www.iitkgp.ac.in/department/CY/faculty/cy-rambabu,rambabu@chem.iitkgp.ac.in,,https://scholar.google.com/citations?user=qBIuCfIAAAAJ,,,,http://www.chemistry.iitkgp.ac.in/professor/rambabu,https://www.iitkgp.ac.in/Departments/showPeopleFormerStaff [POST show_people_former_staff=faculty&dept_code=CY] (unit page https://www.iitkgp.ac.in/department/CY)
Sabyashachi Mishra,Chemistry,Professor,current,,https://www.iitkgp.ac.in/department/CY/faculty/cy-mishra,mishra@chem.iitkgp.ac.in,,,,,,https://qsmlab.github.io/,https://www.iitkgp.ac.in/Departments/showPeopleFormerStaff [POST show_people_former_staff=faculty&dept_code=CY] (unit page https://www.iitkgp.ac.in/department/CY)
Samik Nanda,Chemistry,Professor,current,2006,https://www.iitkgp.ac.in/department/CY/faculty/cy-snanda,snanda@chem.iitkgp.ac.in,0000-0003-4382-4491,,,,,https://snanda7.wixsite.com/mysite,https://www.iitkgp.ac.in/Departments/showPeopleFormerStaff [POST show_people_former_staff=faculty&dept_code=CY] (unit page https://www.iitkgp.ac.in/department/CY)
Sanjib Kumar Patra,Chemistry,Professor,current,,https://www.iitkgp.ac.in/department/CY/faculty/cy-skpatra,skpatra@chem.iitkgp.ac.in,,,,,,https://www.skplabiitkgp.com/,https://www.iitkgp.ac.in/Departments/showPeopleFormerStaff [POST show_people_former_staff=faculty&dept_code=CY] (unit page https://www.iitkgp.ac.in/department/CY)
Sanjoy Bandyopadhyay,Chemistry,Professor,current,,https://www.iitkgp.ac.in/department/CY/faculty/cy-sanjoy,sanjoy@chem.iitkgp.ac.in,,,,,,http://www.chemistry.iitkgp.ac.in/~sanjoy/,https://www.iitkgp.ac.in/Departments/showPeopleFormerStaff [POST show_people_former_staff=faculty&dept_code=CY] (unit page https://www.iitkgp.ac.in/department/CY)
Santanu Panda,Chemistry,Associate Professor,current,2018,https://www.iitkgp.ac.in/department/CY/faculty/cy-spanda,spanda@chem.iitkgp.ac.in,0000-0003-4720-1224,,,,,https://pandasantanu1.wixsite.com/pandalab,https://www.iitkgp.ac.in/Departments/showPeopleFormerStaff [POST show_people_former_staff=faculty&dept_code=CY] (unit page https://www.iitkgp.ac.in/department/CY)
Shubhendu Palei,Chemistry,Assistant Professor Grade-I,current,2024,https://www.iitkgp.ac.in/department/CY/faculty/cy-spalei,spalei@chem.iitkgp.ac.in,0000-0003-4447-7022,,,,,https://sites.google.com/view/shubhendupalei/home,https://www.iitkgp.ac.in/Departments/showPeopleFormerStaff [POST show_people_former_staff=faculty&dept_code=CY] (unit page https://www.iitkgp.ac.in/department/CY)
Srabani Taraphder,Chemistry,Professor,current,,https://www.iitkgp.ac.in/department/CY/faculty/cy-srabani,srabani@chem.iitkgp.ac.in,,,,,,http://www.chemistry.iitkgp.ac.in/~srabani/,https://www.iitkgp.ac.in/Departments/showPeopleFormerStaff [POST show_people_former_staff=faculty&dept_code=CY] (unit page https://www.iitkgp.ac.in/department/CY)
Sukanta Mandal,Chemistry,Associate Professor,current,2015,https://www.iitkgp.ac.in/department/CY/faculty/cy-sukanta.mandal,sukanta.mandal@chem.iitkgp.ac.in,0000-0001-6456-3898,,,,,http://www.chemistry.iitkgp.ac.in/professor/sukanta.mandal,https://www.iitkgp.ac.in/Departments/showPeopleFormerStaff [POST show_people_former_staff=faculty&dept_code=CY] (unit page https://www.iitkgp.ac.in/department/CY)
Suman Kalyan Samanta,Chemistry,Associate Professor,current,2018,https://www.iitkgp.ac.in/department/CY/faculty/cy-sksamanta,sksamanta@chem.iitkgp.ac.in,0000-0002-9587-977X,https://scholar.google.com/citations?user=_SM11YYAAAAJ,,,,https://www.omedlab.com/,https://www.iitkgp.ac.in/Departments/showPeopleFormerStaff [POST show_people_former_staff=faculty&dept_code=CY] (unit page https://www.iitkgp.ac.in/department/CY)
Swagata Dasgupta,Chemistry,Professor,current,,https://www.iitkgp.ac.in/department/CY/faculty/cy-swagata,swagata@chem.iitkgp.ac.in,0000-0003-2074-1247,,,,,,https://www.iitkgp.ac.in/Departments/showPeopleFormerStaff [POST show_people_former_staff=faculty&dept_code=CY] (unit page https://www.iitkgp.ac.in/department/CY)
Tapas Debsharma,Chemistry,Assistant Professor Grade-I,current,,https://www.iitkgp.ac.in/department/CY/faculty/cy-tapas.debsharma,tapas.debsharma@chem.iitkgp.ac.in,0000-0002-1296-7396,,,,,https://debsharma-research.in/,https://www.iitkgp.ac.in/Departments/showPeopleFormerStaff [POST show_people_former_staff=faculty&dept_code=CY] (unit page https://www.iitkgp.ac.in/department/CY)
Abhishek Ghosh Dastider,Civil Engineering,Assistant Professor Grade-I,current,,https://www.iitkgp.ac.in/department/CE/faculty/ce-abhishek.dastider,abhishek.dastider@civil.iitkgp.ac.in,,,,,,,https://www.iitkgp.ac.in/Departments/showPeopleFormerStaff [POST show_people_former_staff=faculty&dept_code=CE] (unit page https://www.iitkgp.ac.in/department/CE)
Amit Passi,Civil Engineering,Assistant Professor Grade-I,current,,https://www.iitkgp.ac.in/department/CE/faculty/ce-amitpassi,amitpassi@civil.iitkgp.ac.in,,,,,,,https://www.iitkgp.ac.in/Departments/showPeopleFormerStaff [POST show_people_former_staff=faculty&dept_code=CE] (unit page https://www.iitkgp.ac.in/department/CE)
Amit Shaw,Civil Engineering,Professor,current,,https://www.iitkgp.ac.in/department/CE/faculty/ce-abshaw,abshaw@civil.iitkgp.ac.in,,,,,,,https://www.iitkgp.ac.in/Departments/showPeopleFormerStaff [POST show_people_former_staff=faculty&dept_code=CE] (unit page https://www.iitkgp.ac.in/department/CE)
Anirban Dhar,Civil Engineering,Professor,current,2008,https://www.iitkgp.ac.in/department/CE/faculty/ce-anirban,anirban@civil.iitkgp.ac.in,0000-0002-0287-3791,,,,,https://facweb.iitkgp.ac.in/~anirban/,https://www.iitkgp.ac.in/Departments/showPeopleFormerStaff [POST show_people_former_staff=faculty&dept_code=CE] (unit page https://www.iitkgp.ac.in/department/CE)
Arghya Deb,Civil Engineering,Professor,current,,https://www.iitkgp.ac.in/department/CE/faculty/ce-arghya,arghya@civil.iitkgp.ac.in,,,,,,,https://www.iitkgp.ac.in/Departments/showPeopleFormerStaff [POST show_people_former_staff=faculty&dept_code=CE] (unit page https://www.iitkgp.ac.in/department/CE)
Aritra Chatterjee,Civil Engineering,Assistant Professor Grade-I,current,,https://www.iitkgp.ac.in/department/CE/faculty/ce-aritra,aritra@civil.iitkgp.ac.in,0000-0001-8323-7131,,,,,,https://www.iitkgp.ac.in/Departments/showPeopleFormerStaff [POST show_people_former_staff=faculty&dept_code=CE] (unit page https://www.iitkgp.ac.in/department/CE)
Ashok Kumar Gupta,Civil Engineering,Professor,current,,https://www.iitkgp.ac.in/department/CE/faculty/ce-agupta,agupta@civil.iitkgp.ac.in,,https://scholar.google.com/citations?user=TgOX6jsAAAAJ,,,,,https://www.iitkgp.ac.in/Departments/showPeopleFormerStaff [POST show_people_former_staff=faculty&dept_code=CE] (unit page https://www.iitkgp.ac.in/department/CE)
Baidurya Bhattacharya,Civil Engineering,Professor,current,2006,https://www.iitkgp.ac.in/department/CE/faculty/ce-baidurya,baidurya@civil.iitkgp.ac.in,0000-0002-8758-7486,,,,,http://www.facweb.iitkgp.ac.in/~baidurya/,https://www.iitkgp.ac.in/Departments/showPeopleFormerStaff [POST show_people_former_staff=faculty&dept_code=CE] (unit page https://www.iitkgp.ac.in/department/CE)
Bhargab Maitra,Civil Engineering,Professor,current,,https://www.iitkgp.ac.in/department/CE/faculty/ce-bhargab,bhargab@civil.iitkgp.ac.in,0000-0003-2083-9930,,,,,https://drive.google.com/drive/folders/1juJF3oJcBJSsRvyqv0TifGSDK8OKcrNu?usp=sharin,https://www.iitkgp.ac.in/Departments/showPeopleFormerStaff [POST show_people_former_staff=faculty&dept_code=CE] (unit page https://www.iitkgp.ac.in/department/CE)
Biswanath Banerjee,Civil Engineering,Associate Professor,current,,https://www.iitkgp.ac.in/department/CE/faculty/ce-biswanath,biswanath@civil.iitkgp.ac.in,,,,,,http://www.facweb.iitkgp.ernet.in/~biswanath/Home.html,https://www.iitkgp.ac.in/Departments/showPeopleFormerStaff [POST show_people_former_staff=faculty&dept_code=CE] (unit page https://www.iitkgp.ac.in/department/CE)
Brajesh Kumar Dubey,Civil Engineering,Professor,current,,https://www.iitkgp.ac.in/department/CE/faculty/ce-bkdubey,bkdubey@civil.iitkgp.ac.in,,https://scholar.google.com/citations?user=gLXcah0AAAAJ,,,,,https://www.iitkgp.ac.in/Departments/showPeopleFormerStaff [POST show_people_former_staff=faculty&dept_code=CE] (unit page https://www.iitkgp.ac.in/department/CE)
Damodar Maity,Civil Engineering,Professor,current,,https://www.iitkgp.ac.in/department/CE/faculty/ce-dmaity,dmaity@civil.iitkgp.ac.in,,,,,,http://www.facweb.iitkgp.ac.in/~dmaity/,https://www.iitkgp.ac.in/Departments/showPeopleFormerStaff [POST show_people_former_staff=faculty&dept_code=CE] (unit page https://www.iitkgp.ac.in/department/CE)
Debarghya Chakraborty,Civil Engineering,Associate Professor,current,,https://www.iitkgp.ac.in/department/CE/faculty/ce-debarghya,debarghya@civil.iitkgp.ac.in,0000-0002-9383-9539,,,,,https://facweb.iitkgp.ac.in/~debarghya/,https://www.iitkgp.ac.in/Departments/showPeopleFormerStaff [POST show_people_former_staff=faculty&dept_code=CE] (unit page https://www.iitkgp.ac.in/department/CE)
Debasis Roy,Civil Engineering,Professor,current,2002,https://www.iitkgp.ac.in/department/CE/faculty/ce-debasis,debasis@civil.iitkgp.ac.in,0000-0002-5468-4247,,,,,,https://www.iitkgp.ac.in/Departments/showPeopleFormerStaff [POST show_people_former_staff=faculty&dept_code=CE] (unit page https://www.iitkgp.ac.in/department/CE)
Dhrubajyoti Sen,Civil Engineering,Professor,current,,https://www.iitkgp.ac.in/department/CE/faculty/ce-djsen,djsen@civil.iitkgp.ac.in,,,,,,,https://www.iitkgp.ac.in/Departments/showPeopleFormerStaff [POST show_people_former_staff=faculty&dept_code=CE] (unit page https://www.iitkgp.ac.in/department/CE)
Dilip Kumar Baidya,Civil Engineering,Professor,current,,https://www.iitkgp.ac.in/department/CE/faculty/ce-baidya,baidya@civil.iitkgp.ac.in,,,,,,http://iitkgp.ac.in/department/CE/faculty/ce-baidya,https://www.iitkgp.ac.in/Departments/showPeopleFormerStaff [POST show_people_former_staff=faculty&dept_code=CE] (unit page https://www.iitkgp.ac.in/department/CE)
Gaurav Misuriya,Civil Engineering,Assistant Professor Grade-I,current,2026,https://www.iitkgp.ac.in/department/CE/faculty/ce-gauravmisuriya,gauravmisuriya@civil.iitkgp.ac.in,0000-0002-5233-0226,,,,,,https://www.iitkgp.ac.in/Departments/showPeopleFormerStaff [POST show_people_former_staff=faculty&dept_code=CE] (unit page https://www.iitkgp.ac.in/department/CE)
Kousik Deb,Civil Engineering,Professor,current,,https://www.iitkgp.ac.in/department/CE/faculty/ce-kousik,kousik@civil.iitkgp.ac.in,,,,,,https://facweb.iitkgp.ac.in/~kousik/,https://www.iitkgp.ac.in/Departments/showPeopleFormerStaff [POST show_people_former_staff=faculty&dept_code=CE] (unit page https://www.iitkgp.ac.in/department/CE)
Kranthi Kumar Kuna,Civil Engineering,Associate Professor,current,,https://www.iitkgp.ac.in/department/CE/faculty/ce-kranthi,kranthi@civil.iitkgp.ac.in,,,,,,,https://www.iitkgp.ac.in/Departments/showPeopleFormerStaff [POST show_people_former_staff=faculty&dept_code=CE] (unit page https://www.iitkgp.ac.in/department/CE)
Kusam Sudhakar Reddy,Civil Engineering,Professor (on Re-Employment),current,,https://www.iitkgp.ac.in/department/CE/faculty/ce-ksreddy,ksreddy@civil.iitkgp.ac.in,,,,,,,https://www.iitkgp.ac.in/Departments/showPeopleFormerStaff [POST show_people_former_staff=faculty&dept_code=CE] (unit page https://www.iitkgp.ac.in/department/CE)
M Amaranatha Reddy,Civil Engineering,Professor,current,,https://www.iitkgp.ac.in/department/CE/faculty/ce-manreddy,manreddy@civil.iitkgp.ac.in,,,,,,,https://www.iitkgp.ac.in/Departments/showPeopleFormerStaff [POST show_people_former_staff=faculty&dept_code=CE] (unit page https://www.iitkgp.ac.in/department/CE)
Madhumita Paul,Civil Engineering,Assistant Professor Grade-I,current,2022,https://www.iitkgp.ac.in/department/CE/faculty/ce-madhumita,madhumita@civil.iitkgp.ac.in,0000-0002-6186-4107,https://scholar.google.com/citations?user=hglUrjwAAAAJ,,,,https://sites.google.com/view/dr-madhumita-paul/home,https://www.iitkgp.ac.in/Departments/showPeopleFormerStaff [POST show_people_former_staff=faculty&dept_code=CE] (unit page https://www.iitkgp.ac.in/department/CE)
Makarand Madhao Ghangrekar,Civil Engineering,Professor,current,,https://www.iitkgp.ac.in/department/CE/faculty/ce-ghangrekar,ghangrekar@civil.iitkgp.ac.in,,,,,,http://www.ghangrekar.com,https://www.iitkgp.ac.in/Departments/showPeopleFormerStaff [POST show_people_former_staff=faculty&dept_code=CE] (unit page https://www.iitkgp.ac.in/department/CE)
Manish Pandey,Civil Engineering,Assistant Professor Grade-I,current,2023,https://www.iitkgp.ac.in/department/CE/faculty/ce-mpandey,mpandey@civil.iitkgp.ac.in,0000-0002-4215-5671,,,,,,https://www.iitkgp.ac.in/Departments/showPeopleFormerStaff [POST show_people_former_staff=faculty&dept_code=CE] (unit page https://www.iitkgp.ac.in/department/CE)
Mohammad Saud Afzal,Civil Engineering,Associate Professor,current,2017,https://www.iitkgp.ac.in/department/CE/faculty/ce-saud,saud@civil.iitkgp.ac.in,0000-0003-0715-3715,,,,,https://saudafzaliitkgp.in/,https://www.iitkgp.ac.in/Departments/showPeopleFormerStaff [POST show_people_former_staff=faculty&dept_code=CE] (unit page https://www.iitkgp.ac.in/department/CE)
Nandan Maiti,Civil Engineering,Assistant Professor Grade-II,current,2025,https://www.iitkgp.ac.in/department/CE/faculty/ce-nandan,nandan@civil.iitkgp.ac.in,0000-0002-2825-514X,https://scholar.google.com/citations?user=1jeWfjIAAAAJ,,,,https://sites.google.com/view/nandaniitkgp/,https://www.iitkgp.ac.in/Departments/showPeopleFormerStaff [POST show_people_former_staff=faculty&dept_code=CE] (unit page https://www.iitkgp.ac.in/department/CE)
Nirjhar Dhang,Civil Engineering,Professor,current,,https://www.iitkgp.ac.in/department/CE/faculty/ce-nirjhar,nirjhar@civil.iitkgp.ac.in,,,,,,,https://www.iitkgp.ac.in/Departments/showPeopleFormerStaff [POST show_people_former_staff=faculty&dept_code=CE] (unit page https://www.iitkgp.ac.in/department/CE)
Paramita Bhattacharya,Civil Engineering,Associate Professor,current,,https://www.iitkgp.ac.in/department/CE/faculty/ce-paramita,paramita@civil.iitkgp.ac.in,,,,,,,https://www.iitkgp.ac.in/Departments/showPeopleFormerStaff [POST show_people_former_staff=faculty&dept_code=CE] (unit page https://www.iitkgp.ac.in/department/CE)
Prashanth Reddy Hanmaiahgari,Civil Engineering,Professor,current,,https://www.iitkgp.ac.in/department/CE/faculty/ce-hpr,hpr@civil.iitkgp.ac.in,,,,,,https://sites.google.com/site/prashanthreddyh/,https://www.iitkgp.ac.in/Departments/showPeopleFormerStaff [POST show_people_former_staff=faculty&dept_code=CE] (unit page https://www.iitkgp.ac.in/department/CE)
Pratyush Kumar,Civil Engineering,Assistant Professor Grade-I,current,,https://www.iitkgp.ac.in/department/CE/faculty/ce-pratyush,pratyush@civil.iitkgp.ac.in,,,,,,https://sites.google.com/view/pratyushkr/home,https://www.iitkgp.ac.in/Departments/showPeopleFormerStaff [POST show_people_former_staff=faculty&dept_code=CE] (unit page https://www.iitkgp.ac.in/department/CE)
Puneet Kumar Patra,Civil Engineering,Associate Professor,current,,https://www.iitkgp.ac.in/department/CE/faculty/ce-puneet.patra,puneet.patra@civil.iitkgp.ac.in,,,,,,https://sites.google.com/view/credlab/home,https://www.iitkgp.ac.in/Departments/showPeopleFormerStaff [POST show_people_former_staff=faculty&dept_code=CE] (unit page https://www.iitkgp.ac.in/department/CE)
Rajib Maity,Civil Engineering,Professor,current,2008,https://www.iitkgp.ac.in/department/CE/faculty/ce-rajib,rajib@civil.iitkgp.ac.in,0000-0001-5631-9553,,,,,https://facweb.iitkgp.ac.in/~rajibmaity/,https://www.iitkgp.ac.in/Departments/showPeopleFormerStaff [POST show_people_former_staff=faculty&dept_code=CE] (unit page https://www.iitkgp.ac.in/department/CE)
Reshma Mohan T,Civil Engineering,Assistant Professor Grade-II,current,2026,https://www.iitkgp.ac.in/department/CE/faculty/ce-reshmat,reshmat@civil.iitkgp.ac.in,0000-0002-7569-9501,https://scholar.google.com/citations?user=ZU1snsYAAAAJ,,,,,https://www.iitkgp.ac.in/Departments/showPeopleFormerStaff [POST show_people_former_staff=faculty&dept_code=CE] (unit page https://www.iitkgp.ac.in/department/CE)
Sahana V,Civil Engineering,Assistant Professor Grade-I,current,,https://www.iitkgp.ac.in/department/CE/faculty/ce-sahanav,sahanav@civil.iitkgp.ac.in,,,,,,https://www.linkedin.com/in/sahana-v-6a2871126/,https://www.iitkgp.ac.in/Departments/showPeopleFormerStaff [POST show_people_former_staff=faculty&dept_code=CE] (unit page https://www.iitkgp.ac.in/department/CE)
Satya Brat Tiwari,Civil Engineering,Assistant Professor Grade-II,current,,https://www.iitkgp.ac.in/department/CE/faculty/ce-sbt,sbt@civil.iitkgp.ac.in,,https://scholar.google.com/citations?user=R4tO1LwAAAAJ,,,,https://sites.google.com/view/satyabrat/home?authuser=1,https://www.iitkgp.ac.in/Departments/showPeopleFormerStaff [POST show_people_former_staff=faculty&dept_code=CE] (unit page https://www.iitkgp.ac.in/department/CE)
Shaikh Jahangir Hossain,Civil Engineering,Assistant Professor Grade-I,current,,https://www.iitkgp.ac.in/department/CE/faculty/ce-sjh,sjh@civil.iitkgp.ac.in,,,,,,,https://www.iitkgp.ac.in/Departments/showPeopleFormerStaff [POST show_people_former_staff=faculty&dept_code=CE] (unit page https://www.iitkgp.ac.in/department/CE)
Shubha Verma,Civil Engineering,Professor,current,,https://www.iitkgp.ac.in/department/CE/faculty/ce-shubha,shubha@civil.iitkgp.ac.in,,,,,,http://www.facweb.iitkgp.ac.in/~shubhaverma/,https://www.iitkgp.ac.in/Departments/showPeopleFormerStaff [POST show_people_former_staff=faculty&dept_code=CE] (unit page https://www.iitkgp.ac.in/department/CE)
Shubham Arun Kalore,Civil Engineering,Assistant Professor Grade-I,current,,https://www.iitkgp.ac.in/department/CE/faculty/ce-ZnZRNFZBckk0djZTTnhobUZXZzd5QT09,,,,,,,https://sites.google.com/view/sakalore/home,https://www.iitkgp.ac.in/Departments/showPeopleFormerStaff [POST show_people_former_staff=faculty&dept_code=CE] (unit page https://www.iitkgp.ac.in/department/CE)
Sudha Goel,Civil Engineering,Professor,current,,https://www.iitkgp.ac.in/department/CE/faculty/ce-sudhagoel,sudhagoel@civil.iitkgp.ac.in,,,,,,,https://www.iitkgp.ac.in/Departments/showPeopleFormerStaff [POST show_people_former_staff=faculty&dept_code=CE] (unit page https://www.iitkgp.ac.in/department/CE)
Sudhir Kumar Barai,Civil Engineering,Professor,current,,https://www.iitkgp.ac.in/department/CE/faculty/ce-skbarai,skbarai@civil.iitkgp.ac.in,,,,,,http://www.facweb.iitkgp.ernet.in/~skbarai/,https://www.iitkgp.ac.in/Departments/showPeopleFormerStaff [POST show_people_former_staff=faculty&dept_code=CE] (unit page https://www.iitkgp.ac.in/department/CE)
Sujit Kumar Dash,Civil Engineering,Professor,current,,https://www.iitkgp.ac.in/department/CE/faculty/ce-sujit,sujit@civil.iitkgp.ac.in,,https://scholar.google.com/citations?user=On5P_4oAAAAJ,,,,,https://www.iitkgp.ac.in/Departments/showPeopleFormerStaff [POST show_people_former_staff=faculty&dept_code=CE] (unit page https://www.iitkgp.ac.in/department/CE)
Sushanta Chakraborty,Civil Engineering,Associate Professor,current,2007,https://www.iitkgp.ac.in/department/CE/faculty/ce-sushanta,sushanta@civil.iitkgp.ac.in,0000-0003-4675-8493,,,,,,https://www.iitkgp.ac.in/Departments/showPeopleFormerStaff [POST show_people_former_staff=faculty&dept_code=CE] (unit page https://www.iitkgp.ac.in/department/CE)
Troyee Tanu Dutta,Civil Engineering,Assistant Professor Grade-I,current,,https://www.iitkgp.ac.in/department/CE/faculty/ce-troyee.dutta,troyee.dutta@civil.iitkgp.ac.in,,,,,,,https://www.iitkgp.ac.in/Departments/showPeopleFormerStaff [POST show_people_former_staff=faculty&dept_code=CE] (unit page https://www.iitkgp.ac.in/department/CE)
Vihangraj Vijaykumar Kulkarni,Civil Engineering,Assistant Professor Grade-I,current,2026,https://www.iitkgp.ac.in/department/CE/faculty/ce-vvkulkarni,vvkulkarni@civil.iitkgp.ac.in,0000-0003-4781-1786,,,,,,https://www.iitkgp.ac.in/Departments/showPeopleFormerStaff [POST show_people_former_staff=faculty&dept_code=CE] (unit page https://www.iitkgp.ac.in/department/CE)
Abhijit Das,Computer Science and Engineering,Professor,current,,https://www.iitkgp.ac.in/department/CS/faculty/cs-abhij,abhij@cse.iitkgp.ac.in,,,,,,http://cse.iitkgp.ac.in/~abhij/,https://www.iitkgp.ac.in/Departments/showPeopleFormerStaff [POST show_people_former_staff=faculty&dept_code=CS] (unit page https://www.iitkgp.ac.in/department/CS)
Abhijnan Chakraborty,Computer Science and Engineering,Assistant Professor Grade-I,current,,https://www.iitkgp.ac.in/department/CS/faculty/cs-abhijnan,abhijnan@cse.iitkgp.ac.in,,https://scholar.google.com/citations?user=21oQO9oAAAAJ,https://dblp.uni-trier.de/pid/116/1678.html,,,https://cse.iitkgp.ac.in/~abhijnan/,https://www.iitkgp.ac.in/Departments/showPeopleFormerStaff [POST show_people_former_staff=faculty&dept_code=CS] (unit page https://www.iitkgp.ac.in/department/CS)
Abhranil Chatterjee,Computer Science and Engineering,Assistant Professor Grade-I,current,,https://www.iitkgp.ac.in/department/CS/faculty/cs-abhranilc,abhranilc@cse.iitkgp.ac.in,,,,,,,https://www.iitkgp.ac.in/Departments/showPeopleFormerStaff [POST show_people_former_staff=faculty&dept_code=CS] (unit page https://www.iitkgp.ac.in/department/CS)
Abir Das,Computer Science and Engineering,Associate Professor,current,2018,https://www.iitkgp.ac.in/department/CS/faculty/cs-abir,abir@cse.iitkgp.ac.in,0000-0002-2327-1618,,,,,http://cse.iitkgp.ac.in/~adas/,https://www.iitkgp.ac.in/Departments/showPeopleFormerStaff [POST show_people_former_staff=faculty&dept_code=CS] (unit page https://www.iitkgp.ac.in/department/CS)
Animesh Mukherjee,Computer Science and Engineering,Professor,current,,https://www.iitkgp.ac.in/department/CS/faculty/cs-animeshm,animeshm@cse.iitkgp.ac.in,,,,,,http://cse.iitkgp.ac.in/~animeshm/,https://www.iitkgp.ac.in/Departments/showPeopleFormerStaff [POST show_people_former_staff=faculty&dept_code=CS] (unit page https://www.iitkgp.ac.in/department/CS)
Aritra Hazra,Computer Science and Engineering,Associate Professor,current,,https://www.iitkgp.ac.in/department/CS/faculty/cs-aritrah,aritrah@cse.iitkgp.ac.in,,,,,,http://cse.iitkgp.ac.in/~aritrah/,https://www.iitkgp.ac.in/Departments/showPeopleFormerStaff [POST show_people_former_staff=faculty&dept_code=CS] (unit page https://www.iitkgp.ac.in/department/CS)
Arobinda Gupta,Computer Science and Engineering,Professor,current,,https://www.iitkgp.ac.in/department/CS/faculty/cs-agupta,agupta@cse.iitkgp.ac.in,,,,,,http://cse.iitkgp.ac.in/~agupta,https://www.iitkgp.ac.in/Departments/showPeopleFormerStaff [POST show_people_former_staff=faculty&dept_code=CS] (unit page https://www.iitkgp.ac.in/department/CS)
Ayan Chaudhury,Computer Science and Engineering,Assistant Professor Grade-I,current,,https://www.iitkgp.ac.in/department/CS/faculty/cs-ayanc,ayanc@cse.iitkgp.ac.in,,https://scholar.google.com/citations?user=gEZglZkAAAAJ,,,,http://cse.iitkgp.ac.in/~ayanc/,https://www.iitkgp.ac.in/Departments/showPeopleFormerStaff [POST show_people_former_staff=faculty&dept_code=CS] (unit page https://www.iitkgp.ac.in/department/CS)
Bivas Mitra,Computer Science and Engineering,Associate Professor,current,,https://www.iitkgp.ac.in/department/CS/faculty/cs-bivas,bivas@cse.iitkgp.ac.in,,,,,,http://cse.iitkgp.ac.in/~bivasm/,https://www.iitkgp.ac.in/Departments/showPeopleFormerStaff [POST show_people_former_staff=faculty&dept_code=CS] (unit page https://www.iitkgp.ac.in/department/CS)
Chittaranjan Mandal,Computer Science and Engineering,Professor,current,,https://www.iitkgp.ac.in/department/CS/faculty/cs-chitta,chitta@iitkgp.ac.in,,,,,,http://cse.iitkgp.ac.in/~chitta,https://www.iitkgp.ac.in/Departments/showPeopleFormerStaff [POST show_people_former_staff=faculty&dept_code=CS] (unit page https://www.iitkgp.ac.in/department/CS)
Debaditya Roy,Computer Science and Engineering,Assistant Professor Grade-I,current,2024,https://www.iitkgp.ac.in/department/CS/faculty/cs-debaditya,debaditya@cse.iitkgp.ac.in,0000-0002-8779-1241,https://scholar.google.com/citations?user=L0Lq-fAAAAAJ,,,,https://sites.google.com/view/debadityaroy/,https://www.iitkgp.ac.in/Departments/showPeopleFormerStaff [POST show_people_former_staff=faculty&dept_code=CS] (unit page https://www.iitkgp.ac.in/department/CS)
Debasis Samanta,Computer Science and Engineering,Professor,current,,https://www.iitkgp.ac.in/department/CS/faculty/cs-dsamanta,dsamanta@iitkgp.ac.in,,,,,,http://www.nid.iitkgp.ernet.in/DSamanta/,https://www.iitkgp.ac.in/Departments/showPeopleFormerStaff [POST show_people_former_staff=faculty&dept_code=CS] (unit page https://www.iitkgp.ac.in/department/CS)
Debdeep Mukhopadhyay,Computer Science and Engineering,Professor,current,,https://www.iitkgp.ac.in/department/CS/faculty/cs-debdeep,debdeep@cse.iitkgp.ac.in,,,,,,http://cse.iitkgp.ac.in/~debdeep/,https://www.iitkgp.ac.in/Departments/showPeopleFormerStaff [POST show_people_former_staff=faculty&dept_code=CS] (unit page https://www.iitkgp.ac.in/department/CS)
Dipanwita Roy Chowdhury,Computer Science and Engineering,Professor,current,,https://www.iitkgp.ac.in/department/CS/faculty/cs-drc,drc@cse.iitkgp.ac.in,,,,,,,https://www.iitkgp.ac.in/Departments/showPeopleFormerStaff [POST show_people_former_staff=faculty&dept_code=CS] (unit page https://www.iitkgp.ac.in/department/CS)
Jayanta Mukhopadhyay,Computer Science and Engineering,Professor,current,1990,https://www.iitkgp.ac.in/department/CS/faculty/cs-jay,jay@cse.iitkgp.ac.in,0000-0002-2491-6860,,,,,http://www.facweb.iitkgp.ernet.in/~jay,https://www.iitkgp.ac.in/Departments/showPeopleFormerStaff [POST show_people_former_staff=faculty&dept_code=CS] (unit page https://www.iitkgp.ac.in/department/CS)
Jibesh Patra,Computer Science and Engineering,Assistant Professor Grade-I,current,2024,https://www.iitkgp.ac.in/department/CS/faculty/cs-jibesh,jibesh@cse.iitkgp.ac.in,0000-0002-0437-1429,https://scholar.google.com/citations?user=ITkHkhsAAAAJ,,,,https://jibesh.com,https://www.iitkgp.ac.in/Departments/showPeopleFormerStaff [POST show_people_former_staff=faculty&dept_code=CS] (unit page https://www.iitkgp.ac.in/department/CS)
Krothapalli Sreenivasa Rao,Computer Science and Engineering,Professor,current,,https://www.iitkgp.ac.in/department/CS/faculty/cs-ksrao,ksrao@cse.iitkgp.ac.in,,,,,,https://cse.iitkgp.ac.in/~ksrao/,https://www.iitkgp.ac.in/Departments/showPeopleFormerStaff [POST show_people_former_staff=faculty&dept_code=CS] (unit page https://www.iitkgp.ac.in/department/CS)
Mainack Mondal,Computer Science and Engineering,Assistant Professor Grade-I,current,,https://www.iitkgp.ac.in/department/CS/faculty/cs-mainack,mainack@cse.iitkgp.ac.in,,https://scholar.google.com/citations?user=AUllGoAAAAAJ,,,,https://cse.iitkgp.ac.in/~mainack/,https://www.iitkgp.ac.in/Departments/showPeopleFormerStaff [POST show_people_former_staff=faculty&dept_code=CS] (unit page https://www.iitkgp.ac.in/department/CS)
Monosij Maitra,Computer Science and Engineering,Assistant Professor Grade-I,current,,https://www.iitkgp.ac.in/department/CS/faculty/cs-monosij,monosij@cse.iitkgp.ac.in,,https://scholar.google.com/citations?user=8XVPvXQAAAAJ,https://dblp.uni-trier.de/pers/hd/m/Maitra:Monosij,,,https://monosijm.github.io/,https://www.iitkgp.ac.in/Departments/showPeopleFormerStaff [POST show_people_former_staff=faculty&dept_code=CS] (unit page https://www.iitkgp.ac.in/department/CS)
Niloy Ganguly,Computer Science and Engineering,Professor,current,2005,https://www.iitkgp.ac.in/department/CS/faculty/cs-niloy,niloy@cse.iitkgp.ac.in,,,,,,https://niloy-ganguly.github.io/,https://www.iitkgp.ac.in/Departments/showPeopleFormerStaff [POST show_people_former_staff=faculty&dept_code=CS] (unit page https://www.iitkgp.ac.in/department/CS)
Pabitra Mitra,Computer Science and Engineering,Professor,current,2005,https://www.iitkgp.ac.in/department/CS/faculty/cs-pabitra,pabitra@cse.iitkgp.ac.in,0000-0002-1908-9813,,,,,http://cse.iitkgp.ac.in/~pabitra/,https://www.iitkgp.ac.in/Departments/showPeopleFormerStaff [POST show_people_former_staff=faculty&dept_code=CS] (unit page https://www.iitkgp.ac.in/department/CS)
Palash Dey,Computer Science and Engineering,Assistant Professor Grade-I,current,,https://www.iitkgp.ac.in/department/CS/faculty/cs-palash.dey,palash.dey@cse.iitkgp.ac.in,,https://scholar.google.com/citations?user=BkDCPiIAAAAJ,https://dblp.org/pers/hd/d/Dey:Palash,,,https://cse.iitkgp.ac.in/~palash/,https://www.iitkgp.ac.in/Departments/showPeopleFormerStaff [POST show_people_former_staff=faculty&dept_code=CS] (unit page https://www.iitkgp.ac.in/department/CS)
Partha Bhowmick,Computer Science and Engineering,Professor,current,,https://www.iitkgp.ac.in/department/CS/faculty/cs-pb,pb@cse.iitkgp.ac.in,,,,,,,https://www.iitkgp.ac.in/Departments/showPeopleFormerStaff [POST show_people_former_staff=faculty&dept_code=CS] (unit page https://www.iitkgp.ac.in/department/CS)
Partha Pratim Chakrabarti,Computer Science and Engineering,Professor,current,,https://www.iitkgp.ac.in/department/CS/faculty/cs-ppchak,ppchak@adm.iitkgp.ac.in,,,,,,http://iitkgp.ac.in/fac-profiles/showprofile.php?empcode=ZZmVV&depts_name=CS,https://www.iitkgp.ac.in/Departments/showPeopleFormerStaff [POST show_people_former_staff=faculty&dept_code=CS] (unit page https://www.iitkgp.ac.in/department/CS)
Pawan Goyal,Computer Science and Engineering,Professor,current,,https://www.iitkgp.ac.in/department/CS/faculty/cs-pawang,pawang@cse.iitkgp.ac.in,0000-0002-9414-8166,https://scholar.google.com/citations?user=F14FHsIAAAAJ,,,,http://cse.iitkgp.ac.in/~pawang/,https://www.iitkgp.ac.in/Departments/showPeopleFormerStaff [POST show_people_former_staff=faculty&dept_code=CS] (unit page https://www.iitkgp.ac.in/department/CS)
Pralay Mitra,Computer Science and Engineering,Professor,current,2013,https://www.iitkgp.ac.in/department/CS/faculty/cs-pralay,pralay@cse.iitkgp.ac.in,0000-0003-4119-3788,,,,,http://cse.iitkgp.ac.in/~pralay/,https://www.iitkgp.ac.in/Departments/showPeopleFormerStaff [POST show_people_former_staff=faculty&dept_code=CS] (unit page https://www.iitkgp.ac.in/department/CS)
Rajat Subhra Chakraborty,Computer Science and Engineering,Professor,current,2010,https://www.iitkgp.ac.in/department/CS/faculty/cs-rschakraborty,rschakraborty@cse.iitkgp.ac.in,0000-0003-3588-163X,https://scholar.google.com/citations?user=ITIg9kkAAAAJ,https://dblp.org/pid/05/1579.html,56194286800,,https://sites.google.com/site/rschakraborty/,https://www.iitkgp.ac.in/Departments/showPeopleFormerStaff [POST show_people_former_staff=faculty&dept_code=CS] (unit page https://www.iitkgp.ac.in/department/CS)
Ritesh Sarkhel,Computer Science and Engineering,Assistant Professor Grade-II,current,,https://www.iitkgp.ac.in/department/CS/faculty/cs-WmNIMVVCZ1VpdWltMktWUno2YUJhdz09,,,,,,,,https://www.iitkgp.ac.in/Departments/showPeopleFormerStaff [POST show_people_former_staff=faculty&dept_code=CS] (unit page https://www.iitkgp.ac.in/department/CS)
Sandip Chakraborty,Computer Science and Engineering,Professor,current,2014,https://www.iitkgp.ac.in/department/CS/faculty/cs-sandipc,sandipc@cse.iitkgp.ac.in,0000-0003-3531-968X,,,,,http://cse.iitkgp.ac.in/~sandipc/,https://www.iitkgp.ac.in/Departments/showPeopleFormerStaff [POST show_people_former_staff=faculty&dept_code=CS] (unit page https://www.iitkgp.ac.in/department/CS)
Saptarshi Ghosh,Computer Science and Engineering,Associate Professor,current,,https://www.iitkgp.ac.in/department/CS/faculty/cs-saptarshi,saptarshi@cse.iitkgp.ac.in,0000-0002-2306-300X,https://scholar.google.com/citations?user=7TmKZv0AAAAJ,https://dblp.uni-trier.de/pers/hd/g/Ghosh_0001:Saptarshi,56004548600,,https://sites.google.com/site/saptarshighosh/home,https://www.iitkgp.ac.in/Departments/showPeopleFormerStaff [POST show_people_former_staff=faculty&dept_code=CS] (unit page https://www.iitkgp.ac.in/department/CS)
Sarani Bhattacharya,Computer Science and Engineering,Assistant Professor Grade-I,current,,https://www.iitkgp.ac.in/department/CS/faculty/cs-sarani,sarani@cse.iitkgp.ac.in,,,,,,,https://www.iitkgp.ac.in/Departments/showPeopleFormerStaff [POST show_people_former_staff=faculty&dept_code=CS] (unit page https://www.iitkgp.ac.in/department/CS)
Satrajit Ghosh,Computer Science and Engineering,Assistant Professor Grade-I,current,,https://www.iitkgp.ac.in/department/CS/faculty/cs-satrajit,satrajit@cse.iitkgp.ac.in,0000-0003-2657-5286,,https://dblp.org/pid/65/10733.html,,,https://satcrypt.github.io/,https://www.iitkgp.ac.in/Departments/showPeopleFormerStaff [POST show_people_former_staff=faculty&dept_code=CS] (unit page https://www.iitkgp.ac.in/department/CS)
Shamik Sural,Computer Science and Engineering,Professor,current,,https://www.iitkgp.ac.in/department/CS/faculty/cs-shamik,shamik@cse.iitkgp.ac.in,0000-0002-4315-7329,,,,,https://facweb.iitkgp.ac.in/~shamik/,https://www.iitkgp.ac.in/Departments/showPeopleFormerStaff [POST show_people_former_staff=faculty&dept_code=CS] (unit page https://www.iitkgp.ac.in/department/CS)
Somak Aditya,Computer Science and Engineering,Assistant Professor Grade-I,current,2021,https://www.iitkgp.ac.in/department/CS/faculty/cs-saditya,saditya@cse.iitkgp.ac.in,0000-0002-0113-2545,https://scholar.google.com/citations?user=2shiHpwAAAAJ,,,,https://adityasomak.github.io/,https://www.iitkgp.ac.in/Departments/showPeopleFormerStaff [POST show_people_former_staff=faculty&dept_code=CS] (unit page https://www.iitkgp.ac.in/department/CS)
Somindu Chaya Ramanna,Computer Science and Engineering,Assistant Professor Grade-I,current,,https://www.iitkgp.ac.in/department/CS/faculty/cs-somindu,somindu@cse.iitkgp.ac.in,,,,,,http://cse.iitkgp.ac.in/~somindu/,https://www.iitkgp.ac.in/Departments/showPeopleFormerStaff [POST show_people_former_staff=faculty&dept_code=CS] (unit page https://www.iitkgp.ac.in/department/CS)
Soumajit Pramanik,Computer Science and Engineering,Assistant Professor Grade-I,current,,https://www.iitkgp.ac.in/department/CS/faculty/cs-soumajit.pramanik,soumajit.pramanik@cse.iitkgp.ac.in,,,,,,,https://www.iitkgp.ac.in/Departments/showPeopleFormerStaff [POST show_people_former_staff=faculty&dept_code=CS] (unit page https://www.iitkgp.ac.in/department/CS)
Soumya Kanti Ghosh,Computer Science and Engineering,Professor,current,,https://www.iitkgp.ac.in/department/CS/faculty/cs-skg,skg@cse.iitkgp.ac.in,0000-0001-8359-581X,,,,,http://www.facweb.iitkgp.ac.in/~skg,https://www.iitkgp.ac.in/Departments/showPeopleFormerStaff [POST show_people_former_staff=faculty&dept_code=CS] (unit page https://www.iitkgp.ac.in/department/CS)
Soumyajit Dey,Computer Science and Engineering,Professor,current,2013,https://www.iitkgp.ac.in/department/CS/faculty/cs-soumya,soumya@cse.iitkgp.ac.in,,,,,,http://cse.iitkgp.ac.in/~soumya/,https://www.iitkgp.ac.in/Departments/showPeopleFormerStaff [POST show_people_former_staff=faculty&dept_code=CS] (unit page https://www.iitkgp.ac.in/department/CS)
Sourangshu Bhattacharya,Computer Science and Engineering,Associate Professor,current,2013,https://www.iitkgp.ac.in/department/CS/faculty/cs-sourangshu,sourangshu@cse.iitkgp.ac.in,0000-0001-5220-1881,https://scholar.google.com/citations?user=6FE__csAAAAJ,,,,http://cse.iitkgp.ac.in/~sourangshu/,https://www.iitkgp.ac.in/Departments/showPeopleFormerStaff [POST show_people_former_staff=faculty&dept_code=CS] (unit page https://www.iitkgp.ac.in/department/CS)
Sudeshna Kolay,Computer Science and Engineering,Assistant Professor Grade-I,current,,https://www.iitkgp.ac.in/department/CS/faculty/cs-skolay,skolay@cse.iitkgp.ac.in,0009-0003-8194-7473,,,,,http://cse.iitkgp.ac.in/~skolay/,https://www.iitkgp.ac.in/Departments/showPeopleFormerStaff [POST show_people_former_staff=faculty&dept_code=CS] (unit page https://www.iitkgp.ac.in/department/CS)
Sudeshna Sarkar,Computer Science and Engineering,Professor,current,1998,https://www.iitkgp.ac.in/department/CS/faculty/cs-sudeshna,sudeshna@cse.iitkgp.ac.in,0000-0003-3439-4282,,,,,http://cse.iitkgp.ac.in/~sudeshna,https://www.iitkgp.ac.in/Departments/showPeopleFormerStaff [POST show_people_former_staff=faculty&dept_code=CS] (unit page https://www.iitkgp.ac.in/department/CS)
Sudip Misra,Computer Science and Engineering,Professor,current,2007,https://www.iitkgp.ac.in/department/CS/faculty/cs-smisra,smisra@sit.iitkgp.ac.in,0000-0002-2467-6414,,,,,http://cse.iitkgp.ac.in/~smisra/,https://www.iitkgp.ac.in/Departments/showPeopleFormerStaff [POST show_people_former_staff=faculty&dept_code=CS] (unit page https://www.iitkgp.ac.in/department/CS)
Abhay Singh Gour,Cryogenic Engineering,Associate Professor,current,2018,https://www.iitkgp.ac.in/department/CR/faculty/cr-abhay,abhay@cryo.iitkgp.ac.in,0000-0002-7794-3491,https://scholar.google.com/citations?user=EpJlHikAAAAJ,,,,,https://www.iitkgp.ac.in/Departments/showPeopleFormerStaff [POST show_people_former_staff=faculty&dept_code=CR] (unit page https://www.iitkgp.ac.in/department/CR)
Indranil Ghosh,Cryogenic Engineering,Professor,current,,https://www.iitkgp.ac.in/department/CR/faculty/cr-indranil,indranil@cryo.iitkgp.ac.in,0000-0003-4157-8872,,,,,,https://www.iitkgp.ac.in/Departments/showPeopleFormerStaff [POST show_people_former_staff=faculty&dept_code=CR] (unit page https://www.iitkgp.ac.in/department/CR)
Parthasarathi Ghosh,Cryogenic Engineering,Professor,current,,https://www.iitkgp.ac.in/department/CR/faculty/cr-psghosh,psghosh@cryo.iitkgp.ac.in,,,,,,,https://www.iitkgp.ac.in/Departments/showPeopleFormerStaff [POST show_people_former_staff=faculty&dept_code=CR] (unit page https://www.iitkgp.ac.in/department/CR)
Pavitra Sandilya,Cryogenic Engineering,Associate Professor,current,,https://www.iitkgp.ac.in/department/CR/faculty/cr-pavit,pavit@cryo.iitkgp.ac.in,,,,,,,https://www.iitkgp.ac.in/Departments/showPeopleFormerStaff [POST show_people_former_staff=faculty&dept_code=CR] (unit page https://www.iitkgp.ac.in/department/CR)
Tapas Kumar Nandi,Cryogenic Engineering,Professor,current,,https://www.iitkgp.ac.in/department/CR/faculty/cr-tkn_cryo,tkn_cryo@cryo.iitkgp.ac.in,,,,,,,https://www.iitkgp.ac.in/Departments/showPeopleFormerStaff [POST show_people_former_staff=faculty&dept_code=CR] (unit page https://www.iitkgp.ac.in/department/CR)
Venimadhav Adyam,Cryogenic Engineering,Professor,current,,https://www.iitkgp.ac.in/department/CR/faculty/cr-venimadhav,venimadhav@cryo.iitkgp.ac.in,,,,,,http://cryo.iitkgp.ac.in/people/faculty/faculty_profile?faculty_name=A.Venimadhav,https://www.iitkgp.ac.in/Departments/showPeopleFormerStaff [POST show_people_former_staff=faculty&dept_code=CR] (unit page https://www.iitkgp.ac.in/department/CR)
Aditya Vyas,Deysarkar Centre of Petroleum and Energy Transition,Assistant Professor Grade-I,current,,https://www.iitkgp.ac.in/department/DE/faculty/de-aditya11,aditya11@iitkgp.ac.in,,,,,,,https://www.iitkgp.ac.in/Departments/showPeopleFormerStaff [POST show_people_former_staff=faculty&dept_code=DE] (unit page https://www.iitkgp.ac.in/department/DE)
Ankur Roy,Deysarkar Centre of Petroleum and Energy Transition,Assistant Professor Grade-I,current,,https://www.iitkgp.ac.in/department/DE/faculty/de-ankur,ankur@iitkgp.ac.in,,,,,,http://<https://youtu.be/FzNzWb_zNnU>,https://www.iitkgp.ac.in/Departments/showPeopleFormerStaff [POST show_people_former_staff=faculty&dept_code=DE] (unit page https://www.iitkgp.ac.in/department/DE)
Sandeep D Kulkarni,Deysarkar Centre of Petroleum and Energy Transition,Associate Professor,current,2018,https://www.iitkgp.ac.in/department/DE/faculty/de-sandeep.kulkarni,sandeep.kulkarni@iitkgp.ac.in,0000-0002-5734-0677,,,,,https://sites.google.com/upstream-fluids-petro-iitkgp.org/uf-rg,https://www.iitkgp.ac.in/Departments/showPeopleFormerStaff [POST show_people_former_staff=faculty&dept_code=DE] (unit page https://www.iitkgp.ac.in/department/DE)
Vishnu Chandrasekharan Nair,Deysarkar Centre of Petroleum and Energy Transition,Assistant Professor Grade-I,current,,https://www.iitkgp.ac.in/department/DE/faculty/de-vishnuc,vishnuc@iitkgp.ac.in,0000-0002-2234-9081,,,,,,https://www.iitkgp.ac.in/Departments/showPeopleFormerStaff [POST show_people_former_staff=faculty&dept_code=DE] (unit page https://www.iitkgp.ac.in/department/DE)
Arijita Banerjee,Dr B C Roy Multi Speciality Medical Research Centre,Assistant Professor,current,2021,https://www.iitkgp.ac.in/department/SH/faculty/sh-arijita,arijita@bcrmrc.iitkgp.ac.in,0000-0001-7191-1811,,,,,,https://www.iitkgp.ac.in/Departments/showPeopleFormerStaff [POST show_people_former_staff=faculty&dept_code=SH] (unit page https://www.iitkgp.ac.in/department/SH)
Arindam Ghosh,Dr B C Roy Multi Speciality Medical Research Centre,Assistant Professor,current,,https://www.iitkgp.ac.in/department/SH/faculty/sh-arindam,arindam@bcrmrc.iitkgp.ac.in,,,,,,,https://www.iitkgp.ac.in/Departments/showPeopleFormerStaff [POST show_people_former_staff=faculty&dept_code=SH] (unit page https://www.iitkgp.ac.in/department/SH)
Arista Lahiri,Dr B C Roy Multi Speciality Medical Research Centre,Assistant Professor,current,2021,https://www.iitkgp.ac.in/department/SH/faculty/sh-alahiri,alahiri@bcrmrc.iitkgp.ac.in,0000-0001-9486-2565,,,,,,https://www.iitkgp.ac.in/Departments/showPeopleFormerStaff [POST show_people_former_staff=faculty&dept_code=SH] (unit page https://www.iitkgp.ac.in/department/SH)
Aritri Bir,Dr B C Roy Multi Speciality Medical Research Centre,Assistant Professor,current,2021,https://www.iitkgp.ac.in/department/SH/faculty/sh-aritri,aritri@bcrmrc.iitkgp.ac.in,0000-0002-7417-7242,,,,,,https://www.iitkgp.ac.in/Departments/showPeopleFormerStaff [POST show_people_former_staff=faculty&dept_code=SH] (unit page https://www.iitkgp.ac.in/department/SH)
Ashmita Saha,Dr B C Roy Multi Speciality Medical Research Centre,Assistant Professor Grade-I,current,,https://www.iitkgp.ac.in/department/SH/faculty/sh-a_saha,a_saha@bcrmrc.iitkgp.ac.in,,,,,,,https://www.iitkgp.ac.in/Departments/showPeopleFormerStaff [POST show_people_former_staff=faculty&dept_code=SH] (unit page https://www.iitkgp.ac.in/department/SH)
Avijit Mondal,Dr B C Roy Multi Speciality Medical Research Centre,Associate Professor,current,2023,https://www.iitkgp.ac.in/department/SH/faculty/sh-dravijitmondal,dravijitmondal@bcrmrc.iitkgp.ac.in,0009-0008-2216-2007,,,,,,https://www.iitkgp.ac.in/Departments/showPeopleFormerStaff [POST show_people_former_staff=faculty&dept_code=SH] (unit page https://www.iitkgp.ac.in/department/SH)
Barnali Ghosh,Dr B C Roy Multi Speciality Medical Research Centre,Assistant Professor Grade-I,current,,https://www.iitkgp.ac.in/department/SH/faculty/sh-barnaligdoc,barnaligdoc@bcrmrc.iitkgp.ac.in,,,,,,,https://www.iitkgp.ac.in/Departments/showPeopleFormerStaff [POST show_people_former_staff=faculty&dept_code=SH] (unit page https://www.iitkgp.ac.in/department/SH)
Debabrata Majumdar,Dr B C Roy Multi Speciality Medical Research Centre,Associate Professor of Practice,current,,https://www.iitkgp.ac.in/department/SH/faculty/sh-QmZYVE1XOHBFcGM4dTFlYURKelhVQT09,,,,,,,,https://www.iitkgp.ac.in/Departments/showPeopleFormerStaff [POST show_people_former_staff=faculty&dept_code=SH] (unit page https://www.iitkgp.ac.in/department/SH)
Dipendra Kumar Mitra,Dr B C Roy Multi Speciality Medical Research Centre,Professor and Dean (BCRMSMRC),current,,https://www.iitkgp.ac.in/department/SH/faculty/sh-salilmitra,salilmitra@bcrmrc.iitkgp.ac.in,,,,,,,https://www.iitkgp.ac.in/Departments/showPeopleFormerStaff [POST show_people_former_staff=faculty&dept_code=SH] (unit page https://www.iitkgp.ac.in/department/SH)
Mandrita Chatterjee,Dr B C Roy Multi Speciality Medical Research Centre,Assistant Professor Grade-I,current,,https://www.iitkgp.ac.in/department/SH/faculty/sh-mandritachatterjee,mandritachatterjee@bcrmrc.iitkgp.ac.in,0009-0007-3807-4549,https://scholar.google.com/citations?user=H9Splu4AAAAJ,,,,,https://www.iitkgp.ac.in/Departments/showPeopleFormerStaff [POST show_people_former_staff=faculty&dept_code=SH] (unit page https://www.iitkgp.ac.in/department/SH)
Manjunatha S,Dr B C Roy Multi Speciality Medical Research Centre,Professor,current,,https://www.iitkgp.ac.in/department/SH/faculty/sh-manjunatha.s,manjunatha.s@bcrmrc.iitkgp.ac.in,,,,,,,https://www.iitkgp.ac.in/Departments/showPeopleFormerStaff [POST show_people_former_staff=faculty&dept_code=SH] (unit page https://www.iitkgp.ac.in/department/SH)
Mrinal Kumar Acharya,Dr B C Roy Multi Speciality Medical Research Centre,Assistant Professor,current,2021,https://www.iitkgp.ac.in/department/SH/faculty/sh-mrinal,mrinal@bcrmrc.iitkgp.ac.in,0000-0001-6914-8175,,,,,,https://www.iitkgp.ac.in/Departments/showPeopleFormerStaff [POST show_people_former_staff=faculty&dept_code=SH] (unit page https://www.iitkgp.ac.in/department/SH)
Nabarun Karmakar,Dr B C Roy Multi Speciality Medical Research Centre,Assistant Professor Grade-I,current,2023,https://www.iitkgp.ac.in/department/SH/faculty/sh-drnabarun,drnabarun@bcrmrc.iitkgp.ac.in,0000-0001-8718-660X,,,,,,https://www.iitkgp.ac.in/Departments/showPeopleFormerStaff [POST show_people_former_staff=faculty&dept_code=SH] (unit page https://www.iitkgp.ac.in/department/SH)
Oindrila Dhar,Dr B C Roy Multi Speciality Medical Research Centre,Assistant Professor Grade-I,current,2023,https://www.iitkgp.ac.in/department/SH/faculty/sh-droindriladhar,droindriladhar@bcrmrc.iitkgp.ac.in,0009-0001-0436-2549,,,,,http://droindriladhar@bcrmrc.iitkgp.ac.in,https://www.iitkgp.ac.in/Departments/showPeopleFormerStaff [POST show_people_former_staff=faculty&dept_code=SH] (unit page https://www.iitkgp.ac.in/department/SH)
Parama Banerjee,Dr B C Roy Multi Speciality Medical Research Centre,Assistant Professor,current,,https://www.iitkgp.ac.in/department/SH/faculty/sh-param_biochem,param_biochem@bcrmrc.iitkgp.ac.in,,,,,,,https://www.iitkgp.ac.in/Departments/showPeopleFormerStaff [POST show_people_former_staff=faculty&dept_code=SH] (unit page https://www.iitkgp.ac.in/department/SH)
Parmeshwar Satpathy,Dr B C Roy Multi Speciality Medical Research Centre,Assistant Professor,current,,https://www.iitkgp.ac.in/department/SH/faculty/sh-drparmeshwar,drparmeshwar@bcrmrc.iitkgp.ac.in,,,,,,,https://www.iitkgp.ac.in/Departments/showPeopleFormerStaff [POST show_people_former_staff=faculty&dept_code=SH] (unit page https://www.iitkgp.ac.in/department/SH)
Payal Arvind Kasat,Dr B C Roy Multi Speciality Medical Research Centre,Assistant Professor,current,,https://www.iitkgp.ac.in/department/SH/faculty/sh-payal,payal@bcrmrc.iitkgp.ac.in,,,,,,,https://www.iitkgp.ac.in/Departments/showPeopleFormerStaff [POST show_people_former_staff=faculty&dept_code=SH] (unit page https://www.iitkgp.ac.in/department/SH)
Samir Rana,Dr B C Roy Multi Speciality Medical Research Centre,Associate Professor,current,,https://www.iitkgp.ac.in/department/SH/faculty/sh-dr.samirrana,dr.samirrana@bcrmrc.iitkgp.ac.in,0009-0003-2980-669X,,,,,,https://www.iitkgp.ac.in/Departments/showPeopleFormerStaff [POST show_people_former_staff=faculty&dept_code=SH] (unit page https://www.iitkgp.ac.in/department/SH)
Satrajit Ghosal,Dr B C Roy Multi Speciality Medical Research Centre,Assistant Professor Grade-I,current,,https://www.iitkgp.ac.in/department/SH/faculty/sh-satrajit91,satrajit91@bcrmrc.iitkgp.ac.in,,,,,,,https://www.iitkgp.ac.in/Departments/showPeopleFormerStaff [POST show_people_former_staff=faculty&dept_code=SH] (unit page https://www.iitkgp.ac.in/department/SH)
Satya Prasad V,Dr B C Roy Multi Speciality Medical Research Centre,Associate Professor,current,,https://www.iitkgp.ac.in/department/SH/faculty/sh-drspv,drspv@bcrmrc.iitkgp.ac.in,,,,,,,https://www.iitkgp.ac.in/Departments/showPeopleFormerStaff [POST show_people_former_staff=faculty&dept_code=SH] (unit page https://www.iitkgp.ac.in/department/SH)
Shirin Dasgupta,Dr B C Roy Multi Speciality Medical Research Centre,Assistant Professor Grade-I,current,,https://www.iitkgp.ac.in/department/SH/faculty/sh-shirin,shirin@bcrmrc.iitkgp.ac.in,0000-0002-6139-7107,https://scholar.google.com/citations?user=hWYKU7YAAAAJ,,,,,https://www.iitkgp.ac.in/Departments/showPeopleFormerStaff [POST show_people_former_staff=faculty&dept_code=SH] (unit page https://www.iitkgp.ac.in/department/SH)
Sumana Samanta,Dr B C Roy Multi Speciality Medical Research Centre,Assistant Professor,current,,https://www.iitkgp.ac.in/department/SH/faculty/sh-sumana,sumana@bcrmrc.iitkgp.ac.in,,,,,,,https://www.iitkgp.ac.in/Departments/showPeopleFormerStaff [POST show_people_former_staff=faculty&dept_code=SH] (unit page https://www.iitkgp.ac.in/department/SH)
Anubendu Adhikary,Education,Assistant Professor Grade-I,current,,https://www.iitkgp.ac.in/department/SD/faculty/sd-aadhikary,aadhikary@edu.iitkgp.ac.in,,,,,,,https://www.iitkgp.ac.in/Departments/showPeopleFormerStaff [POST show_people_former_staff=faculty&dept_code=SD] (unit page https://www.iitkgp.ac.in/department/SD)
Anupam Midya,Education,Assistant Professor Grade-I,current,,https://www.iitkgp.ac.in/department/SD/faculty/sd-anupam,anupam@edu.iitkgp.ac.in,,https://scholar.google.com/citations?user=9BSBXxwAAAAJ,,,,,https://www.iitkgp.ac.in/Departments/showPeopleFormerStaff [POST show_people_former_staff=faculty&dept_code=SD] (unit page https://www.iitkgp.ac.in/department/SD)
Apramita Chand,Education,Assistant Professor Grade-I,current,2024,https://www.iitkgp.ac.in/department/SD/faculty/sd-apramita.chand,apramita.chand@edu.iitkgp.ac.in,0000-0003-4423-2594,https://scholar.google.com/citations?user=GswbbPAAAAAJ,,,,,https://www.iitkgp.ac.in/Departments/showPeopleFormerStaff [POST show_people_former_staff=faculty&dept_code=SD] (unit page https://www.iitkgp.ac.in/department/SD)
Ashutosh Mohanty,Education,Assistant Professor Grade-I,current,,https://www.iitkgp.ac.in/department/SD/faculty/sd-ashutosh,ashutosh@edu.iitkgp.ac.in,,https://scholar.google.com/citations?user=Ve-wiEkAAAAJ,,,,,https://www.iitkgp.ac.in/Departments/showPeopleFormerStaff [POST show_people_former_staff=faculty&dept_code=SD] (unit page https://www.iitkgp.ac.in/department/SD)
Astha Saxena,Education,Assistant Professor Grade-I,current,,https://www.iitkgp.ac.in/department/SD/faculty/sd-asaxena,asaxena@edu.iitkgp.ac.in,,,,,,,https://www.iitkgp.ac.in/Departments/showPeopleFormerStaff [POST show_people_former_staff=faculty&dept_code=SD] (unit page https://www.iitkgp.ac.in/department/SD)
Lisa Roy,Education,Assistant Professor Grade-I,current,2024,https://www.iitkgp.ac.in/department/SD/faculty/sd-l.roy,l.roy@edu.iitkgp.ac.in,0000-0003-4205-1626,https://scholar.google.com/citations?user=N8pF5kwAAAAJ,,,,https://www.lisaroychemistry.com/,https://www.iitkgp.ac.in/Departments/showPeopleFormerStaff [POST show_people_former_staff=faculty&dept_code=SD] (unit page https://www.iitkgp.ac.in/department/SD)
Manas Seal,Education,Assistant Professor Grade-I,current,2024,https://www.iitkgp.ac.in/department/SD/faculty/sd-manasseal,manasseal@edu.iitkgp.ac.in,0000-0001-7481-5139,,,,,https://sites.google.com/view/biomoleculareprspectroscopylab/,https://www.iitkgp.ac.in/Departments/showPeopleFormerStaff [POST show_people_former_staff=faculty&dept_code=SD] (unit page https://www.iitkgp.ac.in/department/SD)
Raj Kumar Sadhu,Education,Assistant Professor Grade-I,current,2024,https://www.iitkgp.ac.in/department/SD/faculty/sd-raj,raj@edu.iitkgp.ac.in,0000-0003-3476-1388,https://scholar.google.com/citations?user=4K3Rsr0AAAAJ,,,,,https://www.iitkgp.ac.in/Departments/showPeopleFormerStaff [POST show_people_former_staff=faculty&dept_code=SD] (unit page https://www.iitkgp.ac.in/department/SD)
Alok Kanti Deb,Electrical Engineering,Professor,current,,https://www.iitkgp.ac.in/department/EE/faculty/ee-alokkanti,alokkanti@ee.iitkgp.ac.in,,,,,,,https://www.iitkgp.ac.in/Departments/showPeopleFormerStaff [POST show_people_former_staff=faculty&dept_code=EE] (unit page https://www.iitkgp.ac.in/department/EE)
Amit Patra,Electrical Engineering,Professor,current,,https://www.iitkgp.ac.in/department/EE/faculty/ee-amit,amit@ee.iitkgp.ac.in,,,,,,,https://www.iitkgp.ac.in/Departments/showPeopleFormerStaff [POST show_people_former_staff=faculty&dept_code=EE] (unit page https://www.iitkgp.ac.in/department/EE)
Anirban Mukherjee,Electrical Engineering,Professor,current,,https://www.iitkgp.ac.in/department/EE/faculty/ee-anirban,anirban@ee.iitkgp.ac.in,0000-0002-8463-4347,https://scholar.google.com/citations?user=GfTZoYEAAAAJ,,55796079000,https://iitkgp.irins.org/profile/158139,https://facweb.iitkgp.ac.in/~manirban/f_anirban.html,https://www.iitkgp.ac.in/Departments/showPeopleFormerStaff [POST show_people_former_staff=faculty&dept_code=EE] (unit page https://www.iitkgp.ac.in/department/EE)
Arijit Mondal,Electrical Engineering,Assistant Professor Grade-I,current,,https://www.iitkgp.ac.in/department/EE/faculty/ee-arijit,arijit@ee.iitkgp.ac.in,,,,,,,https://www.iitkgp.ac.in/Departments/showPeopleFormerStaff [POST show_people_former_staff=faculty&dept_code=EE] (unit page https://www.iitkgp.ac.in/department/EE)
Arpan Hota,Electrical Engineering,Assistant Professor Grade-I,current,2025,https://www.iitkgp.ac.in/department/EE/faculty/ee-M0hDbTcxekpKeTF3K1luL25ySUc0UT09,,0000-0002-0760-5446,https://scholar.google.com/citations?user=VhtadZcAAAAJ,,,,https://sites.google.com/view/arpan-hota/home,https://www.iitkgp.ac.in/Departments/showPeopleFormerStaff [POST show_people_former_staff=faculty&dept_code=EE] (unit page https://www.iitkgp.ac.in/department/EE)
Arun Ghosh,Electrical Engineering,Associate Professor,current,2014,https://www.iitkgp.ac.in/department/EE/faculty/ee-arun,arun@ee.iitkgp.ac.in,0000-0002-1063-7254,,,,,,https://www.iitkgp.ac.in/Departments/showPeopleFormerStaff [POST show_people_former_staff=faculty&dept_code=EE] (unit page https://www.iitkgp.ac.in/department/EE)
Ashis Maity,Electrical Engineering,Associate Professor,current,2017,https://www.iitkgp.ac.in/department/EE/faculty/ee-ashis,ashis@ee.iitkgp.ac.in,0000-0002-9263-7548,,,,,https://facweb.iitkgp.ac.in/~ashismaity/index.html,https://www.iitkgp.ac.in/Departments/showPeopleFormerStaff [POST show_people_former_staff=faculty&dept_code=EE] (unit page https://www.iitkgp.ac.in/department/EE)
Ashish Ranjan Hota,Electrical Engineering,Associate Professor,current,,https://www.iitkgp.ac.in/department/EE/faculty/ee-ahota,ahota@ee.iitkgp.ac.in,,,,,,https://facweb.iitkgp.ac.in/~ahota/index.html,https://www.iitkgp.ac.in/Departments/showPeopleFormerStaff [POST show_people_former_staff=faculty&dept_code=EE] (unit page https://www.iitkgp.ac.in/department/EE)
Ashok Kumar Pradhan,Electrical Engineering,Professor,current,,https://www.iitkgp.ac.in/department/EE/faculty/ee-akpradhan,akpradhan@ee.iitkgp.ac.in,,https://scholar.google.com/citations?user=WjhBoTYAAAAJ,,,,https://sites.google.com/view/prof-ashok-kumar-pradhan/,https://www.iitkgp.ac.in/Departments/showPeopleFormerStaff [POST show_people_former_staff=faculty&dept_code=EE] (unit page https://www.iitkgp.ac.in/department/EE)
Atreyee Kundu,Electrical Engineering,Assistant Professor Grade-I,current,,https://www.iitkgp.ac.in/department/EE/faculty/ee-atreyee,atreyee@ee.iitkgp.ac.in,,,,,,https://facweb.iitkgp.ac.in/~atreyee/,https://www.iitkgp.ac.in/Departments/showPeopleFormerStaff [POST show_people_former_staff=faculty&dept_code=EE] (unit page https://www.iitkgp.ac.in/department/EE)
Aurobinda Routray,Electrical Engineering,Professor,current,2004,https://www.iitkgp.ac.in/department/EE/faculty/ee-aroutray,aroutray@ee.iitkgp.ac.in,0000-0003-2750-6768,https://scholar.google.com/citations?user=VYAwEGUAAAAJ,,,,http://www.aroutray.org,https://www.iitkgp.ac.in/Departments/showPeopleFormerStaff [POST show_people_former_staff=faculty&dept_code=EE] (unit page https://www.iitkgp.ac.in/department/EE)
Avishek Chatterjee,Electrical Engineering,Assistant Professor Grade-I,current,,https://www.iitkgp.ac.in/department/EE/faculty/ee-avishekchatterjee,avishekchatterjee@ee.iitkgp.ac.in,,,,,,,https://www.iitkgp.ac.in/Departments/showPeopleFormerStaff [POST show_people_former_staff=faculty&dept_code=EE] (unit page https://www.iitkgp.ac.in/department/EE)
Bhargav Jha,Electrical Engineering,Assistant Professor Grade-I,current,,https://www.iitkgp.ac.in/department/EE/faculty/ee-bhargav,bhargav@ee.iitkgp.ac.in,,https://scholar.google.com/citations?user=NpLE5zAAAAAJ,,,,https://sites.google.com/view/bhargavjha/home,https://www.iitkgp.ac.in/Departments/showPeopleFormerStaff [POST show_people_former_staff=faculty&dept_code=EE] (unit page https://www.iitkgp.ac.in/department/EE)
Chandan Chakraborty,Electrical Engineering,Professor,current,,https://www.iitkgp.ac.in/department/EE/faculty/ee-cc,cc@ee.iitkgp.ac.in,,,,,,http://www.facweb.iitkgp.ernet.in/~chandan/,https://www.iitkgp.ac.in/Departments/showPeopleFormerStaff [POST show_people_former_staff=faculty&dept_code=EE] (unit page https://www.iitkgp.ac.in/department/EE)
Debaprasad Kastha,Electrical Engineering,Professor,current,,https://www.iitkgp.ac.in/department/EE/faculty/ee-kastha,kastha@ee.iitkgp.ac.in,,,,,,,https://www.iitkgp.ac.in/Departments/showPeopleFormerStaff [POST show_people_former_staff=faculty&dept_code=EE] (unit page https://www.iitkgp.ac.in/department/EE)
Debashis Mandal,Electrical Engineering,Assistant Professor Grade-I,current,,https://www.iitkgp.ac.in/department/EE/faculty/ee-debashis,debashis@ee.iitkgp.ac.in,,,,,,,https://www.iitkgp.ac.in/Departments/showPeopleFormerStaff [POST show_people_former_staff=faculty&dept_code=EE] (unit page https://www.iitkgp.ac.in/department/EE)
Debdoot Sheet,Electrical Engineering,Associate Professor,current,2014,https://www.iitkgp.ac.in/department/EE/faculty/ee-debdoot,debdoot@ee.iitkgp.ac.in,0000-0001-9046-149X,,,,,http://www.facweb.iitkgp.ac.in/~debdoot/,https://www.iitkgp.ac.in/Departments/showPeopleFormerStaff [POST show_people_former_staff=faculty&dept_code=EE] (unit page https://www.iitkgp.ac.in/department/EE)
Debranjan Mukherjee,Electrical Engineering,Assistant Professor Grade-I,current,2024,https://www.iitkgp.ac.in/department/EE/faculty/ee-debranjan,debranjan@ee.iitkgp.ac.in,0000-0002-6326-4981,,,,,https://www.linkedin.com/in/debranjanmukherjee/,https://www.iitkgp.ac.in/Departments/showPeopleFormerStaff [POST show_people_former_staff=faculty&dept_code=EE] (unit page https://www.iitkgp.ac.in/department/EE)
Dheeman Chatterjee,Electrical Engineering,Associate Professor,current,,https://www.iitkgp.ac.in/department/EE/faculty/ee-dheemanc,dheemanc@ee.iitkgp.ac.in,,,,,,http://www.facweb.iitkgp.ernet.in/~dheeman/f_dheeman.html,https://www.iitkgp.ac.in/Departments/showPeopleFormerStaff [POST show_people_former_staff=faculty&dept_code=EE] (unit page https://www.iitkgp.ac.in/department/EE)
Dipankar Debnath,Electrical Engineering,Associate Professor,current,2016,https://www.iitkgp.ac.in/department/EE/faculty/ee-ddebnath,ddebnath@ee.iitkgp.ac.in,0000-0002-5027-1015,,,,,https://www.linkedin.com/in/dr-dipankar-debnath-b2321496/,https://www.iitkgp.ac.in/Departments/showPeopleFormerStaff [POST show_people_former_staff=faculty&dept_code=EE] (unit page https://www.iitkgp.ac.in/department/EE)
Gautam Poddar,Electrical Engineering,Associate Professor,current,,https://www.iitkgp.ac.in/department/EE/faculty/ee-gpoddar,gpoddar@ee.iitkgp.ac.in,,,,,,,https://www.iitkgp.ac.in/Departments/showPeopleFormerStaff [POST show_people_former_staff=faculty&dept_code=EE] (unit page https://www.iitkgp.ac.in/department/EE)
Karabi Biswas,Electrical Engineering,Professor,current,2008,https://www.iitkgp.ac.in/department/EE/faculty/ee-karabi,karabi@ee.iitkgp.ac.in,0000-0002-9934-0157,,,,,http://www.facweb.iitkgp.ac.in/~karabi/,https://www.iitkgp.ac.in/Departments/showPeopleFormerStaff [POST show_people_former_staff=faculty&dept_code=EE] (unit page https://www.iitkgp.ac.in/department/EE)
Kaustav Dey,Electrical Engineering,Assistant Professor Grade-I,current,,https://www.iitkgp.ac.in/department/EE/faculty/ee-kaustav,kaustav@ee.iitkgp.ac.in,,https://scholar.google.com/citations?user=k6lKQOwAAAAJ,,,,https://facweb.iitkgp.ac.in/~kaustav/,https://www.iitkgp.ac.in/Departments/showPeopleFormerStaff [POST show_people_former_staff=faculty&dept_code=EE] (unit page https://www.iitkgp.ac.in/department/EE)
Nirmalya Ghosh,Electrical Engineering,Associate Professor,current,,https://www.iitkgp.ac.in/department/EE/faculty/ee-nirmalya,nirmalya@ee.iitkgp.ac.in,,,,,,http://www.iitkgp.ac.in/fac-profiles/showprofile.php?empcode=SWmUR&depts_name=ee,https://www.iitkgp.ac.in/Departments/showPeopleFormerStaff [POST show_people_former_staff=faculty&dept_code=EE] (unit page https://www.iitkgp.ac.in/department/EE)
Prajit Nandi,Electrical Engineering,Assistant Professor Grade-I,current,,https://www.iitkgp.ac.in/department/EE/faculty/ee-prajit,prajit@ee.iitkgp.ac.in,,,,,,,https://www.iitkgp.ac.in/Departments/showPeopleFormerStaff [POST show_people_former_staff=faculty&dept_code=EE] (unit page https://www.iitkgp.ac.in/department/EE)
Pranab Kumar Dutta,Electrical Engineering,Professor,current,,https://www.iitkgp.ac.in/department/EE/faculty/ee-pkd,pkd@ee.iitkgp.ac.in,,,,,,http://www.facweb.iitkgp.ac.in/~pkd/f_pkd.html,https://www.iitkgp.ac.in/Departments/showPeopleFormerStaff [POST show_people_former_staff=faculty&dept_code=EE] (unit page https://www.iitkgp.ac.in/department/EE)
Rajiv Ranjan Sahay,Electrical Engineering,Associate Professor,current,,https://www.iitkgp.ac.in/department/EE/faculty/ee-rajiv,rajiv@ee.iitkgp.ac.in,0000-0003-0820-0616,,,,,http://www.cvlab.iitkgp.ac.in/index.html,https://www.iitkgp.ac.in/Departments/showPeopleFormerStaff [POST show_people_former_staff=faculty&dept_code=EE] (unit page https://www.iitkgp.ac.in/department/EE)
Sanand Dilip Amita Athalye,Electrical Engineering,Assistant Professor Grade-I,current,,https://www.iitkgp.ac.in/department/EE/faculty/ee-sanand,sanand@ee.iitkgp.ac.in,,,,,,http://www.facweb.iitkgp.ac.in/~sanand/f_sanand.html,https://www.iitkgp.ac.in/Departments/showPeopleFormerStaff [POST show_people_former_staff=faculty&dept_code=EE] (unit page https://www.iitkgp.ac.in/department/EE)
Sanjay Ghosh,Electrical Engineering,Assistant Professor Grade-I,current,,https://www.iitkgp.ac.in/department/EE/faculty/ee-sanjay.ghosh,sanjay.ghosh@ee.iitkgp.ac.in,,https://scholar.google.com/citations?user=PyQ6ZlQAAAAJ,,,,https://sanjay-ghosh.github.io/,https://www.iitkgp.ac.in/Departments/showPeopleFormerStaff [POST show_people_former_staff=faculty&dept_code=EE] (unit page https://www.iitkgp.ac.in/department/EE)
Santanu Kapat,Electrical Engineering,Professor,current,,https://www.iitkgp.ac.in/department/EE/faculty/ee-skapat,skapat@ee.iitkgp.ac.in,,,,,,http://www.facweb.iitkgp.ac.in/~skapat/,https://www.iitkgp.ac.in/Departments/showPeopleFormerStaff [POST show_people_former_staff=faculty&dept_code=EE] (unit page https://www.iitkgp.ac.in/department/EE)
Saurav Pramanik,Electrical Engineering,Associate Professor,current,,https://www.iitkgp.ac.in/department/EE/faculty/ee-saurav.pramanik,saurav.pramanik@ee.iitkgp.ac.in,,,,,,https://sauravpramanik.iitkgp.ac.in/index.html,https://www.iitkgp.ac.in/Departments/showPeopleFormerStaff [POST show_people_former_staff=faculty&dept_code=EE] (unit page https://www.iitkgp.ac.in/department/EE)
Shambhu Sau,Electrical Engineering,Assistant Professor Grade-I,current,2019,https://www.iitkgp.ac.in/department/EE/faculty/ee-ssau,ssau@ee.iitkgp.ac.in,0000-0003-0109-8532,,,,,,https://www.iitkgp.ac.in/Departments/showPeopleFormerStaff [POST show_people_former_staff=faculty&dept_code=EE] (unit page https://www.iitkgp.ac.in/department/EE)
Shimul Kumar Dam,Electrical Engineering,Assistant Professor Grade-I,current,,https://www.iitkgp.ac.in/department/EE/faculty/ee-skd,skd@ee.iitkgp.ac.in,,,,,,,https://www.iitkgp.ac.in/Departments/showPeopleFormerStaff [POST show_people_former_staff=faculty&dept_code=EE] (unit page https://www.iitkgp.ac.in/department/EE)
Siddhartha Mukhopadhyay,Electrical Engineering,Professor,current,,https://www.iitkgp.ac.in/department/EE/faculty/ee-smukh,smukh@ee.iitkgp.ac.in,0000-0002-6415-8793,,,,,http://www.facweb.iitkgp.ac.in/~smukh/,https://www.iitkgp.ac.in/Departments/showPeopleFormerStaff [POST show_people_former_staff=faculty&dept_code=EE] (unit page https://www.iitkgp.ac.in/department/EE)
Sourav Patra,Electrical Engineering,Associate Professor,current,,https://www.iitkgp.ac.in/department/EE/faculty/ee-sourav,sourav@ee.iitkgp.ac.in,,,,,,,https://www.iitkgp.ac.in/Departments/showPeopleFormerStaff [POST show_people_former_staff=faculty&dept_code=EE] (unit page https://www.iitkgp.ac.in/department/EE)
Souvik Chattopadhyay,Electrical Engineering,Assistant Professor Grade-I,current,,https://www.iitkgp.ac.in/department/EE/faculty/ee-souvik,souvik@ee.iitkgp.ac.in,0000-0003-3837-1010,,,,,,https://www.iitkgp.ac.in/Departments/showPeopleFormerStaff [POST show_people_former_staff=faculty&dept_code=EE] (unit page https://www.iitkgp.ac.in/department/EE)
Suman Maiti,Electrical Engineering,Associate Professor,current,,https://www.iitkgp.ac.in/department/EE/faculty/ee-suman.maiti,suman.maiti@ee.iitkgp.ac.in,,https://scholar.google.com/citations?user=QFBUSScAAAAJ,,,,https://sites.google.com/site/sumanmaitieeiitkgp/,https://www.iitkgp.ac.in/Departments/showPeopleFormerStaff [POST show_people_former_staff=faculty&dept_code=EE] (unit page https://www.iitkgp.ac.in/department/EE)
Tanmoy Bhattacharya,Electrical Engineering,Associate Professor,current,,https://www.iitkgp.ac.in/department/EE/faculty/ee-btanmoy,btanmoy@ee.iitkgp.ac.in,,,,,,,https://www.iitkgp.ac.in/Departments/showPeopleFormerStaff [POST show_people_former_staff=faculty&dept_code=EE] (unit page https://www.iitkgp.ac.in/department/EE)
Vikrant Kumar Singh,Electrical Engineering,Assistant Professor Grade-I,current,2026,https://www.iitkgp.ac.in/department/EE/faculty/ee-vikrantkumarsingh,vikrantkumarsingh@ee.iitkgp.ac.in,0000-0003-0482-6056,https://scholar.google.com/citations?user=GntF9wYAAAAJ,,,,https://vikrantkumarsingh-ee.github.io/pic-lab-website/,https://www.iitkgp.ac.in/Departments/showPeopleFormerStaff [POST show_people_former_staff=faculty&dept_code=EE] (unit page https://www.iitkgp.ac.in/department/EE)
Amitabha Bhattacharya,Electronics and Electrical Communication Engg.,Professor,current,2018,https://www.iitkgp.ac.in/department/EC/faculty/ec-amitabha,amitabha@ece.iitkgp.ac.in,0000-0001-6651-6446,,,,,,https://www.iitkgp.ac.in/Departments/showPeopleFormerStaff [POST show_people_former_staff=faculty&dept_code=EC] (unit page https://www.iitkgp.ac.in/department/EC)
Amitalok Jayant Budkuley,Electronics and Electrical Communication Engg.,Assistant Professor Grade-I,current,,https://www.iitkgp.ac.in/department/EC/faculty/ec-amitalok,amitalok@ece.iitkgp.ac.in,,,,,,https://facweb.iitkgp.ac.in/~amitalok,https://www.iitkgp.ac.in/Departments/showPeopleFormerStaff [POST show_people_former_staff=faculty&dept_code=EC] (unit page https://www.iitkgp.ac.in/department/EC)
Aniket Singha,Electronics and Electrical Communication Engg.,Associate Professor,current,2018,https://www.iitkgp.ac.in/department/EC/faculty/ec-aniket,aniket@ece.iitkgp.ac.in,0000-0002-0620-0068,,,,,https://sites.google.com/view/aniketiitkgp,https://www.iitkgp.ac.in/Departments/showPeopleFormerStaff [POST show_people_former_staff=faculty&dept_code=EC] (unit page https://www.iitkgp.ac.in/department/EC)
Anindya Sundar Dhar,Electronics and Electrical Communication Engg.,Professor,current,,https://www.iitkgp.ac.in/department/EC/faculty/ec-asd,asd@ece.iitkgp.ac.in,,,,,,,https://www.iitkgp.ac.in/Departments/showPeopleFormerStaff [POST show_people_former_staff=faculty&dept_code=EC] (unit page https://www.iitkgp.ac.in/department/EC)
Aniruddha Bhattacharya,Electronics and Electrical Communication Engg.,Assistant Professor Grade-I,current,2026,https://www.iitkgp.ac.in/department/EC/faculty/ec-anbh303,anbh303@ece.iitkgp.ac.in,0000-0002-7727-0514,https://scholar.google.com/citations?user=GIl4FaQAAAAJ,,,,,https://www.iitkgp.ac.in/Departments/showPeopleFormerStaff [POST show_people_former_staff=faculty&dept_code=EC] (unit page https://www.iitkgp.ac.in/department/EC)
Ankush Bag,Electronics and Electrical Communication Engg.,Associate Professor,current,,https://www.iitkgp.ac.in/department/EC/faculty/ec-ankushbag,ankushbag@ece.iitkgp.ac.in,,,,,,https://sites.google.com/view/ankushbag/Home,https://www.iitkgp.ac.in/Departments/showPeopleFormerStaff [POST show_people_former_staff=faculty&dept_code=EC] (unit page https://www.iitkgp.ac.in/department/EC)
Arijit De,Electronics and Electrical Communication Engg.,Professor,current,,https://www.iitkgp.ac.in/department/EC/faculty/ec-arijit,arijit@ece.iitkgp.ac.in,,,,,,,https://www.iitkgp.ac.in/Departments/showPeopleFormerStaff [POST show_people_former_staff=faculty&dept_code=EC] (unit page https://www.iitkgp.ac.in/department/EC)
Basudev Lahiri,Electronics and Electrical Communication Engg.,Associate Professor,current,2017,https://www.iitkgp.ac.in/department/EC/faculty/ec-blahiri,blahiri@ece.iitkgp.ac.in,0000-0002-5700-1624,,,,,,https://www.iitkgp.ac.in/Departments/showPeopleFormerStaff [POST show_people_former_staff=faculty&dept_code=EC] (unit page https://www.iitkgp.ac.in/department/EC)
Bratin Ghosh,Electronics and Electrical Communication Engg.,Professor,current,,https://www.iitkgp.ac.in/department/EC/faculty/ec-bghosh,bghosh@ece.iitkgp.ac.in,,,,,,,https://www.iitkgp.ac.in/Departments/showPeopleFormerStaff [POST show_people_former_staff=faculty&dept_code=EC] (unit page https://www.iitkgp.ac.in/department/EC)
Debashis Sen,Electronics and Electrical Communication Engg.,Associate Professor,current,,https://www.iitkgp.ac.in/department/EC/faculty/ec-dsen,dsen@ece.iitkgp.ac.in,,,,,,https://facweb.iitkgp.ac.in/~debashis/,https://www.iitkgp.ac.in/Departments/showPeopleFormerStaff [POST show_people_former_staff=faculty&dept_code=EC] (unit page https://www.iitkgp.ac.in/department/EC)
Debdatta Ray,Electronics and Electrical Communication Engg.,Assistant Professor Grade-I,current,,https://www.iitkgp.ac.in/department/EC/faculty/ec-dray,dray@ece.iitkgp.ac.in,,,,,,,https://www.iitkgp.ac.in/Departments/showPeopleFormerStaff [POST show_people_former_staff=faculty&dept_code=EC] (unit page https://www.iitkgp.ac.in/department/EC)
Gourab Dutta,Electronics and Electrical Communication Engg.,Assistant Professor Grade-I,current,2018,https://www.iitkgp.ac.in/department/EC/faculty/ec-gdutta,gdutta@ece.iitkgp.ac.in,0000-0002-4774-2744,,,,,https://gduttaengg.wixsite.com/mysite,https://www.iitkgp.ac.in/Departments/showPeopleFormerStaff [POST show_people_former_staff=faculty&dept_code=EC] (unit page https://www.iitkgp.ac.in/department/EC)
Goutam Das,Electronics and Electrical Communication Engg.,Professor,current,,https://www.iitkgp.ac.in/department/EC/faculty/ec-gdas,gdas@gssst.iitkgp.ac.in,,,,,,http://iitkgp.ac.in/fac-profiles/showprofile.php?empcode=SUmdU&depts_name=GS,https://www.iitkgp.ac.in/Departments/showPeopleFormerStaff [POST show_people_former_staff=faculty&dept_code=EC] (unit page https://www.iitkgp.ac.in/department/EC)
Goutam Saha,Electronics and Electrical Communication Engg.,Professor,current,,https://www.iitkgp.ac.in/department/EC/faculty/ec-gsaha,gsaha@ece.iitkgp.ac.in,,https://scholar.google.com/citations?user=rVz2ANcAAAAJ,,,,,https://www.iitkgp.ac.in/Departments/showPeopleFormerStaff [POST show_people_former_staff=faculty&dept_code=EC] (unit page https://www.iitkgp.ac.in/department/EC)
Indrajit Chakrabarti,Electronics and Electrical Communication Engg.,Professor,current,,https://www.iitkgp.ac.in/department/EC/faculty/ec-indrajit,indrajit@ece.iitkgp.ac.in,,,,,,,https://www.iitkgp.ac.in/Departments/showPeopleFormerStaff [POST show_people_former_staff=faculty&dept_code=EC] (unit page https://www.iitkgp.ac.in/department/EC)
Jithin R,Electronics and Electrical Communication Engg.,Assistant Professor Grade-I,current,,https://www.iitkgp.ac.in/department/EC/faculty/ec-jithin,jithin@ece.iitkgp.ac.in,,,,,,https://sites.google.com/view/rjithin/home,https://www.iitkgp.ac.in/Departments/showPeopleFormerStaff [POST show_people_former_staff=faculty&dept_code=EC] (unit page https://www.iitkgp.ac.in/department/EC)
Mrinal Kanti Mandal,Electronics and Electrical Communication Engg.,Professor,current,,https://www.iitkgp.ac.in/department/EC/faculty/ec-mkmandal,mkmandal@ece.iitkgp.ac.in,,https://scholar.google.com/citations?user=O1Vraw0AAAAJ,,,,,https://www.iitkgp.ac.in/Departments/showPeopleFormerStaff [POST show_people_former_staff=faculty&dept_code=EC] (unit page https://www.iitkgp.ac.in/department/EC)
Mrityunjoy Chakraborty,Electronics and Electrical Communication Engg.,Professor (on Re-Employment),current,,https://www.iitkgp.ac.in/department/EC/faculty/ec-c2FMNWJJZzlySVRKb0VFaXRBMGxRZz09,,,,,,,https://facweb.iitkgp.ac.in/~mchakraborty/,https://www.iitkgp.ac.in/Departments/showPeopleFormerStaff [POST show_people_former_staff=faculty&dept_code=EC] (unit page https://www.iitkgp.ac.in/department/EC)
Prabir Kumar Biswas,Electronics and Electrical Communication Engg.,Professor,current,,https://www.iitkgp.ac.in/department/EC/faculty/ec-pkb,pkb@ece.iitkgp.ac.in,,,,,,http://www.ecdept.iitkgp.ernet.in/index.php/home/faculty/pkb,https://www.iitkgp.ac.in/Departments/showPeopleFormerStaff [POST show_people_former_staff=faculty&dept_code=EC] (unit page https://www.iitkgp.ac.in/department/EC)
Pradip Mandal,Electronics and Electrical Communication Engg.,Professor,current,,https://www.iitkgp.ac.in/department/EC/faculty/ec-pradip,pradip@ece.iitkgp.ac.in,0000-0002-3767-7299,,,,,,https://www.iitkgp.ac.in/Departments/showPeopleFormerStaff [POST show_people_former_staff=faculty&dept_code=EC] (unit page https://www.iitkgp.ac.in/department/EC)
Prasanta Kumar Guha,Electronics and Electrical Communication Engg.,Professor,current,,https://www.iitkgp.ac.in/department/EC/faculty/ec-pkguha,pkguha@ece.iitkgp.ac.in,,,,,,https://sites.google.com/site/pkgresearchgroup/home,https://www.iitkgp.ac.in/Departments/showPeopleFormerStaff [POST show_people_former_staff=faculty&dept_code=EC] (unit page https://www.iitkgp.ac.in/department/EC)
Raja Datta,Electronics and Electrical Communication Engg.,Professor,current,2007,https://www.iitkgp.ac.in/department/EC/faculty/ec-rajadatta,rajadatta@ece.iitkgp.ac.in,0000-0001-8851-9381,,,,,,https://www.iitkgp.ac.in/Departments/showPeopleFormerStaff [POST show_people_former_staff=faculty&dept_code=EC] (unit page https://www.iitkgp.ac.in/department/EC)
Rajarshi Roy,Electronics and Electrical Communication Engg.,Associate Professor,current,,https://www.iitkgp.ac.in/department/EC/faculty/ec-royr,royr@ece.iitkgp.ac.in,0000-0001-9474-0031,,,,,http://www.ecdept.iitkgp.ernet.in/index.php/home/faculty/royr,https://www.iitkgp.ac.in/Departments/showPeopleFormerStaff [POST show_people_former_staff=faculty&dept_code=EC] (unit page https://www.iitkgp.ac.in/department/EC)
Ritwik Kumar Layek,Electronics and Electrical Communication Engg.,Associate Professor,current,2012,https://www.iitkgp.ac.in/department/EC/faculty/ec-ritwik,ritwik@ece.iitkgp.ac.in,0000-0003-0044-2258,,,,,,https://www.iitkgp.ac.in/Departments/showPeopleFormerStaff [POST show_people_former_staff=faculty&dept_code=EC] (unit page https://www.iitkgp.ac.in/department/EC)
Santanu Chattopadhyay,Electronics and Electrical Communication Engg.,Professor,current,,https://www.iitkgp.ac.in/department/EC/faculty/ec-santanu,santanu@ece.iitkgp.ac.in,,,,,,http://www.facweb.iitkgp.ernet.in/~santanu/santanu_webpage.mht,https://www.iitkgp.ac.in/Departments/showPeopleFormerStaff [POST show_people_former_staff=faculty&dept_code=EC] (unit page https://www.iitkgp.ac.in/department/EC)
Sarang Pendharker,Electronics and Electrical Communication Engg.,Assistant Professor Grade-I,current,2018,https://www.iitkgp.ac.in/department/EC/faculty/ec-sarang,sarang@ece.iitkgp.ac.in,0000-0001-5070-5162,,,,,https://sarang-iitkgp.github.io/,https://www.iitkgp.ac.in/Departments/showPeopleFormerStaff [POST show_people_former_staff=faculty&dept_code=EC] (unit page https://www.iitkgp.ac.in/department/EC)
Sarthak Das,Electronics and Electrical Communication Engg.,Assistant Professor Grade-I,current,2026,https://www.iitkgp.ac.in/department/EC/faculty/ec-sarthak.das,sarthak.das@ece.iitkgp.ac.in,0000-0001-9526-9819,https://scholar.google.com/citations?user=hX0hLlIAAAAJ,,,,,https://www.iitkgp.ac.in/Departments/showPeopleFormerStaff [POST show_people_former_staff=faculty&dept_code=EC] (unit page https://www.iitkgp.ac.in/department/EC)
Saumik Bhattacharya,Electronics and Electrical Communication Engg.,Assistant Professor Grade-I,current,,https://www.iitkgp.ac.in/department/EC/faculty/ec-saumik,saumik@ece.iitkgp.ac.in,,,,,,,https://www.iitkgp.ac.in/Departments/showPeopleFormerStaff [POST show_people_former_staff=faculty&dept_code=EC] (unit page https://www.iitkgp.ac.in/department/EC)
Shailendra Kumar Varshney,Electronics and Electrical Communication Engg.,Professor,current,,https://www.iitkgp.ac.in/department/EC/faculty/ec-skvarshney,skvarshney@ece.iitkgp.ac.in,,,,,,http://www.ecdept.iitkgp.ernet.in/index.php/home/faculty/skvarshney,https://www.iitkgp.ac.in/Departments/showPeopleFormerStaff [POST show_people_former_staff=faculty&dept_code=EC] (unit page https://www.iitkgp.ac.in/department/EC)
Sharba Bandyopadhyay,Electronics and Electrical Communication Engg.,Associate Professor,current,,https://www.iitkgp.ac.in/department/EC/faculty/ec-sharba,sharba@ece.iitkgp.ac.in,,,,,,http://informationprocessinglab.weebly.com,https://www.iitkgp.ac.in/Departments/showPeopleFormerStaff [POST show_people_former_staff=faculty&dept_code=EC] (unit page https://www.iitkgp.ac.in/department/EC)
Soumava Mukherjee,Electronics and Electrical Communication Engg.,Associate Professor,current,,https://www.iitkgp.ac.in/department/EC/faculty/ec-soumava,soumava@ece.iitkgp.ac.in,,https://scholar.google.com/citations?user=tF1naGQAAAAJ,,,,https://sites.google.com/site/soumavamukherjeebesus/home,https://www.iitkgp.ac.in/Departments/showPeopleFormerStaff [POST show_people_former_staff=faculty&dept_code=EC] (unit page https://www.iitkgp.ac.in/department/EC)
Subhadip Mukherjee,Electronics and Electrical Communication Engg.,Assistant Professor Grade-I,current,2023,https://www.iitkgp.ac.in/department/EC/faculty/ec-smukherjee,smukherjee@ece.iitkgp.ac.in,0000-0002-7957-8758,https://scholar.google.com/citations?user=a4UlE_MAAAAJ,,,,https://sites.google.com/view/subhadip-mukherjee/home,https://www.iitkgp.ac.in/Departments/showPeopleFormerStaff [POST show_people_former_staff=faculty&dept_code=EC] (unit page https://www.iitkgp.ac.in/department/EC)
Subhajit Karmakar,Electronics and Electrical Communication Engg.,Assistant Professor Grade-I,current,,https://www.iitkgp.ac.in/department/EC/faculty/ec-subhajitkarmakar,subhajitkarmakar@ece.iitkgp.ac.in,,https://scholar.google.com/citations?user=yBwDMEMAAAAJ,,,,,https://www.iitkgp.ac.in/Departments/showPeopleFormerStaff [POST show_people_former_staff=faculty&dept_code=EC] (unit page https://www.iitkgp.ac.in/department/EC)
Sudipta Mahapatra,Electronics and Electrical Communication Engg.,Professor,current,,https://www.iitkgp.ac.in/department/EC/faculty/ec-sudipta,sudipta@ece.iitkgp.ac.in,,,,,,,https://www.iitkgp.ac.in/Departments/showPeopleFormerStaff [POST show_people_former_staff=faculty&dept_code=EC] (unit page https://www.iitkgp.ac.in/department/EC)
Sudipta Mukhopadhyay,Electronics and Electrical Communication Engg.,Professor,current,2005,https://www.iitkgp.ac.in/department/EC/faculty/ec-smukho,smukho@ece.iitkgp.ac.in,0000-0002-4719-2578,,,,,https://sites.google.com/site/smkiitkgp/research-interests-current-research-activities,https://www.iitkgp.ac.in/Departments/showPeopleFormerStaff [POST show_people_former_staff=faculty&dept_code=EC] (unit page https://www.iitkgp.ac.in/department/EC)
Tarun Kanti Bhattacharyya,Electronics and Electrical Communication Engg.,Professor,current,2000,https://www.iitkgp.ac.in/department/EC/faculty/ec-tkb,tkb@ece.iitkgp.ac.in,0000-0002-7699-6436,,,,,http://www.ecdept.iitkgp.ac.in/index.php/home/faculty/tkb,https://www.iitkgp.ac.in/Departments/showPeopleFormerStaff [POST show_people_former_staff=faculty&dept_code=EC] (unit page https://www.iitkgp.ac.in/department/EC)
Viswanathan Ramachandran,Electronics and Electrical Communication Engg.,Assistant Professor Grade-I,current,2025,https://www.iitkgp.ac.in/department/EC/faculty/ec-vramachandran,vramachandran@ece.iitkgp.ac.in,0000-0003-4237-6949,,,,,https://sites.google.com/view/vramachandran/home?authuser=0,https://www.iitkgp.ac.in/Departments/showPeopleFormerStaff [POST show_people_former_staff=faculty&dept_code=EC] (unit page https://www.iitkgp.ac.in/department/EC)
Vivek Dixit,Electronics and Electrical Communication Engg.,Associate Professor,current,2015,https://www.iitkgp.ac.in/department/EC/faculty/ec-vdixit,vdixit@ece.iitkgp.ac.in,0000-0003-2542-2499,https://scholar.google.com/citations?user=28O0TqwAAAAJ,,,,,https://www.iitkgp.ac.in/Departments/showPeopleFormerStaff [POST show_people_former_staff=faculty&dept_code=EC] (unit page https://www.iitkgp.ac.in/department/EC)
Amit Ghosh,Energy Science and Engineering,Associate Professor,current,,https://www.iitkgp.ac.in/department/ES/faculty/es-amitghosh,amitghosh@iitkgp.ac.in,,,,,,https://energy.iitkgp.ac.in/amitghosh/,https://www.iitkgp.ac.in/Departments/showPeopleFormerStaff [POST show_people_former_staff=faculty&dept_code=ES] (unit page https://www.iitkgp.ac.in/department/ES)
Chirodeep Bakli,Energy Science and Engineering,Associate Professor,current,2018,https://www.iitkgp.ac.in/department/ES/faculty/es-chirodeep,chirodeep@iitkgp.ac.in,0000-0002-5882-143X,https://scholar.google.com/citations?user=cBwTBoQAAAAJ,,,,https://sites.google.com/view/tensore/home,https://www.iitkgp.ac.in/Departments/showPeopleFormerStaff [POST show_people_former_staff=faculty&dept_code=ES] (unit page https://www.iitkgp.ac.in/department/ES)
Mayur Prakash Bonkile,Energy Science and Engineering,Assistant Professor Grade-I,current,2024,https://www.iitkgp.ac.in/department/ES/faculty/es-mayurb,mayurb@iitkgp.ac.in,0000-0003-3707-3177,,,,,,https://www.iitkgp.ac.in/Departments/showPeopleFormerStaff [POST show_people_former_staff=faculty&dept_code=ES] (unit page https://www.iitkgp.ac.in/department/ES)
Sreeraj Puravankara,Energy Science and Engineering,Associate Professor,current,2015,https://www.iitkgp.ac.in/department/ES/faculty/es-sreeraj,sreeraj@iitkgp.ac.in,0000-0002-9238-0148,,,,,https://energystoragelabii.wixsite.com/my-site-1,https://www.iitkgp.ac.in/Departments/showPeopleFormerStaff [POST show_people_former_staff=faculty&dept_code=ES] (unit page https://www.iitkgp.ac.in/department/ES)
Trilok Singh,Energy Science and Engineering,Assistant Professor Grade-I,current,2018,https://www.iitkgp.ac.in/department/ES/faculty/es-trilok,trilok@iitkgp.ac.in,0000-0003-2322-7403,,,,,https://sites.google.com/view/tsingh-fmdl-iitkgp/home,https://www.iitkgp.ac.in/Departments/showPeopleFormerStaff [POST show_people_former_staff=faculty&dept_code=ES] (unit page https://www.iitkgp.ac.in/department/ES)
Amit Kumar Dutta,G.S Sanyal School of Telecommunication,Associate Professor,current,2018,https://www.iitkgp.ac.in/department/GS/faculty/gs-amitdutta,amitdutta@gssst.iitkgp.ac.in,0000-0002-0431-0722,,,,,,https://www.iitkgp.ac.in/Departments/showPeopleFormerStaff [POST show_people_former_staff=faculty&dept_code=GS] (unit page https://www.iitkgp.ac.in/department/GS)
Amit Sravan Bora,G.S Sanyal School of Telecommunication,Assistant Professor Grade-II,current,2026,https://www.iitkgp.ac.in/department/GS/faculty/gs-amitbora,amitbora@gssst.iitkgp.ac.in,0000-0001-6964-2405,https://scholar.google.com/citations?user=ru_1upsAAAAJ,,,,https://sites.google.com/view/achtung-lab-iitkgp/home,https://www.iitkgp.ac.in/Departments/showPeopleFormerStaff [POST show_people_former_staff=faculty&dept_code=GS] (unit page https://www.iitkgp.ac.in/department/GS)
Aneek Adhya,G.S Sanyal School of Telecommunication,Associate Professor,current,,https://www.iitkgp.ac.in/department/GS/faculty/gs-aneek,aneek@gssst.iitkgp.ac.in,0009-0006-0858-919X,,,,,,https://www.iitkgp.ac.in/Departments/showPeopleFormerStaff [POST show_people_former_staff=faculty&dept_code=GS] (unit page https://www.iitkgp.ac.in/department/GS)
Debarati Sen,G.S Sanyal School of Telecommunication,Professor,current,2013,https://www.iitkgp.ac.in/department/GS/faculty/gs-debarati,debarati@gssst.iitkgp.ac.in,0000-0001-9798-9836,https://scholar.google.com/citations?user=9ZkdGRsAAAAJ,https://dblp.org/pid/40/6735.html,,,https://sites.google.com/view/debarati-sen,https://www.iitkgp.ac.in/Departments/showPeopleFormerStaff [POST show_people_former_staff=faculty&dept_code=GS] (unit page https://www.iitkgp.ac.in/department/GS)
Dibbendu Roy,G.S Sanyal School of Telecommunication,Assistant Professor Grade-I,current,2026,https://www.iitkgp.ac.in/department/GS/faculty/gs-droy,droy@gssst.iitkgp.ac.in,0000-0002-2246-9905,,,,,https://lanlab.iitkgp.ac.in,https://www.iitkgp.ac.in/Departments/showPeopleFormerStaff [POST show_people_former_staff=faculty&dept_code=GS] (unit page https://www.iitkgp.ac.in/department/GS)
Nilanjan Biswas,G.S Sanyal School of Telecommunication,Assistant Professor Grade-I,current,,https://www.iitkgp.ac.in/department/GS/faculty/gs-nilanjan.biswas,nilanjan.biswas@gssst.iitkgp.ac.in,,https://scholar.google.com/citations?user=yW1GvZQAAAAJ,,,,https://sites.google.com/view/nilanjanbiswas/home,https://www.iitkgp.ac.in/Departments/showPeopleFormerStaff [POST show_people_former_staff=faculty&dept_code=GS] (unit page https://www.iitkgp.ac.in/department/GS)
Saswat Chakrabarti,G.S Sanyal School of Telecommunication,Professor,current,1991,https://www.iitkgp.ac.in/department/GS/faculty/gs-saswat,saswat@ece.iitkgp.ac.in,0000-0001-8324-0445,,,,,,https://www.iitkgp.ac.in/Departments/showPeopleFormerStaff [POST show_people_former_staff=faculty&dept_code=GS] (unit page https://www.iitkgp.ac.in/department/GS)
Suvra Sekhar Das,G.S Sanyal School of Telecommunication,Professor,current,,https://www.iitkgp.ac.in/department/GS/faculty/gs-suvra,suvra@gssst.iitkgp.ac.in,,https://scholar.google.com/citations?user=-WhrwEcAAAAJ,,,,,https://www.iitkgp.ac.in/Departments/showPeopleFormerStaff [POST show_people_former_staff=faculty&dept_code=GS] (unit page https://www.iitkgp.ac.in/department/GS)
Abhijit Mukherjee,Geology and Geophysics,Professor,current,2010,https://www.iitkgp.ac.in/department/GG/faculty/gg-abhijit,abhijit@gg.iitkgp.ac.in,0000-0002-0555-0875,,,,,http://www.abhijitmukherjeegroup.com/,https://www.iitkgp.ac.in/Departments/showPeopleFormerStaff [POST show_people_former_staff=faculty&dept_code=GG] (unit page https://www.iitkgp.ac.in/department/GG)
Anil Kumar Gupta,Geology and Geophysics,Professor of Eminence,current,,https://www.iitkgp.ac.in/department/GG/faculty/gg-MDV1TEZlUnQ3LzVrL241NFoweWJGdz09,,,,,,,,https://www.iitkgp.ac.in/Departments/showPeopleFormerStaff [POST show_people_former_staff=faculty&dept_code=GG] (unit page https://www.iitkgp.ac.in/department/GG)
Arindam Basu,Geology and Geophysics,Professor,current,,https://www.iitkgp.ac.in/department/GG/faculty/gg-abasu,abasu@gg.iitkgp.ac.in,,https://scholar.google.com/citations?user=9ZUWc7oAAAAJ,,,,,https://www.iitkgp.ac.in/Departments/showPeopleFormerStaff [POST show_people_former_staff=faculty&dept_code=GG] (unit page https://www.iitkgp.ac.in/department/GG)
Arun Singh,Geology and Geophysics,Professor,current,2012,https://www.iitkgp.ac.in/department/GG/faculty/gg-arun,arun@gg.iitkgp.ac.in,0000-0002-7030-6967,,,,,,https://www.iitkgp.ac.in/Departments/showPeopleFormerStaff [POST show_people_former_staff=faculty&dept_code=GG] (unit page https://www.iitkgp.ac.in/department/GG)
Chandra Prakash Dubey,Geology and Geophysics,Assistant Professor Grade-I,current,2024,https://www.iitkgp.ac.in/department/GG/faculty/gg-cpdubey,cpdubey@gg.iitkgp.ac.in,0000-0003-1467-0606,,,,,https://sites.google.com/view/chandrapdubey/home,https://www.iitkgp.ac.in/Departments/showPeopleFormerStaff [POST show_people_former_staff=faculty&dept_code=GG] (unit page https://www.iitkgp.ac.in/department/GG)
Chandrani Singh,Geology and Geophysics,Professor,current,2018,https://www.iitkgp.ac.in/department/GG/faculty/gg-chandrani,chandrani@gg.iitkgp.ac.in,0000-0003-1943-6309,,,,,,https://www.iitkgp.ac.in/Departments/showPeopleFormerStaff [POST show_people_former_staff=faculty&dept_code=GG] (unit page https://www.iitkgp.ac.in/department/GG)
Devsamridhi,Geology and Geophysics,Assistant Professor Grade-I,current,,https://www.iitkgp.ac.in/department/GG/faculty/gg-devsamridhi,devsamridhi@gg.iitkgp.ac.in,,,,,,,https://www.iitkgp.ac.in/Departments/showPeopleFormerStaff [POST show_people_former_staff=faculty&dept_code=GG] (unit page https://www.iitkgp.ac.in/department/GG)
Dewashish Upadhyay,Geology and Geophysics,Professor,current,2009,https://www.iitkgp.ac.in/department/GG/faculty/gg-dewashish,dewashish@gg.iitkgp.ac.in,0000-0001-5654-0872,,,,,,https://www.iitkgp.ac.in/Departments/showPeopleFormerStaff [POST show_people_former_staff=faculty&dept_code=GG] (unit page https://www.iitkgp.ac.in/department/GG)
Dip Kumar Singha,Geology and Geophysics,Associate Professor,current,,https://www.iitkgp.ac.in/department/GG/faculty/gg-dipks21,dipks21@gg.iitkgp.ac.in,,,,,,,https://www.iitkgp.ac.in/Departments/showPeopleFormerStaff [POST show_people_former_staff=faculty&dept_code=GG] (unit page https://www.iitkgp.ac.in/department/GG)
Kamal Lochan Pruseth,Geology and Geophysics,Professor,current,2010,https://www.iitkgp.ac.in/department/GG/faculty/gg-pruseth,pruseth@gg.iitkgp.ac.in,0000-0003-0767-0448,,,,,,https://www.iitkgp.ac.in/Departments/showPeopleFormerStaff [POST show_people_former_staff=faculty&dept_code=GG] (unit page https://www.iitkgp.ac.in/department/GG)
Manish Atmaprakash Mamtani,Geology and Geophysics,Professor,current,,https://www.iitkgp.ac.in/department/GG/faculty/gg-mamtani,mamtani@gg.iitkgp.ac.in,,,,,,https://sites.google.com/view/mamtani-manish-fal-iitkgp,https://www.iitkgp.ac.in/Departments/showPeopleFormerStaff [POST show_people_former_staff=faculty&dept_code=GG] (unit page https://www.iitkgp.ac.in/department/GG)
Melinda Kumar Bera,Geology and Geophysics,Associate Professor,current,2014,https://www.iitkgp.ac.in/department/GG/faculty/gg-melinda,melinda@gg.iitkgp.ac.in,0000-0002-8909-0684,,,,,,https://www.iitkgp.ac.in/Departments/showPeopleFormerStaff [POST show_people_former_staff=faculty&dept_code=GG] (unit page https://www.iitkgp.ac.in/department/GG)
Mruganka Kumar Panigrahi,Geology and Geophysics,Professor,current,,https://www.iitkgp.ac.in/department/GG/faculty/gg-mkp,mkp@gg.iitkgp.ac.in,,,,,,,https://www.iitkgp.ac.in/Departments/showPeopleFormerStaff [POST show_people_former_staff=faculty&dept_code=GG] (unit page https://www.iitkgp.ac.in/department/GG)
Nishant Vats,Geology and Geophysics,Assistant Professor Grade-I,current,2025,https://www.iitkgp.ac.in/department/GG/faculty/gg-SE5XalNwVE04ZkFJcjA4dkdCN0FqZz09,,0000-0001-5855-9980,,,,,,https://www.iitkgp.ac.in/Departments/showPeopleFormerStaff [POST show_people_former_staff=faculty&dept_code=GG] (unit page https://www.iitkgp.ac.in/department/GG)
Paresh Nath Singha Roy,Geology and Geophysics,Professor,current,,https://www.iitkgp.ac.in/department/GG/faculty/gg-pareshsr,pareshsr@gg.iitkgp.ac.in,,,,,,,https://www.iitkgp.ac.in/Departments/showPeopleFormerStaff [POST show_people_former_staff=faculty&dept_code=GG] (unit page https://www.iitkgp.ac.in/department/GG)
Probal Sengupta,Geology and Geophysics,Associate Professor,current,2005,https://www.iitkgp.ac.in/department/GG/faculty/gg-probal,probal@gg.iitkgp.ac.in,0009-0000-0245-5517,,,,,,https://www.iitkgp.ac.in/Departments/showPeopleFormerStaff [POST show_people_former_staff=faculty&dept_code=GG] (unit page https://www.iitkgp.ac.in/department/GG)
Proloy Ganguly,Geology and Geophysics,Assistant Professor Grade-I,current,2026,https://www.iitkgp.ac.in/department/GG/faculty/gg-proloy.meta,proloy.meta@gg.iitkgp.ac.in,0000-0002-7624-9422,,,,,,https://www.iitkgp.ac.in/Departments/showPeopleFormerStaff [POST show_people_former_staff=faculty&dept_code=GG] (unit page https://www.iitkgp.ac.in/department/GG)
Raju Kumar,Geology and Geophysics,Assistant Professor Grade-I,current,2026,https://www.iitkgp.ac.in/department/GG/faculty/gg-rajukumar,rajukumar@gg.iitkgp.ac.in,0000-0001-7658-459X,https://scholar.google.com/citations?user=zFvnEaYAAAAJ,,,,https://sites.google.com/view/drrajukumar/dr-raju-kumar,https://www.iitkgp.ac.in/Departments/showPeopleFormerStaff [POST show_people_former_staff=faculty&dept_code=GG] (unit page https://www.iitkgp.ac.in/department/GG)
Ranjan Sarkar,Geology and Geophysics,Assistant Professor Grade-I,current,,https://www.iitkgp.ac.in/department/GG/faculty/gg-ranjan,ranjan@gg.iitkgp.ac.in,,,,,,,https://www.iitkgp.ac.in/Departments/showPeopleFormerStaff [POST show_people_former_staff=faculty&dept_code=GG] (unit page https://www.iitkgp.ac.in/department/GG)
Ravikant Vadlamani,Geology and Geophysics,Professor,current,2014,https://www.iitkgp.ac.in/department/GG/faculty/gg-vravikant,vravikant@gg.iitkgp.ac.in,0000-0002-3598-229X,,,,,,https://www.iitkgp.ac.in/Departments/showPeopleFormerStaff [POST show_people_former_staff=faculty&dept_code=GG] (unit page https://www.iitkgp.ac.in/department/GG)
Sabyasachi Maiti,Geology and Geophysics,Associate Professor,current,2013,https://www.iitkgp.ac.in/department/GG/faculty/gg-maiti,maiti@gg.iitkgp.ac.in,0000-0001-9142-0411,https://scholar.google.com/citations?user=Rzxt6N8AAAAJ,,,,,https://www.iitkgp.ac.in/Departments/showPeopleFormerStaff [POST show_people_former_staff=faculty&dept_code=GG] (unit page https://www.iitkgp.ac.in/department/GG)
Saibal Gupta,Geology and Geophysics,Professor,current,,https://www.iitkgp.ac.in/department/GG/faculty/gg-saibl,saibl@gg.iitkgp.ac.in,,,,,,,https://www.iitkgp.ac.in/Departments/showPeopleFormerStaff [POST show_people_former_staff=faculty&dept_code=GG] (unit page https://www.iitkgp.ac.in/department/GG)
Sambit Ghosh,Geology and Geophysics,Assistant Professor Grade-I,current,2026,https://www.iitkgp.ac.in/department/GG/faculty/gg-sambit,sambit@gg.iitkgp.ac.in,0000-0002-6945-8285,https://scholar.google.com/citations?user=9K0yUV4AAAAJ,,,,,https://www.iitkgp.ac.in/Departments/showPeopleFormerStaff [POST show_people_former_staff=faculty&dept_code=GG] (unit page https://www.iitkgp.ac.in/department/GG)
Sanghamitra Ray,Geology and Geophysics,Professor,current,,https://www.iitkgp.ac.in/department/GG/faculty/gg-sray,sray@gg.iitkgp.ac.in,,,,,,,https://www.iitkgp.ac.in/Departments/showPeopleFormerStaff [POST show_people_former_staff=faculty&dept_code=GG] (unit page https://www.iitkgp.ac.in/department/GG)
Santanu Kumar Bhowmik,Geology and Geophysics,Professor,current,2000,https://www.iitkgp.ac.in/department/GG/faculty/gg-santanu,santanu@gg.iitkgp.ac.in,0000-0002-7951-4228,,,,,,https://www.iitkgp.ac.in/Departments/showPeopleFormerStaff [POST show_people_former_staff=faculty&dept_code=GG] (unit page https://www.iitkgp.ac.in/department/GG)
Saptarshi Dey,Geology and Geophysics,Assistant Professor Grade-I,current,,https://www.iitkgp.ac.in/department/GG/faculty/gg-saptarshi,saptarshi@gg.iitkgp.ac.in,,,,,,https://www.researchgate.net/profile/Saptarshi-Dey-3,https://www.iitkgp.ac.in/Departments/showPeopleFormerStaff [POST show_people_former_staff=faculty&dept_code=GG] (unit page https://www.iitkgp.ac.in/department/GG)
Shashi Prakash Sharma,Geology and Geophysics,Professor,current,,https://www.iitkgp.ac.in/department/GG/faculty/gg-spsharma,spsharma@gg.iitkgp.ac.in,,,,,,,https://www.iitkgp.ac.in/Departments/showPeopleFormerStaff [POST show_people_former_staff=faculty&dept_code=GG] (unit page https://www.iitkgp.ac.in/department/GG)
Shubhabrata Paul,Geology and Geophysics,Associate Professor,current,2018,https://www.iitkgp.ac.in/department/GG/faculty/gg-spaul,spaul@gg.iitkgp.ac.in,0009-0006-7965-2045,,,,,,https://www.iitkgp.ac.in/Departments/showPeopleFormerStaff [POST show_people_former_staff=faculty&dept_code=GG] (unit page https://www.iitkgp.ac.in/department/GG)
Subham Mukherjee,Geology and Geophysics,Assistant Professor Grade-I,current,2026,https://www.iitkgp.ac.in/department/GG/faculty/gg-subham,subham@gg.iitkgp.ac.in,0000-0003-1051-1691,,,,,,https://www.iitkgp.ac.in/Departments/showPeopleFormerStaff [POST show_people_former_staff=faculty&dept_code=GG] (unit page https://www.iitkgp.ac.in/department/GG)
Suchana Taral,Geology and Geophysics,Assistant Professor Grade-I,current,,https://www.iitkgp.ac.in/department/GG/faculty/gg-suchanataral,suchanataral@gg.iitkgp.ac.in,,,,,,,https://www.iitkgp.ac.in/Departments/showPeopleFormerStaff [POST show_people_former_staff=faculty&dept_code=GG] (unit page https://www.iitkgp.ac.in/department/GG)
Sudha Agrahari,Geology and Geophysics,Associate Professor,current,,https://www.iitkgp.ac.in/department/GG/faculty/gg-sudha,sudha@gg.iitkgp.ac.in,,,,,,,https://www.iitkgp.ac.in/Departments/showPeopleFormerStaff [POST show_people_former_staff=faculty&dept_code=GG] (unit page https://www.iitkgp.ac.in/department/GG)
Sujoy Kanti Ghosh,Geology and Geophysics,Associate Professor,current,,https://www.iitkgp.ac.in/department/GG/faculty/gg-sujoy.ghosh,sujoy.ghosh@gg.iitkgp.ac.in,,,,,,https://www.sujoyiitkgp.com/home,https://www.iitkgp.ac.in/Departments/showPeopleFormerStaff [POST show_people_former_staff=faculty&dept_code=GG] (unit page https://www.iitkgp.ac.in/department/GG)
Tathagata Roy Choudhury,Geology and Geophysics,Assistant Professor Grade-I,current,,https://www.iitkgp.ac.in/department/GG/faculty/gg-tathagata,tathagata@gg.iitkgp.ac.in,,,,,,,https://www.iitkgp.ac.in/Departments/showPeopleFormerStaff [POST show_people_former_staff=faculty&dept_code=GG] (unit page https://www.iitkgp.ac.in/department/GG)
William Kumar Mohanty,Geology and Geophysics,Professor,current,,https://www.iitkgp.ac.in/department/GG/faculty/gg-wkmohanty,wkmohanty@gg.iitkgp.ac.in,,,,,,http://www.iitkgp.ac.in/department/GG/faculty/gg-wkmohanty,https://www.iitkgp.ac.in/Departments/showPeopleFormerStaff [POST show_people_former_staff=faculty&dept_code=GG] (unit page https://www.iitkgp.ac.in/department/GG)
Amrita Sen,Humanities and Social Sciences,Assistant Professor Grade-I,current,2019,https://www.iitkgp.ac.in/department/HS/faculty/hs-amrita.sen,amrita.sen@hss.iitkgp.ac.in,0000-0001-5237-4168,,,,,,https://www.iitkgp.ac.in/Departments/showPeopleFormerStaff [POST show_people_former_staff=faculty&dept_code=HS] (unit page https://www.iitkgp.ac.in/department/HS)
Anubhab Pattanayak,Humanities and Social Sciences,Assistant Professor Grade-I,current,,https://www.iitkgp.ac.in/department/HS/faculty/hs-anubhab,anubhab@hss.iitkgp.ac.in,,,,,,,https://www.iitkgp.ac.in/Departments/showPeopleFormerStaff [POST show_people_former_staff=faculty&dept_code=HS] (unit page https://www.iitkgp.ac.in/department/HS)
Anuradha Choudry,Humanities and Social Sciences,Associate Professor,current,,https://www.iitkgp.ac.in/department/HS/faculty/hs-anuradha.sanskrit,anuradha.sanskrit@hss.iitkgp.ac.in,,,,,,,https://www.iitkgp.ac.in/Departments/showPeopleFormerStaff [POST show_people_former_staff=faculty&dept_code=HS] (unit page https://www.iitkgp.ac.in/department/HS)
Anway Mukhopadhyay,Humanities and Social Sciences,Assistant Professor Grade-I,current,2019,https://www.iitkgp.ac.in/department/HS/faculty/hs-anway,anway@hss.iitkgp.ac.in,0000-0002-2742-7050,,,,,https://sites.google.com/view/anway-mukhopadhyay/home,https://www.iitkgp.ac.in/Departments/showPeopleFormerStaff [POST show_people_former_staff=faculty&dept_code=HS] (unit page https://www.iitkgp.ac.in/department/HS)
Anwesha Aditya,Humanities and Social Sciences,Associate Professor,current,2026,https://www.iitkgp.ac.in/department/HS/faculty/hs-anwesha,anwesha@hss.iitkgp.ac.in,0000-0002-6663-604X,,,,,https://sites.google.com/view/anwesha-aditya/home,https://www.iitkgp.ac.in/Departments/showPeopleFormerStaff [POST show_people_former_staff=faculty&dept_code=HS] (unit page https://www.iitkgp.ac.in/department/HS)
Archana Patnaik,Humanities and Social Sciences,Associate Professor,current,2018,https://www.iitkgp.ac.in/department/HS/faculty/hs-archana,archana@hss.iitkgp.ac.in,0000-0001-6333-9931,,,,,http://www.iitkgp.ac.in/department/HS/faculty/hs-51331fcd89d45304a118755678da4a8b,https://www.iitkgp.ac.in/Departments/showPeopleFormerStaff [POST show_people_former_staff=faculty&dept_code=HS] (unit page https://www.iitkgp.ac.in/department/HS)
Bhagirath Behera,Humanities and Social Sciences,Professor,current,,https://www.iitkgp.ac.in/department/HS/faculty/hs-bhagirath,bhagirath@hss.iitkgp.ac.in,,https://scholar.google.com/citations?user=KbKpvNAAAAAJ,,,,,https://www.iitkgp.ac.in/Departments/showPeopleFormerStaff [POST show_people_former_staff=faculty&dept_code=HS] (unit page https://www.iitkgp.ac.in/department/HS)
Bimal Kishore Sahoo,Humanities and Social Sciences,Associate Professor,current,,https://www.iitkgp.ac.in/department/HS/faculty/hs-bks,bks@hss.iitkgp.ac.in,,,,,,http://www.iitkgp.ac.in/fac-profiles/showprofile.php?empcode=SUmXR&depts_name=HS,https://www.iitkgp.ac.in/Departments/showPeopleFormerStaff [POST show_people_former_staff=faculty&dept_code=HS] (unit page https://www.iitkgp.ac.in/department/HS)
Binita Tiwari,Humanities and Social Sciences,Assistant Professor Grade-I,current,,https://www.iitkgp.ac.in/department/HS/faculty/hs-binita,binita@hss.iitkgp.ac.in,,,,,,,https://www.iitkgp.ac.in/Departments/showPeopleFormerStaff [POST show_people_former_staff=faculty&dept_code=HS] (unit page https://www.iitkgp.ac.in/department/HS)
Bornini Lahiri,Humanities and Social Sciences,Assistant Professor Grade-I,current,,https://www.iitkgp.ac.in/department/HS/faculty/hs-bornini,bornini@hss.iitkgp.ac.in,0000-0001-7841-3292,,,,,https://www.researchgate.net/profile/Bornini-Lahiri,https://www.iitkgp.ac.in/Departments/showPeopleFormerStaff [POST show_people_former_staff=faculty&dept_code=HS] (unit page https://www.iitkgp.ac.in/department/HS)
Dripta Piplai (Mondal),Humanities and Social Sciences,Assistant Professor Grade-I,current,2018,https://www.iitkgp.ac.in/department/HS/faculty/hs-dripta,dripta@hss.iitkgp.ac.in,0000-0003-4339-9915,,,,,,https://www.iitkgp.ac.in/Departments/showPeopleFormerStaff [POST show_people_former_staff=faculty&dept_code=HS] (unit page https://www.iitkgp.ac.in/department/HS)
Dripto Bakshi,Humanities and Social Sciences,Assistant Professor Grade-I,current,2021,https://www.iitkgp.ac.in/department/HS/faculty/hs-dripto,dripto@hss.iitkgp.ac.in,0000-0003-4800-8530,,,,,,https://www.iitkgp.ac.in/Departments/showPeopleFormerStaff [POST show_people_former_staff=faculty&dept_code=HS] (unit page https://www.iitkgp.ac.in/department/HS)
Gourishankar S Hiremath,Humanities and Social Sciences,Professor,current,,https://www.iitkgp.ac.in/department/HS/faculty/hs-gshiremath,gshiremath@hss.iitkgp.ac.in,,,,,,http://.,https://www.iitkgp.ac.in/Departments/showPeopleFormerStaff [POST show_people_former_staff=faculty&dept_code=HS] (unit page https://www.iitkgp.ac.in/department/HS)
H S Komalesha,Humanities and Social Sciences,Professor,current,,https://www.iitkgp.ac.in/department/HS/faculty/hs-komalesha,komalesha@hss.iitkgp.ac.in,0009-0001-0101-9083,,,,,https://orcid.org/0009-0001-0101-9083,https://www.iitkgp.ac.in/Departments/showPeopleFormerStaff [POST show_people_former_staff=faculty&dept_code=HS] (unit page https://www.iitkgp.ac.in/department/HS)
Inder Sekhar Yadav,Humanities and Social Sciences,Associate Professor,current,,https://www.iitkgp.ac.in/department/HS/faculty/hs-yadavis,yadavis@hss.iitkgp.ac.in,0000-0003-1576-3329,https://scholar.google.com/citations?user=aol7UFwAAAAJ,,,,,https://www.iitkgp.ac.in/Departments/showPeopleFormerStaff [POST show_people_former_staff=faculty&dept_code=HS] (unit page https://www.iitkgp.ac.in/department/HS)
Jenia Mukherjee,Humanities and Social Sciences,Associate Professor,current,2016,https://www.iitkgp.ac.in/department/HS/faculty/hs-jenia,jenia@hss.iitkgp.ac.in,0000-0001-7877-8531,,,,,https://engage4sundarbans.org/,https://www.iitkgp.ac.in/Departments/showPeopleFormerStaff [POST show_people_former_staff=faculty&dept_code=HS] (unit page https://www.iitkgp.ac.in/department/HS)
Jitendra Mahakud,Humanities and Social Sciences,Professor,current,,https://www.iitkgp.ac.in/department/HS/faculty/hs-jmahakud,jmahakud@hss.iitkgp.ac.in,0000-0003-1775-9737,,,,,,https://www.iitkgp.ac.in/Departments/showPeopleFormerStaff [POST show_people_former_staff=faculty&dept_code=HS] (unit page https://www.iitkgp.ac.in/department/HS)
Kailash Bihari Lal Srivastava,Humanities and Social Sciences,Professor,current,,https://www.iitkgp.ac.in/department/HS/faculty/hs-kbls,kbls@hss.iitkgp.ac.in,,,,,,,https://www.iitkgp.ac.in/Departments/showPeopleFormerStaff [POST show_people_former_staff=faculty&dept_code=HS] (unit page https://www.iitkgp.ac.in/department/HS)
Kishor Goswami,Humanities and Social Sciences,Professor,current,,https://www.iitkgp.ac.in/department/HS/faculty/hs-kishor,kishor@hss.iitkgp.ac.in,0000-0002-9489-6826,,,,,https://www.iitkgp.ac.in/department/HS/faculty/hs-kishor,https://www.iitkgp.ac.in/Departments/showPeopleFormerStaff [POST show_people_former_staff=faculty&dept_code=HS] (unit page https://www.iitkgp.ac.in/department/HS)
Krittika Banerjee,Humanities and Social Sciences,Assistant Professor Grade-I,current,,https://www.iitkgp.ac.in/department/HS/faculty/hs-krittikaban,krittikaban@hss.iitkgp.ac.in,0000-0002-4713-6816,,,,,http://krittikaban@hss.iitkgp.ac.in,https://www.iitkgp.ac.in/Departments/showPeopleFormerStaff [POST show_people_former_staff=faculty&dept_code=HS] (unit page https://www.iitkgp.ac.in/department/HS)
Mahima Raina,Humanities and Social Sciences,Assistant Professor Grade-I,current,,https://www.iitkgp.ac.in/department/HS/faculty/hs-mahima,mahima@hss.iitkgp.ac.in,,,,,,,https://www.iitkgp.ac.in/Departments/showPeopleFormerStaff [POST show_people_former_staff=faculty&dept_code=HS] (unit page https://www.iitkgp.ac.in/department/HS)
Mantu Kumar Mahalik,Humanities and Social Sciences,Associate Professor,current,,https://www.iitkgp.ac.in/department/HS/faculty/hs-mkm,mkm@hss.iitkgp.ac.in,,https://scholar.google.com/citations?user=D2QoDN8AAAAJ,,,,,https://www.iitkgp.ac.in/Departments/showPeopleFormerStaff [POST show_people_former_staff=faculty&dept_code=HS] (unit page https://www.iitkgp.ac.in/department/HS)
Mukkamala Kameshwar Rao,Humanities and Social Sciences,Professor,current,,https://www.iitkgp.ac.in/department/HS/faculty/hs-mkrao,mkrao@hss.iitkgp.ac.in,,,,,,,https://www.iitkgp.ac.in/Departments/showPeopleFormerStaff [POST show_people_former_staff=faculty&dept_code=HS] (unit page https://www.iitkgp.ac.in/department/HS)
Narayan Chandra Nayak,Humanities and Social Sciences,Professor,current,,https://www.iitkgp.ac.in/department/HS/faculty/hs-ncnayak,ncnayak@hss.iitkgp.ac.in,0000-0001-7608-8393,,,,,,https://www.iitkgp.ac.in/Departments/showPeopleFormerStaff [POST show_people_former_staff=faculty&dept_code=HS] (unit page https://www.iitkgp.ac.in/department/HS)
Prantik Bagchi,Humanities and Social Sciences,Assistant Professor Grade-I,current,2023,https://www.iitkgp.ac.in/department/HS/faculty/hs-prantik,prantik@hss.iitkgp.ac.in,0000-0002-9056-5835,,,,,https://sites.google.com/view/prantik-bagchi/home,https://www.iitkgp.ac.in/Departments/showPeopleFormerStaff [POST show_people_former_staff=faculty&dept_code=HS] (unit page https://www.iitkgp.ac.in/department/HS)
Priyadarshi Patnaik,Humanities and Social Sciences,Professor,current,,https://www.iitkgp.ac.in/department/HS/faculty/hs-bapi,bapi@hss.iitkgp.ac.in,,,,,,https://priyadarshi-website.vercel.app/,https://www.iitkgp.ac.in/Departments/showPeopleFormerStaff [POST show_people_former_staff=faculty&dept_code=HS] (unit page https://www.iitkgp.ac.in/department/HS)
Pulak Mishra,Humanities and Social Sciences,Professor,current,,https://www.iitkgp.ac.in/department/HS/faculty/hs-pmishra,pmishra@hss.iitkgp.ac.in,,,,,,,https://www.iitkgp.ac.in/Departments/showPeopleFormerStaff [POST show_people_former_staff=faculty&dept_code=HS] (unit page https://www.iitkgp.ac.in/department/HS)
Rabindra Kumar Pradhan,Humanities and Social Sciences,Professor,current,,https://www.iitkgp.ac.in/department/HS/faculty/hs-rkpradhan,rkpradhan@hss.iitkgp.ac.in,0000-0003-3437-5591,,,,,https://www.researchgate.net/profile/Rabindra_Pradhan2,https://www.iitkgp.ac.in/Departments/showPeopleFormerStaff [POST show_people_former_staff=faculty&dept_code=HS] (unit page https://www.iitkgp.ac.in/department/HS)
Rishabh Rai,Humanities and Social Sciences,Assistant Professor Grade-I,current,,https://www.iitkgp.ac.in/department/HS/faculty/hs-rishabh,rishabh@hss.iitkgp.ac.in,,,,,,,https://www.iitkgp.ac.in/Departments/showPeopleFormerStaff [POST show_people_former_staff=faculty&dept_code=HS] (unit page https://www.iitkgp.ac.in/department/HS)
Saswat Samay Das,Humanities and Social Sciences,Professor,current,,https://www.iitkgp.ac.in/department/HS/faculty/hs-ssd,ssd@hss.iitkgp.ac.in,,,,,,https://profssdas.in/,https://www.iitkgp.ac.in/Departments/showPeopleFormerStaff [POST show_people_former_staff=faculty&dept_code=HS] (unit page https://www.iitkgp.ac.in/department/HS)
Seema Singh,Humanities and Social Sciences,Associate Professor,current,,https://www.iitkgp.ac.in/department/HS/faculty/hs-seema,seema@hss.iitkgp.ac.in,,,,,,,https://www.iitkgp.ac.in/Departments/showPeopleFormerStaff [POST show_people_former_staff=faculty&dept_code=HS] (unit page https://www.iitkgp.ac.in/department/HS)
Siddhartha Chattopadhyay,Humanities and Social Sciences,Associate Professor,current,2011,https://www.iitkgp.ac.in/department/HS/faculty/hs-siddhartha,siddhartha@hss.iitkgp.ac.in,0000-0001-8663-0246,,,,,https://sites.google.com/view/siddhartha-chattopadhyay/home,https://www.iitkgp.ac.in/Departments/showPeopleFormerStaff [POST show_people_former_staff=faculty&dept_code=HS] (unit page https://www.iitkgp.ac.in/department/HS)
Sunandan Ghosh,Humanities and Social Sciences,Assistant Professor Grade-I,current,,https://www.iitkgp.ac.in/department/HS/faculty/hs-sunandan,sunandan@hss.iitkgp.ac.in,,,,,,,https://www.iitkgp.ac.in/Departments/showPeopleFormerStaff [POST show_people_former_staff=faculty&dept_code=HS] (unit page https://www.iitkgp.ac.in/department/HS)
Vikas Thakur,Humanities and Social Sciences,Associate Professor,current,2023,https://www.iitkgp.ac.in/department/HS/faculty/hs-thakurv,thakurv@hss.iitkgp.ac.in,0000-0003-2084-9151,,,,,,https://www.iitkgp.ac.in/Departments/showPeopleFormerStaff [POST show_people_former_staff=faculty&dept_code=HS] (unit page https://www.iitkgp.ac.in/department/HS)
Abhishek Sharma,Industrial and Systems Engineering,Assistant Professor Grade-I,current,2021,https://www.iitkgp.ac.in/department/IM/faculty/im-abhishek,abhishek@iem.iitkgp.ac.in,0000-0002-0842-3986,,,,,,https://www.iitkgp.ac.in/Departments/showPeopleFormerStaff [POST show_people_former_staff=faculty&dept_code=IM] (unit page https://www.iitkgp.ac.in/department/IM)
Akhilesh Kumar,Industrial and Systems Engineering,Associate Professor,current,2015,https://www.iitkgp.ac.in/department/IM/faculty/im-akumar,akumar@iem.iitkgp.ac.in,0000-0001-8914-928X,,,,,,https://www.iitkgp.ac.in/Departments/showPeopleFormerStaff [POST show_people_former_staff=faculty&dept_code=IM] (unit page https://www.iitkgp.ac.in/department/IM)
Anand Jacob Abraham,Industrial and Systems Engineering,Assistant Professor Grade-I,current,2021,https://www.iitkgp.ac.in/department/IM/faculty/im-anandabraham,anandabraham@iem.iitkgp.ac.in,0000-0002-7278-2473,,,,,https://anandjacobabraham.github.io/,https://www.iitkgp.ac.in/Departments/showPeopleFormerStaff [POST show_people_former_staff=faculty&dept_code=IM] (unit page https://www.iitkgp.ac.in/department/IM)
Balagopal G Menon,Industrial and Systems Engineering,Assistant Professor Grade-I,current,2019,https://www.iitkgp.ac.in/department/IM/faculty/im-bgmenon,bgmenon@iem.iitkgp.ac.in,0000-0002-4473-8344,,,,,,https://www.iitkgp.ac.in/Departments/showPeopleFormerStaff [POST show_people_former_staff=faculty&dept_code=IM] (unit page https://www.iitkgp.ac.in/department/IM)
Goutam Sen,Industrial and Systems Engineering,Associate Professor,current,,https://www.iitkgp.ac.in/department/IM/faculty/im-gsen,gsen@iem.iitkgp.ac.in,,,,,,https://sites.google.com/site/homegoutam/,https://www.iitkgp.ac.in/Departments/showPeopleFormerStaff [POST show_people_former_staff=faculty&dept_code=IM] (unit page https://www.iitkgp.ac.in/department/IM)
Jhareswar Maiti,Industrial and Systems Engineering,Professor,current,2003,https://www.iitkgp.ac.in/department/IM/faculty/im-jmaiti,jmaiti@iem.iitkgp.ac.in,0000-0001-9546-5860,https://scholar.google.com/citations?user=fu7T208AAAAJ,,,,,https://www.iitkgp.ac.in/Departments/showPeopleFormerStaff [POST show_people_former_staff=faculty&dept_code=IM] (unit page https://www.iitkgp.ac.in/department/IM)
Jitendra Kumar Jha,Industrial and Systems Engineering,Professor,current,,https://www.iitkgp.ac.in/department/IM/faculty/im-jkjha,jkjha@iem.iitkgp.ac.in,,https://scholar.google.com/citations?user=u45wNNcAAAAJ,,,,,https://www.iitkgp.ac.in/Departments/showPeopleFormerStaff [POST show_people_former_staff=faculty&dept_code=IM] (unit page https://www.iitkgp.ac.in/department/IM)
Mamata Jenamani,Industrial and Systems Engineering,Professor,current,2005,https://www.iitkgp.ac.in/department/IM/faculty/im-mj,mj@iem.iitkgp.ac.in,0000-0002-9642-657X,,,,,,https://www.iitkgp.ac.in/Departments/showPeopleFormerStaff [POST show_people_former_staff=faculty&dept_code=IM] (unit page https://www.iitkgp.ac.in/department/IM)
Manoj Kumar Tiwari,Industrial and Systems Engineering,Professor,current,2007,https://www.iitkgp.ac.in/department/IM/faculty/im-mktiwari9,mktiwari9@iem.iitkgp.ac.in,0000-0001-8564-1402,,,,,http://www.mktiwari.in/,https://www.iitkgp.ac.in/Departments/showPeopleFormerStaff [POST show_people_former_staff=faculty&dept_code=IM] (unit page https://www.iitkgp.ac.in/department/IM)
Sarada Prasad Sarmah,Industrial and Systems Engineering,Professor,current,,https://www.iitkgp.ac.in/department/IM/faculty/im-spsarmah,spsarmah@iem.iitkgp.ac.in,0000-0001-7759-2313,,,,,,https://www.iitkgp.ac.in/Departments/showPeopleFormerStaff [POST show_people_former_staff=faculty&dept_code=IM] (unit page https://www.iitkgp.ac.in/department/IM)
Sayak Roychowdhury,Industrial and Systems Engineering,Assistant Professor Grade-I,current,,https://www.iitkgp.ac.in/department/IM/faculty/im-sroychowdhury,sroychowdhury@iem.iitkgp.ac.in,,,,,,http://www.linkedin.com/in/sayakroychowdhury,https://www.iitkgp.ac.in/Departments/showPeopleFormerStaff [POST show_people_former_staff=faculty&dept_code=IM] (unit page https://www.iitkgp.ac.in/department/IM)
Sri Krishna Kumar,Industrial and Systems Engineering,Associate Professor,current,,https://www.iitkgp.ac.in/department/IM/faculty/im-srikrishna,srikrishna@iem.iitkgp.ac.in,,,,,,,https://www.iitkgp.ac.in/Departments/showPeopleFormerStaff [POST show_people_former_staff=faculty&dept_code=IM] (unit page https://www.iitkgp.ac.in/department/IM)
Subhajit Sidhanta,Industrial and Systems Engineering,Assistant Professor Grade-I,current,,https://www.iitkgp.ac.in/department/IM/faculty/im-subhajit,subhajit@iem.iitkgp.ac.in,0009-0001-1023-3452,,,,,https://sites.google.com/iitbhilai.ac.in/subhajit/home,https://www.iitkgp.ac.in/Departments/showPeopleFormerStaff [POST show_people_former_staff=faculty&dept_code=IM] (unit page https://www.iitkgp.ac.in/department/IM)
Ahin Roy,Materials Science Centre,Assistant Professor Grade-I,current,2022,https://www.iitkgp.ac.in/department/MS/faculty/ms-ahinroy,ahinroy@matsc.iitkgp.ac.in,0000-0002-9515-2562,,,,,https://ahinroy.github.io/,https://www.iitkgp.ac.in/Departments/showPeopleFormerStaff [POST show_people_former_staff=faculty&dept_code=MS] (unit page https://www.iitkgp.ac.in/department/MS)
Arijit Ghorai,Materials Science Centre,Assistant Professor Grade-I,current,2026,https://www.iitkgp.ac.in/department/MS/faculty/ms-arijit,arijit@matsc.iitkgp.ac.in,0000-0002-1765-812X,https://scholar.google.com/citations?user=zuf52h0AAAAJ,,,,,https://www.iitkgp.ac.in/Departments/showPeopleFormerStaff [POST show_people_former_staff=faculty&dept_code=MS] (unit page https://www.iitkgp.ac.in/department/MS)
Ayan Roy Chaudhuri,Materials Science Centre,Professor,current,2016,https://www.iitkgp.ac.in/department/MS/faculty/ms-ayan,ayan@matsc.iitkgp.ac.in,0000-0002-9108-3918,,,,,https://fnigiitkgp.wixsite.com/arclab,https://www.iitkgp.ac.in/Departments/showPeopleFormerStaff [POST show_people_former_staff=faculty&dept_code=MS] (unit page https://www.iitkgp.ac.in/department/MS)
Bhanu Bhusan Khatua,Materials Science Centre,Professor,current,2007,https://www.iitkgp.ac.in/department/MS/faculty/ms-khatuabb,khatuabb@matsc.iitkgp.ac.in,0000-0002-1277-0091,,,,,,https://www.iitkgp.ac.in/Departments/showPeopleFormerStaff [POST show_people_former_staff=faculty&dept_code=MS] (unit page https://www.iitkgp.ac.in/department/MS)
Debabrata Pradhan,Materials Science Centre,Professor,current,,https://www.iitkgp.ac.in/department/MS/faculty/ms-deb,deb@matsc.iitkgp.ac.in,0000-0003-3968-9610,,,,,https://facweb.iitkgp.ac.in/~deb/,https://www.iitkgp.ac.in/Departments/showPeopleFormerStaff [POST show_people_former_staff=faculty&dept_code=MS] (unit page https://www.iitkgp.ac.in/department/MS)
Hemakesh Mohapatra,Materials Science Centre,Assistant Professor Grade-I,current,2018,https://www.iitkgp.ac.in/department/MS/faculty/ms-hemakesh.m,hemakesh.m@matsc.iitkgp.ac.in,0000-0002-7263-2184,,,,,https://sites.google.com/view/hmohapatra-iit-kharagpur,https://www.iitkgp.ac.in/Departments/showPeopleFormerStaff [POST show_people_former_staff=faculty&dept_code=MS] (unit page https://www.iitkgp.ac.in/department/MS)
Pallab Banerji,Materials Science Centre,Professor,current,,https://www.iitkgp.ac.in/department/MS/faculty/ms-pallab,pallab@matsc.iitkgp.ac.in,,,,,,,https://www.iitkgp.ac.in/Departments/showPeopleFormerStaff [POST show_people_former_staff=faculty&dept_code=MS] (unit page https://www.iitkgp.ac.in/department/MS)
Prasana Kumar Sahoo,Materials Science Centre,Associate Professor,current,2019,https://www.iitkgp.ac.in/department/MS/faculty/ms-prasana,prasana@matsc.iitkgp.ac.in,0000-0001-6316-7842,,,,,https://qmdrliitkgp.wixsite.com/qmdrl,https://www.iitkgp.ac.in/Departments/showPeopleFormerStaff [POST show_people_former_staff=faculty&dept_code=MS] (unit page https://www.iitkgp.ac.in/department/MS)
Rajat Kumar Das,Materials Science Centre,Associate Professor,current,,https://www.iitkgp.ac.in/department/MS/faculty/ms-rajat,rajat@matsc.iitkgp.ac.in,,,,,,,https://www.iitkgp.ac.in/Departments/showPeopleFormerStaff [POST show_people_former_staff=faculty&dept_code=MS] (unit page https://www.iitkgp.ac.in/department/MS)
Shibayan Roy,Materials Science Centre,Associate Professor,current,2015,https://www.iitkgp.ac.in/department/MS/faculty/ms-shibayan,shibayan@matsc.iitkgp.ac.in,0000-0002-4496-9193,,,,,https://sites.google.com/view/homepageofdrshibayanroy?usp=sharing,https://www.iitkgp.ac.in/Departments/showPeopleFormerStaff [POST show_people_former_staff=faculty&dept_code=MS] (unit page https://www.iitkgp.ac.in/department/MS)
Subhasish Basu Majumder,Materials Science Centre,Professor,current,2015,https://www.iitkgp.ac.in/department/MS/faculty/ms-subhasish,subhasish@matsc.iitkgp.ac.in,0000-0002-4039-6455,,,,,,https://www.iitkgp.ac.in/Departments/showPeopleFormerStaff [POST show_people_former_staff=faculty&dept_code=MS] (unit page https://www.iitkgp.ac.in/department/MS)
Susanta Banerjee,Materials Science Centre,Professor,current,,https://www.iitkgp.ac.in/department/MS/faculty/ms-susanta,susanta@matsc.iitkgp.ac.in,0000-0002-0358-3198,https://scholar.google.com/citations?user=27V8W6sAAAAJ,,,,,https://www.iitkgp.ac.in/Departments/showPeopleFormerStaff [POST show_people_former_staff=faculty&dept_code=MS] (unit page https://www.iitkgp.ac.in/department/MS)
Vidya Kochat,Materials Science Centre,Associate Professor,current,,https://www.iitkgp.ac.in/department/MS/faculty/ms-vidya,vidya@matsc.iitkgp.ac.in,,,,,,https://vidyakochat.wixsite.com/quantum-materials-an,https://www.iitkgp.ac.in/Departments/showPeopleFormerStaff [POST show_people_former_staff=faculty&dept_code=MS] (unit page https://www.iitkgp.ac.in/department/MS)
Adrijit Goswami,Mathematics,Professor,current,,https://www.iitkgp.ac.in/department/MA/faculty/ma-goswami,goswami@maths.iitkgp.ac.in,0000-0002-4420-0077,,,,,,https://www.iitkgp.ac.in/Departments/showPeopleFormerStaff [POST show_people_former_staff=faculty&dept_code=MA] (unit page https://www.iitkgp.ac.in/department/MA)
Aniket Biswas,Mathematics,Assistant Professor Grade-II,current,,https://www.iitkgp.ac.in/department/MA/faculty/ma-aniket.biswas,aniket.biswas@maths.iitkgp.ac.in,,https://scholar.google.com/citations?user=jFtEPCgAAAAJ,,57218372081,,https://sites.google.com/view/aniket-biswas/home?authuser=0,https://www.iitkgp.ac.in/Departments/showPeopleFormerStaff [POST show_people_former_staff=faculty&dept_code=MA] (unit page https://www.iitkgp.ac.in/department/MA)
Apurba Das,Mathematics,Assistant Professor Grade-I,current,,https://www.iitkgp.ac.in/department/MA/faculty/ma-apurbadas348,apurbadas348@maths.iitkgp.ac.in,,https://scholar.google.com/citations?user=78CrUfYAAAAJ,,57209556790,,https://sites.google.com/site/apurbadas348math/home,https://www.iitkgp.ac.in/Departments/showPeopleFormerStaff [POST show_people_former_staff=faculty&dept_code=MA] (unit page https://www.iitkgp.ac.in/department/MA)
Arindam Banerjee,Mathematics,Assistant Professor Grade-I,current,,https://www.iitkgp.ac.in/department/MA/faculty/ma-123.arindam,123.arindam@maths.iitkgp.ac.in,,,,,,https://sites.google.com/view/arindambanerjeeiitkgp,https://www.iitkgp.ac.in/Departments/showPeopleFormerStaff [POST show_people_former_staff=faculty&dept_code=MA] (unit page https://www.iitkgp.ac.in/department/MA)
Bappaditya Bhowmik,Mathematics,Professor,current,2013,https://www.iitkgp.ac.in/department/MA/faculty/ma-bappaditya,bappaditya@maths.iitkgp.ac.in,0000-0001-9171-3548,,,,,https://sites.google.com/site/bappadity1abhowmik/home,https://www.iitkgp.ac.in/Departments/showPeopleFormerStaff [POST show_people_former_staff=faculty&dept_code=MA] (unit page https://www.iitkgp.ac.in/department/MA)
Bodhayan Roy,Mathematics,Assistant Professor Grade-I,current,,https://www.iitkgp.ac.in/department/MA/faculty/ma-broy,broy@maths.iitkgp.ac.in,,,,,,,https://www.iitkgp.ac.in/Departments/showPeopleFormerStaff [POST show_people_former_staff=faculty&dept_code=MA] (unit page https://www.iitkgp.ac.in/department/MA)
Buddhananda Banerjee,Mathematics,Assistant Professor Grade-I,current,2018,https://www.iitkgp.ac.in/department/MA/faculty/ma-bbanerjee,bbanerjee@maths.iitkgp.ac.in,0000-0001-7278-800X,,,,,https://sites.google.com/site/buddhanandastat/,https://www.iitkgp.ac.in/Departments/showPeopleFormerStaff [POST show_people_former_staff=faculty&dept_code=MA] (unit page https://www.iitkgp.ac.in/department/MA)
Chandal Nahak,Mathematics,Professor,current,2003,https://www.iitkgp.ac.in/department/MA/faculty/ma-cnahak,cnahak@maths.iitkgp.ac.in,,,,,,http://www.testweb.iitkgp.ac.in/iitweb/department/MA/faculty/ma-cnahak,https://www.iitkgp.ac.in/Departments/showPeopleFormerStaff [POST show_people_former_staff=faculty&dept_code=MA] (unit page https://www.iitkgp.ac.in/department/MA)
Debapriya Biswas,Mathematics,Associate Professor,current,,https://www.iitkgp.ac.in/department/MA/faculty/ma-priya,priya@maths.iitkgp.ac.in,,,,,,http://www.facweb.iitkgp.ernet.in/~debapriya/,https://www.iitkgp.ac.in/Departments/showPeopleFormerStaff [POST show_people_former_staff=faculty&dept_code=MA] (unit page https://www.iitkgp.ac.in/department/MA)
Debjani Chakraborty,Mathematics,Professor,current,,https://www.iitkgp.ac.in/department/MA/faculty/ma-debjani,debjani@maths.iitkgp.ac.in,0000-0002-6929-6036,,,,,http://www.facweb.iitkgp.ac.in/~debjani,https://www.iitkgp.ac.in/Departments/showPeopleFormerStaff [POST show_people_former_staff=faculty&dept_code=MA] (unit page https://www.iitkgp.ac.in/department/MA)
Dipankar Ghosh,Mathematics,Assistant Professor Grade-I,current,2021,https://www.iitkgp.ac.in/department/MA/faculty/ma-dipankar,dipankar@maths.iitkgp.ac.in,0000-0002-3773-4003,,,,,https://sites.google.com/view/dipankar-ghosh,https://www.iitkgp.ac.in/Departments/showPeopleFormerStaff [POST show_people_former_staff=faculty&dept_code=MA] (unit page https://www.iitkgp.ac.in/department/MA)
Firoj Sk,Mathematics,Assistant Professor Grade-I,current,,https://www.iitkgp.ac.in/department/MA/faculty/ma-U1h3K1hmVkphcWRkcGZTeFAwMEE5Zz09,,,,,,,,https://www.iitkgp.ac.in/Departments/showPeopleFormerStaff [POST show_people_former_staff=faculty&dept_code=MA] (unit page https://www.iitkgp.ac.in/department/MA)
G P Raja Sekhar,Mathematics,Professor,current,2000,https://www.iitkgp.ac.in/department/MA/faculty/ma-rajas,rajas@iitkgp.ac.in,0000-0002-3634-2171,,,,,https://www.iitkgp.ac.in/department/MA/faculty/ma-rajas,https://www.iitkgp.ac.in/Departments/showPeopleFormerStaff [POST show_people_former_staff=faculty&dept_code=MA] (unit page https://www.iitkgp.ac.in/department/MA)
Geetanjali Panda,Mathematics,Professor,current,,https://www.iitkgp.ac.in/department/MA/faculty/ma-geetanjali,geetanjali@maths.iitkgp.ac.in,,,,,,http://www.iitkgp.ac.in/department/MA/faculty/ma-geetanjali,https://www.iitkgp.ac.in/Departments/showPeopleFormerStaff [POST show_people_former_staff=faculty&dept_code=MA] (unit page https://www.iitkgp.ac.in/department/MA)
Gnaneshwar Nelakanti,Mathematics,Professor,current,,https://www.iitkgp.ac.in/department/MA/faculty/ma-gnanesh,gnanesh@maths.iitkgp.ac.in,,,,,,,https://www.iitkgp.ac.in/Departments/showPeopleFormerStaff [POST show_people_former_staff=faculty&dept_code=MA] (unit page https://www.iitkgp.ac.in/department/MA)
Hari Shankar Mahato,Mathematics,Associate Professor,current,2025,https://www.iitkgp.ac.in/department/MA/faculty/ma-hsmahato,hsmahato@maths.iitkgp.ac.in,0000-0002-9187-8091,,,,,https://hsmahato.wordpress.com,https://www.iitkgp.ac.in/Departments/showPeopleFormerStaff [POST show_people_former_staff=faculty&dept_code=MA] (unit page https://www.iitkgp.ac.in/department/MA)
Husney Parvez Sarwar,Mathematics,Associate Professor,current,2019,https://www.iitkgp.ac.in/department/MA/faculty/ma-parvez,parvez@maths.iitkgp.ac.in,0000-0001-9075-1788,,,,,https://sites.google.com/site/husneyparvezsarwar1/,https://www.iitkgp.ac.in/Departments/showPeopleFormerStaff [POST show_people_former_staff=faculty&dept_code=MA] (unit page https://www.iitkgp.ac.in/department/MA)
Kamalakshya Mahatab,Mathematics,Assistant Professor Grade-I,current,,https://www.iitkgp.ac.in/department/MA/faculty/ma-kamalakshya,kamalakshya@maths.iitkgp.ac.in,,,,,,,https://www.iitkgp.ac.in/Departments/showPeopleFormerStaff [POST show_people_former_staff=faculty&dept_code=MA] (unit page https://www.iitkgp.ac.in/department/MA)
Koeli Ghoshal,Mathematics,Professor,current,2007,https://www.iitkgp.ac.in/department/MA/faculty/ma-koeli,koeli@maths.iitkgp.ac.in,0000-0002-9122-2498,,,,,http://a,https://www.iitkgp.ac.in/Departments/showPeopleFormerStaff [POST show_people_former_staff=faculty&dept_code=MA] (unit page https://www.iitkgp.ac.in/department/MA)
Mithun Bhowmik,Mathematics,Assistant Professor Grade-I,current,,https://www.iitkgp.ac.in/department/MA/faculty/ma-mithun,mithun@maths.iitkgp.ac.in,,,,,,,https://www.iitkgp.ac.in/Departments/showPeopleFormerStaff [POST show_people_former_staff=faculty&dept_code=MA] (unit page https://www.iitkgp.ac.in/department/MA)
Mousumi Mandal,Mathematics,Associate Professor,current,,https://www.iitkgp.ac.in/department/MA/faculty/ma-mousumi,mousumi@maths.iitkgp.ac.in,,,,,,,https://www.iitkgp.ac.in/Departments/showPeopleFormerStaff [POST show_people_former_staff=faculty&dept_code=MA] (unit page https://www.iitkgp.ac.in/department/MA)
Nabakumar Jana,Mathematics,Assistant Professor Grade-I,current,2026,https://www.iitkgp.ac.in/department/MA/faculty/ma-nabakumarjana,nabakumarjana@maths.iitkgp.ac.in,0000-0002-1423-5551,,,,,http://.,https://www.iitkgp.ac.in/Departments/showPeopleFormerStaff [POST show_people_former_staff=faculty&dept_code=MA] (unit page https://www.iitkgp.ac.in/department/MA)
Naveen Kumar Garg,Mathematics,Assistant Professor Grade-I,current,2022,https://www.iitkgp.ac.in/department/MA/faculty/ma-gargnk,gargnk@maths.iitkgp.ac.in,0000-0001-6927-0939,,,,,,https://www.iitkgp.ac.in/Departments/showPeopleFormerStaff [POST show_people_former_staff=faculty&dept_code=MA] (unit page https://www.iitkgp.ac.in/department/MA)
Nitin Gupta,Mathematics,Associate Professor,current,2013,https://www.iitkgp.ac.in/department/MA/faculty/ma-nitin.gupta,nitin.gupta@maths.iitkgp.ac.in,0000-0002-5214-8213,https://scholar.google.com/citations?user=pTlO0TAAAAAJ,,57188637315,,https://sites.google.com/view/nitinstat/,https://www.iitkgp.ac.in/Departments/showPeopleFormerStaff [POST show_people_former_staff=faculty&dept_code=MA] (unit page https://www.iitkgp.ac.in/department/MA)
P V S N Murthy,Mathematics,Professor,current,,https://www.iitkgp.ac.in/department/MA/faculty/ma-pvsnm,pvsnm@maths.iitkgp.ac.in,,,,,,http://iitkgp.ac.in/fac-profiles/showprofile.php?empcode=bTmVT&depts_name=MM,https://www.iitkgp.ac.in/Departments/showPeopleFormerStaff [POST show_people_former_staff=faculty&dept_code=MA] (unit page https://www.iitkgp.ac.in/department/MA)
Pawan Kumar,Mathematics,Associate Professor,current,,https://www.iitkgp.ac.in/department/MA/faculty/ma-pawan,pawan@maths.iitkgp.ac.in,,,,,,,https://www.iitkgp.ac.in/Departments/showPeopleFormerStaff [POST show_people_former_staff=faculty&dept_code=MA] (unit page https://www.iitkgp.ac.in/department/MA)
Prateep Chakraborty,Mathematics,Assistant Professor Grade-I,current,,https://www.iitkgp.ac.in/department/MA/faculty/ma-prateep,prateep@maths.iitkgp.ac.in,,,,,,,https://www.iitkgp.ac.in/Departments/showPeopleFormerStaff [POST show_people_former_staff=faculty&dept_code=MA] (unit page https://www.iitkgp.ac.in/department/MA)
Pratima Panigrahi,Mathematics,Professor,current,2002,https://www.iitkgp.ac.in/department/MA/faculty/ma-pratima,pratima@maths.iitkgp.ac.in,0000-0002-3460-9506,,,,,,https://www.iitkgp.ac.in/Departments/showPeopleFormerStaff [POST show_people_former_staff=faculty&dept_code=MA] (unit page https://www.iitkgp.ac.in/department/MA)
Rajni Kant Pandey,Mathematics,Professor,current,,https://www.iitkgp.ac.in/department/MA/faculty/ma-rkp,rkp@maths.iitkgp.ac.in,,,,,,http://rkp.iitkgp.com,https://www.iitkgp.ac.in/Departments/showPeopleFormerStaff [POST show_people_former_staff=faculty&dept_code=MA] (unit page https://www.iitkgp.ac.in/department/MA)
Ramakrishna Nanduri,Mathematics,Associate Professor,current,,https://www.iitkgp.ac.in/department/MA/faculty/ma-nanduri,nanduri@maths.iitkgp.ac.in,0000-0002-5136-8214,,,,,https://sites.google.com/view/ramakrishna-nanduri/,https://www.iitkgp.ac.in/Departments/showPeopleFormerStaff [POST show_people_former_staff=faculty&dept_code=MA] (unit page https://www.iitkgp.ac.in/department/MA)
Ratna Dutta,Mathematics,Professor,current,,https://www.iitkgp.ac.in/department/MA/faculty/ma-ratna,ratna@maths.iitkgp.ac.in,,https://scholar.google.com/citations?user=07TPPLsAAAAJ,https://dblp.uni-trier.de/pid/06/4343.html,,,https://facweb.iitkgp.ac.in/~ratna/,https://www.iitkgp.ac.in/Departments/showPeopleFormerStaff [POST show_people_former_staff=faculty&dept_code=MA] (unit page https://www.iitkgp.ac.in/department/MA)
Rupanwita Gayen,Mathematics,Professor,current,,https://www.iitkgp.ac.in/department/MA/faculty/ma-rupanwita,rupanwita@maths.iitkgp.ac.in,,,,,,,https://www.iitkgp.ac.in/Departments/showPeopleFormerStaff [POST show_people_former_staff=faculty&dept_code=MA] (unit page https://www.iitkgp.ac.in/department/MA)
Somesh Kumar,Mathematics,Professor,current,,https://www.iitkgp.ac.in/department/MA/faculty/ma-smsh,smsh@maths.iitkgp.ac.in,0000-0002-5363-3034,,,,,https://facweb.iitkgp.ac.in/~smsh,https://www.iitkgp.ac.in/Departments/showPeopleFormerStaff [POST show_people_former_staff=faculty&dept_code=MA] (unit page https://www.iitkgp.ac.in/department/MA)
Somnath Bhattacharyya,Mathematics,Professor,current,,https://www.iitkgp.ac.in/department/MA/faculty/ma-somnath,somnath@maths.iitkgp.ac.in,,https://scholar.google.com/citations?user=yea4DqkAAAAJ,,,,,https://www.iitkgp.ac.in/Departments/showPeopleFormerStaff [POST show_people_former_staff=faculty&dept_code=MA] (unit page https://www.iitkgp.ac.in/department/MA)
Soumitra Ghara,Mathematics,Assistant Professor Grade-I,current,,https://www.iitkgp.ac.in/department/MA/faculty/ma-soumitra,soumitra@maths.iitkgp.ac.in,,,,,,,https://www.iitkgp.ac.in/Departments/showPeopleFormerStaff [POST show_people_former_staff=faculty&dept_code=MA] (unit page https://www.iitkgp.ac.in/department/MA)
Soumyarup Banerjee,Mathematics,Assistant Professor Grade-I,current,,https://www.iitkgp.ac.in/department/MA/faculty/ma-soumyarup,soumyarup@maths.iitkgp.ac.in,,,,,,https://sites.google.com/site/soumyarupbanerjee190490/,https://www.iitkgp.ac.in/Departments/showPeopleFormerStaff [POST show_people_former_staff=faculty&dept_code=MA] (unit page https://www.iitkgp.ac.in/department/MA)
Sourav Mukhopadhyay,Mathematics,Professor,current,2009,https://www.iitkgp.ac.in/department/MA/faculty/ma-sourav,sourav@maths.iitkgp.ac.in,0000-0002-4015-1386,https://scholar.google.com/citations?user=ErhmrCwAAAAJ,https://dblp.uni-trier.de/pers/hd/m/Mukhopadhyay:Sourav,,,https://facweb.iitkgp.ac.in/~sourav/,https://www.iitkgp.ac.in/Departments/showPeopleFormerStaff [POST show_people_former_staff=faculty&dept_code=MA] (unit page https://www.iitkgp.ac.in/department/MA)
Swanand Ravindra Khare,Mathematics,Associate Professor,current,,https://www.iitkgp.ac.in/department/MA/faculty/ma-srkhare,srkhare@maths.iitkgp.ac.in,,,,,,https://srkhare.github.io/,https://www.iitkgp.ac.in/Departments/showPeopleFormerStaff [POST show_people_former_staff=faculty&dept_code=MA] (unit page https://www.iitkgp.ac.in/department/MA)
Swarup Kumar Panda,Mathematics,Associate Professor,current,,https://www.iitkgp.ac.in/department/MA/faculty/ma-spanda,spanda@maths.iitkgp.ac.in,,,,,,https://sites.google.com/view/swarupkumarpanda/home,https://www.iitkgp.ac.in/Departments/showPeopleFormerStaff [POST show_people_former_staff=faculty&dept_code=MA] (unit page https://www.iitkgp.ac.in/department/MA)
T Raja Sekhar,Mathematics,Professor,current,,https://www.iitkgp.ac.in/department/MA/faculty/ma-trajasekhar,trajasekhar@maths.iitkgp.ac.in,,,,,,,https://www.iitkgp.ac.in/Departments/showPeopleFormerStaff [POST show_people_former_staff=faculty&dept_code=MA] (unit page https://www.iitkgp.ac.in/department/MA)
Abhijit Guha,Mechanical Engineering,Professor,current,,https://www.iitkgp.ac.in/department/ME/faculty/me-a.guha,a.guha@mech.iitkgp.ac.in,0009-0001-7037-5540,,,,,https://facweb.iitkgp.ac.in/~aguha/,https://www.iitkgp.ac.in/Departments/showPeopleFormerStaff [POST show_people_former_staff=faculty&dept_code=ME] (unit page https://www.iitkgp.ac.in/department/ME)
Aditya Bandopadhyay,Mechanical Engineering,Associate Professor,current,,https://www.iitkgp.ac.in/department/ME/faculty/me-aditya,aditya@mech.iitkgp.ac.in,,,,,,http://www.facweb.iitkgp.ac.in/~adityab/,https://www.iitkgp.ac.in/Departments/showPeopleFormerStaff [POST show_people_former_staff=faculty&dept_code=ME] (unit page https://www.iitkgp.ac.in/department/ME)
Aghna Mukherjee,Mechanical Engineering,Assistant Professor Grade-I,current,,https://www.iitkgp.ac.in/department/ME/faculty/me-amukherjee,amukherjee@mech.iitkgp.ac.in,,,,,,https://amslab-iitkgp.github.io/,https://www.iitkgp.ac.in/Departments/showPeopleFormerStaff [POST show_people_former_staff=faculty&dept_code=ME] (unit page https://www.iitkgp.ac.in/department/ME)
Ajay Muljibhai Sidpara,Mechanical Engineering,Associate Professor,current,,https://www.iitkgp.ac.in/department/ME/faculty/me-ajaymsidpara,ajaymsidpara@mech.iitkgp.ac.in,0000-0001-9998-3032,https://scholar.google.com/citations?user=WcZDF6UAAAAJ,,,,https://sites.google.com/site/sidajay80/,https://www.iitkgp.ac.in/Departments/showPeopleFormerStaff [POST show_people_former_staff=faculty&dept_code=ME] (unit page https://www.iitkgp.ac.in/department/ME)
Ambatipudi Mani Kalyani,Mechanical Engineering,Assistant Professor Grade-I,current,2024,https://www.iitkgp.ac.in/department/ME/faculty/me-kalyani,kalyani@mech.iitkgp.ac.in,0000-0003-4305-4124,,,,,,https://www.iitkgp.ac.in/Departments/showPeopleFormerStaff [POST show_people_former_staff=faculty&dept_code=ME] (unit page https://www.iitkgp.ac.in/department/ME)
Amiya Ranjan Mohanty,Mechanical Engineering,Professor,current,,https://www.iitkgp.ac.in/department/ME/faculty/me-amohanty,amohanty@mech.iitkgp.ac.in,,,,,,https://www.iitkgp.ac.in/department/ME/faculty/me-amohanty,https://www.iitkgp.ac.in/Departments/showPeopleFormerStaff [POST show_people_former_staff=faculty&dept_code=ME] (unit page https://www.iitkgp.ac.in/department/ME)
Anandaroop Bhattacharya,Mechanical Engineering,Professor,current,,https://www.iitkgp.ac.in/department/ME/faculty/me-anandaroop,anandaroop@mech.iitkgp.ac.in,,,,,,http://To be updated,https://www.iitkgp.ac.in/Departments/showPeopleFormerStaff [POST show_people_former_staff=faculty&dept_code=ME] (unit page https://www.iitkgp.ac.in/department/ME)
Anirvan Dasgupta,Mechanical Engineering,Professor,current,,https://www.iitkgp.ac.in/department/ME/faculty/me-anir,anir@mech.iitkgp.ac.in,,,,,,,https://www.iitkgp.ac.in/Departments/showPeopleFormerStaff [POST show_people_former_staff=faculty&dept_code=ME] (unit page https://www.iitkgp.ac.in/department/ME)
Archana Arbind,Mechanical Engineering,Assistant Professor Grade-I,current,2021,https://www.iitkgp.ac.in/department/ME/faculty/me-archana.arbind,archana.arbind@mech.iitkgp.ac.in,0000-0001-7873-4731,,,,,https://sites.google.com/view/archanaarbind/home,https://www.iitkgp.ac.in/Departments/showPeopleFormerStaff [POST show_people_former_staff=faculty&dept_code=ME] (unit page https://www.iitkgp.ac.in/department/ME)
Arun Kumar Samantaray,Mechanical Engineering,Professor,current,2004,https://www.iitkgp.ac.in/department/ME/faculty/me-samantaray,samantaray@mech.iitkgp.ac.in,0000-0002-2204-2389,https://scholar.google.com/citations?user=VN5v_JEAAAAJ,,,,,https://www.iitkgp.ac.in/Departments/showPeopleFormerStaff [POST show_people_former_staff=faculty&dept_code=ME] (unit page https://www.iitkgp.ac.in/department/ME)
Asimava Roy Choudhury,Mechanical Engineering,Professor,current,,https://www.iitkgp.ac.in/department/ME/faculty/me-archie,archie@mech.iitkgp.ac.in,0009-0005-6451-3221,,,,,,https://www.iitkgp.ac.in/Departments/showPeopleFormerStaff [POST show_people_former_staff=faculty&dept_code=ME] (unit page https://www.iitkgp.ac.in/department/ME)
Atul Jain,Mechanical Engineering,Associate Professor,current,2017,https://www.iitkgp.ac.in/department/ME/faculty/me-atuljain,atuljain@mech.iitkgp.ac.in,0000-0002-7666-7720,https://scholar.google.com/citations?user=2PQD-JMAAAAJ,,,,https://sites.google.com/view/m3siitkgp/home,https://www.iitkgp.ac.in/Departments/showPeopleFormerStaff [POST show_people_former_staff=faculty&dept_code=ME] (unit page https://www.iitkgp.ac.in/department/ME)
Biswajit Bharat,Mechanical Engineering,Assistant Professor Grade-I,current,,https://www.iitkgp.ac.in/department/ME/faculty/me-biswajitb,biswajitb@mech.iitkgp.ac.in,,,,,,https://sites.google.com/view/drbharat,https://www.iitkgp.ac.in/Departments/showPeopleFormerStaff [POST show_people_former_staff=faculty&dept_code=ME] (unit page https://www.iitkgp.ac.in/department/ME)
Cheruvu Siva Kumar,Mechanical Engineering,Professor,current,1995,https://www.iitkgp.ac.in/department/ME/faculty/me-kumar,kumar@mech.iitkgp.ac.in,0000-0001-7636-0625,https://scholar.google.com/citations?user=k7aXzYoAAAAJ,,,,http://facweb.iitkgp.ac.in/~cskumar,https://www.iitkgp.ac.in/Departments/showPeopleFormerStaff [POST show_people_former_staff=faculty&dept_code=ME] (unit page https://www.iitkgp.ac.in/department/ME)
Chirag Deepak Kalelkar,Mechanical Engineering,Assistant Professor Grade-I,current,,https://www.iitkgp.ac.in/department/ME/faculty/me-kalelkar,kalelkar@mech.iitkgp.ac.in,,,,,,https://sites.google.com/view/tinkerer,https://www.iitkgp.ac.in/Departments/showPeopleFormerStaff [POST show_people_former_staff=faculty&dept_code=ME] (unit page https://www.iitkgp.ac.in/department/ME)
Dhananjay Kumar Srivastava,Mechanical Engineering,Associate Professor,current,,https://www.iitkgp.ac.in/department/ME/faculty/me-srivastava,srivastava@mech.iitkgp.ac.in,,,,,,,https://www.iitkgp.ac.in/Departments/showPeopleFormerStaff [POST show_people_former_staff=faculty&dept_code=ME] (unit page https://www.iitkgp.ac.in/department/ME)
Dilip Kumar Pratihar,Mechanical Engineering,Professor,current,,https://www.iitkgp.ac.in/department/ME/faculty/me-dkpra,dkpra@mech.iitkgp.ac.in,,,,,,https://sites.google.com/site/softcomputinglaboratory/home,https://www.iitkgp.ac.in/Departments/showPeopleFormerStaff [POST show_people_former_staff=faculty&dept_code=ME] (unit page https://www.iitkgp.ac.in/department/ME)
Goutam Chakraborty,Mechanical Engineering,Professor,current,,https://www.iitkgp.ac.in/department/ME/faculty/me-goutam,goutam@mech.iitkgp.ac.in,,,,,,,https://www.iitkgp.ac.in/Departments/showPeopleFormerStaff [POST show_people_former_staff=faculty&dept_code=ME] (unit page https://www.iitkgp.ac.in/department/ME)
Jeevanjyoti Chakraborty,Mechanical Engineering,Associate Professor,current,2016,https://www.iitkgp.ac.in/department/ME/faculty/me-jeevan,jeevan@mech.iitkgp.ac.in,0000-0001-9837-8623,,,,,https://facweb.iitkgp.ac.in/~jeevanjyoti/,https://www.iitkgp.ac.in/Departments/showPeopleFormerStaff [POST show_people_former_staff=faculty&dept_code=ME] (unit page https://www.iitkgp.ac.in/department/ME)
Kingshook Bhattacharyya,Mechanical Engineering,Associate Professor,current,,https://www.iitkgp.ac.in/department/ME/faculty/me-king,king@mech.iitkgp.ac.in,,,,,,,https://www.iitkgp.ac.in/Departments/showPeopleFormerStaff [POST show_people_former_staff=faculty&dept_code=ME] (unit page https://www.iitkgp.ac.in/department/ME)
Korak Sarkar,Mechanical Engineering,Assistant Professor Grade-I,current,2021,https://www.iitkgp.ac.in/department/ME/faculty/me-koraksarkar,koraksarkar@mech.iitkgp.ac.in,0000-0002-6734-8381,https://scholar.google.com/citations?user=VL3QDCoAAAAJ,,,,https://sites.google.com/view/prof-korak-sarkar/,https://www.iitkgp.ac.in/Departments/showPeopleFormerStaff [POST show_people_former_staff=faculty&dept_code=ME] (unit page https://www.iitkgp.ac.in/department/ME)
Maddali Ramgopal,Mechanical Engineering,Professor,current,,https://www.iitkgp.ac.in/department/ME/faculty/me-ramg,ramg@mech.iitkgp.ac.in,0009-0009-7774-9224,,,,,,https://www.iitkgp.ac.in/Departments/showPeopleFormerStaff [POST show_people_former_staff=faculty&dept_code=ME] (unit page https://www.iitkgp.ac.in/department/ME)
Mahendra Reddy Vanteru,Mechanical Engineering,Associate Professor,current,2017,https://www.iitkgp.ac.in/department/ME/faculty/me-mahendra,mahendra@iitkgp.ac.in,0000-0001-5470-1011,https://scholar.google.com/citations?user=oUI39ggAAAAJ,,,,,https://www.iitkgp.ac.in/Departments/showPeopleFormerStaff [POST show_people_former_staff=faculty&dept_code=ME] (unit page https://www.iitkgp.ac.in/department/ME)
Manab Kumar Das,Mechanical Engineering,Professor,current,2007,https://www.iitkgp.ac.in/department/ME/faculty/me-manab,manab@mech.iitkgp.ac.in,0000-0002-4596-5231,,,,,https://sites.google.com/view/profmanabkumardas,https://www.iitkgp.ac.in/Departments/showPeopleFormerStaff [POST show_people_former_staff=faculty&dept_code=ME] (unit page https://www.iitkgp.ac.in/department/ME)
Manas Chandra Ray,Mechanical Engineering,Professor,current,,https://www.iitkgp.ac.in/department/ME/faculty/me-mcray,mcray@mech.iitkgp.ac.in,,https://scholar.google.com/citations?user=5DdMpIUAAAAJ,,,,,https://www.iitkgp.ac.in/Departments/showPeopleFormerStaff [POST show_people_former_staff=faculty&dept_code=ME] (unit page https://www.iitkgp.ac.in/department/ME)
Mihir Sarangi,Mechanical Engineering,Professor,current,,https://www.iitkgp.ac.in/department/ME/faculty/me-smihir,smihir@mech.iitkgp.ac.in,,,,,,,https://www.iitkgp.ac.in/Departments/showPeopleFormerStaff [POST show_people_former_staff=faculty&dept_code=ME] (unit page https://www.iitkgp.ac.in/department/ME)
Nilanjan Das Chakladar,Mechanical Engineering,Associate Professor,current,2019,https://www.iitkgp.ac.in/department/ME/faculty/me-ndaschakladar,ndaschakladar@mech.iitkgp.ac.in,0000-0003-0026-0200,https://scholar.google.com/citations?user=0dAqkqwAAAAJ,,,,https://sites.google.com/view/nilanjan-das-chakladar/ace-lab-iitkgp,https://www.iitkgp.ac.in/Departments/showPeopleFormerStaff [POST show_people_former_staff=faculty&dept_code=ME] (unit page https://www.iitkgp.ac.in/department/ME)
Pabitra Badhuk,Mechanical Engineering,Assistant Professor Grade-I,current,,https://www.iitkgp.ac.in/department/ME/faculty/me-pabitrabadhuk,pabitrabadhuk@mech.iitkgp.ac.in,,https://scholar.google.com/citations?user=I42KzOsAAAAJ,,,,https://sites.google.com/view/pabitrabadhuk/home,https://www.iitkgp.ac.in/Departments/showPeopleFormerStaff [POST show_people_former_staff=faculty&dept_code=ME] (unit page https://www.iitkgp.ac.in/department/ME)
Partha Pratim Bandyopadhyay,Mechanical Engineering,Professor,current,,https://www.iitkgp.ac.in/department/ME/faculty/me-ppb,ppb@mech.iitkgp.ac.in,,,,,,https://sites.google.com/site/ppbsurface/,https://www.iitkgp.ac.in/Departments/showPeopleFormerStaff [POST show_people_former_staff=faculty&dept_code=ME] (unit page https://www.iitkgp.ac.in/department/ME)
Partha Saha,Mechanical Engineering,Professor,current,,https://www.iitkgp.ac.in/department/ME/faculty/me-psaha,psaha@mech.iitkgp.ac.in,0000-0002-2454-2002,,,,,,https://www.iitkgp.ac.in/Departments/showPeopleFormerStaff [POST show_people_former_staff=faculty&dept_code=ME] (unit page https://www.iitkgp.ac.in/department/ME)
Pavan Kumar Asur Vijaya Kumar,Mechanical Engineering,Assistant Professor Grade-I,current,2026,https://www.iitkgp.ac.in/department/ME/faculty/me-pavan.asur,pavan.asur@mech.iitkgp.ac.in,0000-0003-4561-9512,https://scholar.google.com/citations?user=0wNyJAcAAAAJ,,,,https://pavanasur.com/,https://www.iitkgp.ac.in/Departments/showPeopleFormerStaff [POST show_people_former_staff=faculty&dept_code=ME] (unit page https://www.iitkgp.ac.in/department/ME)
Poonam Sundriyal,Mechanical Engineering,Assistant Professor Grade-I,current,,https://www.iitkgp.ac.in/department/ME/faculty/me-psundriyal,psundriyal@mech.iitkgp.ac.in,,https://scholar.google.com/citations?user=PDth8gUAAAAJ,,,,,https://www.iitkgp.ac.in/Departments/showPeopleFormerStaff [POST show_people_former_staff=faculty&dept_code=ME] (unit page https://www.iitkgp.ac.in/department/ME)
Prasanta Kumar Das,Mechanical Engineering,Professor,current,,https://www.iitkgp.ac.in/department/ME/faculty/me-pkd,pkd@mech.iitkgp.ac.in,,,,,,,https://www.iitkgp.ac.in/Departments/showPeopleFormerStaff [POST show_people_former_staff=faculty&dept_code=ME] (unit page https://www.iitkgp.ac.in/department/ME)
Prashant Kumar,Mechanical Engineering,Assistant Professor Grade-I,current,,https://www.iitkgp.ac.in/department/ME/faculty/me-prashant,prashant@mech.iitkgp.ac.in,,,,,,https://sites.google.com/view/kumarpiitkgp/home,https://www.iitkgp.ac.in/Departments/showPeopleFormerStaff [POST show_people_former_staff=faculty&dept_code=ME] (unit page https://www.iitkgp.ac.in/department/ME)
Purbarun Dhar,Mechanical Engineering,Associate Professor,current,,https://www.iitkgp.ac.in/department/ME/faculty/me-purbarun,purbarun@mech.iitkgp.ac.in,,,,,,https://sites.google.com/site/pdhar1990/,https://www.iitkgp.ac.in/Departments/showPeopleFormerStaff [POST show_people_former_staff=faculty&dept_code=ME] (unit page https://www.iitkgp.ac.in/department/ME)
Rajaram Lakkaraju,Mechanical Engineering,Associate Professor,current,,https://www.iitkgp.ac.in/department/ME/faculty/me-rlakkaraju,rlakkaraju@mech.iitkgp.ac.in,,,,,,https://sites.google.com/view/rajaramlakkaraju,https://www.iitkgp.ac.in/Departments/showPeopleFormerStaff [POST show_people_former_staff=faculty&dept_code=ME] (unit page https://www.iitkgp.ac.in/department/ME)
Saikat Mukherjee,Mechanical Engineering,Assistant Professor Grade-II,current,,https://www.iitkgp.ac.in/department/ME/faculty/me-saikat,saikat@mech.iitkgp.ac.in,,https://scholar.google.com/citations?user=XNc0cMwAAAAJ,,,,https://saikatiitkgp.github.io/msg/#,https://www.iitkgp.ac.in/Departments/showPeopleFormerStaff [POST show_people_former_staff=faculty&dept_code=ME] (unit page https://www.iitkgp.ac.in/department/ME)
Sandipan Ghosh Moulic,Mechanical Engineering,Professor,current,2015,https://www.iitkgp.ac.in/department/ME/faculty/me-moulic,moulic@mech.iitkgp.ac.in,0000-0003-0020-2019,,,,,,https://www.iitkgp.ac.in/Departments/showPeopleFormerStaff [POST show_people_former_staff=faculty&dept_code=ME] (unit page https://www.iitkgp.ac.in/department/ME)
Sanjay Gupta,Mechanical Engineering,Professor,current,2006,https://www.iitkgp.ac.in/department/ME/faculty/me-sangupta,sangupta@mech.iitkgp.ac.in,0000-0003-0745-1448,,,,,https://sites.google.com/view/biomechanics-lab-iitkgp,https://www.iitkgp.ac.in/Departments/showPeopleFormerStaff [POST show_people_former_staff=faculty&dept_code=ME] (unit page https://www.iitkgp.ac.in/department/ME)
Sankha Deb,Mechanical Engineering,Associate Professor,current,,https://www.iitkgp.ac.in/department/ME/faculty/me-sankha.deb,sankha.deb@mech.iitkgp.ac.in,,,,,,https://facweb.iitkgp.ac.in/~sankhadeb/,https://www.iitkgp.ac.in/Departments/showPeopleFormerStaff [POST show_people_former_staff=faculty&dept_code=ME] (unit page https://www.iitkgp.ac.in/department/ME)
Shyam Kumar M,Mechanical Engineering,Assistant Professor Grade-I,current,2026,https://www.iitkgp.ac.in/department/ME/faculty/me-skumarm,skumarm@mech.iitkgp.ac.in,0000-0002-1328-8600,https://scholar.google.com/citations?user=lq-iv2YAAAAJ,,,,https://sites.google.com/umn.edu/shyamkumarm/bio#h.7r51y2xmgz5f,https://www.iitkgp.ac.in/Departments/showPeopleFormerStaff [POST show_people_former_staff=faculty&dept_code=ME] (unit page https://www.iitkgp.ac.in/department/ME)
Siddharth Tamang,Mechanical Engineering,Assistant Professor Grade-I,current,,https://www.iitkgp.ac.in/department/ME/faculty/me-stamang,stamang@mech.iitkgp.ac.in,,,,,,https://sites.google.com/view/dr-siddharth-tamang/home,https://www.iitkgp.ac.in/Departments/showPeopleFormerStaff [POST show_people_former_staff=faculty&dept_code=ME] (unit page https://www.iitkgp.ac.in/department/ME)
Somnath Roy,Mechanical Engineering,Professor,current,2016,https://www.iitkgp.ac.in/department/ME/faculty/me-somnath.roy,somnath.roy@mech.iitkgp.ac.in,0000-0003-3243-2134,https://scholar.google.com/citations?user=1ZKCIrQAAAAJ,,,,https://sites.google.com/view/accfd-lab,https://www.iitkgp.ac.in/Departments/showPeopleFormerStaff [POST show_people_former_staff=faculty&dept_code=ME] (unit page https://www.iitkgp.ac.in/department/ME)
Soumitra Paul,Mechanical Engineering,Professor,current,1995,https://www.iitkgp.ac.in/department/ME/faculty/me-spaul,spaul@mech.iitkgp.ac.in,0000-0002-8879-6829,https://scholar.google.com/citations?user=AFOq-YQAAAAJ,,,,,https://www.iitkgp.ac.in/Departments/showPeopleFormerStaff [POST show_people_former_staff=faculty&dept_code=ME] (unit page https://www.iitkgp.ac.in/department/ME)
Sourav Mitra,Mechanical Engineering,Assistant Professor Grade-I,current,2017,https://www.iitkgp.ac.in/department/ME/faculty/me-sourav,sourav@mech.iitkgp.ac.in,0000-0002-0789-7370,https://scholar.google.com/citations?user=ea7ot_cAAAAJ,,,,https://sites.google.com/view/sourav-mitra,https://www.iitkgp.ac.in/Departments/showPeopleFormerStaff [POST show_people_former_staff=faculty&dept_code=ME] (unit page https://www.iitkgp.ac.in/department/ME)
Suman Chakraborty,Mechanical Engineering,Director,current,,https://www.iitkgp.ac.in/department/ME/faculty/me-director,director@iitkgp.ac.in,,,,,,https://sites.google.com/site/sumanchakrabortymicrofluidics/,https://www.iitkgp.ac.in/Departments/showPeopleFormerStaff [POST show_people_former_staff=faculty&dept_code=ME] (unit page https://www.iitkgp.ac.in/department/ME)
Suman Dutta,Mechanical Engineering,Assistant Professor Grade-II,current,2026,https://www.iitkgp.ac.in/department/ME/faculty/me-sumandutta,sumandutta@mech.iitkgp.ac.in,0000-0002-1316-0172,https://scholar.google.com/citations?user=WpXfmUMAAAAJ,,,,https://sites.google.com/view/sumanduttame/,https://www.iitkgp.ac.in/Departments/showPeopleFormerStaff [POST show_people_former_staff=faculty&dept_code=ME] (unit page https://www.iitkgp.ac.in/department/ME)
Surjya Kanta Pal,Mechanical Engineering,Professor,current,,https://www.iitkgp.ac.in/department/ME/faculty/me-skpal,skpal@mech.iitkgp.ac.in,0000-0003-2182-6349,,,,,https://fswlab.in/skpal,https://www.iitkgp.ac.in/Departments/showPeopleFormerStaff [POST show_people_former_staff=faculty&dept_code=ME] (unit page https://www.iitkgp.ac.in/department/ME)
Sushanta Kumar Panda,Mechanical Engineering,Professor,current,,https://www.iitkgp.ac.in/department/ME/faculty/me-sushanta.panda,sushanta.panda@mech.iitkgp.ac.in,,,,,,,https://www.iitkgp.ac.in/Departments/showPeopleFormerStaff [POST show_people_former_staff=faculty&dept_code=ME] (unit page https://www.iitkgp.ac.in/department/ME)
Venkata Naga Vamsi Munagala,Mechanical Engineering,Assistant Professor Grade-I,current,2022,https://www.iitkgp.ac.in/department/ME/faculty/me-vamsi,vamsi@mech.iitkgp.ac.in,0000-0001-7231-1420,https://scholar.google.com/citations?user=8oS0DDsAAAAJ,,,,,https://www.iitkgp.ac.in/Departments/showPeopleFormerStaff [POST show_people_former_staff=faculty&dept_code=ME] (unit page https://www.iitkgp.ac.in/department/ME)
Vikranth Racherla,Mechanical Engineering,Professor,current,2019,https://www.iitkgp.ac.in/department/ME/faculty/me-vikranth.racherla,vikranth.racherla@mech.iitkgp.ac.in,0000-0002-0218-9260,,,,,,https://www.iitkgp.ac.in/Departments/showPeopleFormerStaff [POST show_people_former_staff=faculty&dept_code=ME] (unit page https://www.iitkgp.ac.in/department/ME)
Amlan Dutta,Metallurgical and Materials Engineering,Associate Professor,current,2018,https://www.iitkgp.ac.in/department/MT/faculty/mt-amlan.dutta,amlan.dutta@metal.iitkgp.ac.in,0000-0002-5207-180X,,,,,https://facweb.iitkgp.ac.in/~amlandutta,https://www.iitkgp.ac.in/Departments/showPeopleFormerStaff [POST show_people_former_staff=faculty&dept_code=MT] (unit page https://www.iitkgp.ac.in/department/MT)
Brij Kumar Dhindaw,Metallurgical and Materials Engineering,Distinguished Professor,current,,https://www.iitkgp.ac.in/department/MT/faculty/mt-QklyeUswcTlPS01heExrUFpDWWkvZz09,,,,,,,,https://www.iitkgp.ac.in/Departments/showPeopleFormerStaff [POST show_people_former_staff=faculty&dept_code=MT] (unit page https://www.iitkgp.ac.in/department/MT)
Chaitali Shridhar Patil,Metallurgical and Materials Engineering,Assistant Professor Grade-I,current,,https://www.iitkgp.ac.in/department/MT/faculty/mt-cspatil,cspatil@metal.iitkgp.ac.in,,,,,,,https://www.iitkgp.ac.in/Departments/showPeopleFormerStaff [POST show_people_former_staff=faculty&dept_code=MT] (unit page https://www.iitkgp.ac.in/department/MT)
Chandra Sekhar Tiwary,Metallurgical and Materials Engineering,Associate Professor,current,,https://www.iitkgp.ac.in/department/MT/faculty/mt-chandra.tiwary,chandra.tiwary@metal.iitkgp.ac.in,,,,,,https://cstiwary.iitkgp.ac.in/,https://www.iitkgp.ac.in/Departments/showPeopleFormerStaff [POST show_people_former_staff=faculty&dept_code=MT] (unit page https://www.iitkgp.ac.in/department/MT)
Chenna Rao Borra,Metallurgical and Materials Engineering,Assistant Professor Grade-I,current,2019,https://www.iitkgp.ac.in/department/MT/faculty/mt-chenna.borra,chenna.borra@metal.iitkgp.ac.in,0000-0002-7141-8872,,,,,,https://www.iitkgp.ac.in/Departments/showPeopleFormerStaff [POST show_people_former_staff=faculty&dept_code=MT] (unit page https://www.iitkgp.ac.in/department/MT)
Chetan Singh,Metallurgical and Materials Engineering,Assistant Professor Grade-I,current,2026,https://www.iitkgp.ac.in/department/MT/faculty/mt-chetan,chetan@metal.iitkgp.ac.in,0000-0001-7721-470X,https://scholar.google.com/citations?user=pxUmUlAAAAAJ,,,,https://www.csinghlab.com/,https://www.iitkgp.ac.in/Departments/showPeopleFormerStaff [POST show_people_former_staff=faculty&dept_code=MT] (unit page https://www.iitkgp.ac.in/department/MT)
Debalay Chakrabarti,Metallurgical and Materials Engineering,Professor,current,2008,https://www.iitkgp.ac.in/department/MT/faculty/mt-debalay,debalay@metal.iitkgp.ac.in,0000-0001-7842-6114,,,,,https://sites.google.com/view/debalaychakrabarti/welcome,https://www.iitkgp.ac.in/Departments/showPeopleFormerStaff [POST show_people_former_staff=faculty&dept_code=MT] (unit page https://www.iitkgp.ac.in/department/MT)
Gobinda Das Adhikary,Metallurgical and Materials Engineering,Assistant Professor Grade-I,current,,https://www.iitkgp.ac.in/department/MT/faculty/mt-gda53,gda53@metal.iitkgp.ac.in,,https://scholar.google.com/citations?user=jUMwE1gAAAAJ,,,,,https://www.iitkgp.ac.in/Departments/showPeopleFormerStaff [POST show_people_former_staff=faculty&dept_code=MT] (unit page https://www.iitkgp.ac.in/department/MT)
Gour Gopal Roy,Metallurgical and Materials Engineering,Professor,current,1997,https://www.iitkgp.ac.in/department/MT/faculty/mt-ggroy,ggroy@metal.iitkgp.ac.in,0000-0002-0212-2891,,,,,,https://www.iitkgp.ac.in/Departments/showPeopleFormerStaff [POST show_people_former_staff=faculty&dept_code=MT] (unit page https://www.iitkgp.ac.in/department/MT)
Indrani Sen,Metallurgical and Materials Engineering,Associate Professor,current,2013,https://www.iitkgp.ac.in/department/MT/faculty/mt-indrani.sen,indrani.sen@metal.iitkgp.ac.in,0000-0001-5912-468X,,,,,https://sites.google.com/view/mmprlab-iitkgp,https://www.iitkgp.ac.in/Departments/showPeopleFormerStaff [POST show_people_former_staff=faculty&dept_code=MT] (unit page https://www.iitkgp.ac.in/department/MT)
Jayanta Das,Metallurgical and Materials Engineering,Professor,current,2010,https://www.iitkgp.ac.in/department/MT/faculty/mt-j.das,j.das@metal.iitkgp.ac.in,0000-0001-8750-5463,,,,,http://www.facweb.iitkgp.ac.in/~jdas/mfm/,https://www.iitkgp.ac.in/Departments/showPeopleFormerStaff [POST show_people_former_staff=faculty&dept_code=MT] (unit page https://www.iitkgp.ac.in/department/MT)
Jyotsna Dutta Majumdar,Metallurgical and Materials Engineering,Professor,current,,https://www.iitkgp.ac.in/department/MT/faculty/mt-jyotsna,jyotsna@metal.iitkgp.ac.in,0000-0001-7843-3592,https://scholar.google.com/citations?user=zJ1MwykAAAAJ,,,,https://www.jduttamajumdar.in,https://www.iitkgp.ac.in/Departments/showPeopleFormerStaff [POST show_people_former_staff=faculty&dept_code=MT] (unit page https://www.iitkgp.ac.in/department/MT)
Karabi Das,Metallurgical and Materials Engineering,Professor,current,2020,https://www.iitkgp.ac.in/department/MT/faculty/mt-karabi,karabi@metal.iitkgp.ac.in,0000-0003-4532-4992,,,,,,https://www.iitkgp.ac.in/Departments/showPeopleFormerStaff [POST show_people_former_staff=faculty&dept_code=MT] (unit page https://www.iitkgp.ac.in/department/MT)
Koundinya N T B N,Metallurgical and Materials Engineering,Assistant Professor Grade-I,current,,https://www.iitkgp.ac.in/department/MT/faculty/mt-koundinya,koundinya@metal.iitkgp.ac.in,0000-0003-4824-6993,https://scholar.google.com/citations?user=3LdcUVcAAAAJ,,,,https://koundinyantbn.github.io,https://www.iitkgp.ac.in/Departments/showPeopleFormerStaff [POST show_people_former_staff=faculty&dept_code=MT] (unit page https://www.iitkgp.ac.in/department/MT)
Koushik Biswas,Metallurgical and Materials Engineering,Professor,current,,https://www.iitkgp.ac.in/department/MT/faculty/mt-k_biswas,k_biswas@metal.iitkgp.ac.in,0009-0006-8075-2297,,,,,,https://www.iitkgp.ac.in/Departments/showPeopleFormerStaff [POST show_people_former_staff=faculty&dept_code=MT] (unit page https://www.iitkgp.ac.in/department/MT)
Manas Paliwal,Metallurgical and Materials Engineering,Assistant Professor Grade-I,current,,https://www.iitkgp.ac.in/department/MT/faculty/mt-ekNDWEQ1VUVmUG4wOHFiWmlEU2lxdz09,,,,,,,https://manaspaliwal.com,https://www.iitkgp.ac.in/Departments/showPeopleFormerStaff [POST show_people_former_staff=faculty&dept_code=MT] (unit page https://www.iitkgp.ac.in/department/MT)
Mangal Roy,Metallurgical and Materials Engineering,Professor,current,,https://www.iitkgp.ac.in/department/MT/faculty/mt-mroy,mroy@metal.iitkgp.ac.in,,,,,,,https://www.iitkgp.ac.in/Departments/showPeopleFormerStaff [POST show_people_former_staff=faculty&dept_code=MT] (unit page https://www.iitkgp.ac.in/department/MT)
Manish Kumar Kar,Metallurgical and Materials Engineering,Assistant Professor Grade-II,current,,https://www.iitkgp.ac.in/department/MT/faculty/mt-manish1993,manish1993@metal.iitkgp.ac.in,,,,,,,https://www.iitkgp.ac.in/Departments/showPeopleFormerStaff [POST show_people_former_staff=faculty&dept_code=MT] (unit page https://www.iitkgp.ac.in/department/MT)
Rahul Mitra,Metallurgical and Materials Engineering,Professor,current,2002,https://www.iitkgp.ac.in/department/MT/faculty/mt-rahul,rahul@metal.iitkgp.ac.in,0000-0002-2908-1479,,,,,https://sites.google.com/view/rahulmitra-iitkgp/home,https://www.iitkgp.ac.in/Departments/showPeopleFormerStaff [POST show_people_former_staff=faculty&dept_code=MT] (unit page https://www.iitkgp.ac.in/department/MT)
Sankha Mukherjee,Metallurgical and Materials Engineering,Assistant Professor Grade-I,current,2020,https://www.iitkgp.ac.in/department/MT/faculty/mt-sankha,sankha@metal.iitkgp.ac.in,0000-0001-9094-0538,,,,,https://sites.google.com/view/sankha-mukherjee/home,https://www.iitkgp.ac.in/Departments/showPeopleFormerStaff [POST show_people_former_staff=faculty&dept_code=MT] (unit page https://www.iitkgp.ac.in/department/MT)
Shampa Aich,Metallurgical and Materials Engineering,Professor,current,,https://www.iitkgp.ac.in/department/MT/faculty/mt-saich,saich@metal.iitkgp.ac.in,,,,,,,https://www.iitkgp.ac.in/Departments/showPeopleFormerStaff [POST show_people_former_staff=faculty&dept_code=MT] (unit page https://www.iitkgp.ac.in/department/MT)
Shiv Brat Singh,Metallurgical and Materials Engineering,Professor,current,,https://www.iitkgp.ac.in/department/MT/faculty/mt-sbs22,sbs22@metal.iitkgp.ac.in,0009-0009-2044-2766,,,,,,https://www.iitkgp.ac.in/Departments/showPeopleFormerStaff [POST show_people_former_staff=faculty&dept_code=MT] (unit page https://www.iitkgp.ac.in/department/MT)
Siddhartha Das,Metallurgical and Materials Engineering,Professor,current,,https://www.iitkgp.ac.in/department/MT/faculty/mt-sdas,sdas@metal.iitkgp.ac.in,,,,,,,https://www.iitkgp.ac.in/Departments/showPeopleFormerStaff [POST show_people_former_staff=faculty&dept_code=MT] (unit page https://www.iitkgp.ac.in/department/MT)
Siddhartha Roy,Metallurgical and Materials Engineering,Assistant Professor Grade-I,current,,https://www.iitkgp.ac.in/department/MT/faculty/mt-siddhartha,siddhartha@metal.iitkgp.ac.in,,,,,,https://www.researchgate.net/profile/Siddhartha-Roy-4,https://www.iitkgp.ac.in/Departments/showPeopleFormerStaff [POST show_people_former_staff=faculty&dept_code=MT] (unit page https://www.iitkgp.ac.in/department/MT)
Somjeet Biswas,Metallurgical and Materials Engineering,Professor,current,2014,https://www.iitkgp.ac.in/department/MT/faculty/mt-somjeetbiswas,somjeetbiswas@metal.iitkgp.ac.in,0000-0002-9397-997X,https://scholar.google.com/citations?user=MxfWQtEAAAAJ,,,,https://sites.google.com/site/somjeetbiswas/,https://www.iitkgp.ac.in/Departments/showPeopleFormerStaff [POST show_people_former_staff=faculty&dept_code=MT] (unit page https://www.iitkgp.ac.in/department/MT)
Sujoy Kumar Kar,Metallurgical and Materials Engineering,Professor,current,,https://www.iitkgp.ac.in/department/MT/faculty/mt-sujoy.kar,sujoy.kar@metal.iitkgp.ac.in,,https://scholar.google.com/citations?user=Y3smu2MAAAAJ,,,,,https://www.iitkgp.ac.in/Departments/showPeopleFormerStaff [POST show_people_former_staff=faculty&dept_code=MT] (unit page https://www.iitkgp.ac.in/department/MT)
Sumantra Mandal,Metallurgical and Materials Engineering,Professor,current,,https://www.iitkgp.ac.in/department/MT/faculty/mt-sumantra.mandal,sumantra.mandal@metal.iitkgp.ac.in,,,,,,https://www.admergiitkgp.com/,https://www.iitkgp.ac.in/Departments/showPeopleFormerStaff [POST show_people_former_staff=faculty&dept_code=MT] (unit page https://www.iitkgp.ac.in/department/MT)
Tapas Kumar Bandyopadhyay,Metallurgical and Materials Engineering,Professor,current,,https://www.iitkgp.ac.in/department/MT/faculty/mt-tapas,tapas@rgsoipl.iitkgp.ac.in,,,,,,,https://www.iitkgp.ac.in/Departments/showPeopleFormerStaff [POST show_people_former_staff=faculty&dept_code=MT] (unit page https://www.iitkgp.ac.in/department/MT)
Tapas Laha,Metallurgical and Materials Engineering,Professor,current,,https://www.iitkgp.ac.in/department/MT/faculty/mt-laha,laha@metal.iitkgp.ac.in,0000-0002-5931-5168,,,,,https://sites.google.com/view/lampiitkgp,https://www.iitkgp.ac.in/Departments/showPeopleFormerStaff [POST show_people_former_staff=faculty&dept_code=MT] (unit page https://www.iitkgp.ac.in/department/MT)
Tarun Kumar Kundu,Metallurgical and Materials Engineering,Professor,current,,https://www.iitkgp.ac.in/department/MT/faculty/mt-tkkundu,tkkundu@metal.iitkgp.ac.in,,,,,,,https://www.iitkgp.ac.in/Departments/showPeopleFormerStaff [POST show_people_former_staff=faculty&dept_code=MT] (unit page https://www.iitkgp.ac.in/department/MT)
Abhiram Kumar Verma,Mining Engineering,Professor,current,2016,https://www.iitkgp.ac.in/department/MI/faculty/mi-akverma,akverma@mining.iitkgp.ac.in,0000-0003-2487-010X,,,,,,https://www.iitkgp.ac.in/Departments/showPeopleFormerStaff [POST show_people_former_staff=faculty&dept_code=MI] (unit page https://www.iitkgp.ac.in/department/MI)
Aditya Kumar Patra,Mining Engineering,Professor,current,,https://www.iitkgp.ac.in/department/MI/faculty/mi-akpatra,akpatra@mining.iitkgp.ac.in,,,,,,http://www.iitkgp.ac.in/department/MI/faculty/mi-akpatra,https://www.iitkgp.ac.in/Departments/showPeopleFormerStaff [POST show_people_former_staff=faculty&dept_code=MI] (unit page https://www.iitkgp.ac.in/department/MI)
Aditya Pandey,Mining Engineering,Assistant Professor Grade-I,current,2026,https://www.iitkgp.ac.in/department/MI/faculty/mi-aditya,aditya@mining.iitkgp.ac.in,0000-0003-3689-3181,,,,,,https://www.iitkgp.ac.in/Departments/showPeopleFormerStaff [POST show_people_former_staff=faculty&dept_code=MI] (unit page https://www.iitkgp.ac.in/department/MI)
Arun Kumar Majumder,Mining Engineering,Professor,current,,https://www.iitkgp.ac.in/department/MI/faculty/mi-akm,akm@mining.iitkgp.ac.in,,,,,,,https://www.iitkgp.ac.in/Departments/showPeopleFormerStaff [POST show_people_former_staff=faculty&dept_code=MI] (unit page https://www.iitkgp.ac.in/department/MI)
Basanta Kumar Prusty,Mining Engineering,Professor,current,,https://www.iitkgp.ac.in/department/MI/faculty/mi-bkprusty,bkprusty@mining.iitkgp.ac.in,,,,,,,https://www.iitkgp.ac.in/Departments/showPeopleFormerStaff [POST show_people_former_staff=faculty&dept_code=MI] (unit page https://www.iitkgp.ac.in/department/MI)
Biswajit Samanta,Mining Engineering,Professor,current,,https://www.iitkgp.ac.in/department/MI/faculty/mi-samantab,samantab@mining.iitkgp.ac.in,,,,,,http://None,https://www.iitkgp.ac.in/Departments/showPeopleFormerStaff [POST show_people_former_staff=faculty&dept_code=MI] (unit page https://www.iitkgp.ac.in/department/MI)
Debashish Chakravarty,Mining Engineering,Professor,current,,https://www.iitkgp.ac.in/department/MI/faculty/mi-dc,dc@mining.iitkgp.ac.in,,,,,,http://facweb.iitkgp.ernet.in/~dc/,https://www.iitkgp.ac.in/Departments/showPeopleFormerStaff [POST show_people_former_staff=faculty&dept_code=MI] (unit page https://www.iitkgp.ac.in/department/MI)
Debasis Deb,Mining Engineering,Professor,current,,https://www.iitkgp.ac.in/department/MI/faculty/mi-deb,deb@iitkgp.ac.in,,,,,,,https://www.iitkgp.ac.in/Departments/showPeopleFormerStaff [POST show_people_former_staff=faculty&dept_code=MI] (unit page https://www.iitkgp.ac.in/department/MI)
Islavath Sreenivasa Rao,Mining Engineering,Associate Professor,current,2020,https://www.iitkgp.ac.in/department/MI/faculty/mi-islavathsreenivas,islavathsreenivas@mining.iitkgp.ac.in,0000-0003-3943-5573,,,,,,https://www.iitkgp.ac.in/Departments/showPeopleFormerStaff [POST show_people_former_staff=faculty&dept_code=MI] (unit page https://www.iitkgp.ac.in/department/MI)
Kaushik Dey,Mining Engineering,Associate Professor,current,,https://www.iitkgp.ac.in/department/MI/faculty/mi-kausdey,kausdey@mining.iitkgp.ac.in,,,,,,,https://www.iitkgp.ac.in/Departments/showPeopleFormerStaff [POST show_people_former_staff=faculty&dept_code=MI] (unit page https://www.iitkgp.ac.in/department/MI)
Paluchamy B,Mining Engineering,Assistant Professor Grade-I,current,,https://www.iitkgp.ac.in/department/MI/faculty/mi-paluchamyb,paluchamyb@mining.iitkgp.ac.in,0000-0001-9786-4304,,,,,,https://www.iitkgp.ac.in/Departments/showPeopleFormerStaff [POST show_people_former_staff=faculty&dept_code=MI] (unit page https://www.iitkgp.ac.in/department/MI)
Rakesh Kumar,Mining Engineering,Associate Professor,current,,https://www.iitkgp.ac.in/department/MI/faculty/mi-rkumar,rkumar@mining.iitkgp.ac.in,,,,,,,https://www.iitkgp.ac.in/Departments/showPeopleFormerStaff [POST show_people_former_staff=faculty&dept_code=MI] (unit page https://www.iitkgp.ac.in/department/MI)
Sankhaneel Sinha,Mining Engineering,Assistant Professor Grade-I,current,,https://www.iitkgp.ac.in/department/MI/faculty/mi-ssinha,ssinha@mining.iitkgp.ac.in,0009-0009-8922-242X,,,,,,https://www.iitkgp.ac.in/Departments/showPeopleFormerStaff [POST show_people_former_staff=faculty&dept_code=MI] (unit page https://www.iitkgp.ac.in/department/MI)
Shantanu Kumar Patel,Mining Engineering,Assistant Professor Grade-I,current,,https://www.iitkgp.ac.in/department/MI/faculty/mi-shantanu.patel,shantanu.patel@mining.iitkgp.ac.in,,,,,,,https://www.iitkgp.ac.in/Departments/showPeopleFormerStaff [POST show_people_former_staff=faculty&dept_code=MI] (unit page https://www.iitkgp.ac.in/department/MI)
Subhendu Mishra,Mining Engineering,Assistant Professor Grade-II,current,,https://www.iitkgp.ac.in/department/MI/faculty/mi-subhendu,subhendu@mining.iitkgp.ac.in,,,,,,,https://www.iitkgp.ac.in/Departments/showPeopleFormerStaff [POST show_people_former_staff=faculty&dept_code=MI] (unit page https://www.iitkgp.ac.in/department/MI)
Sunita Mishra,Mining Engineering,Assistant Professor Grade-I,current,,https://www.iitkgp.ac.in/department/MI/faculty/mi-smishra,smishra@mining.iitkgp.ac.in,,https://scholar.google.com/citations?user=iOQkbH8AAAAJ,,58704695800,,https://www.sunitamishra.com/,https://www.iitkgp.ac.in/Departments/showPeopleFormerStaff [POST show_people_former_staff=faculty&dept_code=MI] (unit page https://www.iitkgp.ac.in/department/MI)
Archana Shukla,Nano Science and Technology,Assistant Professor Grade-I,current,,https://www.iitkgp.ac.in/department/NT/faculty/nt-archana,archana@iitkgp.ac.in,,,,,,,https://www.iitkgp.ac.in/Departments/showPeopleFormerStaff [POST show_people_former_staff=faculty&dept_code=NT] (unit page https://www.iitkgp.ac.in/department/NT)
Indranath Chakraborty,Nano Science and Technology,Assistant Professor Grade-I,current,2022,https://www.iitkgp.ac.in/department/NT/faculty/nt-indranath,indranath@iitkgp.ac.in,0000-0003-4195-9384,,,,,https://www.indranathresearchgroup.in,https://www.iitkgp.ac.in/Departments/showPeopleFormerStaff [POST show_people_former_staff=faculty&dept_code=NT] (unit page https://www.iitkgp.ac.in/department/NT)
Shivendu Ranjan,Nano Science and Technology,Assistant Professor Grade-I,current,2022,https://www.iitkgp.ac.in/department/NT/faculty/nt-shivendu,shivendu@iitkgp.ac.in,0000-0001-6552-038X,https://scholar.google.com/citations?user=YbifoBIAAAAJ,,56030427200,,https://nanobio.wixsite.com/shivendu,https://www.iitkgp.ac.in/Departments/showPeopleFormerStaff [POST show_people_former_staff=faculty&dept_code=NT] (unit page https://www.iitkgp.ac.in/department/NT)
Anirban Bhattacharyya,Ocean Engg and Naval Architecture,Associate Professor,current,2016,https://www.iitkgp.ac.in/department/NA/faculty/na-ab,ab@naval.iitkgp.ac.in,0000-0002-1987-0685,,,,,http://www.iitkgp.ac.in/fac-profiles/showprofile.php?empcode=SXmUZ&depts_name=NA,https://www.iitkgp.ac.in/Departments/showPeopleFormerStaff [POST show_people_former_staff=faculty&dept_code=NA] (unit page https://www.iitkgp.ac.in/department/NA)
Arpit Mishra,Ocean Engg and Naval Architecture,Assistant Professor Grade-I,current,,https://www.iitkgp.ac.in/department/NA/faculty/na-arpit.mishra,arpit.mishra@naval.iitkgp.ac.in,0000-0001-5207-937X,,,,,https://www.linkedin.com/in/arpit-mishra-ph-d-940962a0/,https://www.iitkgp.ac.in/Departments/showPeopleFormerStaff [POST show_people_former_staff=faculty&dept_code=NA] (unit page https://www.iitkgp.ac.in/department/NA)
Arunjyoti Sarkar,Ocean Engg and Naval Architecture,Associate Professor,current,2014,https://www.iitkgp.ac.in/department/NA/faculty/na-arun,arun@naval.iitkgp.ac.in,0000-0003-4056-9421,,,,,,https://www.iitkgp.ac.in/Departments/showPeopleFormerStaff [POST show_people_former_staff=faculty&dept_code=NA] (unit page https://www.iitkgp.ac.in/department/NA)
Hari V Warrior,Ocean Engg and Naval Architecture,Professor,current,,https://www.iitkgp.ac.in/department/NA/faculty/na-warrior,warrior@naval.iitkgp.ac.in,,,,,,,https://www.iitkgp.ac.in/Departments/showPeopleFormerStaff [POST show_people_former_staff=faculty&dept_code=NA] (unit page https://www.iitkgp.ac.in/department/NA)
Jagadeesh Kadiyam,Ocean Engg and Naval Architecture,Assistant Professor Grade-I,current,,https://www.iitkgp.ac.in/department/NA/faculty/na-jagadeesh,jagadeesh@naval.iitkgp.ac.in,,,,,,,https://www.iitkgp.ac.in/Departments/showPeopleFormerStaff [POST show_people_former_staff=faculty&dept_code=NA] (unit page https://www.iitkgp.ac.in/department/NA)
Kiran Adhithya Ramakrishnan,Ocean Engg and Naval Architecture,Assistant Professor Grade-II,current,2026,https://www.iitkgp.ac.in/department/NA/faculty/na-kiranadhithya,kiranadhithya@naval.iitkgp.ac.in,0000-0002-7128-283X,,,,,http://www.linkedin.com/in/kiran-adhithya-ramakrishnan-4322a4107,https://www.iitkgp.ac.in/Departments/showPeopleFormerStaff [POST show_people_former_staff=faculty&dept_code=NA] (unit page https://www.iitkgp.ac.in/department/NA)
Kiran Vijayan,Ocean Engg and Naval Architecture,Associate Professor,current,2015,https://www.iitkgp.ac.in/department/NA/faculty/na-kiran.vijayan,kiran.vijayan@naval.iitkgp.ac.in,0000-0002-3015-9667,https://scholar.google.com/citations?user=lgJ4GDwAAAAJ,,,,https://sites.google.com/view/kiranv,https://www.iitkgp.ac.in/Departments/showPeopleFormerStaff [POST show_people_former_staff=faculty&dept_code=NA] (unit page https://www.iitkgp.ac.in/department/NA)
Kondeti Lakshmi Vasudev,Ocean Engg and Naval Architecture,Assistant Professor Grade-I,current,2023,https://www.iitkgp.ac.in/department/NA/faculty/na-lakshmivasudev,lakshmivasudev@naval.iitkgp.ac.in,0000-0002-6429-3434,,,,,,https://www.iitkgp.ac.in/Departments/showPeopleFormerStaff [POST show_people_former_staff=faculty&dept_code=NA] (unit page https://www.iitkgp.ac.in/department/NA)
Mainak Chakraborty,Ocean Engg and Naval Architecture,Assistant Professor Grade-I,current,,https://www.iitkgp.ac.in/department/NA/faculty/na-mchakraborty,mchakraborty@naval.iitkgp.ac.in,0000-0002-6147-7772,https://scholar.google.com/citations?user=lFBmFyUAAAAJ,,,,,https://www.iitkgp.ac.in/Departments/showPeopleFormerStaff [POST show_people_former_staff=faculty&dept_code=NA] (unit page https://www.iitkgp.ac.in/department/NA)
Md Rushdie Ibne Islam,Ocean Engg and Naval Architecture,Assistant Professor Grade-I,current,,https://www.iitkgp.ac.in/department/NA/faculty/na-mrii,mrii@naval.iitkgp.ac.in,,,,,,https://rushdieislam.github.io/,https://www.iitkgp.ac.in/Departments/showPeopleFormerStaff [POST show_people_former_staff=faculty&dept_code=NA] (unit page https://www.iitkgp.ac.in/department/NA)
Prasad Kumar Bhaskaran,Ocean Engg and Naval Architecture,Professor,current,,https://www.iitkgp.ac.in/department/NA/faculty/na-pkbhaskaran,pkbhaskaran@naval.iitkgp.ac.in,,,,,,,https://www.iitkgp.ac.in/Departments/showPeopleFormerStaff [POST show_people_former_staff=faculty&dept_code=NA] (unit page https://www.iitkgp.ac.in/department/NA)
Ranadev Datta,Ocean Engg and Naval Architecture,Associate Professor,current,,https://www.iitkgp.ac.in/department/NA/faculty/na-ranadev,ranadev@naval.iitkgp.ac.in,,,,,,http://www.naval.iitkgp.ernet.in/home/faculty/home.php?id=ranadev,https://www.iitkgp.ac.in/Departments/showPeopleFormerStaff [POST show_people_former_staff=faculty&dept_code=NA] (unit page https://www.iitkgp.ac.in/department/NA)
Ritwik Ghoshal,Ocean Engg and Naval Architecture,Assistant Professor Grade-I,current,,https://www.iitkgp.ac.in/department/NA/faculty/na-ritwik,ritwik@naval.iitkgp.ac.in,,,,,,https://sites.google.com/site/ritwikghoshal,https://www.iitkgp.ac.in/Departments/showPeopleFormerStaff [POST show_people_former_staff=faculty&dept_code=NA] (unit page https://www.iitkgp.ac.in/department/NA)
Shubhrajit Maitra,Ocean Engg and Naval Architecture,Assistant Professor Grade-I,current,2026,https://www.iitkgp.ac.in/department/NA/faculty/na-sm,sm@naval.iitkgp.ac.in,0000-0002-1713-7316,,,,,,https://www.iitkgp.ac.in/Departments/showPeopleFormerStaff [POST show_people_former_staff=faculty&dept_code=NA] (unit page https://www.iitkgp.ac.in/department/NA)
Swapnadip De Chowdhury,Ocean Engg and Naval Architecture,Assistant Professor Grade-I,current,,https://www.iitkgp.ac.in/department/NA/faculty/na-sdip,sdip@naval.iitkgp.ac.in,0000-0002-1913-9809,,,,,,https://www.iitkgp.ac.in/Departments/showPeopleFormerStaff [POST show_people_former_staff=faculty&dept_code=NA] (unit page https://www.iitkgp.ac.in/department/NA)
Trilochan Sahoo,Ocean Engg and Naval Architecture,Professor,current,2000,https://www.iitkgp.ac.in/department/NA/faculty/na-tsahoo,tsahoo@naval.iitkgp.ac.in,0000-0003-4234-4568,https://scholar.google.com/citations?user=OkwQ5M4AAAAJ,,,,http://www.naval.iitkgp.ac.in/home/faculty/home.php?id=tsahoo,https://www.iitkgp.ac.in/Departments/showPeopleFormerStaff [POST show_people_former_staff=faculty&dept_code=NA] (unit page https://www.iitkgp.ac.in/department/NA)
Vishwanath Nagarajan,Ocean Engg and Naval Architecture,Professor,current,2009,https://www.iitkgp.ac.in/department/NA/faculty/na-vishwanath_n,vishwanath_n@naval.iitkgp.ac.in,,,,,,http://www.naval.iitkgp.ac.in/home/faculty/home.php?id=vishwanath,https://www.iitkgp.ac.in/Departments/showPeopleFormerStaff [POST show_people_former_staff=faculty&dept_code=NA] (unit page https://www.iitkgp.ac.in/department/NA)
Achintya Dhar,Physics,Professor,current,,https://www.iitkgp.ac.in/department/PH/faculty/ph-adhar,adhar@phy.iitkgp.ac.in,0009-0008-3736-2167,,,,,,https://www.iitkgp.ac.in/Departments/showPeopleFormerStaff [POST show_people_former_staff=faculty&dept_code=PH] (unit page https://www.iitkgp.ac.in/department/PH)
Ajay Kumar Singh,Physics,Professor,current,,https://www.iitkgp.ac.in/department/PH/faculty/ph-singh,singh@phy.iitkgp.ac.in,,,,,,,https://www.iitkgp.ac.in/Departments/showPeopleFormerStaff [POST show_people_former_staff=faculty&dept_code=PH] (unit page https://www.iitkgp.ac.in/department/PH)
Alpana Nayak,Physics,Associate Professor,current,,https://www.iitkgp.ac.in/department/PH/faculty/ph-anayak,anayak@phy.iitkgp.ac.in,,,,,,https://alpananayak.org/,https://www.iitkgp.ac.in/Departments/showPeopleFormerStaff [POST show_people_former_staff=faculty&dept_code=PH] (unit page https://www.iitkgp.ac.in/department/PH)
Amal Kumar Das,Physics,Professor,current,2004,https://www.iitkgp.ac.in/department/PH/faculty/ph-amal,amal@phy.iitkgp.ac.in,0000-0001-8900-0725,,,,,http://www.iitkgp.ac.in/fac-profiles/showprofile.php?empcode=bVmYZ&depts_name=MP,https://www.iitkgp.ac.in/Departments/showPeopleFormerStaff [POST show_people_former_staff=faculty&dept_code=PH] (unit page https://www.iitkgp.ac.in/department/PH)
Amar Nath Gupta,Physics,Associate Professor,current,,https://www.iitkgp.ac.in/department/PH/faculty/ph-ang,ang@phy.iitkgp.ac.in,,,,,,,https://www.iitkgp.ac.in/Departments/showPeopleFormerStaff [POST show_people_former_staff=faculty&dept_code=PH] (unit page https://www.iitkgp.ac.in/department/PH)
Amreesh Chandra,Physics,Professor,current,,https://www.iitkgp.ac.in/department/PH/faculty/ph-achandra,achandra@phy.iitkgp.ac.in,,,,,,https://www.energymaterialslaboratory.org,https://www.iitkgp.ac.in/Departments/showPeopleFormerStaff [POST show_people_former_staff=faculty&dept_code=PH] (unit page https://www.iitkgp.ac.in/department/PH)
Aniket Patra,Physics,Assistant Professor Grade-I,current,,https://www.iitkgp.ac.in/department/PH/faculty/ph-patraaniket177,patraaniket177@phy.iitkgp.ac.in,,https://scholar.google.com/citations?user=hY72m2IAAAAJ,,,,,https://www.iitkgp.ac.in/Departments/showPeopleFormerStaff [POST show_people_former_staff=faculty&dept_code=PH] (unit page https://www.iitkgp.ac.in/department/PH)
Anushree Roy,Physics,Professor,current,,https://www.iitkgp.ac.in/department/PH/faculty/ph-anushree,anushree@phy.iitkgp.ac.in,0000-0001-8298-0302,,,,,,https://www.iitkgp.ac.in/Departments/showPeopleFormerStaff [POST show_people_former_staff=faculty&dept_code=PH] (unit page https://www.iitkgp.ac.in/department/PH)
Arghya Taraphder,Physics,Professor,current,1996,https://www.iitkgp.ac.in/department/PH/faculty/ph-arghya,arghya@phy.iitkgp.ac.in,0000-0002-2916-1532,,,,,http://www.iitkgp.ac.in/department/PH/faculty/ph-arghya,https://www.iitkgp.ac.in/Departments/showPeopleFormerStaff [POST show_people_former_staff=faculty&dept_code=PH] (unit page https://www.iitkgp.ac.in/department/PH)
Debamalya Banerjee,Physics,Associate Professor,current,,https://www.iitkgp.ac.in/department/PH/faculty/ph-debamalya,debamalya@phy.iitkgp.ac.in,,,,,,https://sites.google.com/view/debamalyabanerjee-net/home?authuser=0,https://www.iitkgp.ac.in/Departments/showPeopleFormerStaff [POST show_people_former_staff=faculty&dept_code=PH] (unit page https://www.iitkgp.ac.in/department/PH)
Debmalya Chakraborty,Physics,Assistant Professor Grade-I,current,,https://www.iitkgp.ac.in/department/PH/faculty/ph-debmalya.chakraborty,debmalya.chakraborty@phy.iitkgp.ac.in,,,,,,https://debmalyaphys.wixsite.com/debmalya,https://www.iitkgp.ac.in/Departments/showPeopleFormerStaff [POST show_people_former_staff=faculty&dept_code=PH] (unit page https://www.iitkgp.ac.in/department/PH)
Debraj Choudhury,Physics,Associate Professor,current,2015,https://www.iitkgp.ac.in/department/PH/faculty/ph-debraj,debraj@phy.iitkgp.ac.in,0000-0001-7495-3726,,,,,https://sites.google.com/view/debrajchoudhury/home,https://www.iitkgp.ac.in/Departments/showPeopleFormerStaff [POST show_people_former_staff=faculty&dept_code=PH] (unit page https://www.iitkgp.ac.in/department/PH)
Dibyashree Sengupta,Physics,Assistant Professor Grade-I,current,2026,https://www.iitkgp.ac.in/department/PH/faculty/ph-dibyashree,dibyashree@phy.iitkgp.ac.in,0000-0002-3744-1008,,,,,,https://www.iitkgp.ac.in/Departments/showPeopleFormerStaff [POST show_people_former_staff=faculty&dept_code=PH] (unit page https://www.iitkgp.ac.in/department/PH)
Dipak Kumar Goswami,Physics,Professor,current,,https://www.iitkgp.ac.in/department/PH/faculty/ph-dipak,dipak@phy.iitkgp.ac.in,0000-0002-5891-6172,,,,,http://facweb.iitkgp.ernet.in/~dkgoswami/,https://www.iitkgp.ac.in/Departments/showPeopleFormerStaff [POST show_people_former_staff=faculty&dept_code=PH] (unit page https://www.iitkgp.ac.in/department/PH)
Jyotirmoy Bhattacharya,Physics,Assistant Professor Grade-I,current,2017,https://www.iitkgp.ac.in/department/PH/faculty/ph-jyoti,jyoti@phy.iitkgp.ac.in,0000-0001-9660-3305,,,,,,https://www.iitkgp.ac.in/Departments/showPeopleFormerStaff [POST show_people_former_staff=faculty&dept_code=PH] (unit page https://www.iitkgp.ac.in/department/PH)
Kamal Lochan Panigrahi,Physics,Professor,current,,https://www.iitkgp.ac.in/department/PH/faculty/ph-panigrahi,panigrahi@phy.iitkgp.ac.in,0009-0000-8419-5885,,,,,http://www.iitkgp.ac.in/fac-profiles/showprofile.php?empcode=bamXU&depts_name=MP,https://www.iitkgp.ac.in/Departments/showPeopleFormerStaff [POST show_people_former_staff=faculty&dept_code=PH] (unit page https://www.iitkgp.ac.in/department/PH)
Kamalesh Jana,Physics,Assistant Professor Grade-I,current,2026,https://www.iitkgp.ac.in/department/PH/faculty/ph-kjana,kjana@phy.iitkgp.ac.in,0000-0003-0819-5183,,,,,https://sites.google.com/view/kamaleshjana/home?authuser=0,https://www.iitkgp.ac.in/Departments/showPeopleFormerStaff [POST show_people_former_staff=faculty&dept_code=PH] (unit page https://www.iitkgp.ac.in/department/PH)
Kartick Tarafder,Physics,Associate Professor,current,,https://www.iitkgp.ac.in/department/PH/faculty/ph-kartick,kartick@phy.iitkgp.ac.in,,,,,,https://sites.google.com/view/karticktarafder,https://www.iitkgp.ac.in/Departments/showPeopleFormerStaff [POST show_people_former_staff=faculty&dept_code=PH] (unit page https://www.iitkgp.ac.in/department/PH)
Maruthi Manoj Brundavanam,Physics,Associate Professor,current,,https://www.iitkgp.ac.in/department/PH/faculty/ph-bmmanoj,bmmanoj@phy.iitkgp.ac.in,0000-0003-0442-3599,,,,,,https://www.iitkgp.ac.in/Departments/showPeopleFormerStaff [POST show_people_former_staff=faculty&dept_code=PH] (unit page https://www.iitkgp.ac.in/department/PH)
Nitin Kaushal,Physics,Assistant Professor Grade-I,current,,https://www.iitkgp.ac.in/department/PH/faculty/ph-nkaushal,nkaushal@phy.iitkgp.ac.in,,https://scholar.google.com/citations?user=mJcIaHIAAAAJ,,,,https://nkphys.github.io/,https://www.iitkgp.ac.in/Departments/showPeopleFormerStaff [POST show_people_former_staff=faculty&dept_code=PH] (unit page https://www.iitkgp.ac.in/department/PH)
Partha Roy Chaudhuri,Physics,Professor,current,2004,https://www.iitkgp.ac.in/department/PH/faculty/ph-roycp,roycp@phy.iitkgp.ac.in,0000-0002-2484-4166,,,,,http://www.iitkgp.ac.in/fac-profiles/showprofile.php?empcode=bVmXY&depts_name=MP,https://www.iitkgp.ac.in/Departments/showPeopleFormerStaff [POST show_people_former_staff=faculty&dept_code=PH] (unit page https://www.iitkgp.ac.in/department/PH)
Pintu Patra,Physics,Assistant Professor Grade-I,current,2023,https://www.iitkgp.ac.in/department/PH/faculty/ph-pintupatra,pintupatra@phy.iitkgp.ac.in,0000-0002-2275-3738,,,,,https://pintupatra05.wixsite.com/website,https://www.iitkgp.ac.in/Departments/showPeopleFormerStaff [POST show_people_former_staff=faculty&dept_code=PH] (unit page https://www.iitkgp.ac.in/department/PH)
Poornachandra Sekhar Burada,Physics,Associate Professor,current,,https://www.iitkgp.ac.in/department/PH/faculty/ph-psburada,psburada@phy.iitkgp.ac.in,0000-0002-2853-8895,https://scholar.google.com/citations?user=knof4IoAAAAJ,,,,https://sites.google.com/site/psburada/home,https://www.iitkgp.ac.in/Departments/showPeopleFormerStaff [POST show_people_former_staff=faculty&dept_code=PH] (unit page https://www.iitkgp.ac.in/department/PH)
Pragya Shukla,Physics,Professor,current,1998,https://www.iitkgp.ac.in/department/PH/faculty/ph-shukla,shukla@phy.iitkgp.ac.in,0000-0001-5308-6520,,,,,,https://www.iitkgp.ac.in/Departments/showPeopleFormerStaff [POST show_people_former_staff=faculty&dept_code=PH] (unit page https://www.iitkgp.ac.in/department/PH)
Prasanta Kumar Datta,Physics,Professor,current,,https://www.iitkgp.ac.in/department/PH/faculty/ph-pkdatta,pkdatta@phy.iitkgp.ac.in,,,,,,,https://www.iitkgp.ac.in/Departments/showPeopleFormerStaff [POST show_people_former_staff=faculty&dept_code=PH] (unit page https://www.iitkgp.ac.in/department/PH)
Raghunath Ghara,Physics,Assistant Professor Grade-I,current,2026,https://www.iitkgp.ac.in/department/PH/faculty/ph-rghara,rghara@phy.iitkgp.ac.in,0000-0001-9816-5070,,,,,https://sites.google.com/view/raghunathghara/home,https://www.iitkgp.ac.in/Departments/showPeopleFormerStaff [POST show_people_former_staff=faculty&dept_code=PH] (unit page https://www.iitkgp.ac.in/department/PH)
Rickmoy Samanta,Physics,Assistant Professor Grade-I,current,,https://www.iitkgp.ac.in/department/PH/faculty/ph-rickmoysamanta,rickmoysamanta@phy.iitkgp.ac.in,,,,,,https://sites.google.com/view/rickmoysamanta,https://www.iitkgp.ac.in/Departments/showPeopleFormerStaff [POST show_people_former_staff=faculty&dept_code=PH] (unit page https://www.iitkgp.ac.in/department/PH)
Rimi Banerjee,Physics,Assistant Professor Grade-I,current,,https://www.iitkgp.ac.in/department/PH/faculty/ph-banerjeerimi26,banerjeerimi26@phy.iitkgp.ac.in,,https://scholar.google.com/citations?user=fo3-ngwAAAAJ,,,,,https://www.iitkgp.ac.in/Departments/showPeopleFormerStaff [POST show_people_former_staff=faculty&dept_code=PH] (unit page https://www.iitkgp.ac.in/department/PH)
Saikat Das,Physics,Assistant Professor Grade-I,current,2022,https://www.iitkgp.ac.in/department/PH/faculty/ph-saikat,saikat@phy.iitkgp.ac.in,0000-0002-3857-3096,,,,,https://sites.google.com/view/eqmd,https://www.iitkgp.ac.in/Departments/showPeopleFormerStaff [POST show_people_former_staff=faculty&dept_code=PH] (unit page https://www.iitkgp.ac.in/department/PH)
Sajal Dhara,Physics,Associate Professor,current,2016,https://www.iitkgp.ac.in/department/PH/faculty/ph-sajaldhara,sajaldhara@phy.iitkgp.ac.in,0000-0002-1549-4475,,,,,https://nanoptoelec.com,https://www.iitkgp.ac.in/Departments/showPeopleFormerStaff [POST show_people_former_staff=faculty&dept_code=PH] (unit page https://www.iitkgp.ac.in/department/PH)
Samit Kumar Ray,Physics,Professor of Eminence,current,,https://www.iitkgp.ac.in/department/PH/faculty/ph-physkr,physkr@phy.iitkgp.ac.in,,,,,,http://www.iitkgp.ac.in/fac-profiles/showprofile.php?empcode=aSddY,https://www.iitkgp.ac.in/Departments/showPeopleFormerStaff [POST show_people_former_staff=faculty&dept_code=PH] (unit page https://www.iitkgp.ac.in/department/PH)
Samudra Roy,Physics,Associate Professor,current,,https://www.iitkgp.ac.in/department/PH/faculty/ph-samudra.roy,samudra.roy@phy.iitkgp.ac.in,,,,,,http://www.iitkgp.ac.in/fac-profiles/showprofile.php?empcode=SUmWU,https://www.iitkgp.ac.in/Departments/showPeopleFormerStaff [POST show_people_former_staff=faculty&dept_code=PH] (unit page https://www.iitkgp.ac.in/department/PH)
Sandipan Sengupta,Physics,Associate Professor,current,,https://www.iitkgp.ac.in/department/PH/faculty/ph-sandipan,sandipan@phy.iitkgp.ac.in,,,,,,,https://www.iitkgp.ac.in/Departments/showPeopleFormerStaff [POST show_people_former_staff=faculty&dept_code=PH] (unit page https://www.iitkgp.ac.in/department/PH)
Sanjeev Kumar Srivastava,Physics,Professor,current,,https://www.iitkgp.ac.in/department/PH/faculty/ph-sanjeev,sanjeev@phy.iitkgp.ac.in,,,,,,,https://www.iitkgp.ac.in/Departments/showPeopleFormerStaff [POST show_people_former_staff=faculty&dept_code=PH] (unit page https://www.iitkgp.ac.in/department/PH)
Sayan Kar,Physics,Professor,current,,https://www.iitkgp.ac.in/department/PH/faculty/ph-sayan,sayan@phy.iitkgp.ac.in,0000-0001-5854-6223,,,,,,https://www.iitkgp.ac.in/Departments/showPeopleFormerStaff [POST show_people_former_staff=faculty&dept_code=PH] (unit page https://www.iitkgp.ac.in/department/PH)
Shivakiran B N Bhaktha,Physics,Professor,current,2011,https://www.iitkgp.ac.in/department/PH/faculty/ph-kiranbhaktha,kiranbhaktha@phy.iitkgp.ac.in,0000-0003-4846-8262,,,,,,https://www.iitkgp.ac.in/Departments/showPeopleFormerStaff [POST show_people_former_staff=faculty&dept_code=PH] (unit page https://www.iitkgp.ac.in/department/PH)
Sitikantha Dhurjati Das,Physics,Assistant Professor Grade-I,current,,https://www.iitkgp.ac.in/department/PH/faculty/ph-sitikantha.das,sitikantha.das@iitkgp.ac.in,,,,,,,https://www.iitkgp.ac.in/Departments/showPeopleFormerStaff [POST show_people_former_staff=faculty&dept_code=PH] (unit page https://www.iitkgp.ac.in/department/PH)
Somnath Bharadwaj,Physics,Professor,current,,https://www.iitkgp.ac.in/department/PH/faculty/ph-somnath,somnath@phy.iitkgp.ac.in,0000-0002-2350-3669,,,,,https://sites.google.com/view/somnathbharadwaj/home,https://www.iitkgp.ac.in/Departments/showPeopleFormerStaff [POST show_people_former_staff=faculty&dept_code=PH] (unit page https://www.iitkgp.ac.in/department/PH)
Sonjoy Majumder,Physics,Professor,current,,https://www.iitkgp.ac.in/department/PH/faculty/ph-sonjoym,sonjoym@phy.iitkgp.ac.in,,https://scholar.google.com/citations?user=EQMenpkAAAAJ,,,,https://amqilab.github.io/site/,https://www.iitkgp.ac.in/Departments/showPeopleFormerStaff [POST show_people_former_staff=faculty&dept_code=PH] (unit page https://www.iitkgp.ac.in/department/PH)
Soumangsu Bhusan Chakraborty,Physics,Assistant Professor Grade-I,current,,https://www.iitkgp.ac.in/department/PH/faculty/ph-soumangsu,soumangsu@phy.iitkgp.ac.in,,,,,,https://inspirehep.net/authors/1516333?ui-citation-summary=true,https://www.iitkgp.ac.in/Departments/showPeopleFormerStaff [POST show_people_former_staff=faculty&dept_code=PH] (unit page https://www.iitkgp.ac.in/department/PH)
Sudhansu Sekhar Mandal,Physics,Professor,current,,https://www.iitkgp.ac.in/department/PH/faculty/ph-sudhansu,sudhansu@phy.iitkgp.ac.in,,,,,,,https://www.iitkgp.ac.in/Departments/showPeopleFormerStaff [POST show_people_former_staff=faculty&dept_code=PH] (unit page https://www.iitkgp.ac.in/department/PH)
Sugata Pratik Khastgir,Physics,Professor,current,,https://www.iitkgp.ac.in/department/PH/faculty/ph-pratik,pratik@phy.iitkgp.ac.in,,,,,,,https://www.iitkgp.ac.in/Departments/showPeopleFormerStaff [POST show_people_former_staff=faculty&dept_code=PH] (unit page https://www.iitkgp.ac.in/department/PH)
Tamoghna Das,Physics,Assistant Professor Grade-I,current,2023,https://www.iitkgp.ac.in/department/PH/faculty/ph-tamoghna,tamoghna@phy.iitkgp.ac.in,0000-0002-8074-6720,,,,,,https://www.iitkgp.ac.in/Departments/showPeopleFormerStaff [POST show_people_former_staff=faculty&dept_code=PH] (unit page https://www.iitkgp.ac.in/department/PH)
Tapan Kumar Nath,Physics,Professor,current,,https://www.iitkgp.ac.in/department/PH/faculty/ph-tnath,tnath@phy.iitkgp.ac.in,,https://scholar.google.com/citations?user=gE4PpEsAAAAJ,,,,,https://www.iitkgp.ac.in/Departments/showPeopleFormerStaff [POST show_people_former_staff=faculty&dept_code=PH] (unit page https://www.iitkgp.ac.in/department/PH)
Tirtha Sankar Ray,Physics,Associate Professor,current,2014,https://www.iitkgp.ac.in/department/PH/faculty/ph-tsray,tsray@phy.iitkgp.ac.in,0000-0002-2085-7429,,,,,,https://www.iitkgp.ac.in/Departments/showPeopleFormerStaff [POST show_people_former_staff=faculty&dept_code=PH] (unit page https://www.iitkgp.ac.in/department/PH)
Vishwanath Shukla,Physics,Assistant Professor Grade-I,current,2019,https://www.iitkgp.ac.in/department/PH/faculty/ph-vishwanath.shukla,vishwanath.shukla@phy.iitkgp.ac.in,0000-0002-0010-7479,,,,,https://vishwanathshukla.in,https://www.iitkgp.ac.in/Departments/showPeopleFormerStaff [POST show_people_former_staff=faculty&dept_code=PH] (unit page https://www.iitkgp.ac.in/department/PH)
Aviru Kumar Basu,Rajendra Mishra School of Engg Entrepreneurship,Assistant Professor Grade-I,current,2026,https://www.iitkgp.ac.in/department/RJ/faculty/rj-aviru,aviru@see.iitkgp.ac.in,0000-0001-7716-7739,https://scholar.google.com/citations?user=Vi1wDtkAAAAJ,,,,,https://www.iitkgp.ac.in/Departments/showPeopleFormerStaff [POST show_people_former_staff=faculty&dept_code=RJ] (unit page https://www.iitkgp.ac.in/department/RJ)
Basab Chakraborty,Rajendra Mishra School of Engg Entrepreneurship,Professor,current,,https://www.iitkgp.ac.in/department/RJ/faculty/rj-basab,basab@see.iitkgp.ac.in,,,,,,,https://www.iitkgp.ac.in/Departments/showPeopleFormerStaff [POST show_people_former_staff=faculty&dept_code=RJ] (unit page https://www.iitkgp.ac.in/department/RJ)
Bhaskar Bhowmick,Rajendra Mishra School of Engg Entrepreneurship,Associate Professor,current,,https://www.iitkgp.ac.in/department/RJ/faculty/rj-bhaskar,bhaskar@see.iitkgp.ac.in,,,,,,https://www.tellab.in/,https://www.iitkgp.ac.in/Departments/showPeopleFormerStaff [POST show_people_former_staff=faculty&dept_code=RJ] (unit page https://www.iitkgp.ac.in/department/RJ)
Biswabandhu Jana,Rajendra Mishra School of Engg Entrepreneurship,Assistant Professor Grade-I,current,,https://www.iitkgp.ac.in/department/RJ/faculty/rj-bjana,bjana@see.iitkgp.ac.in,,,,,,,https://www.iitkgp.ac.in/Departments/showPeopleFormerStaff [POST show_people_former_staff=faculty&dept_code=RJ] (unit page https://www.iitkgp.ac.in/department/RJ)
Mamoni Banerjee,Rajendra Mishra School of Engg Entrepreneurship,Assistant Professor Grade-I,current,,https://www.iitkgp.ac.in/department/RJ/faculty/rj-mamoni,mamoni@see.iitkgp.ac.in,,,,,,,https://www.iitkgp.ac.in/Departments/showPeopleFormerStaff [POST show_people_former_staff=faculty&dept_code=RJ] (unit page https://www.iitkgp.ac.in/department/RJ)
Manoj Kumar Mondal,Rajendra Mishra School of Engg Entrepreneurship,Assistant Professor Grade-I,current,,https://www.iitkgp.ac.in/department/RJ/faculty/rj-manoj,manoj@see.iitkgp.ac.in,,,,,,http://www.see.iitkgp.ac.in/2017/team-view/manoj-kumar-mondal/,https://www.iitkgp.ac.in/Departments/showPeopleFormerStaff [POST show_people_former_staff=faculty&dept_code=RJ] (unit page https://www.iitkgp.ac.in/department/RJ)
Mrigank Sharad,Rajendra Mishra School of Engg Entrepreneurship,Assistant Professor Grade-I,current,,https://www.iitkgp.ac.in/department/RJ/faculty/rj-mrigank,mrigank@see.iitkgp.ac.in,,,,,,https://www.linkedin.com/in/mrigank-sharad-b2835b7/,https://www.iitkgp.ac.in/Departments/showPeopleFormerStaff [POST show_people_former_staff=faculty&dept_code=RJ] (unit page https://www.iitkgp.ac.in/department/RJ)
Prabha Bhola,Rajendra Mishra School of Engg Entrepreneurship,Associate Professor,current,,https://www.iitkgp.ac.in/department/RJ/faculty/rj-prabha,prabha@see.iitkgp.ac.in,,,,,,,https://www.iitkgp.ac.in/Departments/showPeopleFormerStaff [POST show_people_former_staff=faculty&dept_code=RJ] (unit page https://www.iitkgp.ac.in/department/RJ)
Ram Babu Roy,Rajendra Mishra School of Engg Entrepreneurship,Associate Professor,current,2012,https://www.iitkgp.ac.in/department/RJ/faculty/rj-rambabu,rambabu@see.iitkgp.ac.in,0000-0003-0146-9145,,,,,,https://www.iitkgp.ac.in/Departments/showPeopleFormerStaff [POST show_people_former_staff=faculty&dept_code=RJ] (unit page https://www.iitkgp.ac.in/department/RJ)
Titas Bhattacharjee (Rudra),Rajendra Mishra School of Engg Entrepreneurship,Assistant Professor Grade-I,current,,https://www.iitkgp.ac.in/department/RJ/faculty/rj-titas,titas@see.iitkgp.ac.in,,,,,,,https://www.iitkgp.ac.in/Departments/showPeopleFormerStaff [POST show_people_former_staff=faculty&dept_code=RJ] (unit page https://www.iitkgp.ac.in/department/RJ)
Abhishek Trivedi,Rajiv Gandhi School of Intellectual Property Law,Assistant Professor Grade-I,current,2025,https://www.iitkgp.ac.in/department/IP/faculty/ip-abhishektrivedi,abhishektrivedi@rgsoipl.iitkgp.ac.in,0000-0002-2383-6252,,,,,,https://www.iitkgp.ac.in/Departments/showPeopleFormerStaff [POST show_people_former_staff=faculty&dept_code=IP] (unit page https://www.iitkgp.ac.in/department/IP)
Arindam Basu,Rajiv Gandhi School of Intellectual Property Law,Assistant Professor Grade-I,current,,https://www.iitkgp.ac.in/department/IP/faculty/ip-arindam,arindam@rgsoipl.iitkgp.ac.in,,,,,,,https://www.iitkgp.ac.in/Departments/showPeopleFormerStaff [POST show_people_former_staff=faculty&dept_code=IP] (unit page https://www.iitkgp.ac.in/department/IP)
Avnish Bhatt,Rajiv Gandhi School of Intellectual Property Law,Assistant Professor Grade-I,current,,https://www.iitkgp.ac.in/department/IP/faculty/ip-avnish,avnish@rgsoipl.iitkgp.ac.in,,,,,,,https://www.iitkgp.ac.in/Departments/showPeopleFormerStaff [POST show_people_former_staff=faculty&dept_code=IP] (unit page https://www.iitkgp.ac.in/department/IP)
Balraj Kaur Sidhu,Rajiv Gandhi School of Intellectual Property Law,Assistant Professor Grade-I,current,,https://www.iitkgp.ac.in/department/IP/faculty/ip-bksidhu,bksidhu@rgsoipl.iitkgp.ac.in,,,,,,,https://www.iitkgp.ac.in/Departments/showPeopleFormerStaff [POST show_people_former_staff=faculty&dept_code=IP] (unit page https://www.iitkgp.ac.in/department/IP)
Dipa Dube,Rajiv Gandhi School of Intellectual Property Law,Professor,current,2006,https://www.iitkgp.ac.in/department/IP/faculty/ip-dipadube,dipadube@rgsoipl.iitkgp.ac.in,0000-0003-3650-4553,,,,,,https://www.iitkgp.ac.in/Departments/showPeopleFormerStaff [POST show_people_former_staff=faculty&dept_code=IP] (unit page https://www.iitkgp.ac.in/department/IP)
Gouri Ashok Gargate,Rajiv Gandhi School of Intellectual Property Law,Assistant Professor Grade-I,current,,https://www.iitkgp.ac.in/department/IP/faculty/ip-gouri,gouri@rgsoipl.iitkgp.ac.in,,,,,,https://www.linkedin.com/in/gouri-gargate-1170a4149/,https://www.iitkgp.ac.in/Departments/showPeopleFormerStaff [POST show_people_former_staff=faculty&dept_code=IP] (unit page https://www.iitkgp.ac.in/department/IP)
Indrajit Dube,Rajiv Gandhi School of Intellectual Property Law,Professor,current,,https://www.iitkgp.ac.in/department/IP/faculty/ip-indrajit,indrajit@rgsoipl.iitkgp.ac.in,,,,,,https://ecgi.global/users/indrajit-dube,https://www.iitkgp.ac.in/Departments/showPeopleFormerStaff [POST show_people_former_staff=faculty&dept_code=IP] (unit page https://www.iitkgp.ac.in/department/IP)
Narendran Thiruthy,Rajiv Gandhi School of Intellectual Property Law,Assistant Professor Grade-I,current,,https://www.iitkgp.ac.in/department/IP/faculty/ip-narendran,narendran@rgsoipl.iitkgp.ac.in,,,,,,,https://www.iitkgp.ac.in/Departments/showPeopleFormerStaff [POST show_people_former_staff=faculty&dept_code=IP] (unit page https://www.iitkgp.ac.in/department/IP)
Neeraj Kumar Gupta,Rajiv Gandhi School of Intellectual Property Law,Assistant Professor Grade-I,current,2025,https://www.iitkgp.ac.in/department/IP/faculty/ip-neerajkrgupta,neerajkrgupta@rgsoipl.iitkgp.ac.in,0000-0001-6290-2921,,,,,,https://www.iitkgp.ac.in/Departments/showPeopleFormerStaff [POST show_people_former_staff=faculty&dept_code=IP] (unit page https://www.iitkgp.ac.in/department/IP)
Niharika Sahoo Bhattacharya,Rajiv Gandhi School of Intellectual Property Law,Associate Professor,current,,https://www.iitkgp.ac.in/department/IP/faculty/ip-niharika,niharika@rgsoipl.iitkgp.ac.in,,,,,,,https://www.iitkgp.ac.in/Departments/showPeopleFormerStaff [POST show_people_former_staff=faculty&dept_code=IP] (unit page https://www.iitkgp.ac.in/department/IP)
Padmavati Manchikanti,Rajiv Gandhi School of Intellectual Property Law,Professor,current,,https://www.iitkgp.ac.in/department/IP/faculty/ip-mpadma,mpadma@rgsoipl.iitkgp.ac.in,,,,,,,https://www.iitkgp.ac.in/Departments/showPeopleFormerStaff [POST show_people_former_staff=faculty&dept_code=IP] (unit page https://www.iitkgp.ac.in/department/IP)
Prakash Sharma,Rajiv Gandhi School of Intellectual Property Law,Assistant Professor Grade-I,current,2023,https://www.iitkgp.ac.in/department/IP/faculty/ip-prakash,prakash@rgsoipl.iitkgp.ac.in,0000-0003-0706-5168,,,,,,https://www.iitkgp.ac.in/Departments/showPeopleFormerStaff [POST show_people_former_staff=faculty&dept_code=IP] (unit page https://www.iitkgp.ac.in/department/IP)
Raju K D,Rajiv Gandhi School of Intellectual Property Law,Professor,current,,https://www.iitkgp.ac.in/department/IP/faculty/ip-kdraju,kdraju@rgsoipl.iitkgp.ac.in,,,,,,,https://www.iitkgp.ac.in/Departments/showPeopleFormerStaff [POST show_people_former_staff=faculty&dept_code=IP] (unit page https://www.iitkgp.ac.in/department/IP)
S R Subramanian,Rajiv Gandhi School of Intellectual Property Law,Associate Professor,current,,https://www.iitkgp.ac.in/department/IP/faculty/ip-subramanian,subramanian@rgsoipl.iitkgp.ac.in,,,,,,,https://www.iitkgp.ac.in/Departments/showPeopleFormerStaff [POST show_people_former_staff=faculty&dept_code=IP] (unit page https://www.iitkgp.ac.in/department/IP)
Shakti Deb,Rajiv Gandhi School of Intellectual Property Law,Assistant Professor Grade-I,current,,https://www.iitkgp.ac.in/department/IP/faculty/ip-shakti,shakti@rgsoipl.iitkgp.ac.in,,,,,,,https://www.iitkgp.ac.in/Departments/showPeopleFormerStaff [POST show_people_former_staff=faculty&dept_code=IP] (unit page https://www.iitkgp.ac.in/department/IP)
Shreya Matilal,Rajiv Gandhi School of Intellectual Property Law,Assistant Professor Grade-I,current,,https://www.iitkgp.ac.in/department/IP/faculty/ip-shreya,shreya@rgsoipl.iitkgp.ac.in,,,,,,,https://www.iitkgp.ac.in/Departments/showPeopleFormerStaff [POST show_people_former_staff=faculty&dept_code=IP] (unit page https://www.iitkgp.ac.in/department/IP)
Shuvro Prosun Sarker,Rajiv Gandhi School of Intellectual Property Law,Assistant Professor Grade-I,current,2021,https://www.iitkgp.ac.in/department/IP/faculty/ip-shuvro,shuvro@rgsoipl.iitkgp.ac.in,0000-0001-8117-2493,,,,,,https://www.iitkgp.ac.in/Departments/showPeopleFormerStaff [POST show_people_former_staff=faculty&dept_code=IP] (unit page https://www.iitkgp.ac.in/department/IP)
Uday Shankar,Rajiv Gandhi School of Intellectual Property Law,Professor,current,,https://www.iitkgp.ac.in/department/IP/faculty/ip-uday,uday@rgsoipl.iitkgp.ac.in,0000-0002-8564-2883,,,,,,https://www.iitkgp.ac.in/Departments/showPeopleFormerStaff [POST show_people_former_staff=faculty&dept_code=IP] (unit page https://www.iitkgp.ac.in/department/IP)
Varuna Chakraborty,Rajiv Gandhi School of Intellectual Property Law,Assistant Professor Grade-I,current,2024,https://www.iitkgp.ac.in/department/IP/faculty/ip-MExqcld0N2lCSkNNNmsrZUJGWjZrdz09,,0000-0001-6246-6816,,,,,,https://www.iitkgp.ac.in/Departments/showPeopleFormerStaff [POST show_people_former_staff=faculty&dept_code=IP] (unit page https://www.iitkgp.ac.in/department/IP)
Ankhi Banerjee,Ranbir and Chitra Gupta School of Infrastructure Design and Mngt.,Associate Professor,current,2024,https://www.iitkgp.ac.in/department/ID/faculty/id-ankhi,ankhi@iitkgp.ac.in,0000-0003-1265-248X,,,,,,https://www.iitkgp.ac.in/Departments/showPeopleFormerStaff [POST show_people_former_staff=faculty&dept_code=ID] (unit page https://www.iitkgp.ac.in/department/ID)
Arkopal Kishore Goswami,Ranbir and Chitra Gupta School of Infrastructure Design and Mngt.,Associate Professor,current,,https://www.iitkgp.ac.in/department/ID/faculty/id-akgoswami,akgoswami@iitkgp.ac.in,,,,,,https://www.mustlab.in/,https://www.iitkgp.ac.in/Departments/showPeopleFormerStaff [POST show_people_former_staff=faculty&dept_code=ID] (unit page https://www.iitkgp.ac.in/department/ID)
Bharath Haridas Aithal,Ranbir and Chitra Gupta School of Infrastructure Design and Mngt.,Associate Professor,current,,https://www.iitkgp.ac.in/department/ID/faculty/id-bhaithal,bhaithal@iitkgp.ac.in,,https://scholar.google.com/citations?user=j-trcFUAAAAJ,,,,https://sites.google.com/view/bharathhaithal/home,https://www.iitkgp.ac.in/Departments/showPeopleFormerStaff [POST show_people_former_staff=faculty&dept_code=ID] (unit page https://www.iitkgp.ac.in/department/ID)
Sharma Gajanand Santoshkumar,Ranbir and Chitra Gupta School of Infrastructure Design and Mngt.,Assistant Professor Grade-I,current,,https://www.iitkgp.ac.in/department/ID/faculty/id-gsharma,gsharma@infra.iitkgp.ac.in,,,,,,,https://www.iitkgp.ac.in/Departments/showPeopleFormerStaff [POST show_people_former_staff=faculty&dept_code=ID] (unit page https://www.iitkgp.ac.in/department/ID)
Swati Maitra,Ranbir and Chitra Gupta School of Infrastructure Design and Mngt.,Associate Professor,current,,https://www.iitkgp.ac.in/department/ID/faculty/id-swati,swati@iitkgp.ac.in,0009-0005-8070-5805,,,,,http://www.iitkgp.ac.in/department/ID/faculty/id-swati,https://www.iitkgp.ac.in/Departments/showPeopleFormerStaff [POST show_people_former_staff=faculty&dept_code=ID] (unit page https://www.iitkgp.ac.in/department/ID)
Atasi Mohanty,Rekhi Centre of Excellence for the Science of Happiness,Associate Professor,current,,https://www.iitkgp.ac.in/department/RX/faculty/rx-atasim,atasim@cet.iitkgp.ac.in,,,,,,http://www.atasimohanty.blogsopt.com/,https://www.iitkgp.ac.in/Departments/showPeopleFormerStaff [POST show_people_former_staff=faculty&dept_code=RX] (unit page https://www.iitkgp.ac.in/department/RX)
Pritha Datta,Rekhi Centre of Excellence for the Science of Happiness,Assistant Professor Grade-II,current,2026,https://www.iitkgp.ac.in/department/RX/faculty/rx-pritha,pritha@iitkgp.ac.in,0000-0002-6563-8561,,,,,https://sites.google.com/view/dr-pritha-datta?usp=sharing,https://www.iitkgp.ac.in/Departments/showPeopleFormerStaff [POST show_people_former_staff=faculty&dept_code=RX] (unit page https://www.iitkgp.ac.in/department/RX)
Rajlakshmi Guha,Rekhi Centre of Excellence for the Science of Happiness,Associate Professor,current,2016,https://www.iitkgp.ac.in/department/RX/faculty/rx-rajg,rajg@cet.iitkgp.ac.in,0000-0002-4791-5182,,,,,http://cogscilab.in/,https://www.iitkgp.ac.in/Departments/showPeopleFormerStaff [POST show_people_former_staff=faculty&dept_code=RX] (unit page https://www.iitkgp.ac.in/department/RX)
Kinsuk Naskar,Rubber Technology,Professor,current,,https://www.iitkgp.ac.in/department/RT/faculty/rt-knaskar,knaskar@rtc.iitkgp.ac.in,0000-0002-8536-4983,https://scholar.google.com/citations?user=DPbNGlcAAAAJ,,,,,https://www.iitkgp.ac.in/Departments/showPeopleFormerStaff [POST show_people_former_staff=faculty&dept_code=RT] (unit page https://www.iitkgp.ac.in/department/RT)
Mythravaruni Pullela,Rubber Technology,Assistant Professor Grade-I,current,2021,https://www.iitkgp.ac.in/department/RT/faculty/rt-pmvaruni,pmvaruni@rtc.iitkgp.ac.in,0000-0002-1305-8477,,,,,http://------,https://www.iitkgp.ac.in/Departments/showPeopleFormerStaff [POST show_people_former_staff=faculty&dept_code=RT] (unit page https://www.iitkgp.ac.in/department/RT)
Narayan Chandra Das,Rubber Technology,Professor,current,2013,https://www.iitkgp.ac.in/department/RT/faculty/rt-ncdas,ncdas@rtc.iitkgp.ac.in,0000-0002-5945-7457,https://scholar.google.com/citations?user=J7JvuU8AAAAJ,,,,https://sites.google.com/view/ncdas-SPARC-laboratory,https://www.iitkgp.ac.in/Departments/showPeopleFormerStaff [POST show_people_former_staff=faculty&dept_code=RT] (unit page https://www.iitkgp.ac.in/department/RT)
Nikhil Kumar Singha,Rubber Technology,Professor,current,,https://www.iitkgp.ac.in/department/RT/faculty/rt-nks,nks@rtc.iitkgp.ac.in,,https://scholar.google.com/citations?user=-OTlvK8AAAAJ,,,,https://sites.google.com/view/nksinghaiitkgp/home,https://www.iitkgp.ac.in/Departments/showPeopleFormerStaff [POST show_people_former_staff=faculty&dept_code=RT] (unit page https://www.iitkgp.ac.in/department/RT)
Santanu Chattopadhyay,Rubber Technology,Professor,current,,https://www.iitkgp.ac.in/department/RT/faculty/rt-santanu,santanu@rtc.iitkgp.ac.in,,,,,,https://santanurtc71.wixsite.com/santanu,https://www.iitkgp.ac.in/Departments/showPeopleFormerStaff [POST show_people_former_staff=faculty&dept_code=RT] (unit page https://www.iitkgp.ac.in/department/RT)
Soumyadip Choudhury,Rubber Technology,Associate Professor,current,2020,https://www.iitkgp.ac.in/department/RT/faculty/rt-soumyadip.choudhury,soumyadip.choudhury@rtc.iitkgp.ac.in,0000-0002-3794-8263,,,,,https://sites.google.com/view/choudhury-lab/home,https://www.iitkgp.ac.in/Departments/showPeopleFormerStaff [POST show_people_former_staff=faculty&dept_code=RT] (unit page https://www.iitkgp.ac.in/department/RT)
Titash Mondal,Rubber Technology,Associate Professor,current,,https://www.iitkgp.ac.in/department/RT/faculty/rt-titash,titash@rtc.iitkgp.ac.in,,,,,,https://sites.google.com/view/fpec-laboratory/home,https://www.iitkgp.ac.in/Departments/showPeopleFormerStaff [POST show_people_former_staff=faculty&dept_code=RT] (unit page https://www.iitkgp.ac.in/department/RT)
Budhaditya Mukherjee,School of Medical Science and Technology,Associate Professor,current,2019,https://www.iitkgp.ac.in/department/MM/faculty/mm-bmukherjee,bmukherjee@smst.iitkgp.ac.in,0000-0002-1058-3620,,,,,https://molecularparasitol.wixsite.com/idi-lab,https://www.iitkgp.ac.in/Departments/showPeopleFormerStaff [POST show_people_former_staff=faculty&dept_code=MM] (unit page https://www.iitkgp.ac.in/department/MM)
Debashree Guha Adhya,School of Medical Science and Technology,Associate Professor,current,2019,https://www.iitkgp.ac.in/department/MM/faculty/mm-debashree_smst,debashree_smst@smst.iitkgp.ac.in,0000-0001-9683-4509,https://scholar.google.com/citations?user=tD8YpZUAAAAJ,,,,,https://www.iitkgp.ac.in/Departments/showPeopleFormerStaff [POST show_people_former_staff=faculty&dept_code=MM] (unit page https://www.iitkgp.ac.in/department/MM)
Gayatri Mukherjee,School of Medical Science and Technology,Associate Professor,current,,https://www.iitkgp.ac.in/department/MM/faculty/mm-gayatri.mukherjee,gayatri.mukherjee@smst.iitkgp.ac.in,,,,,,https://sites.google.com/view/inflammreslab/home?authuser=0,https://www.iitkgp.ac.in/Departments/showPeopleFormerStaff [POST show_people_former_staff=faculty&dept_code=MM] (unit page https://www.iitkgp.ac.in/department/MM)
Gorachand Dutta,School of Medical Science and Technology,Associate Professor,current,2019,https://www.iitkgp.ac.in/department/MM/faculty/mm-g.dutta,g.dutta@smst.iitkgp.ac.in,0000-0003-2980-9826,,,,,http://bsensor.iitkgp.ac.in/,https://www.iitkgp.ac.in/Departments/showPeopleFormerStaff [POST show_people_former_staff=faculty&dept_code=MM] (unit page https://www.iitkgp.ac.in/department/MM)
Koel Chaudhury,School of Medical Science and Technology,Professor,current,2002,https://www.iitkgp.ac.in/department/MM/faculty/mm-koel,koel@smst.iitkgp.ac.in,0000-0002-9390-1179,https://scholar.google.com/citations?user=qafn3S0AAAAJ,,,,https://cbrl.iitkgp.ac.in/,https://www.iitkgp.ac.in/Departments/showPeopleFormerStaff [POST show_people_former_staff=faculty&dept_code=MM] (unit page https://www.iitkgp.ac.in/department/MM)
Mahitosh Mandal,School of Medical Science and Technology,Professor,current,,https://www.iitkgp.ac.in/department/MM/faculty/mm-mahitosh,mahitosh@smst.iitkgp.ac.in,,,,,,http://www.iitkgp.ac.in/department/MM/faculty/mm-mahitosh,https://www.iitkgp.ac.in/Departments/showPeopleFormerStaff [POST show_people_former_staff=faculty&dept_code=MM] (unit page https://www.iitkgp.ac.in/department/MM)
Manjunatha Mahadevappa,School of Medical Science and Technology,Professor,current,2007,https://www.iitkgp.ac.in/department/MM/faculty/mm-mmaha2,mmaha2@smst.iitkgp.ac.in,0000-0003-4700-9080,,,,,https://www.iitkgp.ac.in/department/MM/faculty/mm-mmaha2,https://www.iitkgp.ac.in/Departments/showPeopleFormerStaff [POST show_people_former_staff=faculty&dept_code=MM] (unit page https://www.iitkgp.ac.in/department/MM)
Nishant Chakravorty,School of Medical Science and Technology,Professor,current,,https://www.iitkgp.ac.in/department/MM/faculty/mm-nishant,nishant@smst.iitkgp.ac.in,,,,,,http://<div itemscope itemtype=,https://www.iitkgp.ac.in/Departments/showPeopleFormerStaff [POST show_people_former_staff=faculty&dept_code=MM] (unit page https://www.iitkgp.ac.in/department/MM)
Praphulla Chandra Shukla,School of Medical Science and Technology,Associate Professor,current,,https://www.iitkgp.ac.in/department/MM/faculty/mm-pcshukla,pcshukla@smst.iitkgp.ac.in,0000-0001-9031-1547,,,,,https://www.ncbi.nlm.nih.gov/myncbi/collections/mybibliography/,https://www.iitkgp.ac.in/Departments/showPeopleFormerStaff [POST show_people_former_staff=faculty&dept_code=MM] (unit page https://www.iitkgp.ac.in/department/MM)
Raj Kumar Manna,School of Medical Science and Technology,Assistant Professor Grade-I,current,2024,https://www.iitkgp.ac.in/department/MM/faculty/mm-raj,raj@smst.iitkgp.ac.in,0000-0003-2272-9487,https://scholar.google.com/citations?user=SKm3JGsAAAAJ,,,,,https://www.iitkgp.ac.in/Departments/showPeopleFormerStaff [POST show_people_former_staff=faculty&dept_code=MM] (unit page https://www.iitkgp.ac.in/department/MM)
Santanu Dhara,School of Medical Science and Technology,Professor,current,2007,https://www.iitkgp.ac.in/department/MM/faculty/mm-sdhara,sdhara@smst.iitkgp.ac.in,0000-0003-4443-7610,https://scholar.google.com/citations?user=RxBm3SsAAAAJ,,,,,https://www.iitkgp.ac.in/Departments/showPeopleFormerStaff [POST show_people_former_staff=faculty&dept_code=MM] (unit page https://www.iitkgp.ac.in/department/MM)
Soumen Das,School of Medical Science and Technology,Professor,current,2018,https://www.iitkgp.ac.in/department/MM/faculty/mm-sou,sou@smst.iitkgp.ac.in,0000-0003-0080-0860,,,,,,https://www.iitkgp.ac.in/Departments/showPeopleFormerStaff [POST show_people_former_staff=faculty&dept_code=MM] (unit page https://www.iitkgp.ac.in/department/MM)
Subhamoy Mandal,School of Medical Science and Technology,Assistant Professor Grade-I,current,,https://www.iitkgp.ac.in/department/MM/faculty/mm-smandal,smandal@smst.iitkgp.ac.in,,,,,,https://mitlabiitkgp.in,https://www.iitkgp.ac.in/Departments/showPeopleFormerStaff [POST show_people_former_staff=faculty&dept_code=MM] (unit page https://www.iitkgp.ac.in/department/MM)
Abhay,School of Water Resources,Assistant Professor Grade-II,current,2026,https://www.iitkgp.ac.in/department/WM/faculty/wm-abhay,abhay@swr.iitkgp.ac.in,0000-0002-0581-1262,,,,,https://sites.google.com/view/esm-abhay/,https://www.iitkgp.ac.in/Departments/showPeopleFormerStaff [POST show_people_former_staff=faculty&dept_code=WM] (unit page https://www.iitkgp.ac.in/department/WM)
Bhabagrahi Sahoo,School of Water Resources,Professor,current,2012,https://www.iitkgp.ac.in/department/WM/faculty/wm-bsahoo,bsahoo@swr.iitkgp.ac.in,0000-0003-4226-0815,https://scholar.google.com/citations?user=9eGcRx8AAAAJ,,16069856000,,https://sites.google.com/site/bsahoopage/internal-blog,https://www.iitkgp.ac.in/Departments/showPeopleFormerStaff [POST show_people_former_staff=faculty&dept_code=WM] (unit page https://www.iitkgp.ac.in/department/WM)
Gurjeet Singh,School of Water Resources,Assistant Professor Grade-I,current,2026,https://www.iitkgp.ac.in/department/WM/faculty/wm-gurjeet,gurjeet@swr.iitkgp.ac.in,0000-0002-8340-2632,https://scholar.google.com/citations?user=2o3SNQoAAAAJ,,,,,https://www.iitkgp.ac.in/Departments/showPeopleFormerStaff [POST show_people_former_staff=faculty&dept_code=WM] (unit page https://www.iitkgp.ac.in/department/WM)
Indrasis Das,School of Water Resources,Assistant Professor Grade-I,current,,https://www.iitkgp.ac.in/department/WM/faculty/wm-indrasisdas,indrasisdas@swr.iitkgp.ac.in,,https://scholar.google.com/citations?user=TFIqLh0AAAAJ,,,,,https://www.iitkgp.ac.in/Departments/showPeopleFormerStaff [POST show_people_former_staff=faculty&dept_code=WM] (unit page https://www.iitkgp.ac.in/department/WM)
Partha Sarathi Ghosal,School of Water Resources,Assistant Professor Grade-I,current,,https://www.iitkgp.ac.in/department/WM/faculty/wm-psghosal,psghosal@swr.iitkgp.ac.in,,https://scholar.google.com/citations?user=daLjp2cAAAAJ,,,,,https://www.iitkgp.ac.in/Departments/showPeopleFormerStaff [POST show_people_former_staff=faculty&dept_code=WM] (unit page https://www.iitkgp.ac.in/department/WM)
Renji Remesan,School of Water Resources,Associate Professor,current,2016,https://www.iitkgp.ac.in/department/WM/faculty/wm-renji.remesan,renji.remesan@swr.iitkgp.ac.in,0000-0001-9948-4321,https://scholar.google.com/citations?user=ve8gekoAAAAJ,,,,,https://www.iitkgp.ac.in/Departments/showPeopleFormerStaff [POST show_people_former_staff=faculty&dept_code=WM] (unit page https://www.iitkgp.ac.in/department/WM)
Shamik Chowdhury,School of Water Resources,Associate Professor,current,,https://www.iitkgp.ac.in/department/WM/faculty/wm-shamikc,shamikc@iitkgp.ac.in,,,,,,,https://www.iitkgp.ac.in/Departments/showPeopleFormerStaff [POST show_people_former_staff=faculty&dept_code=WM] (unit page https://www.iitkgp.ac.in/department/WM)
Heeralal Gargama,Subir Chowdhury School of Quality and Reliability,Assistant Professor Grade-I,current,2021,https://www.iitkgp.ac.in/department/RE/faculty/re-heeralalgargama,heeralalgargama@hijli.iitkgp.ac.in,0009-0005-0866-2791,https://scholar.google.com/citations?user=0XXaLaoAAAAJ,,,,,https://www.iitkgp.ac.in/Departments/showPeopleFormerStaff [POST show_people_former_staff=faculty&dept_code=RE] (unit page https://www.iitkgp.ac.in/department/RE)
Indranil Hazra,Subir Chowdhury School of Quality and Reliability,Assistant Professor Grade-I,current,,https://www.iitkgp.ac.in/department/RE/faculty/re-ihazra,ihazra@iitkgp.ac.in,,,,,,https://www.iitkgp.ac.in/department/RE/faculty/re-ihazra,https://www.iitkgp.ac.in/Departments/showPeopleFormerStaff [POST show_people_former_staff=faculty&dept_code=RE] (unit page https://www.iitkgp.ac.in/department/RE)
Monalisa Sarma,Subir Chowdhury School of Quality and Reliability,Associate Professor,current,,https://www.iitkgp.ac.in/department/RE/faculty/re-monalisa,monalisa@iitkgp.ac.in,,,,,,http://www.nid.iitkgp.ernet.in,https://www.iitkgp.ac.in/Departments/showPeopleFormerStaff [POST show_people_former_staff=faculty&dept_code=RE] (unit page https://www.iitkgp.ac.in/department/RE)
Neeraj Kumar Goyal,Subir Chowdhury School of Quality and Reliability,Professor,current,,https://www.iitkgp.ac.in/department/RE/faculty/re-ngoyal,ngoyal@hijli.iitkgp.ac.in,,,,,,https://www.linkedin.com/in/drneerajgoyal/,https://www.iitkgp.ac.in/Departments/showPeopleFormerStaff [POST show_people_former_staff=faculty&dept_code=RE] (unit page https://www.iitkgp.ac.in/department/RE)
Rajiv Nandan Rai,Subir Chowdhury School of Quality and Reliability,Associate Professor,current,2017,https://www.iitkgp.ac.in/department/RE/faculty/re-rnrai,rnrai@iitkgp.ac.in,0000-0002-6934-4106,,,,,http://linkedin.com/in/dr-rajiv-nandan-rai-216b3782,https://www.iitkgp.ac.in/Departments/showPeopleFormerStaff [POST show_people_former_staff=faculty&dept_code=RE] (unit page https://www.iitkgp.ac.in/department/RE)
Sanjay Kumar Chaturvedi,Subir Chowdhury School of Quality and Reliability,Professor,current,,https://www.iitkgp.ac.in/department/RE/faculty/re-skcrec,skcrec@hijli.iitkgp.ac.in,,https://scholar.google.com/citations?user=ULGIT6UAAAAJ,,,,,https://www.iitkgp.ac.in/Departments/showPeopleFormerStaff [POST show_people_former_staff=faculty&dept_code=RE] (unit page https://www.iitkgp.ac.in/department/RE)
V N Achutha Naikan,Subir Chowdhury School of Quality and Reliability,Professor,current,,https://www.iitkgp.ac.in/department/RE/faculty/re-naikan,naikan@hijli.iitkgp.ac.in,,,,,,,https://www.iitkgp.ac.in/Departments/showPeopleFormerStaff [POST show_people_former_staff=faculty&dept_code=RE] (unit page https://www.iitkgp.ac.in/department/RE)
Abhijeet Chandra,Vinod Gupta School of Management,Associate Professor,current,2014,https://www.iitkgp.ac.in/department/BM/faculty/bm-abhijeet,abhijeet@vgsom.iitkgp.ac.in,0000-0002-6892-4520,https://scholar.google.com/citations?user=gYTIf2gAAAAJ,,,,https://www.sites.google.com/site/workstationv20/,https://www.iitkgp.ac.in/Departments/showPeopleFormerStaff [POST show_people_former_staff=faculty&dept_code=BM] (unit page https://www.iitkgp.ac.in/department/BM)
Ajay Kumar Mishra,Vinod Gupta School of Management,Assistant Professor Grade-I,current,,https://www.iitkgp.ac.in/department/BM/faculty/bm-akmishra,akmishra@vgsom.iitkgp.ac.in,,,,,,https://www.researchgate.net/profile/Ajay_Kumar_Mishra_Phd,https://www.iitkgp.ac.in/Departments/showPeopleFormerStaff [POST show_people_former_staff=faculty&dept_code=BM] (unit page https://www.iitkgp.ac.in/department/BM)
Animesh Chaturvedi,Vinod Gupta School of Management,Assistant Professor Grade-I,current,,https://www.iitkgp.ac.in/department/BM/faculty/bm-animesh,animesh@vgsom.iitkgp.ac.in,,https://scholar.google.com/citations?user=QzIs9iYAAAAJ,https://dblp.uni-trier.de/pers/hd/c/Chaturvedi_0001:Animesh,,,https://sites.google.com/site/animeshchaturvedi07/home,https://www.iitkgp.ac.in/Departments/showPeopleFormerStaff [POST show_people_former_staff=faculty&dept_code=BM] (unit page https://www.iitkgp.ac.in/department/BM)
Anupam Ghosh,Vinod Gupta School of Management,Assistant Professor Grade-I,current,,https://www.iitkgp.ac.in/department/BM/faculty/bm-anupam,anupam@vgsom.iitkgp.ac.in,,,,,,,https://www.iitkgp.ac.in/Departments/showPeopleFormerStaff [POST show_people_former_staff=faculty&dept_code=BM] (unit page https://www.iitkgp.ac.in/department/BM)
Aradhna Malik,Vinod Gupta School of Management,Assistant Professor Grade-I,current,2008,https://www.iitkgp.ac.in/department/BM/faculty/bm-amalik,amalik@vgsom.iitkgp.ac.in,0000-0003-3793-0482,,,,,,https://www.iitkgp.ac.in/Departments/showPeopleFormerStaff [POST show_people_former_staff=faculty&dept_code=BM] (unit page https://www.iitkgp.ac.in/department/BM)
Arun Kumar Misra,Vinod Gupta School of Management,Professor,current,,https://www.iitkgp.ac.in/department/BM/faculty/bm-arunmisra,arunmisra@vgsom.iitkgp.ac.in,,,,,,,https://www.iitkgp.ac.in/Departments/showPeopleFormerStaff [POST show_people_former_staff=faculty&dept_code=BM] (unit page https://www.iitkgp.ac.in/department/BM)
Barnali Nag,Vinod Gupta School of Management,Associate Professor,current,,https://www.iitkgp.ac.in/department/BM/faculty/bm-barnali.nag,barnali.nag@vgsom.iitkgp.ac.in,,,,,,,https://www.iitkgp.ac.in/Departments/showPeopleFormerStaff [POST show_people_former_staff=faculty&dept_code=BM] (unit page https://www.iitkgp.ac.in/department/BM)
Biplab Datta,Vinod Gupta School of Management,Professor,current,,https://www.iitkgp.ac.in/department/BM/faculty/bm-bd,bd@vgsom.iitkgp.ac.in,,,,,,,https://www.iitkgp.ac.in/Departments/showPeopleFormerStaff [POST show_people_former_staff=faculty&dept_code=BM] (unit page https://www.iitkgp.ac.in/department/BM)
Chandra Sekhar Mishra,Vinod Gupta School of Management,Professor,current,,https://www.iitkgp.ac.in/department/BM/faculty/bm-csmishra,csmishra@vgsom.iitkgp.ac.in,,,,,,,https://www.iitkgp.ac.in/Departments/showPeopleFormerStaff [POST show_people_former_staff=faculty&dept_code=BM] (unit page https://www.iitkgp.ac.in/department/BM)
Dipanjan Kumar Dey,Vinod Gupta School of Management,Assistant Professor Grade-I,current,2026,https://www.iitkgp.ac.in/department/BM/faculty/bm-dipanjan.dey,dipanjan.dey@vgsom.iitkgp.ac.in,0000-0002-6240-5228,,,,,,https://www.iitkgp.ac.in/Departments/showPeopleFormerStaff [POST show_people_former_staff=faculty&dept_code=BM] (unit page https://www.iitkgp.ac.in/department/BM)
Gautam Pal,Vinod Gupta School of Management,Assistant Professor Grade-I,current,,https://www.iitkgp.ac.in/department/BM/faculty/bm-gautam.pal,gautam.pal@vgsom.iitkgp.ac.in,,,,,,,https://www.iitkgp.ac.in/Departments/showPeopleFormerStaff [POST show_people_former_staff=faculty&dept_code=BM] (unit page https://www.iitkgp.ac.in/department/BM)
Pallavi Pandey,Vinod Gupta School of Management,Assistant Professor Grade-I,current,,https://www.iitkgp.ac.in/department/BM/faculty/bm-pallavi.p,pallavi.p@vgsom.iitkgp.ac.in,,,,,,https://www.linkedin.com/in/pallavi-pandey-ph-d-a339097a/,https://www.iitkgp.ac.in/Departments/showPeopleFormerStaff [POST show_people_former_staff=faculty&dept_code=BM] (unit page https://www.iitkgp.ac.in/department/BM)
Parama Barai,Vinod Gupta School of Management,Professor,current,,https://www.iitkgp.ac.in/department/BM/faculty/bm-parama,parama@vgsom.iitkgp.ac.in,0009-0009-3904-4434,,,,,,https://www.iitkgp.ac.in/Departments/showPeopleFormerStaff [POST show_people_former_staff=faculty&dept_code=BM] (unit page https://www.iitkgp.ac.in/department/BM)
Prabina Rajib,Vinod Gupta School of Management,Professor,current,,https://www.iitkgp.ac.in/department/BM/faculty/bm-prabina,prabina@vgsom.iitkgp.ac.in,,,,,,,https://www.iitkgp.ac.in/Departments/showPeopleFormerStaff [POST show_people_former_staff=faculty&dept_code=BM] (unit page https://www.iitkgp.ac.in/department/BM)
Rudra Prakash Pradhan,Vinod Gupta School of Management,Professor,current,,https://www.iitkgp.ac.in/department/BM/faculty/bm-rudrap,rudrap@vgsom.iitkgp.ac.in,,,,,,,https://www.iitkgp.ac.in/Departments/showPeopleFormerStaff [POST show_people_former_staff=faculty&dept_code=BM] (unit page https://www.iitkgp.ac.in/department/BM)
Saini Das,Vinod Gupta School of Management,Assistant Professor Grade-I,current,,https://www.iitkgp.ac.in/department/BM/faculty/bm-saini,saini@vgsom.iitkgp.ac.in,0009-0006-5670-5562,,,,,,https://www.iitkgp.ac.in/Departments/showPeopleFormerStaff [POST show_people_former_staff=faculty&dept_code=BM] (unit page https://www.iitkgp.ac.in/department/BM)
Sangeeta Sahney,Vinod Gupta School of Management,Professor,current,,https://www.iitkgp.ac.in/department/BM/faculty/bm-sahney,sahney@vgsom.iitkgp.ac.in,,,,,,,https://www.iitkgp.ac.in/Departments/showPeopleFormerStaff [POST show_people_former_staff=faculty&dept_code=BM] (unit page https://www.iitkgp.ac.in/department/BM)
Shaili Singh,Vinod Gupta School of Management,Assistant Professor Grade-I,current,,https://www.iitkgp.ac.in/department/BM/faculty/bm-shaili,shaili@vgsom.iitkgp.ac.in,,,,,,,https://www.iitkgp.ac.in/Departments/showPeopleFormerStaff [POST show_people_former_staff=faculty&dept_code=BM] (unit page https://www.iitkgp.ac.in/department/BM)
Srabanti Mukherjee,Vinod Gupta School of Management,Associate Professor,current,,https://www.iitkgp.ac.in/department/BM/faculty/bm-srabanti,srabanti@vgsom.iitkgp.ac.in,,,,,,,https://www.iitkgp.ac.in/Departments/showPeopleFormerStaff [POST show_people_former_staff=faculty&dept_code=BM] (unit page https://www.iitkgp.ac.in/department/BM)
Sujit Sekhar Moharana,Vinod Gupta School of Management,Assistant Professor Grade-I,current,,https://www.iitkgp.ac.in/department/BM/faculty/bm-sujitsekhar,sujitsekhar@vgsom.iitkgp.ac.in,,,,,,,https://www.iitkgp.ac.in/Departments/showPeopleFormerStaff [POST show_people_former_staff=faculty&dept_code=BM] (unit page https://www.iitkgp.ac.in/department/BM)
Sujoy Bhattacharya,Vinod Gupta School of Management,Associate Professor,current,,https://www.iitkgp.ac.in/department/BM/faculty/bm-sujoybtc,sujoybtc@vgsom.iitkgp.ac.in,,,,,,,https://www.iitkgp.ac.in/Departments/showPeopleFormerStaff [POST show_people_former_staff=faculty&dept_code=BM] (unit page https://www.iitkgp.ac.in/department/BM)
Susmita Mukhopadhyay,Vinod Gupta School of Management,Associate Professor,current,,https://www.iitkgp.ac.in/department/BM/faculty/bm-susmita,susmita@vgsom.iitkgp.ac.in,,,,,,,https://www.iitkgp.ac.in/Departments/showPeopleFormerStaff [POST show_people_former_staff=faculty&dept_code=BM] (unit page https://www.iitkgp.ac.in/department/BM)
Tutan Ahmed,Vinod Gupta School of Management,Assistant Professor Grade-I,current,2018,https://www.iitkgp.ac.in/department/BM/faculty/bm-tutan,tutan@vgsom.iitkgp.ac.in,0000-0003-4858-065X,,,,,https://www.iitkgp.ac.in/department/BM/faculty/bm-tutan,https://www.iitkgp.ac.in/Departments/showPeopleFormerStaff [POST show_people_former_staff=faculty&dept_code=BM] (unit page https://www.iitkgp.ac.in/department/BM)
Vinay Yadav,Vinod Gupta School of Management,Assistant Professor Grade-I,current,2021,https://www.iitkgp.ac.in/department/BM/faculty/bm-vinay,vinay@vgsom.iitkgp.ac.in,0000-0002-7015-801X,https://scholar.google.com/citations?user=cIHjQjUAAAAJ,,,,http://facweb.iitkgp.ac.in/~vyadav/index.html,https://www.iitkgp.ac.in/Departments/showPeopleFormerStaff [POST show_people_former_staff=faculty&dept_code=BM] (unit page https://www.iitkgp.ac.in/department/BM)
Ajoy Chakrabarty,Academy of Classical and Folk Arts,Distinguished Visiting Faculty,visiting,,https://www.iitkgp.ac.in/department/AF/faculty/af-QmpvdnRGK2s4dE1heHNSVmFMQnBVZz09,,,,,,,,https://www.iitkgp.ac.in/Departments/showPeopleFormerStaff [POST show_people_former_staff=faculty&dept_code=AF] (unit page https://www.iitkgp.ac.in/department/AF)
Bhaskar Roy,Aerospace Engineering,Former faculty (2019-2021),former,2019,,,,,,,,,https://www.iitkgp.ac.in/Departments/showPeopleFormerStaff [POST show_people_former_staff=former_faculty&dept_code=AE] (unit page https://www.iitkgp.ac.in/department/AE)
Changduk Kong,Aerospace Engineering,Former faculty (2016-2021),former,2016,,cdgong@aero.iitkgp.ac.in,,,,,,,https://www.iitkgp.ac.in/Departments/showPeopleFormerStaff [POST show_people_former_staff=former_faculty&dept_code=AE] (unit page https://www.iitkgp.ac.in/department/AE)
Kalyan Prasad Sinhamahapatra,Aerospace Engineering,Former faculty (2024-2026),former,2024,,kalyanps@aero.iitkgp.ac.in,,,,,,,https://www.iitkgp.ac.in/Departments/showPeopleFormerStaff [POST show_people_former_staff=former_faculty&dept_code=AE] (unit page https://www.iitkgp.ac.in/department/AE)
Manas Kumar Laha,Aerospace Engineering,Former faculty (1987-2024),former,1987,,mlaha@aero.iitkgp.ac.in,,,,,,,https://www.iitkgp.ac.in/Departments/showPeopleFormerStaff [POST show_people_former_staff=former_faculty&dept_code=AE] (unit page https://www.iitkgp.ac.in/department/AE)
Navtej Singh,Aerospace Engineering,Former faculty (1984-2018),former,1984,,nsingh@aero.iitkgp.ac.in,,,,,,,https://www.iitkgp.ac.in/Departments/showPeopleFormerStaff [POST show_people_former_staff=former_faculty&dept_code=AE] (unit page https://www.iitkgp.ac.in/department/AE)
Abir Chakravorty,Agricultural and Food Engineering,Former faculty (2022-2025),former,2022,,abir.28kh@agfe.iitkgp.ac.in,0000-0002-9253-2594,,,,,,https://www.iitkgp.ac.in/Departments/showPeopleFormerStaff [POST show_people_former_staff=former_faculty&dept_code=AG] (unit page https://www.iitkgp.ac.in/department/AG)
Arunabha Mitra,Agricultural and Food Engineering,Former faculty (1984-2018),former,1984,,arunabha@iitkgp.ac.in,,,,,,,https://www.iitkgp.ac.in/Departments/showPeopleFormerStaff [POST show_people_former_staff=former_faculty&dept_code=AG] (unit page https://www.iitkgp.ac.in/department/AG)
Ashis Kumar Datta,Agricultural and Food Engineering,Former faculty (1985-2022),former,1985,,akd@agfe.iitkgp.ac.in,,,,,,,https://www.iitkgp.ac.in/Departments/showPeopleFormerStaff [POST show_people_former_staff=former_faculty&dept_code=AG] (unit page https://www.iitkgp.ac.in/department/AG)
Bijoy Chandra Ghosh,Agricultural and Food Engineering,Former faculty (1984-2016),former,1984,,,,,,,,,https://www.iitkgp.ac.in/Departments/showPeopleFormerStaff [POST show_people_former_staff=former_faculty&dept_code=AG] (unit page https://www.iitkgp.ac.in/department/AG)
Chanchal Kumar Mukherjee,Agricultural and Food Engineering,Former faculty (1981-2018),former,1981,,ckm@agfe.iitkgp.ac.in,,,,,,,https://www.iitkgp.ac.in/Departments/showPeopleFormerStaff [POST show_people_former_staff=former_faculty&dept_code=AG] (unit page https://www.iitkgp.ac.in/department/AG)
Hari Niwas Mishra,Agricultural and Food Engineering,Emeritus Professor,emeritus,,https://www.iitkgp.ac.in/department/AG/faculty/ag-hnm,hnm@agfe.iitkgp.ac.in,,,,,,http://www.fctliitkgp.co.in/,https://www.iitkgp.ac.in/Departments/showPeopleFormerStaff [POST show_people_former_staff=faculty&dept_code=AG] (unit page https://www.iitkgp.ac.in/department/AG)
Kamlesh Narayan Tiwari,Agricultural and Food Engineering,Former faculty (1984-2023),former,1984,,kamlesh@agfe.iitkgp.ac.in,,,,,,,https://www.iitkgp.ac.in/Departments/showPeopleFormerStaff [POST show_people_former_staff=former_faculty&dept_code=AG] (unit page https://www.iitkgp.ac.in/department/AG)
Madhusweta Das,Agricultural and Food Engineering,Former faculty (2002-2016),former,2002,,madhu@agfe.iitkgp.ac.in,0000-0003-1853-2542,,,,,,https://www.iitkgp.ac.in/Departments/showPeopleFormerStaff [POST show_people_former_staff=former_faculty&dept_code=AG] (unit page https://www.iitkgp.ac.in/department/AG)
P. B. Singh Bhadoria,Agricultural and Food Engineering,Former faculty (1981-2021),former,1981,,pbsb@agfe.iitkgp.ac.in,,,,,,,https://www.iitkgp.ac.in/Departments/showPeopleFormerStaff [POST show_people_former_staff=former_faculty&dept_code=AG] (unit page https://www.iitkgp.ac.in/department/AG)
Prem Prakash Srivastav,Agricultural and Food Engineering,Emeritus Professor,emeritus,1989,https://www.iitkgp.ac.in/department/AG/faculty/ag-pps,pps@agfe.iitkgp.ac.in,0000-0002-6676-1289,,,,,http://prempsrivastav.wix.com/prem,https://www.iitkgp.ac.in/Departments/showPeopleFormerStaff [POST show_people_former_staff=faculty&dept_code=AG] (unit page https://www.iitkgp.ac.in/department/AG)
Proshanta Guha,Agricultural and Food Engineering,Former faculty (2004-2022),former,2004,,pguha@agfe.iitkgp.ac.in,,,,,,,https://www.iitkgp.ac.in/Departments/showPeopleFormerStaff [POST show_people_former_staff=former_faculty&dept_code=AG] (unit page https://www.iitkgp.ac.in/department/AG)
Rabindra Kumar Panda,Agricultural and Food Engineering,Former faculty (1991-2017),former,1991,,rkpanda@agfe.iitkgp.ac.in,,,,,,,https://www.iitkgp.ac.in/Departments/showPeopleFormerStaff [POST show_people_former_staff=former_faculty&dept_code=AG] (unit page https://www.iitkgp.ac.in/department/AG)
Shanker Lal Shrivastava,Agricultural and Food Engineering,Former faculty (2004-2019),former,2004,,sls@agfe.iitkgp.ac.in,,,,,,,https://www.iitkgp.ac.in/Departments/showPeopleFormerStaff [POST show_people_former_staff=former_faculty&dept_code=AG] (unit page https://www.iitkgp.ac.in/department/AG)
Snehasish Dutta Gupta,Agricultural and Food Engineering,Former faculty (1991-2020),former,1991,,sdg@agfe.iitkgp.ac.in,,,,,,,https://www.iitkgp.ac.in/Departments/showPeopleFormerStaff [POST show_people_former_staff=former_faculty&dept_code=AG] (unit page https://www.iitkgp.ac.in/department/AG)
Sudhindra Nath Panda,Agricultural and Food Engineering,Former faculty (1995-2021),former,1995,,snp@agfe.iitkgp.ac.in,,,,,,,https://www.iitkgp.ac.in/Departments/showPeopleFormerStaff [POST show_people_former_staff=former_faculty&dept_code=AG] (unit page https://www.iitkgp.ac.in/department/AG)
Susanta Kumar Das,Agricultural and Food Engineering,Former faculty (1984-2017),former,1984,,skd@agfe.iitkgp.ac.in,,,,,,,https://www.iitkgp.ac.in/Departments/showPeopleFormerStaff [POST show_people_former_staff=former_faculty&dept_code=AG] (unit page https://www.iitkgp.ac.in/department/AG)
Thomas E V,Agricultural and Food Engineering,Former faculty (1989-2023),former,1989,,vareed@agfe.iitkgp.ac.in,,,,,,,https://www.iitkgp.ac.in/Departments/showPeopleFormerStaff [POST show_people_former_staff=former_faculty&dept_code=AG] (unit page https://www.iitkgp.ac.in/department/AG)
Tridib Kumar Goswami,Agricultural and Food Engineering,Former faculty (1989-2023),former,1989,,tkg@agfe.iitkgp.ac.in,,,,,,,https://www.iitkgp.ac.in/Departments/showPeopleFormerStaff [POST show_people_former_staff=former_faculty&dept_code=AG] (unit page https://www.iitkgp.ac.in/department/AG)
Virendra Kumar Tewari,Agricultural and Food Engineering,Former faculty (1990-2024),former,1990,,vktfeb@agfe.iitkgp.ac.in,,,,,,,https://www.iitkgp.ac.in/Departments/showPeopleFormerStaff [POST show_people_former_staff=former_faculty&dept_code=AG] (unit page https://www.iitkgp.ac.in/department/AG)
Amita Sinha,Architecture and Regional Planning,Former faculty (2018-2019),former,2018,,,,,,,,,https://www.iitkgp.ac.in/Departments/showPeopleFormerStaff [POST show_people_former_staff=former_faculty&dept_code=AR] (unit page https://www.iitkgp.ac.in/department/AR)
Jaydip Barman,Architecture and Regional Planning,Former faculty (1987-2026),former,1987,,,,,,,,,https://www.iitkgp.ac.in/Departments/showPeopleFormerStaff [POST show_people_former_staff=former_faculty&dept_code=AR] (unit page https://www.iitkgp.ac.in/department/AR)
Mainak Ghosh,Architecture and Regional Planning,Former faculty (2013-2017),former,2013,,mg@iitkgp.ac.in,0000-0002-0203-6133,,,,,,https://www.iitkgp.ac.in/Departments/showPeopleFormerStaff [POST show_people_former_staff=former_faculty&dept_code=AR] (unit page https://www.iitkgp.ac.in/department/AR)
Sanghamitra Basu,Architecture and Regional Planning,Former faculty (1984-2019),former,1984,,sbasu@arp.iitkgp.ac.in,0000-0001-6540-1807,,,,,,https://www.iitkgp.ac.in/Departments/showPeopleFormerStaff [POST show_people_former_staff=former_faculty&dept_code=AR] (unit page https://www.iitkgp.ac.in/department/AR)
Somnath Sen,Architecture and Regional Planning,Former faculty (1987-2019),former,1987,,snsen@arp.iitkgp.ac.in,,,,,,,https://www.iitkgp.ac.in/Departments/showPeopleFormerStaff [POST show_people_former_staff=former_faculty&dept_code=AR] (unit page https://www.iitkgp.ac.in/department/AR)
Subrata Chattopadhyay,Architecture and Regional Planning,Emeritus Professor,emeritus,,https://www.iitkgp.ac.in/department/AR/faculty/ar-schat,schat@arp.iitkgp.ac.in,0000-0003-2569-3379,,,,,,https://www.iitkgp.ac.in/Departments/showPeopleFormerStaff [POST show_people_former_staff=faculty&dept_code=AR] (unit page https://www.iitkgp.ac.in/department/AR)
Sutapa Das,Architecture and Regional Planning,Former faculty (2010-2020),former,2010,,sutapa@arp.iitkgp.ac.in,0000-0002-3928-6881,,,,,,https://www.iitkgp.ac.in/Departments/showPeopleFormerStaff [POST show_people_former_staff=former_faculty&dept_code=AR] (unit page https://www.iitkgp.ac.in/department/AR)
Tapan Kumar Majumdar,Architecture and Regional Planning,Former faculty (1998-2018),former,1998,,tkm@arp.iitkgp.ac.in,,,,,,,https://www.iitkgp.ac.in/Departments/showPeopleFormerStaff [POST show_people_former_staff=former_faculty&dept_code=AR] (unit page https://www.iitkgp.ac.in/department/AR)
Uttam Kumar Banerjee,Architecture and Regional Planning,Former faculty (1984-2020),former,1984,,ukb@arp.iitkgp.ac.in,,,,,,,https://www.iitkgp.ac.in/Departments/showPeopleFormerStaff [POST show_people_former_staff=former_faculty&dept_code=AR] (unit page https://www.iitkgp.ac.in/department/AR)
Amlan Chakrabarti,Artificial Intelligence,Visiting Professor,visiting,,https://www.iitkgp.ac.in/department/AI/faculty/ai-ajdMZ3NHWEtXcHpSdy9vMEJkdHh0UT09,,,https://scholar.google.com/citations?user=LTSiNggAAAAJ,https://dblp.org/pid/33/3570.html,,,https://sites.google.com/caluniv.ac.in/amlanc-org,https://www.iitkgp.ac.in/Departments/showPeopleFormerStaff [POST show_people_former_staff=faculty&dept_code=AI] (unit page https://www.iitkgp.ac.in/department/AI)
Ananta Kumar Ghosh,Bioscience and Biotechnology,Former faculty (1995-2022),former,1995,,aghosh@bt.iitkgp.ac.in,,,,,,,https://www.iitkgp.ac.in/Departments/showPeopleFormerStaff [POST show_people_former_staff=former_faculty&dept_code=BT] (unit page https://www.iitkgp.ac.in/department/BT)
Debabrata Das,Bioscience and Biotechnology,Former faculty (1988-2020),former,1988,,ddas@bt.iitkgp.ac.in,,,,,,,https://www.iitkgp.ac.in/Departments/showPeopleFormerStaff [POST show_people_former_staff=former_faculty&dept_code=BT] (unit page https://www.iitkgp.ac.in/department/BT)
Satyahari Dey,Bioscience and Biotechnology,Former faculty (1993-2022),former,1993,,sdey@bt.iitkgp.ac.in,,,,,,,https://www.iitkgp.ac.in/Departments/showPeopleFormerStaff [POST show_people_former_staff=former_faculty&dept_code=BT] (unit page https://www.iitkgp.ac.in/department/BT)
Tapas Kumar Maiti,Bioscience and Biotechnology,Former faculty (1995-2021),former,1995,,tkmaiti@bt.iitkgp.ac.in,,,,,,,https://www.iitkgp.ac.in/Departments/showPeopleFormerStaff [POST show_people_former_staff=former_faculty&dept_code=BT] (unit page https://www.iitkgp.ac.in/department/BT)
Divya Nayar,Centre for Computational and Data Sciences,Former faculty (2018-2020),former,2018,,divya.nayar@iitkgp.ac.in,0000-0001-8569-7633,,,,,,https://www.iitkgp.ac.in/Departments/showPeopleFormerStaff [POST show_people_former_staff=former_faculty&dept_code=CD] (unit page https://www.iitkgp.ac.in/department/CD)
Jatindra Nath Roy,Centre for Interdisciplinary and Convergent Technologies,Former faculty (2014-2021),former,2014,,jnroy@atdc.iitkgp.ac.in,,,,,,,https://www.iitkgp.ac.in/Departments/showPeopleFormerStaff [POST show_people_former_staff=former_faculty&dept_code=AT] (unit page https://www.iitkgp.ac.in/department/AT)
Manabottam Mandal,"Centre for Ocean, River, Atmosphere and Land Sciences (CORAL)",Former faculty (2006-2017),former,2006,,mmandal@coral.iitkgp.ac.in,,,,,,,https://www.iitkgp.ac.in/Departments/showPeopleFormerStaff [POST show_people_former_staff=former_faculty&dept_code=CL] (unit page https://www.iitkgp.ac.in/department/CL)
Prem Chand Pandey,"Centre for Ocean, River, Atmosphere and Land Sciences (CORAL)",Former faculty (2017-2020),former,2017,,,,,,,,,https://www.iitkgp.ac.in/Departments/showPeopleFormerStaff [POST show_people_former_staff=former_faculty&dept_code=CL] (unit page https://www.iitkgp.ac.in/department/CL)
Shishir Kumar Dube,"Centre for Ocean, River, Atmosphere and Land Sciences (CORAL)",Former faculty (2016-2021),former,2016,,,,,,,,,https://www.iitkgp.ac.in/Departments/showPeopleFormerStaff [POST show_people_former_staff=former_faculty&dept_code=CL] (unit page https://www.iitkgp.ac.in/department/CL)
V Chandrasekar,"Centre for Ocean, River, Atmosphere and Land Sciences (CORAL)",Former faculty (2017-2020),former,2017,,,,,,,,,https://www.iitkgp.ac.in/Departments/showPeopleFormerStaff [POST show_people_former_staff=former_faculty&dept_code=CL] (unit page https://www.iitkgp.ac.in/department/CL)
Daya Shankar Pandey,Centre for Rural Development and Innovative Sustainable Technology,Former faculty (2022-2022),former,2022,,dspandey@iitkgp.ac.in,,,,,,,https://www.iitkgp.ac.in/Departments/showPeopleFormerStaff [POST show_people_former_staff=former_faculty&dept_code=RD] (unit page https://www.iitkgp.ac.in/department/RD)
Pradip Kumar Bhowmick,Centre for Rural Development and Innovative Sustainable Technology,Former faculty (1990-2021),former,1990,,pradipb@hijli.iitkgp.ac.in,,,,,,,https://www.iitkgp.ac.in/Departments/showPeopleFormerStaff [POST show_people_former_staff=former_faculty&dept_code=RD] (unit page https://www.iitkgp.ac.in/department/RD)
Mahamahopadhyaya Bhadreshdas Swami,Centre of Excellence for Indian Knowledge Systems,Former faculty (2023-2026),former,2023,,,,,,,,,https://www.iitkgp.ac.in/Departments/showPeopleFormerStaff [POST show_people_former_staff=former_faculty&dept_code=KS] (unit page https://www.iitkgp.ac.in/department/KS)
Sonal Mansingh,Centre of Excellence for Indian Knowledge Systems,Distinguished Visiting Faculty,visiting,,https://www.iitkgp.ac.in/department/KS/faculty/ks-dFRhYzNQWjM2T2lxWG5iNVFqKzE0QT09,,,,,,,,https://www.iitkgp.ac.in/Departments/showPeopleFormerStaff [POST show_people_former_staff=faculty&dept_code=KS] (unit page https://www.iitkgp.ac.in/department/KS)
Achin Chakraborty,"Centre of Excellence in Public Policy, Law and Governance",Visiting Professor,visiting,,https://www.iitkgp.ac.in/department/CP/faculty/cp-ZUhZeVhadGhueVpFemJwdUxQeXhMQT09,,,,,,,,https://www.iitkgp.ac.in/Departments/showPeopleFormerStaff [POST show_people_former_staff=faculty&dept_code=CP] (unit page https://www.iitkgp.ac.in/department/CP)
Kallol Dutt,"Centre of Excellence in Public Policy, Law and Governance",Visiting Professor,visiting,,https://www.iitkgp.ac.in/department/CP/faculty/cp-kalloldutt,kalloldutt@coepplg.iitkgp.ac.in,,,,,,,https://www.iitkgp.ac.in/Departments/showPeopleFormerStaff [POST show_people_former_staff=faculty&dept_code=CP] (unit page https://www.iitkgp.ac.in/department/CP)
Krishna O.B.,Centre of Excellence on Safety Engineering & Analytics (COE-SEA),Former faculty (2024-2025),former,2024,,obkrishna@iem.iitkgp.ac.in,,,,,,,https://www.iitkgp.ac.in/Departments/showPeopleFormerStaff [POST show_people_former_staff=former_faculty&dept_code=SE] (unit page https://www.iitkgp.ac.in/department/SE)
Amar Nath Samanta,Chemical Engineering,Former faculty (1991-2024),former,1991,,amar@che.iitkgp.ac.in,0000-0002-0290-7461,,,,,,https://www.iitkgp.ac.in/Departments/showPeopleFormerStaff [POST show_people_former_staff=former_faculty&dept_code=CH] (unit page https://www.iitkgp.ac.in/department/CH)
Gautam Kundu,Chemical Engineering,Former faculty (1985-2019),former,1985,,gk@che.iitkgp.ac.in,,,,,,,https://www.iitkgp.ac.in/Departments/showPeopleFormerStaff [POST show_people_former_staff=former_faculty&dept_code=CH] (unit page https://www.iitkgp.ac.in/department/CH)
Hariprasad Kodamana,Chemical Engineering,Former faculty (2017-2017),former,2017,,hariprasad@che.iitkgp.ac.in,,,,,,,https://www.iitkgp.ac.in/Departments/showPeopleFormerStaff [POST show_people_former_staff=former_faculty&dept_code=CH] (unit page https://www.iitkgp.ac.in/department/CH)
Jayanta Kumar Basu,Chemical Engineering,Former faculty (1991-2022),former,1991,,jkb@che.iitkgp.ac.in,,,,,,,https://www.iitkgp.ac.in/Departments/showPeopleFormerStaff [POST show_people_former_staff=former_faculty&dept_code=CH] (unit page https://www.iitkgp.ac.in/department/CH)
Saikat Chakraborty,Chemical Engineering,Former faculty (2005-2022),former,2005,,saikat@che.iitkgp.ac.in,0000-0002-3871-0134,,,,,,https://www.iitkgp.ac.in/Departments/showPeopleFormerStaff [POST show_people_former_staff=former_faculty&dept_code=CH] (unit page https://www.iitkgp.ac.in/department/CH)
Subhabrata Ray,Chemical Engineering,Former faculty (2019-2020),former,2019,,sray@che.iitkgp.ac.in,,,,,,,https://www.iitkgp.ac.in/Departments/showPeopleFormerStaff [POST show_people_former_staff=former_faculty&dept_code=CH] (unit page https://www.iitkgp.ac.in/department/CH)
Sudarsan Neogi,Chemical Engineering,Former faculty (2004-2021),former,2004,,sneogi@che.iitkgp.ac.in,,,,,,,https://www.iitkgp.ac.in/Departments/showPeopleFormerStaff [POST show_people_former_staff=former_faculty&dept_code=CH] (unit page https://www.iitkgp.ac.in/department/CH)
Venkatram Harihara Padmanabhan,Chemical Engineering,Former faculty (2012-2016),former,2012,,venkatp@che.iitkgp.ac.in,,,,,,,https://www.iitkgp.ac.in/Departments/showPeopleFormerStaff [POST show_people_former_staff=former_faculty&dept_code=CH] (unit page https://www.iitkgp.ac.in/department/CH)
Ahindra Nag,Chemistry,Former faculty (1985-2020),former,1985,,ahinnag@chem.iitkgp.ac.in,,,,,,,https://www.iitkgp.ac.in/Departments/showPeopleFormerStaff [POST show_people_former_staff=former_faculty&dept_code=CY] (unit page https://www.iitkgp.ac.in/department/CY)
Amit Basak,Chemistry,Former faculty (1991-2021),former,1991,,absk@chem.iitkgp.ac.in,,,,,,,https://www.iitkgp.ac.in/Departments/showPeopleFormerStaff [POST show_people_former_staff=former_faculty&dept_code=CY] (unit page https://www.iitkgp.ac.in/department/CY)
Anoop Ayyappan,Chemistry,Former faculty (2010-2025),former,2010,,anoop@chem.iitkgp.ac.in,0000-0002-8116-5506,,,,,,https://www.iitkgp.ac.in/Departments/showPeopleFormerStaff [POST show_people_former_staff=former_faculty&dept_code=CY] (unit page https://www.iitkgp.ac.in/department/CY)
Debabrata Mukherjee,Chemistry,Former faculty (2018-2019),former,2018,,d.mukherjee@chem.iitkgp.ac.in,,,,,,,https://www.iitkgp.ac.in/Departments/showPeopleFormerStaff [POST show_people_former_staff=former_faculty&dept_code=CY] (unit page https://www.iitkgp.ac.in/department/CY)
Dipakranjan Mal,Chemistry,Former faculty (1987-2017),former,1987,,dmal@chem.iitkgp.ac.in,,,,,,,https://www.iitkgp.ac.in/Departments/showPeopleFormerStaff [POST show_people_former_staff=former_faculty&dept_code=CY] (unit page https://www.iitkgp.ac.in/department/CY)
Jayanta Kumar Ray,Chemistry,Former faculty (1977-2017),former,1977,,jkray@chem.iitkgp.ac.in,,,,,,,https://www.iitkgp.ac.in/Departments/showPeopleFormerStaff [POST show_people_former_staff=former_faculty&dept_code=CY] (unit page https://www.iitkgp.ac.in/department/CY)
Joykrishna Dey,Chemistry,Former faculty (1998-2026),former,1998,,joydey@chem.iitkgp.ac.in,0000-0001-8357-5560,,,,,,https://www.iitkgp.ac.in/Departments/showPeopleFormerStaff [POST show_people_former_staff=former_faculty&dept_code=CY] (unit page https://www.iitkgp.ac.in/department/CY)
Pratim Kumar Chattaraj,Chemistry,Former faculty (1988-2023),former,1988,,pkc@chem.iitkgp.ac.in,0000-0002-5650-7666,,,,,,https://www.iitkgp.ac.in/Departments/showPeopleFormerStaff [POST show_people_former_staff=former_faculty&dept_code=CY] (unit page https://www.iitkgp.ac.in/department/CY)
Sourav Pal,Chemistry,Former faculty (2016-2021),former,2016,,,,,,,,,https://www.iitkgp.ac.in/Departments/showPeopleFormerStaff [POST show_people_former_staff=former_faculty&dept_code=CY] (unit page https://www.iitkgp.ac.in/department/CY)
Suneel Kumar Srivastava,Chemistry,Former faculty (1985-2021),former,1985,,sunit@chem.iitkgp.ac.in,,,,,,,https://www.iitkgp.ac.in/Departments/showPeopleFormerStaff [POST show_people_former_staff=former_faculty&dept_code=CY] (unit page https://www.iitkgp.ac.in/department/CY)
Tanmaya Pathak,Chemistry,Former faculty (2001-2023),former,2001,,tpathak@chem.iitkgp.ac.in,0000-0001-9645-7555,,,,,,https://www.iitkgp.ac.in/Departments/showPeopleFormerStaff [POST show_people_former_staff=former_faculty&dept_code=CY] (unit page https://www.iitkgp.ac.in/department/CY)
Tarasankar Pal,Chemistry,Former faculty (1984-2017),former,1984,,tpal@chem.iitkgp.ac.in,,,,,,,https://www.iitkgp.ac.in/Departments/showPeopleFormerStaff [POST show_people_former_staff=former_faculty&dept_code=CY] (unit page https://www.iitkgp.ac.in/department/CY)
Aniruddha Sengupta,Civil Engineering,Former faculty (1999-2025),former,1999,,sengupta@civil.iitkgp.ac.in,,,,,,,https://www.iitkgp.ac.in/Departments/showPeopleFormerStaff [POST show_people_former_staff=former_faculty&dept_code=CE] (unit page https://www.iitkgp.ac.in/department/CE)
Anjali Pal,Civil Engineering,Former faculty (2000-2023),former,2000,,anjalipal@civil.iitkgp.ac.in,0000-0003-1736-4938,,,,,,https://www.iitkgp.ac.in/Departments/showPeopleFormerStaff [POST show_people_former_staff=former_faculty&dept_code=CE] (unit page https://www.iitkgp.ac.in/department/CE)
Athira Gopinath,Civil Engineering,Former faculty (2022-2023),former,2022,,athira@civil.iitkgp.ac.in,0000-0001-6746-3198,,,,,,https://www.iitkgp.ac.in/Departments/showPeopleFormerStaff [POST show_people_former_staff=former_faculty&dept_code=CE] (unit page https://www.iitkgp.ac.in/department/CE)
Krishna Prapoorna Biligiri,Civil Engineering,Former faculty (2013-2017),former,2013,,kpb@civil.iitkgp.ac.in,,,,,,,https://www.iitkgp.ac.in/Departments/showPeopleFormerStaff [POST show_people_former_staff=former_faculty&dept_code=CE] (unit page https://www.iitkgp.ac.in/department/CE)
Lingadahally S Ramachandra,Civil Engineering,Emeritus Professor,emeritus,,https://www.iitkgp.ac.in/department/CE/faculty/ce-lsr,lsr@civil.iitkgp.ac.in,,,,,,,https://www.iitkgp.ac.in/Departments/showPeopleFormerStaff [POST show_people_former_staff=faculty&dept_code=CE] (unit page https://www.iitkgp.ac.in/department/CE)
Nilanjan Mitra,Civil Engineering,Former faculty (2009-2021),former,2009,,nilanjan@civil.iitkgp.ac.in,0000-0003-0639-463X,,,,,,https://www.iitkgp.ac.in/Departments/showPeopleFormerStaff [POST show_people_former_staff=former_faculty&dept_code=CE] (unit page https://www.iitkgp.ac.in/department/CE)
Pavithra Parthasarathy,Civil Engineering,Former faculty (2022-2025),former,2022,,pavithra@civil.iitkgp.ac.in,0000-0001-9775-9838,,,,,,https://www.iitkgp.ac.in/Departments/showPeopleFormerStaff [POST show_people_former_staff=former_faculty&dept_code=CE] (unit page https://www.iitkgp.ac.in/department/CE)
Sriman Kumar Bhattacharyya,Civil Engineering,Former faculty (1987-2022),former,1987,,bsri@civil.iitkgp.ac.in,,,,,,,https://www.iitkgp.ac.in/Departments/showPeopleFormerStaff [POST show_people_former_staff=former_faculty&dept_code=CE] (unit page https://www.iitkgp.ac.in/department/CE)
Subhasish Dey,Civil Engineering,Former faculty (1998-2023),former,1998,,sdey@iitkgp.ac.in;,,,,,,,https://www.iitkgp.ac.in/Departments/showPeopleFormerStaff [POST show_people_former_staff=former_faculty&dept_code=CE] (unit page https://www.iitkgp.ac.in/department/CE)
Sudeshna Mitra,Civil Engineering,Former faculty (2009-2021),former,2009,,sudeshna@civil.iitkgp.ac.in,,,,,,,https://www.iitkgp.ac.in/Departments/showPeopleFormerStaff [POST show_people_former_staff=former_faculty&dept_code=CE] (unit page https://www.iitkgp.ac.in/department/CE)
Venkappayya R Desai,Civil Engineering,Former faculty (1994-2025),former,1994,,venkapd@civil.iitkgp.ac.in,,,,,,,https://www.iitkgp.ac.in/Departments/showPeopleFormerStaff [POST show_people_former_staff=former_faculty&dept_code=CE] (unit page https://www.iitkgp.ac.in/department/CE)
Ajit Pal,Computer Science and Engineering,Former faculty (1982-2016),former,1982,,apal@cse.iitkgp.ac.in,,,,,,,https://www.iitkgp.ac.in/Departments/showPeopleFormerStaff [POST show_people_former_staff=former_faculty&dept_code=CS] (unit page https://www.iitkgp.ac.in/department/CS)
Anupam Basu,Computer Science and Engineering,Former faculty (1984-2022),former,1984,,anupam@cse.iitkgp.ac.in,0000-0002-1960-9225,,,,,,https://www.iitkgp.ac.in/Departments/showPeopleFormerStaff [POST show_people_former_staff=former_faculty&dept_code=CS] (unit page https://www.iitkgp.ac.in/department/CS)
Arun Kumar Majumdar,Computer Science and Engineering,Former faculty (1980-2016),former,1980,,,,,,,,,https://www.iitkgp.ac.in/Departments/showPeopleFormerStaff [POST show_people_former_staff=former_faculty&dept_code=CS] (unit page https://www.iitkgp.ac.in/department/CS)
Bhargab Bikram Bhattacharya,Computer Science and Engineering,Former faculty (2018-2022),former,2018,,,,,,,,,https://www.iitkgp.ac.in/Departments/showPeopleFormerStaff [POST show_people_former_staff=former_faculty&dept_code=CS] (unit page https://www.iitkgp.ac.in/department/CS)
Dipankar Dasgupta,Computer Science and Engineering,Former faculty (2018-2018),former,2018,,,,,,,,,https://www.iitkgp.ac.in/Departments/showPeopleFormerStaff [POST show_people_former_staff=former_faculty&dept_code=CS] (unit page https://www.iitkgp.ac.in/department/CS)
Dipankar Sarkar,Computer Science and Engineering,Former faculty (1980-2017),former,1980,,ds@cse.iitkgp.ac.in,,,,,,,https://www.iitkgp.ac.in/Departments/showPeopleFormerStaff [POST show_people_former_staff=former_faculty&dept_code=CS] (unit page https://www.iitkgp.ac.in/department/CS)
Indranil Sengupta,Computer Science and Engineering,Emeritus Professor,emeritus,,https://www.iitkgp.ac.in/department/CS/faculty/cs-isg,isg@iitkgp.ac.in,,,,,,http://www.facweb.iitkgp.ernet.in/~isg,https://www.iitkgp.ac.in/Departments/showPeopleFormerStaff [POST show_people_former_staff=faculty&dept_code=CS] (unit page https://www.iitkgp.ac.in/department/CS)
Pallab Dasgupta,Computer Science and Engineering,Former faculty (1995-2025),former,1995,,pallab@cse.iitkgp.ac.in,0000-0002-2178-8154,,,,,,https://www.iitkgp.ac.in/Departments/showPeopleFormerStaff [POST show_people_former_staff=former_faculty&dept_code=CS] (unit page https://www.iitkgp.ac.in/department/CS)
Partha Pratim Das,Computer Science and Engineering,Former faculty (2011-2024),former,2011,,ppd@cse.iitkgp.ac.in,0000-0003-1435-6051,,,,,,https://www.iitkgp.ac.in/Departments/showPeopleFormerStaff [POST show_people_former_staff=former_faculty&dept_code=CS] (unit page https://www.iitkgp.ac.in/department/CS)
Partha Sarathi Dey,Computer Science and Engineering,Former faculty (1985-2020),former,1985,,psd@cse.iitkgp.ac.in,,,,,,,https://www.iitkgp.ac.in/Departments/showPeopleFormerStaff [POST show_people_former_staff=former_faculty&dept_code=CS] (unit page https://www.iitkgp.ac.in/department/CS)
Rajeev Kumar,Computer Science and Engineering,Former faculty (2000-2017),former,2000,,rkumar@cse.iitkgp.ac.in,0000-0003-0233-6563,,,,,,https://www.iitkgp.ac.in/Departments/showPeopleFormerStaff [POST show_people_former_staff=former_faculty&dept_code=CS] (unit page https://www.iitkgp.ac.in/department/CS)
Rajib Mall,Computer Science and Engineering,Former faculty (1994-2024),former,1994,,rajib@cse.iitkgp.ac.in,,,,,,,https://www.iitkgp.ac.in/Departments/showPeopleFormerStaff [POST show_people_former_staff=former_faculty&dept_code=CS] (unit page https://www.iitkgp.ac.in/department/CS)
Rogers Mathew,Computer Science and Engineering,Former faculty (2015-2019),former,2015,,rogers@cse.iitkgp.ac.in,,,,,,,https://www.iitkgp.ac.in/Departments/showPeopleFormerStaff [POST show_people_former_staff=former_faculty&dept_code=CS] (unit page https://www.iitkgp.ac.in/department/CS)
Saurabh Bagchi,Computer Science and Engineering,Former faculty (2018-2020),former,2018,,,,,,,,,https://www.iitkgp.ac.in/Departments/showPeopleFormerStaff [POST show_people_former_staff=former_faculty&dept_code=CS] (unit page https://www.iitkgp.ac.in/department/CS)
Sudebkumar Prasant Pal,Computer Science and Engineering,Former faculty (1990-2026),former,1990,,spp@cse.iitkgp.ac.in,,,,,,,https://www.iitkgp.ac.in/Departments/showPeopleFormerStaff [POST show_people_former_staff=former_faculty&dept_code=CS] (unit page https://www.iitkgp.ac.in/department/CS)
Sujoy Ghose,Computer Science and Engineering,Former faculty (1979-2022),former,1979,,sujoy@cse.iitkgp.ac.in,,,,,,,https://www.iitkgp.ac.in/Departments/showPeopleFormerStaff [POST show_people_former_staff=former_faculty&dept_code=CS] (unit page https://www.iitkgp.ac.in/department/CS)
Swagato Sanyal,Computer Science and Engineering,Former faculty (2018-2025),former,2018,,swagato@cse.iitkgp.ac.in,,,,,,,https://www.iitkgp.ac.in/Departments/showPeopleFormerStaff [POST show_people_former_staff=former_faculty&dept_code=CS] (unit page https://www.iitkgp.ac.in/department/CS)
Kanchan Chowdhury,Cryogenic Engineering,Former faculty (1984-2022),former,1984,,kanchan@cryo.iitkgp.ac.in,,,,,,,https://www.iitkgp.ac.in/Departments/showPeopleFormerStaff [POST show_people_former_staff=former_faculty&dept_code=CR] (unit page https://www.iitkgp.ac.in/department/CR)
Tripti Sekhar Datta,Cryogenic Engineering,Former faculty (2019-2024),former,2019,,tsdatta@cryo.iitkgp.ac.in,,,,,,,https://www.iitkgp.ac.in/Departments/showPeopleFormerStaff [POST show_people_former_staff=former_faculty&dept_code=CR] (unit page https://www.iitkgp.ac.in/department/CR)
Vaisakh Vadakkumbatt,Cryogenic Engineering,Former faculty (2024-2026),former,2024,,vaisakh@cryo.iitkgp.ac.in,,,,,,,https://www.iitkgp.ac.in/Departments/showPeopleFormerStaff [POST show_people_former_staff=former_faculty&dept_code=CR] (unit page https://www.iitkgp.ac.in/department/CR)
Vutukuru Vasudeva Rao,Cryogenic Engineering,Former faculty (1982-2022),former,1982,,vvrao@cryo.iitkgp.ac.in,,,,,,,https://www.iitkgp.ac.in/Departments/showPeopleFormerStaff [POST show_people_former_staff=former_faculty&dept_code=CR] (unit page https://www.iitkgp.ac.in/department/CR)
Abhishek Malakar,Dr B C Roy Multi Speciality Medical Research Centre,Former faculty (2022-2022),former,2022,,abhishek@bcrmrc.iitkgp.ac.in,,,,,,,https://www.iitkgp.ac.in/Departments/showPeopleFormerStaff [POST show_people_former_staff=former_faculty&dept_code=SH] (unit page https://www.iitkgp.ac.in/department/SH)
Arijit Dey,Dr B C Roy Multi Speciality Medical Research Centre,Former faculty (2023-2023),former,2023,,arijit06@bcrmrc.iitkgp.ac.in,,,,,,,https://www.iitkgp.ac.in/Departments/showPeopleFormerStaff [POST show_people_former_staff=former_faculty&dept_code=SH] (unit page https://www.iitkgp.ac.in/department/SH)
Azgaonkar Sarvesh Premanand,Dr B C Roy Multi Speciality Medical Research Centre,Former faculty (2024-2024),former,2024,,sarveshazgaonkar@bcrmrc.iitkgp.ac.in,,,,,,,https://www.iitkgp.ac.in/Departments/showPeopleFormerStaff [POST show_people_former_staff=former_faculty&dept_code=SH] (unit page https://www.iitkgp.ac.in/department/SH)
Chaitanya Mittal,Dr B C Roy Multi Speciality Medical Research Centre,Former faculty (2021-2024),former,2021,,chaitanyasog@bcrmrc.iitkgp.ac.in,0000-0002-1842-5627,,,,,,https://www.iitkgp.ac.in/Departments/showPeopleFormerStaff [POST show_people_former_staff=former_faculty&dept_code=SH] (unit page https://www.iitkgp.ac.in/department/SH)
Deepika .,Dr B C Roy Multi Speciality Medical Research Centre,Former faculty (2022-2023),former,2022,,deepika@bcrmrc.iitkgp.ac.in,,,,,,,https://www.iitkgp.ac.in/Departments/showPeopleFormerStaff [POST show_people_former_staff=former_faculty&dept_code=SH] (unit page https://www.iitkgp.ac.in/department/SH)
Mangani Mangalavalli S,Dr B C Roy Multi Speciality Medical Research Centre,Former faculty (2021-2021),former,2021,,,,,,,,,https://www.iitkgp.ac.in/Departments/showPeopleFormerStaff [POST show_people_former_staff=former_faculty&dept_code=SH] (unit page https://www.iitkgp.ac.in/department/SH)
Mayank Agarwal,Dr B C Roy Multi Speciality Medical Research Centre,Former faculty (2021-2022),former,2021,,,,,,,,,https://www.iitkgp.ac.in/Departments/showPeopleFormerStaff [POST show_people_former_staff=former_faculty&dept_code=SH] (unit page https://www.iitkgp.ac.in/department/SH)
Monalisa Mohanty,Dr B C Roy Multi Speciality Medical Research Centre,Former faculty (2024-2025),former,2024,,monalisa@bcrmrc.iitkgp.ac.in,,,,,,,https://www.iitkgp.ac.in/Departments/showPeopleFormerStaff [POST show_people_former_staff=former_faculty&dept_code=SH] (unit page https://www.iitkgp.ac.in/department/SH)
Naga Syamsundara Kiran Avupati,Dr B C Roy Multi Speciality Medical Research Centre,Former faculty (2021-2022),former,2021,,,,,,,,,https://www.iitkgp.ac.in/Departments/showPeopleFormerStaff [POST show_people_former_staff=former_faculty&dept_code=SH] (unit page https://www.iitkgp.ac.in/department/SH)
Pradosh Kumar Sarangi,Dr B C Roy Multi Speciality Medical Research Centre,Former faculty (2022-2023),former,2022,,drpksarangi@bcrmrc.iitkgp.ac.in,0000-0002-9434-946X,,,,,,https://www.iitkgp.ac.in/Departments/showPeopleFormerStaff [POST show_people_former_staff=former_faculty&dept_code=SH] (unit page https://www.iitkgp.ac.in/department/SH)
Ravi Kant Narayan,Dr B C Roy Multi Speciality Medical Research Centre,Former faculty (2021-2023),former,2021,,drnarayanrk@bcrmrc.iitkgp.ac.in,0000-0003-2510-6744,,,,,,https://www.iitkgp.ac.in/Departments/showPeopleFormerStaff [POST show_people_former_staff=former_faculty&dept_code=SH] (unit page https://www.iitkgp.ac.in/department/SH)
Roshan Andleeb,Dr B C Roy Multi Speciality Medical Research Centre,Former faculty (2023-2023),former,2023,,roshan.anesth@bcrmrc.iitkgp.ac.in,,,,,,,https://www.iitkgp.ac.in/Departments/showPeopleFormerStaff [POST show_people_former_staff=former_faculty&dept_code=SH] (unit page https://www.iitkgp.ac.in/department/SH)
Sagarika Sarkar,Dr B C Roy Multi Speciality Medical Research Centre,Former faculty (2022-2023),former,2022,,,,,,,,,https://www.iitkgp.ac.in/Departments/showPeopleFormerStaff [POST show_people_former_staff=former_faculty&dept_code=SH] (unit page https://www.iitkgp.ac.in/department/SH)
Shreya Barik,Dr B C Roy Multi Speciality Medical Research Centre,Former faculty (2022-2022),former,2022,,shreya@bcrmrc.iitkgp.ac.in,,,,,,,https://www.iitkgp.ac.in/Departments/showPeopleFormerStaff [POST show_people_former_staff=former_faculty&dept_code=SH] (unit page https://www.iitkgp.ac.in/department/SH)
Soumi Kundu,Dr B C Roy Multi Speciality Medical Research Centre,Former faculty (2023-2024),former,2023,,soumi.kundu@bcrmrc.iitkgp.ac.in,0000-0003-4906-8957,,,,,,https://www.iitkgp.ac.in/Departments/showPeopleFormerStaff [POST show_people_former_staff=former_faculty&dept_code=SH] (unit page https://www.iitkgp.ac.in/department/SH)
Soumya Behera,Dr B C Roy Multi Speciality Medical Research Centre,Former faculty (2024-2025),former,2024,,soumya@bcrmrc.iitkgp.ac.in,0009-0001-0388-8581,,,,,,https://www.iitkgp.ac.in/Departments/showPeopleFormerStaff [POST show_people_former_staff=former_faculty&dept_code=SH] (unit page https://www.iitkgp.ac.in/department/SH)
Subhra Banerjee,Dr B C Roy Multi Speciality Medical Research Centre,Former faculty (2023-2024),former,2023,,doc.subhra@bcrmrc.iitkgp.ac.in,,,,,,,https://www.iitkgp.ac.in/Departments/showPeopleFormerStaff [POST show_people_former_staff=former_faculty&dept_code=SH] (unit page https://www.iitkgp.ac.in/department/SH)
Swagata Bhattacharya,Dr B C Roy Multi Speciality Medical Research Centre,Former faculty (2021-2022),former,2021,,swagata@bcrmrc.iitkgp.ac.in,,,,,,,https://www.iitkgp.ac.in/Departments/showPeopleFormerStaff [POST show_people_former_staff=former_faculty&dept_code=SH] (unit page https://www.iitkgp.ac.in/department/SH)
Sweety Suman Jha,Dr B C Roy Multi Speciality Medical Research Centre,Former faculty (2021-2024),former,2021,,ssjha@bcrmrc.iitkgp.ac.in,,,,,,,https://www.iitkgp.ac.in/Departments/showPeopleFormerStaff [POST show_people_former_staff=former_faculty&dept_code=SH] (unit page https://www.iitkgp.ac.in/department/SH)
Uttiya Saha,Dr B C Roy Multi Speciality Medical Research Centre,Former faculty (2024-2024),former,2024,,uttiya@bcrmrc.iitkgp.ac.in,,,,,,,https://www.iitkgp.ac.in/Departments/showPeopleFormerStaff [POST show_people_former_staff=former_faculty&dept_code=SH] (unit page https://www.iitkgp.ac.in/department/SH)
Alok Barua,Electrical Engineering,Former faculty (1985-2018),former,1985,,alok@ee.iitkgp.ac.in,,,,,,,https://www.iitkgp.ac.in/Departments/showPeopleFormerStaff [POST show_people_former_staff=former_faculty&dept_code=EE] (unit page https://www.iitkgp.ac.in/department/EE)
Anoop C S,Electrical Engineering,Former faculty (2014-2016),former,2014,,,,,,,,,https://www.iitkgp.ac.in/Departments/showPeopleFormerStaff [POST show_people_former_staff=former_faculty&dept_code=EE] (unit page https://www.iitkgp.ac.in/department/EE)
Avinash Kumar Sinha,Electrical Engineering,Former faculty (1984-2016),former,1984,,aksinha@ee.iitkgp.ac.in,,,,,,,https://www.iitkgp.ac.in/Departments/showPeopleFormerStaff [POST show_people_former_staff=former_faculty&dept_code=EE] (unit page https://www.iitkgp.ac.in/department/EE)
Debapriya Das,Electrical Engineering,Emeritus Professor,emeritus,,https://www.iitkgp.ac.in/department/EE/faculty/ee-ddas,ddas@ee.iitkgp.ac.in,,,,,,http://www.ddas.co.in,https://www.iitkgp.ac.in/Departments/showPeopleFormerStaff [POST show_people_former_staff=faculty&dept_code=EE] (unit page https://www.iitkgp.ac.in/department/EE)
Deepak Reddy Pullaguram,Electrical Engineering,Former faculty (2022-2026),former,2022,,drpullaguram@ee.iitkgp.ac.in,0000-0003-3401-5123,,,,,,https://www.iitkgp.ac.in/Departments/showPeopleFormerStaff [POST show_people_former_staff=former_faculty&dept_code=EE] (unit page https://www.iitkgp.ac.in/department/EE)
Goshaidas Ray,Electrical Engineering,Former faculty (1984-2016),former,1984,,gray@ee.iitkgp.ac.in,,,,,,,https://www.iitkgp.ac.in/Departments/showPeopleFormerStaff [POST show_people_former_staff=former_faculty&dept_code=EE] (unit page https://www.iitkgp.ac.in/department/EE)
Murali Mohan Bosukonda,Electrical Engineering,Emeritus Professor,emeritus,,https://www.iitkgp.ac.in/department/EE/faculty/ee-mohan,mohan@ee.iitkgp.ac.in,0000-0002-6673-2023,,,,,,https://www.iitkgp.ac.in/Departments/showPeopleFormerStaff [POST show_people_former_staff=faculty&dept_code=EE] (unit page https://www.iitkgp.ac.in/department/EE)
N K Kishore,Electrical Engineering,Former faculty (1991-2026),former,1991,,kishor@ee.iitkgp.ac.in,,,,,,,https://www.iitkgp.ac.in/Departments/showPeopleFormerStaff [POST show_people_former_staff=former_faculty&dept_code=EE] (unit page https://www.iitkgp.ac.in/department/EE)
Prabodh Bajpai,Electrical Engineering,Former faculty (2008-2022),former,2008,,pbajpai@ee.iitkgp.ac.in,0000-0003-4262-9213,,,,,,https://www.iitkgp.ac.in/Departments/showPeopleFormerStaff [POST show_people_former_staff=former_faculty&dept_code=EE] (unit page https://www.iitkgp.ac.in/department/EE)
Sabyasachi Sengupta,Electrical Engineering,Former faculty (1976-2016),former,1976,,ssg@ee.iitkgp.ac.in,,,,,,,https://www.iitkgp.ac.in/Departments/showPeopleFormerStaff [POST show_people_former_staff=former_faculty&dept_code=EE] (unit page https://www.iitkgp.ac.in/department/EE)
Sarasij Das,Electrical Engineering,Former faculty (2015-2018),former,2015,,,,,,,,,https://www.iitkgp.ac.in/Departments/showPeopleFormerStaff [POST show_people_former_staff=former_faculty&dept_code=EE] (unit page https://www.iitkgp.ac.in/department/EE)
Sarit Kumar Das,Electrical Engineering,Former faculty (1977-2019),former,1977,,skdas@ee.iitkgp.ac.in,,,,,,,https://www.iitkgp.ac.in/Departments/showPeopleFormerStaff [POST show_people_former_staff=former_faculty&dept_code=EE] (unit page https://www.iitkgp.ac.in/department/EE)
Siddhartha Sen,Electrical Engineering,Former faculty (1984-2022),former,1984,,ssen@ee.iitkgp.ac.in,,,,,,,https://www.iitkgp.ac.in/Departments/showPeopleFormerStaff [POST show_people_former_staff=former_faculty&dept_code=EE] (unit page https://www.iitkgp.ac.in/department/EE)
Subhajyoti Mukherjee,Electrical Engineering,Former faculty (2021-2023),former,2021,,sjm@ee.iitkgp.ac.in,,,,,,,https://www.iitkgp.ac.in/Departments/showPeopleFormerStaff [POST show_people_former_staff=former_faculty&dept_code=EE] (unit page https://www.iitkgp.ac.in/department/EE)
Tangali S Sudarshan,Electrical Engineering,Former faculty (2019-2021),former,2019,,,,,,,,,https://www.iitkgp.ac.in/Departments/showPeopleFormerStaff [POST show_people_former_staff=former_faculty&dept_code=EE] (unit page https://www.iitkgp.ac.in/department/EE)
Tapas Kumar Bhattacharyya,Electrical Engineering,Former faculty (1984-2021),former,1984,,tapas@ee.iitkgp.ac.in,,,,,,,https://www.iitkgp.ac.in/Departments/showPeopleFormerStaff [POST show_people_former_staff=former_faculty&dept_code=EE] (unit page https://www.iitkgp.ac.in/department/EE)
Ajoy Chakraborty,Electronics and Electrical Communication Engg.,Former faculty (1977-2017),former,1977,,bassein@ece.iitkgp.ac.in,,,,,,,https://www.iitkgp.ac.in/Departments/showPeopleFormerStaff [POST show_people_former_staff=former_faculty&dept_code=EC] (unit page https://www.iitkgp.ac.in/department/EC)
Ajoy Kumar Ray,Electronics and Electrical Communication Engg.,Former faculty (1980-2019),former,1980,,akray@ece.iitkgp.ac.in,,,,,,,https://www.iitkgp.ac.in/Departments/showPeopleFormerStaff [POST show_people_former_staff=former_faculty&dept_code=EC] (unit page https://www.iitkgp.ac.in/department/EC)
Akhilesh Mohan,Electronics and Electrical Communication Engg.,Former faculty (2013-2021),former,2013,,am@ece.iitkgp.ac.in,,,,,,,https://www.iitkgp.ac.in/Departments/showPeopleFormerStaff [POST show_people_former_staff=former_faculty&dept_code=EC] (unit page https://www.iitkgp.ac.in/department/EC)
Bibhudatta Sahoo,Electronics and Electrical Communication Engg.,Former faculty (2017-2023),former,2017,,bsahoo@ece.iitkgp.ac.in,,,,,,,https://www.iitkgp.ac.in/Departments/showPeopleFormerStaff [POST show_people_former_staff=former_faculty&dept_code=EC] (unit page https://www.iitkgp.ac.in/department/EC)
Chetna Singhal,Electronics and Electrical Communication Engg.,Former faculty (2015-2024),former,2015,,chetna@ece.iitkgp.ac.in,0000-0002-4712-8162,,,,,,https://www.iitkgp.ac.in/Departments/showPeopleFormerStaff [POST show_people_former_staff=former_faculty&dept_code=EC] (unit page https://www.iitkgp.ac.in/department/EC)
Debasish Datta,Electronics and Electrical Communication Engg.,Former faculty (1981-2017),former,1981,,ddatta@ece.iitkgp.ac.in,0009-0004-1106-7021,,,,,,https://www.iitkgp.ac.in/Departments/showPeopleFormerStaff [POST show_people_former_staff=former_faculty&dept_code=EC] (unit page https://www.iitkgp.ac.in/department/EC)
Debatosh Guha,Electronics and Electrical Communication Engg.,Former faculty (2015-2016),former,2015,,,,,,,,,https://www.iitkgp.ac.in/Departments/showPeopleFormerStaff [POST show_people_former_staff=former_faculty&dept_code=EC] (unit page https://www.iitkgp.ac.in/department/EC)
Dhrubes Biswas,Electronics and Electrical Communication Engg.,Former faculty (2007-2021),former,2007,,dbiswas@ece.iitkgp.ac.in,,,,,,,https://www.iitkgp.ac.in/Departments/showPeopleFormerStaff [POST show_people_former_staff=former_faculty&dept_code=EC] (unit page https://www.iitkgp.ac.in/department/EC)
Kalyankumar Bandyopadhyay,Electronics and Electrical Communication Engg.,Former faculty (2008-2017),former,2008,,kalyan@ece.iitkgp.ac.in,,,,,,,https://www.iitkgp.ac.in/Departments/showPeopleFormerStaff [POST show_people_former_staff=former_faculty&dept_code=EC] (unit page https://www.iitkgp.ac.in/department/EC)
Kapil Debnath,Electronics and Electrical Communication Engg.,Former faculty (2018-2024),former,2018,,k.debnath@ece.iitkgp.ac.in,,,,,,,https://www.iitkgp.ac.in/Departments/showPeopleFormerStaff [POST show_people_former_staff=former_faculty&dept_code=EC] (unit page https://www.iitkgp.ac.in/department/EC)
Pechetti Sasi Vinay,Electronics and Electrical Communication Engg.,Former faculty (2022-2024),former,2022,,vinay@ece.iitkgp.ac.in,,,,,,,https://www.iitkgp.ac.in/Departments/showPeopleFormerStaff [POST show_people_former_staff=former_faculty&dept_code=EC] (unit page https://www.iitkgp.ac.in/department/EC)
Rajat Roy,Electronics and Electrical Communication Engg.,Former faculty (2006-2025),former,2006,,rajatroy@ece.iitkgp.ac.in,,,,,,,https://www.iitkgp.ac.in/Departments/showPeopleFormerStaff [POST show_people_former_staff=former_faculty&dept_code=EC] (unit page https://www.iitkgp.ac.in/department/EC)
Ratnam Varada Raja Kumar,Electronics and Electrical Communication Engg.,Former faculty (2023-2024),former,2023,,rkumar@ece.iitkgp.ac.in,,,,,,,https://www.iitkgp.ac.in/Departments/showPeopleFormerStaff [POST show_people_former_staff=former_faculty&dept_code=EC] (unit page https://www.iitkgp.ac.in/department/EC)
Sajal Kumar Das,Electronics and Electrical Communication Engg.,Former faculty (2019-2021),former,2019,,,,,,,,,https://www.iitkgp.ac.in/Departments/showPeopleFormerStaff [POST show_people_former_staff=former_faculty&dept_code=EC] (unit page https://www.iitkgp.ac.in/department/EC)
Sant Sharan Pathak,Electronics and Electrical Communication Engg.,Former faculty (1985-2021),former,1985,,ssp@ece.iitkgp.ac.in,,,,,,,https://www.iitkgp.ac.in/Departments/showPeopleFormerStaff [POST show_people_former_staff=former_faculty&dept_code=EC] (unit page https://www.iitkgp.ac.in/department/EC)
Subrata Sanyal,Electronics and Electrical Communication Engg.,Former faculty (1984-2016),former,1984,,ssanyal@ece.iitkgp.ac.in,,,,,,,https://www.iitkgp.ac.in/Departments/showPeopleFormerStaff [POST show_people_former_staff=former_faculty&dept_code=EC] (unit page https://www.iitkgp.ac.in/department/EC)
Sudip Nag,Electronics and Electrical Communication Engg.,Former faculty (2015-2022),former,2015,,sudipnag1@ece.iitkgp.ac.in,,,,,,,https://www.iitkgp.ac.in/Departments/showPeopleFormerStaff [POST show_people_former_staff=former_faculty&dept_code=EC] (unit page https://www.iitkgp.ac.in/department/EC)
Swapna Banerjee,Electronics and Electrical Communication Engg.,Former faculty (1981-2016),former,1981,,swapna@ece.iitkgp.ac.in,,,,,,,https://www.iitkgp.ac.in/Departments/showPeopleFormerStaff [POST show_people_former_staff=former_faculty&dept_code=EC] (unit page https://www.iitkgp.ac.in/department/EC)
Binay Kanti Dutta,Environmental Science and Engineering,Former faculty (2017-2020),former,2017,,bkdutta@iitkgp.ac.in,,,,,,,https://www.iitkgp.ac.in/Departments/showPeopleFormerStaff [POST show_people_former_staff=former_faculty&dept_code=EF] (unit page https://www.iitkgp.ac.in/department/EF)
Asoknath Chatterjee,G.S Sanyal School of Telecommunication,Former faculty (2019-2021),former,2019,,asokchatterjee@gssst.iitkgp.ac.in,,,,,,,https://www.iitkgp.ac.in/Departments/showPeopleFormerStaff [POST show_people_former_staff=former_faculty&dept_code=GS] (unit page https://www.iitkgp.ac.in/department/GS)
Manjira Sinha,G.S Sanyal School of Telecommunication,Former faculty (2018-2023),former,2018,,manjira.sinha@cet.iitkgp.ac.in,,,,,,,https://www.iitkgp.ac.in/Departments/showPeopleFormerStaff [POST show_people_former_staff=former_faculty&dept_code=GS] (unit page https://www.iitkgp.ac.in/department/GS)
Parthajit Mohapatra,G.S Sanyal School of Telecommunication,Former faculty (2016-2018),former,2016,,parthajit@gssst.iitkgp.ac.in,,,,,,,https://www.iitkgp.ac.in/Departments/showPeopleFormerStaff [POST show_people_former_staff=former_faculty&dept_code=GS] (unit page https://www.iitkgp.ac.in/department/GS)
Priyadip Ray,G.S Sanyal School of Telecommunication,Former faculty (2012-2016),former,2012,,,,,,,,,https://www.iitkgp.ac.in/Departments/showPeopleFormerStaff [POST show_people_former_staff=former_faculty&dept_code=GS] (unit page https://www.iitkgp.ac.in/department/GS)
Abhijit Bhattacharya,Geology and Geophysics,Former faculty (1988-2022),former,1988,,abba@gg.iitkgp.ac.in,0000-0003-2110-467X,,,,,,https://www.iitkgp.ac.in/Departments/showPeopleFormerStaff [POST show_people_former_staff=former_faculty&dept_code=GG] (unit page https://www.iitkgp.ac.in/department/GG)
Anindya Sarkar,Geology and Geophysics,Emeritus Professor,emeritus,,https://www.iitkgp.ac.in/department/GG/faculty/gg-anindya,anindya@gg.iitkgp.ac.in,,,,,,,https://www.iitkgp.ac.in/Departments/showPeopleFormerStaff [POST show_people_former_staff=faculty&dept_code=GG] (unit page https://www.iitkgp.ac.in/department/GG)
Biswajit Mishra,Geology and Geophysics,Former faculty (1988-2024),former,1988,,bmgg@gg.iitkgp.ac.in,0000-0002-1480-7599,,,,,,https://www.iitkgp.ac.in/Departments/showPeopleFormerStaff [POST show_people_former_staff=former_faculty&dept_code=GG] (unit page https://www.iitkgp.ac.in/department/GG)
Debashish Sengupta,Geology and Geophysics,Former faculty (2023-2024),former,2023,,dsgg@gg.iitkgp.ac.in,,,,,,,https://www.iitkgp.ac.in/Departments/showPeopleFormerStaff [POST show_people_former_staff=former_faculty&dept_code=GG] (unit page https://www.iitkgp.ac.in/department/GG)
Sankar Kumar Nath,Geology and Geophysics,Former faculty (1988-2024),former,1988,,nath@gg.iitkgp.ac.in,,,,,,,https://www.iitkgp.ac.in/Departments/showPeopleFormerStaff [POST show_people_former_staff=former_faculty&dept_code=GG] (unit page https://www.iitkgp.ac.in/department/GG)
Sourendra Kumar Bhattacharya,Geology and Geophysics,Former faculty (2018-2021),former,2018,,skbhatta1@gg.iitkgp.ac.in,,,,,,,https://www.iitkgp.ac.in/Departments/showPeopleFormerStaff [POST show_people_former_staff=former_faculty&dept_code=GG] (unit page https://www.iitkgp.ac.in/department/GG)
Subhasish Das,Geology and Geophysics,Former faculty (1990-2023),former,1990,,sdas@gg.iitkgp.ac.in,0000-0002-1208-1448,,,,,,https://www.iitkgp.ac.in/Departments/showPeopleFormerStaff [POST show_people_former_staff=former_faculty&dept_code=GG] (unit page https://www.iitkgp.ac.in/department/GG)
Subhasish Tripathy,Geology and Geophysics,Emeritus Professor,emeritus,,https://www.iitkgp.ac.in/department/GG/faculty/gg-dkxKZXlIRWNXK0tSdjViRjV0OWpBdz09,,,,,,,,https://www.iitkgp.ac.in/Departments/showPeopleFormerStaff [POST show_people_former_staff=faculty&dept_code=GG] (unit page https://www.iitkgp.ac.in/department/GG)
Anjali Roy,Humanities and Social Sciences,Former faculty (1988-2024),former,1988,,anjali@hss.iitkgp.ac.in,,,,,,,https://www.iitkgp.ac.in/Departments/showPeopleFormerStaff [POST show_people_former_staff=former_faculty&dept_code=HS] (unit page https://www.iitkgp.ac.in/department/HS)
Bani Bhattacharya,Humanities and Social Sciences,Former faculty (1996-2023),former,1996,,banib@cet.iitkgp.ac.in,,,,,,,https://www.iitkgp.ac.in/Departments/showPeopleFormerStaff [POST show_people_former_staff=former_faculty&dept_code=HS] (unit page https://www.iitkgp.ac.in/department/HS)
Bani Chatterjee,Humanities and Social Sciences,Former faculty (1981-2016),former,1981,,bani@hss.iitkgp.ac.in,,,,,,,https://www.iitkgp.ac.in/Departments/showPeopleFormerStaff [POST show_people_former_staff=former_faculty&dept_code=HS] (unit page https://www.iitkgp.ac.in/department/HS)
Chhanda Chakraborti,Humanities and Social Sciences,Former faculty (1999-2021),former,1999,,chhanda@hss.iitkgp.ac.in,0000-0001-8032-5910,,,,,,https://www.iitkgp.ac.in/Departments/showPeopleFormerStaff [POST show_people_former_staff=former_faculty&dept_code=HS] (unit page https://www.iitkgp.ac.in/department/HS)
Damodar Suar,Humanities and Social Sciences,Former faculty (1994-2021),former,1994,,ds@hss.iitkgp.ac.in,,,,,,,https://www.iitkgp.ac.in/Departments/showPeopleFormerStaff [POST show_people_former_staff=former_faculty&dept_code=HS] (unit page https://www.iitkgp.ac.in/department/HS)
Jayshree Chakraborty,Humanities and Social Sciences,Former faculty (2007-2021),former,2007,,shree@hss.iitkgp.ac.in,0000-0002-7926-2956,,,,,,https://www.iitkgp.ac.in/Departments/showPeopleFormerStaff [POST show_people_former_staff=former_faculty&dept_code=HS] (unit page https://www.iitkgp.ac.in/department/HS)
Rima Bhattacharya,Humanities and Social Sciences,Former faculty (2021-2024),former,2021,,rima@hss.iitkgp.ac.in,,,,,,,https://www.iitkgp.ac.in/Departments/showPeopleFormerStaff [POST show_people_former_staff=former_faculty&dept_code=HS] (unit page https://www.iitkgp.ac.in/department/HS)
Somdatta Bhattacharya,Humanities and Social Sciences,Former faculty (2018-2024),former,2018,,somdatta@hss.iitkgp.ac.in,,,,,,,https://www.iitkgp.ac.in/Departments/showPeopleFormerStaff [POST show_people_former_staff=former_faculty&dept_code=HS] (unit page https://www.iitkgp.ac.in/department/HS)
Soumyatanu Mukherjee,Humanities and Social Sciences,Former faculty (2019-2020),former,2019,,soumyatanu@hss.iitkgp.ac.in,0000-0003-0674-1064,,,,,,https://www.iitkgp.ac.in/Departments/showPeopleFormerStaff [POST show_people_former_staff=former_faculty&dept_code=HS] (unit page https://www.iitkgp.ac.in/department/HS)
Sree Vinutha Venkataraman,Humanities and Social Sciences,Former faculty (2016-2018),former,2016,,,,,,,,,https://www.iitkgp.ac.in/Departments/showPeopleFormerStaff [POST show_people_former_staff=former_faculty&dept_code=HS] (unit page https://www.iitkgp.ac.in/department/HS)
Suhita Chopra Chatterjee,Humanities and Social Sciences,Former faculty (1998-2025),former,1998,,suhita@hss.iitkgp.ac.in,,,,,,,https://www.iitkgp.ac.in/Departments/showPeopleFormerStaff [POST show_people_former_staff=former_faculty&dept_code=HS] (unit page https://www.iitkgp.ac.in/department/HS)
Vijai Nath Giri,Humanities and Social Sciences,Former faculty (1984-2025),former,1984,,vng@hss.iitkgp.ac.in,,,,,,,https://www.iitkgp.ac.in/Departments/showPeopleFormerStaff [POST show_people_former_staff=former_faculty&dept_code=HS] (unit page https://www.iitkgp.ac.in/department/HS)
Zakir Husain,Humanities and Social Sciences,Former faculty (2013-2018),former,2013,,dzhusain@hss.iitkgp.ac.in,,,,,,,https://www.iitkgp.ac.in/Departments/showPeopleFormerStaff [POST show_people_former_staff=former_faculty&dept_code=HS] (unit page https://www.iitkgp.ac.in/department/HS)
Biswajit Mahanty,Industrial and Systems Engineering,Emeritus Professor,emeritus,1990,https://www.iitkgp.ac.in/department/IM/faculty/im-bm,bm@hijli.iitkgp.ac.in,0000-0002-7858-9818,,,,,http://www.iem.iitkgp.ernet.in/pages/bm/,https://www.iitkgp.ac.in/Departments/showPeopleFormerStaff [POST show_people_former_staff=faculty&dept_code=IM] (unit page https://www.iitkgp.ac.in/department/IM)
Jitesh J Thakkar,Industrial and Systems Engineering,Former faculty (2010-2021),former,2010,,jt@iem.iitkgp.ac.in,,,,,,,https://www.iitkgp.ac.in/Departments/showPeopleFormerStaff [POST show_people_former_staff=former_faculty&dept_code=IM] (unit page https://www.iitkgp.ac.in/department/IM)
Jyoti Mukherjee,Industrial and Systems Engineering,Former faculty (2016-2018),former,2016,,jyoti@iem.iitkgp.ac.in,,,,,,,https://www.iitkgp.ac.in/Departments/showPeopleFormerStaff [POST show_people_former_staff=former_faculty&dept_code=IM] (unit page https://www.iitkgp.ac.in/department/IM)
O. Bala Krishna,Industrial and Systems Engineering,Former faculty (2017-2022),former,2017,,obkrishna@iem.iitkgp.ac.in,,,,,,,https://www.iitkgp.ac.in/Departments/showPeopleFormerStaff [POST show_people_former_staff=former_faculty&dept_code=IM] (unit page https://www.iitkgp.ac.in/department/IM)
P L Narasimhan,Industrial and Systems Engineering,Former faculty (2012-2017),former,2012,,narasimhan40@iem.iitkgp.ac.in,,,,,,,https://www.iitkgp.ac.in/Departments/showPeopleFormerStaff [POST show_people_former_staff=former_faculty&dept_code=IM] (unit page https://www.iitkgp.ac.in/department/IM)
Pradip Kumar Ray,Industrial and Systems Engineering,Former faculty (1989-2025),former,1989,,pkr@vgsom.iitkgp.ac.in,0009-0007-2808-4794,,,,,,https://www.iitkgp.ac.in/Departments/showPeopleFormerStaff [POST show_people_former_staff=former_faculty&dept_code=IM] (unit page https://www.iitkgp.ac.in/department/IM)
Soumyanath Chatterjee,Industrial and Systems Engineering,Former faculty (2019-2021),former,2019,,,0000-0003-4411-0669,,,,,,https://www.iitkgp.ac.in/Departments/showPeopleFormerStaff [POST show_people_former_staff=former_faculty&dept_code=IM] (unit page https://www.iitkgp.ac.in/department/IM)
Chacko Jacob,Materials Science Centre,Former faculty (2001-2026),former,2001,,cjacob@matsc.iitkgp.ac.in,0000-0003-1254-4809,,,,,,https://www.iitkgp.ac.in/Departments/showPeopleFormerStaff [POST show_people_former_staff=former_faculty&dept_code=MS] (unit page https://www.iitkgp.ac.in/department/MS)
Debasis Bhattacharya,Materials Science Centre,Former faculty (1984-2016),former,1984,,dbmsc@matsc.iitkgp.ac.in,,,,,,,https://www.iitkgp.ac.in/Departments/showPeopleFormerStaff [POST show_people_former_staff=former_faculty&dept_code=MS] (unit page https://www.iitkgp.ac.in/department/MS)
Sanjay Mathur,Materials Science Centre,International Visiting Faculty/Professor,visiting,,https://www.iitkgp.ac.in/department/MS/faculty/ms-V05McTBiWEpUOUIzZzhsMHBUb2tqdz09,,,,,,,,https://www.iitkgp.ac.in/Departments/showPeopleFormerStaff [POST show_people_former_staff=faculty&dept_code=MS] (unit page https://www.iitkgp.ac.in/department/MS)
Shanker Ram,Materials Science Centre,Former faculty (1996-2017),former,1996,,sram@matsc.iitkgp.ac.in,,,,,,,https://www.iitkgp.ac.in/Departments/showPeopleFormerStaff [POST show_people_former_staff=former_faculty&dept_code=MS] (unit page https://www.iitkgp.ac.in/department/MS)
Asish Ganguly,Mathematics,Former faculty (2010-2024),former,2010,,aganguly@maths.iitkgp.ac.in,0009-0005-4781-4620,,,,,,https://www.iitkgp.ac.in/Departments/showPeopleFormerStaff [POST show_people_former_staff=former_faculty&dept_code=MA] (unit page https://www.iitkgp.ac.in/department/MA)
Bibhas Adhikari,Mathematics,Former faculty (2015-2023),former,2015,,bibhas@maths.iitkgp.ac.in,,,,,,,https://www.iitkgp.ac.in/Departments/showPeopleFormerStaff [POST show_people_former_staff=former_faculty&dept_code=MA] (unit page https://www.iitkgp.ac.in/department/MA)
Biswa Nath Datta,Mathematics,Former faculty (2019-2021),former,2019,,,,,,,,,https://www.iitkgp.ac.in/Departments/showPeopleFormerStaff [POST show_people_former_staff=former_faculty&dept_code=MA] (unit page https://www.iitkgp.ac.in/department/MA)
Dharmendra Kumar Gupta,Mathematics,Former faculty (1985-2018),former,1985,,dkg@maths.iitkgp.ac.in,,,,,,,https://www.iitkgp.ac.in/Departments/showPeopleFormerStaff [POST show_people_former_staff=former_faculty&dept_code=MA] (unit page https://www.iitkgp.ac.in/department/MA)
Jitendra Kumar,Mathematics,Former faculty (2009-2022),former,2009,,jkumar@maths.iitkgp.ac.in,,,,,,,https://www.iitkgp.ac.in/Departments/showPeopleFormerStaff [POST show_people_former_staff=former_faculty&dept_code=MA] (unit page https://www.iitkgp.ac.in/department/MA)
Mahendra Prasad Biswal,Mathematics,Former faculty (1988-2023),former,1988,,mpbiswal@maths.iitkgp.ac.in,,,,,,,https://www.iitkgp.ac.in/Departments/showPeopleFormerStaff [POST show_people_former_staff=former_faculty&dept_code=MA] (unit page https://www.iitkgp.ac.in/department/MA)
Parmeshwary Dayal Srivastava,Mathematics,Former faculty (1980-2018),former,1980,,pds@maths.iitkgp.ac.in,,,,,,,https://www.iitkgp.ac.in/Departments/showPeopleFormerStaff [POST show_people_former_staff=former_faculty&dept_code=MA] (unit page https://www.iitkgp.ac.in/department/MA)
Rajesh Kannan,Mathematics,Former faculty (2016-2022),former,2016,,rajeshkannan@maths.iitkgp.ac.in,,,,,,,https://www.iitkgp.ac.in/Departments/showPeopleFormerStaff [POST show_people_former_staff=former_faculty&dept_code=MA] (unit page https://www.iitkgp.ac.in/department/MA)
Shirshendu Chowdhury,Mathematics,Former faculty (2016-2017),former,2016,,shirshendu@maths.iitkgp.ac.in,,,,,,,https://www.iitkgp.ac.in/Departments/showPeopleFormerStaff [POST show_people_former_staff=former_faculty&dept_code=MA] (unit page https://www.iitkgp.ac.in/department/MA)
Umesh Chandra Gupta,Mathematics,Former faculty (1985-2022),former,1985,,umesh@maths.iitkgp.ac.in,,,,,,,https://www.iitkgp.ac.in/Departments/showPeopleFormerStaff [POST show_people_former_staff=former_faculty&dept_code=MA] (unit page https://www.iitkgp.ac.in/department/MA)
Vasudeva Rao Allu,Mathematics,Former faculty (2011-2017),former,2011,,alluvasu@math.iitkgp.ac.in,,,,,,,https://www.iitkgp.ac.in/Departments/showPeopleFormerStaff [POST show_people_former_staff=former_faculty&dept_code=MA] (unit page https://www.iitkgp.ac.in/department/MA)
Ajay Kumar Chattopadhyay,Mechanical Engineering,Former faculty (1994-2017),former,1994,,akc@mech.iitkgp.ac.in,,,,,,,https://www.iitkgp.ac.in/Departments/showPeopleFormerStaff [POST show_people_former_staff=former_faculty&dept_code=ME] (unit page https://www.iitkgp.ac.in/department/ME)
Amitabha Ghosh,Mechanical Engineering,Former faculty (2016-2021),former,2016,,,,,,,,,https://www.iitkgp.ac.in/Departments/showPeopleFormerStaff [POST show_people_former_staff=former_faculty&dept_code=ME] (unit page https://www.iitkgp.ac.in/department/ME)
Ashish Kumar Nath,Mechanical Engineering,Former faculty (2008-2021),former,2008,,,,,,,,,https://www.iitkgp.ac.in/Departments/showPeopleFormerStaff [POST show_people_former_staff=former_faculty&dept_code=ME] (unit page https://www.iitkgp.ac.in/department/ME)
Biswajit Maiti,Mechanical Engineering,Former faculty (1985-2022),former,1985,,bmaiti@mech.iitkgp.ac.in,,,,,,,https://www.iitkgp.ac.in/Departments/showPeopleFormerStaff [POST show_people_former_staff=former_faculty&dept_code=ME] (unit page https://www.iitkgp.ac.in/department/ME)
Jinu Paul,Mechanical Engineering,Former faculty (2012-2021),former,2012,,jinu.paul@mech.iitkgp.ac.in,,,,,,,https://www.iitkgp.ac.in/Departments/showPeopleFormerStaff [POST show_people_former_staff=former_faculty&dept_code=ME] (unit page https://www.iitkgp.ac.in/department/ME)
Kajal Biswas,Mechanical Engineering,Former faculty (1981-2016),former,1981,,kbiswas@mech.iitkgp.ac.in,,,,,,,https://www.iitkgp.ac.in/Departments/showPeopleFormerStaff [POST show_people_former_staff=former_faculty&dept_code=ME] (unit page https://www.iitkgp.ac.in/department/ME)
Kumar Ray,Mechanical Engineering,Former faculty (1985-2021),former,1985,,raykr@mech.iitkgp.ac.in,,,,,,,https://www.iitkgp.ac.in/Departments/showPeopleFormerStaff [POST show_people_former_staff=former_faculty&dept_code=ME] (unit page https://www.iitkgp.ac.in/department/ME)
Ranjan Bhattacharyya,Mechanical Engineering,Emeritus Professor,emeritus,,https://www.iitkgp.ac.in/department/ME/faculty/me-rbmail,rbmail@mech.iitkgp.ac.in,,,,,,,https://www.iitkgp.ac.in/Departments/showPeopleFormerStaff [POST show_people_former_staff=faculty&dept_code=ME] (unit page https://www.iitkgp.ac.in/department/ME)
Rathindranath Maiti,Mechanical Engineering,Former faculty (1991-2018),former,1991,,rmaiti@mech.iitkgp.ac.in,,,,,,,https://www.iitkgp.ac.in/Departments/showPeopleFormerStaff [POST show_people_former_staff=former_faculty&dept_code=ME] (unit page https://www.iitkgp.ac.in/department/ME)
S Ramanujam,Mechanical Engineering,Former faculty (1988-2022),former,1988,,rmnjm@mech.iitkgp.ac.in,,,,,,,https://www.iitkgp.ac.in/Departments/showPeopleFormerStaff [POST show_people_former_staff=former_faculty&dept_code=ME] (unit page https://www.iitkgp.ac.in/department/ME)
Sankar Kumar Som,Mechanical Engineering,Former faculty (1976-2017),former,1976,,sksom@mech.iitkgp.ac.in,,,,,,,https://www.iitkgp.ac.in/Departments/showPeopleFormerStaff [POST show_people_former_staff=former_faculty&dept_code=ME] (unit page https://www.iitkgp.ac.in/department/ME)
Sati Nath Bhattacharyya,Mechanical Engineering,Former faculty (2000-2025),former,2000,,snb@mech.iitkgp.ac.in,,,,,,,https://www.iitkgp.ac.in/Departments/showPeopleFormerStaff [POST show_people_former_staff=former_faculty&dept_code=ME] (unit page https://www.iitkgp.ac.in/department/ME)
Souvik Bhattacharyya,Mechanical Engineering,Former faculty (1991-2021),former,1991,,souvik@mech.iitkgp.ac.in,,,,,,,https://www.iitkgp.ac.in/Departments/showPeopleFormerStaff [POST show_people_former_staff=former_faculty&dept_code=ME] (unit page https://www.iitkgp.ac.in/department/ME)
Sovan Lal Das,Mechanical Engineering,Former faculty (2016-2018),former,2016,,sovandas@mech.iitkgp.ac.in,,,,,,,https://www.iitkgp.ac.in/Departments/showPeopleFormerStaff [POST show_people_former_staff=former_faculty&dept_code=ME] (unit page https://www.iitkgp.ac.in/department/ME)
Subhransu Roy,Mechanical Engineering,Emeritus Professor,emeritus,,https://www.iitkgp.ac.in/department/ME/faculty/me-suroy,suroy@mech.iitkgp.ac.in,,,,,,,https://www.iitkgp.ac.in/Departments/showPeopleFormerStaff [POST show_people_former_staff=faculty&dept_code=ME] (unit page https://www.iitkgp.ac.in/department/ME)
Sukanta Kumar Dash,Mechanical Engineering,Emeritus Professor,emeritus,,https://www.iitkgp.ac.in/department/ME/faculty/me-sdash,sdash@mech.iitkgp.ac.in,0009-0002-9485-5749,,,,,,https://www.iitkgp.ac.in/Departments/showPeopleFormerStaff [POST show_people_former_staff=faculty&dept_code=ME] (unit page https://www.iitkgp.ac.in/department/ME)
Abhishek Sarkar,Metallurgical and Materials Engineering,Former faculty (2023-2024),former,2023,,abhishek.sarkar@metal.iitkgp.ac.in,0000-0001-9444-8241,,,,,,https://www.iitkgp.ac.in/Departments/showPeopleFormerStaff [POST show_people_former_staff=former_faculty&dept_code=MT] (unit page https://www.iitkgp.ac.in/department/MT)
Amit Bhaduri,Metallurgical and Materials Engineering,Former faculty (1984-2021),former,1984,,abhaduri@metal.iitkgp.ac.in,,,,,,,https://www.iitkgp.ac.in/Departments/showPeopleFormerStaff [POST show_people_former_staff=former_faculty&dept_code=MT] (unit page https://www.iitkgp.ac.in/department/MT)
Anuj Bisht,Metallurgical and Materials Engineering,Former faculty (2023-2024),former,2023,,anuj@metal.iitkgp.ac.in,,,,,,,https://www.iitkgp.ac.in/Departments/showPeopleFormerStaff [POST show_people_former_staff=former_faculty&dept_code=MT] (unit page https://www.iitkgp.ac.in/department/MT)
Gour Prasad Das,Metallurgical and Materials Engineering,Former faculty (2018-2021),former,2018,,gpdas@metal.iitkgp.ac.in,,,,,,,https://www.iitkgp.ac.in/Departments/showPeopleFormerStaff [POST show_people_former_staff=former_faculty&dept_code=MT] (unit page https://www.iitkgp.ac.in/department/MT)
Gunda Naga Sri Harsha,Metallurgical and Materials Engineering,Former faculty (2023-2023),former,2023,,harsha@metal.iitkgp.ac.in,,,,,,,https://www.iitkgp.ac.in/Departments/showPeopleFormerStaff [POST show_people_former_staff=former_faculty&dept_code=MT] (unit page https://www.iitkgp.ac.in/department/MT)
Indranil Manna,Metallurgical and Materials Engineering,Former faculty (1985-2026),former,1985,,imanna@metal.iitkgp.ac.in,,,,,,,https://www.iitkgp.ac.in/Departments/showPeopleFormerStaff [POST show_people_former_staff=former_faculty&dept_code=MT] (unit page https://www.iitkgp.ac.in/department/MT)
Madhusudan Chakraborty,Metallurgical and Materials Engineering,Former faculty (1974-2016),former,1974,,,,,,,,,https://www.iitkgp.ac.in/Departments/showPeopleFormerStaff [POST show_people_former_staff=former_faculty&dept_code=MT] (unit page https://www.iitkgp.ac.in/department/MT)
Narendra Nath Acharya,Metallurgical and Materials Engineering,Former faculty (1985-2019),former,1985,,nnacharya@metal.iitkgp.ac.in,,,,,,,https://www.iitkgp.ac.in/Departments/showPeopleFormerStaff [POST show_people_former_staff=former_faculty&dept_code=MT] (unit page https://www.iitkgp.ac.in/department/MT)
Nirupam Chakraborti,Metallurgical and Materials Engineering,Former faculty (2000-2022),former,2000,,nchakrab@metal.iitkgp.ac.in,,,,,,,https://www.iitkgp.ac.in/Departments/showPeopleFormerStaff [POST show_people_former_staff=former_faculty&dept_code=MT] (unit page https://www.iitkgp.ac.in/department/MT)
Prodip Kumar Sen,Metallurgical and Materials Engineering,Former faculty (2007-2020),former,2007,,pksen@metal.iitkgp.ac.in,,,,,,,https://www.iitkgp.ac.in/Departments/showPeopleFormerStaff [POST show_people_former_staff=former_faculty&dept_code=MT] (unit page https://www.iitkgp.ac.in/department/MT)
Satish Kumar Ajmani,Metallurgical and Materials Engineering,Former faculty (2019-2021),former,2019,,skajmani@metal.iitkgp.ac.in,,,,,,,https://www.iitkgp.ac.in/Departments/showPeopleFormerStaff [POST show_people_former_staff=former_faculty&dept_code=MT] (unit page https://www.iitkgp.ac.in/department/MT)
Sudipto Ghosh,Metallurgical and Materials Engineering,Former faculty (2004-2020),former,2004,,sudipto@metal.iitkgp.ac.in,,,,,,,https://www.iitkgp.ac.in/Departments/showPeopleFormerStaff [POST show_people_former_staff=former_faculty&dept_code=MT] (unit page https://www.iitkgp.ac.in/department/MT)
Ajay Kumar Jha,Mining Engineering,Former faculty (2015-2016),former,2015,,ajay.jha@iitkgp.ac.in,,,,,,,https://www.iitkgp.ac.in/Departments/showPeopleFormerStaff [POST show_people_former_staff=former_faculty&dept_code=MI] (unit page https://www.iitkgp.ac.in/department/MI)
Ashis Bhattacherjee,Mining Engineering,Former faculty (1992-2023),former,1992,,ashisb@mining.iitkgp.ac.in,,,,,,,https://www.iitkgp.ac.in/Departments/showPeopleFormerStaff [POST show_people_former_staff=former_faculty&dept_code=MI] (unit page https://www.iitkgp.ac.in/department/MI)
Bibhuti Bhusan Mandal,Mining Engineering,Visiting Faculty,visiting,2018,https://www.iitkgp.ac.in/department/MI/faculty/mi-di90SWl1SDFtRWlrR25mVUM5MnBwQT09,,0000-0002-4773-8593,,,,,,https://www.iitkgp.ac.in/Departments/showPeopleFormerStaff [POST show_people_former_staff=faculty&dept_code=MI] (unit page https://www.iitkgp.ac.in/department/MI)
Ganga Prasad Karmakar,Mining Engineering,Former faculty (2014-2020),former,2014,,gpkarmakar@mining.iitkgp.ac.in,,,,,,,https://www.iitkgp.ac.in/Departments/showPeopleFormerStaff [POST show_people_former_staff=former_faculty&dept_code=MI] (unit page https://www.iitkgp.ac.in/department/MI)
Jayanta Bhattacharya,Mining Engineering,Former faculty (1987-2024),former,1987,,jayantab@mining.iitkgp.ac.in,0000-0001-8644-2915,,,,,,https://www.iitkgp.ac.in/Departments/showPeopleFormerStaff [POST show_people_former_staff=former_faculty&dept_code=MI] (unit page https://www.iitkgp.ac.in/department/MI)
Karanam Uma Maheshwar Rao,Mining Engineering,Former faculty (1989-2025),former,1989,,umr@mining.iitkgp.ac.in,,,,,,,https://www.iitkgp.ac.in/Departments/showPeopleFormerStaff [POST show_people_former_staff=former_faculty&dept_code=MI] (unit page https://www.iitkgp.ac.in/department/MI)
Ketan Arora,Mining Engineering,Former faculty (2022-2024),former,2022,,ketanarora@mining.iitkgp.ac.in,0000-0001-5854-632X,,,,,,https://www.iitkgp.ac.in/Departments/showPeopleFormerStaff [POST show_people_former_staff=former_faculty&dept_code=MI] (unit page https://www.iitkgp.ac.in/department/MI)
Khanindra Pathak,Mining Engineering,Emeritus Professor,emeritus,2000,https://www.iitkgp.ac.in/department/MI/faculty/mi-khanindra,khanindra@mining.iitkgp.ac.in,0000-0002-0239-7887,,,,,,https://www.iitkgp.ac.in/Departments/showPeopleFormerStaff [POST show_people_former_staff=faculty&dept_code=MI] (unit page https://www.iitkgp.ac.in/department/MI)
M P Dikshit,Mining Engineering,Former faculty (2015-2022),former,2015,,mpdikshit@mining.iitkgp.ac.in,,,,,,,https://www.iitkgp.ac.in/Departments/showPeopleFormerStaff [POST show_people_former_staff=former_faculty&dept_code=MI] (unit page https://www.iitkgp.ac.in/department/MI)
S Suryanarayana Bhamidipati,Mining Engineering,Former faculty (2024-2026),former,2024,,bssastry@mining.iitkgp.ac.in,,,,,,,https://www.iitkgp.ac.in/Departments/showPeopleFormerStaff [POST show_people_former_staff=former_faculty&dept_code=MI] (unit page https://www.iitkgp.ac.in/department/MI)
Samir Kumar Das,Mining Engineering,Former faculty (2021-2022),former,2021,,,,,,,,,https://www.iitkgp.ac.in/Departments/showPeopleFormerStaff [POST show_people_former_staff=former_faculty&dept_code=MI] (unit page https://www.iitkgp.ac.in/department/MI)
Samir Kumar Pal,Mining Engineering,Former faculty (1981-2023),former,1981,,palsk@mining.iitkgp.ac.in,0000-0002-3140-6826,,,,,,https://www.iitkgp.ac.in/Departments/showPeopleFormerStaff [POST show_people_former_staff=former_faculty&dept_code=MI] (unit page https://www.iitkgp.ac.in/department/MI)
Srikant Annavarapu,Mining Engineering,Former faculty (2015-2018),former,2015,,srikant@mining.iitkgp.ac.in,,,,,,,https://www.iitkgp.ac.in/Departments/showPeopleFormerStaff [POST show_people_former_staff=former_faculty&dept_code=MI] (unit page https://www.iitkgp.ac.in/department/MI)
Manjari Garg,Nano Science and Technology,Former faculty (2024-2024),former,2024,,manjarig@iitkgp.ac.in,,,,,,,https://www.iitkgp.ac.in/Departments/showPeopleFormerStaff [POST show_people_former_staff=former_faculty&dept_code=NT] (unit page https://www.iitkgp.ac.in/department/NT)
Ashoke Bhar,Ocean Engg and Naval Architecture,Former faculty (1985-2019),former,1985,,bhar@naval.iitkgp.ac.in,,,,,,,https://www.iitkgp.ac.in/Departments/showPeopleFormerStaff [POST show_people_former_staff=former_faculty&dept_code=NA] (unit page https://www.iitkgp.ac.in/department/NA)
Bikas Chaudhuri,Ocean Engg and Naval Architecture,Former faculty (2017-2018),former,2017,,,,,,,,,https://www.iitkgp.ac.in/Departments/showPeopleFormerStaff [POST show_people_former_staff=former_faculty&dept_code=NA] (unit page https://www.iitkgp.ac.in/department/NA)
Dasharatha Achani,Ocean Engg and Naval Architecture,Former faculty (2017-2023),former,2017,,,0000-0003-0655-9051,,,,,,https://www.iitkgp.ac.in/Departments/showPeopleFormerStaff [POST show_people_former_staff=former_faculty&dept_code=NA] (unit page https://www.iitkgp.ac.in/department/NA)
Debabrata Sen,Ocean Engg and Naval Architecture,Former faculty (2020-2025),former,2020,,deb@naval.iitkgp.ac.in,,,,,,,https://www.iitkgp.ac.in/Departments/showPeopleFormerStaff [POST show_people_former_staff=former_faculty&dept_code=NA] (unit page https://www.iitkgp.ac.in/department/NA)
Joydip Bhattacharjee,Ocean Engg and Naval Architecture,Former faculty (2013-2017),former,2013,,joydip@naval.iitkgp.ac.in,,,,,,,https://www.iitkgp.ac.in/Departments/showPeopleFormerStaff [POST show_people_former_staff=former_faculty&dept_code=NA] (unit page https://www.iitkgp.ac.in/department/NA)
Nabanita Datta,Ocean Engg and Naval Architecture,Former faculty (2011-2023),former,2011,,ndatta@naval.iitkgp.ac.in,,,,,,,https://www.iitkgp.ac.in/Departments/showPeopleFormerStaff [POST show_people_former_staff=former_faculty&dept_code=NA] (unit page https://www.iitkgp.ac.in/department/NA)
Nisith Ranjan Mandal,Ocean Engg and Naval Architecture,Former faculty (1987-2017),former,1987,,nrm@naval.iitkgp.ac.in,,,,,,,https://www.iitkgp.ac.in/Departments/showPeopleFormerStaff [POST show_people_former_staff=former_faculty&dept_code=NA] (unit page https://www.iitkgp.ac.in/department/NA)
Om Prakash Sha,Ocean Engg and Naval Architecture,Former faculty (2023-2025),former,2023,,ops@naval.iitkgp.ac.in,0000-0001-8649-5291,,,,,,https://www.iitkgp.ac.in/Departments/showPeopleFormerStaff [POST show_people_former_staff=former_faculty&dept_code=NA] (unit page https://www.iitkgp.ac.in/department/NA)
Subramaniam Neelamani,Ocean Engg and Naval Architecture,Former faculty (2019-2021),former,2019,,,,,,,,,https://www.iitkgp.ac.in/Departments/showPeopleFormerStaff [POST show_people_former_staff=former_faculty&dept_code=NA] (unit page https://www.iitkgp.ac.in/department/NA)
Atindra Nath Pal,Physics,Former faculty (2017-2017),former,2017,,atin@phy.iitkgp.ac.in,,,,,,,https://www.iitkgp.ac.in/Departments/showPeopleFormerStaff [POST show_people_former_staff=former_faculty&dept_code=PH] (unit page https://www.iitkgp.ac.in/department/PH)
Bhupendra Nath Dev,Physics,Former faculty (2017-2020),former,2017,,bhupen.dev@phy.iitkgp.ac.in,,,,,,,https://www.iitkgp.ac.in/Departments/showPeopleFormerStaff [POST show_people_former_staff=former_faculty&dept_code=PH] (unit page https://www.iitkgp.ac.in/department/PH)
Ipsita Mandal,Physics,Former faculty (2016-2017),former,2016,,ipsita.mandal@phy.iitkgp.ac.in,0000-0001-6981-5329,,,,,,https://www.iitkgp.ac.in/Departments/showPeopleFormerStaff [POST show_people_former_staff=former_faculty&dept_code=PH] (unit page https://www.iitkgp.ac.in/department/PH)
Jayanta K Bhattacharjee,Physics,Former faculty (2017-2017),former,2017,,,,,,,,,https://www.iitkgp.ac.in/Departments/showPeopleFormerStaff [POST show_people_former_staff=former_faculty&dept_code=PH] (unit page https://www.iitkgp.ac.in/department/PH)
Kannabiran Seshasayanan,Physics,Former faculty (2020-2023),former,2020,,kannabiran.s@phy.iitkgp.ac.in,0000-0002-5673-3284,,,,,,https://www.iitkgp.ac.in/Departments/showPeopleFormerStaff [POST show_people_former_staff=former_faculty&dept_code=PH] (unit page https://www.iitkgp.ac.in/department/PH)
Kasturi Lal Chopra,Physics,Former faculty (2016-2021),former,2016,,,,,,,,,https://www.iitkgp.ac.in/Departments/showPeopleFormerStaff [POST show_people_former_staff=former_faculty&dept_code=PH] (unit page https://www.iitkgp.ac.in/department/PH)
Krishna Kumar,Physics,Former faculty (2002-2026),former,2002,,kumar@phy.iitkgp.ac.in,0000-0002-4532-6261,,,,,,https://www.iitkgp.ac.in/Departments/showPeopleFormerStaff [POST show_people_former_staff=former_faculty&dept_code=PH] (unit page https://www.iitkgp.ac.in/department/PH)
Nirupam Roy,Physics,Former faculty (2015-2016),former,2015,,nirupam.roy@phy.iitkgp.ac.in,0000-0001-9829-7727,,,,,,https://www.iitkgp.ac.in/Departments/showPeopleFormerStaff [POST show_people_former_staff=former_faculty&dept_code=PH] (unit page https://www.iitkgp.ac.in/department/PH)
Shivcharan Lal Sharma,Physics,Former faculty (1984-2016),former,1984,,shivji@phy.iitkgp.ac.in,,,,,,,https://www.iitkgp.ac.in/Departments/showPeopleFormerStaff [POST show_people_former_staff=former_faculty&dept_code=PH] (unit page https://www.iitkgp.ac.in/department/PH)
Simone Peli,Physics,Former faculty (2017-2018),former,2017,,,0000-0002-0421-954X,,,,,,https://www.iitkgp.ac.in/Departments/showPeopleFormerStaff [POST show_people_former_staff=former_faculty&dept_code=PH] (unit page https://www.iitkgp.ac.in/department/PH)
Sumanta Tewari,Physics,Former faculty (2019-2021),former,2019,,,,,,,,,https://www.iitkgp.ac.in/Departments/showPeopleFormerStaff [POST show_people_former_staff=former_faculty&dept_code=PH] (unit page https://www.iitkgp.ac.in/department/PH)
Tarun Sharma,Physics,Former faculty (2020-2021),former,2020,,tarun@phy.iitkgp.ac.in,,,,,,,https://www.iitkgp.ac.in/Departments/showPeopleFormerStaff [POST show_people_former_staff=former_faculty&dept_code=PH] (unit page https://www.iitkgp.ac.in/department/PH)
Utpal Sarkar,Physics,Former faculty (2016-2020),former,2016,,utpal@phy.iitkgp.ac.in,,,,,,,https://www.iitkgp.ac.in/Departments/showPeopleFormerStaff [POST show_people_former_staff=former_faculty&dept_code=PH] (unit page https://www.iitkgp.ac.in/department/PH)
Pranab Kumar Dan,Rajendra Mishra School of Engg Entrepreneurship,Former faculty (2014-2024),former,2014,,pkdan@see.iitkgp.ac.in,,,,,,,https://www.iitkgp.ac.in/Departments/showPeopleFormerStaff [POST show_people_former_staff=former_faculty&dept_code=RJ] (unit page https://www.iitkgp.ac.in/department/RJ)
Gaurav Shukla,Rajiv Gandhi School of Intellectual Property Law,Former faculty (2013-2019),former,2013,,gs@rgsoipl.iitkgp.ac.in,,,,,,,https://www.iitkgp.ac.in/Departments/showPeopleFormerStaff [POST show_people_former_staff=former_faculty&dept_code=IP] (unit page https://www.iitkgp.ac.in/department/IP)
Khushal Vibhute,Rajiv Gandhi School of Intellectual Property Law,Former faculty (2013-2017),former,2013,,vibhutek@rgsoipl.iitkgp.ac.in,,,,,,,https://www.iitkgp.ac.in/Departments/showPeopleFormerStaff [POST show_people_former_staff=former_faculty&dept_code=IP] (unit page https://www.iitkgp.ac.in/department/IP)
Prabuddha Ganguli,Rajiv Gandhi School of Intellectual Property Law,Former faculty (2017-2020),former,2017,,,,,,,,,https://www.iitkgp.ac.in/Departments/showPeopleFormerStaff [POST show_people_former_staff=former_faculty&dept_code=IP] (unit page https://www.iitkgp.ac.in/department/IP)
Manas Kumar Mandal,Rekhi Centre of Excellence for the Science of Happiness,Distinguished Visiting Professor,visiting,,https://www.iitkgp.ac.in/department/RX/faculty/rx-manas.mandal,manas.mandal@hss.iitkgp.ac.in,,,,,,http://linkedin.com/in/manas-kumar-mandal-07939b179,https://www.iitkgp.ac.in/Departments/showPeopleFormerStaff [POST show_people_former_staff=faculty&dept_code=RX] (unit page https://www.iitkgp.ac.in/department/RX)
Saamdu Chetri,Rekhi Centre of Excellence for the Science of Happiness,Former faculty (2017-2022),former,2017,,saamdu.chetri@iitkgp.ac.in,,,,,,,https://www.iitkgp.ac.in/Departments/showPeopleFormerStaff [POST show_people_former_staff=former_faculty&dept_code=RX] (unit page https://www.iitkgp.ac.in/department/RX)
Tanusree Dutta,Rekhi Centre of Excellence for the Science of Happiness,Former faculty (2019-2020),former,2019,,tanusreedutta@iitkgp.ac.in,,,,,,,https://www.iitkgp.ac.in/Departments/showPeopleFormerStaff [POST show_people_former_staff=former_faculty&dept_code=RX] (unit page https://www.iitkgp.ac.in/department/RX)
Anil Kumar Bhowmick,Rubber Technology,Former faculty (1984-2019),former,1984,,anilkb@rtc.iitkgp.ac.in,,,,,,,https://www.iitkgp.ac.in/Departments/showPeopleFormerStaff [POST show_people_former_staff=former_faculty&dept_code=RT] (unit page https://www.iitkgp.ac.in/department/RT)
Dipak Khastgir,Rubber Technology,Former faculty (1983-2016),former,1983,,khasdi@rtc.iitkgp.ac.in,0000-0002-2277-9188,,,,,,https://www.iitkgp.ac.in/Departments/showPeopleFormerStaff [POST show_people_former_staff=former_faculty&dept_code=RT] (unit page https://www.iitkgp.ac.in/department/RT)
Analava Mitra,School of Medical Science and Technology,Former faculty (1991-2018),former,1991,,amitra@smst.iitkgp.ac.in,0000-0003-2597-0794,,,,,,https://www.iitkgp.ac.in/Departments/showPeopleFormerStaff [POST show_people_former_staff=former_faculty&dept_code=MM] (unit page https://www.iitkgp.ac.in/department/MM)
Arun Kumar De,School of Medical Science and Technology,Former faculty (2020-2022),former,2020,,,,,,,,,https://www.iitkgp.ac.in/Departments/showPeopleFormerStaff [POST show_people_former_staff=former_faculty&dept_code=MM] (unit page https://www.iitkgp.ac.in/department/MM)
Indranil Mallick,School of Medical Science and Technology,Former faculty (2019-2022),former,2019,,,,,,,,,https://www.iitkgp.ac.in/Departments/showPeopleFormerStaff [POST show_people_former_staff=former_faculty&dept_code=MM] (unit page https://www.iitkgp.ac.in/department/MM)
Jyotirmoy Chatterjee,School of Medical Science and Technology,Former faculty (2007-2022),former,2007,,jchatterjee@smst.iitkgp.ac.in,,,,,,,https://www.iitkgp.ac.in/Departments/showPeopleFormerStaff [POST show_people_former_staff=former_faculty&dept_code=MM] (unit page https://www.iitkgp.ac.in/department/MM)
Marc J. Madou,School of Medical Science and Technology,Former faculty (2018-2023),former,2018,,,,,,,,,https://www.iitkgp.ac.in/Departments/showPeopleFormerStaff [POST show_people_former_staff=former_faculty&dept_code=MM] (unit page https://www.iitkgp.ac.in/department/MM)
Rimpa Basu Achari,School of Medical Science and Technology,Former faculty (2019-2022),former,2019,,,,,,,,,https://www.iitkgp.ac.in/Departments/showPeopleFormerStaff [POST show_people_former_staff=former_faculty&dept_code=MM] (unit page https://www.iitkgp.ac.in/department/MM)
Sangeeta Das Bhattacharya,School of Medical Science and Technology,Former faculty (2006-2024),former,2006,,sangeeta@smst.iitkgp.ac.in,0000-0001-6898-7911,,,,,,https://www.iitkgp.ac.in/Departments/showPeopleFormerStaff [POST show_people_former_staff=former_faculty&dept_code=MM] (unit page https://www.iitkgp.ac.in/department/MM)
Sanjay Bhattacharya,School of Medical Science and Technology,Former faculty (2019-2022),former,2019,,,,,,,,,https://www.iitkgp.ac.in/Departments/showPeopleFormerStaff [POST show_people_former_staff=former_faculty&dept_code=MM] (unit page https://www.iitkgp.ac.in/department/MM)
Sanjoy Chatterjee,School of Medical Science and Technology,Former faculty (2019-2022),former,2019,,,,,,,,,https://www.iitkgp.ac.in/Departments/showPeopleFormerStaff [POST show_people_former_staff=former_faculty&dept_code=MM] (unit page https://www.iitkgp.ac.in/department/MM)
Satadal Saha,School of Medical Science and Technology,Former faculty (2018-2021),former,2018,,,0009-0008-1946-4311,,,,,,https://www.iitkgp.ac.in/Departments/showPeopleFormerStaff [POST show_people_former_staff=former_faculty&dept_code=MM] (unit page https://www.iitkgp.ac.in/department/MM)
Soumendranath Ray,School of Medical Science and Technology,Former faculty (2019-2022),former,2019,,,,,,,,,https://www.iitkgp.ac.in/Departments/showPeopleFormerStaff [POST show_people_former_staff=former_faculty&dept_code=MM] (unit page https://www.iitkgp.ac.in/department/MM)
Rabindra Nath Ghosh,Steel Technology Centre,Former faculty (1969-2016),former,1969,,rnghosh@metal.iitkgp.ac.in,0000-0003-2601-0023,,,,,,https://www.iitkgp.ac.in/Departments/showPeopleFormerStaff [POST show_people_former_staff=former_faculty&dept_code=SL] (unit page https://www.iitkgp.ac.in/department/SL)
Amitava Mitra,Subir Chowdhury School of Quality and Reliability,Former faculty (2018-2018),former,2018,,,,,,,,,https://www.iitkgp.ac.in/Departments/showPeopleFormerStaff [POST show_people_former_staff=former_faculty&dept_code=RE] (unit page https://www.iitkgp.ac.in/department/RE)
Amit Upadhyay,Vinod Gupta School of Management,Former faculty (2017-2019),former,2017,,au@vgsom.iitkgp.ac.in,0000-0001-9731-4089,,,,,,https://www.iitkgp.ac.in/Departments/showPeopleFormerStaff [POST show_people_former_staff=former_faculty&dept_code=BM] (unit page https://www.iitkgp.ac.in/department/BM)
Anand Teltumbde,Vinod Gupta School of Management,Former faculty (2011-2016),former,2011,,,,,,,,,https://www.iitkgp.ac.in/Departments/showPeopleFormerStaff [POST show_people_former_staff=former_faculty&dept_code=BM] (unit page https://www.iitkgp.ac.in/department/BM)
Biswarup Ghosh,Vinod Gupta School of Management,Former faculty (2023-2025),former,2023,,biswarup@vgsom.iitkgp.ac.in,,,,,,,https://www.iitkgp.ac.in/Departments/showPeopleFormerStaff [POST show_people_former_staff=former_faculty&dept_code=BM] (unit page https://www.iitkgp.ac.in/department/BM)
Gautam Sinha,Vinod Gupta School of Management,Former faculty (2002-2019),former,2002,,gautam@vgsom.iitkgp.ac.in,,,,,,,https://www.iitkgp.ac.in/Departments/showPeopleFormerStaff [POST show_people_former_staff=former_faculty&dept_code=BM] (unit page https://www.iitkgp.ac.in/department/BM)
Hemant Kumar Suman,Vinod Gupta School of Management,Former faculty (2021-2022),former,2021,,,,,,,,,https://www.iitkgp.ac.in/Departments/showPeopleFormerStaff [POST show_people_former_staff=former_faculty&dept_code=BM] (unit page https://www.iitkgp.ac.in/department/BM)
Kalyan Kumar Guin,Vinod Gupta School of Management,Former faculty (1990-2016),former,1990,,kalyan@vgsom.iitkgp.ac.in,,,,,,,https://www.iitkgp.ac.in/Departments/showPeopleFormerStaff [POST show_people_former_staff=former_faculty&dept_code=BM] (unit page https://www.iitkgp.ac.in/department/BM)
Kunal Kanti Ghosh,Vinod Gupta School of Management,Former faculty (2010-2020),former,2010,,kunal@iem.iitkgp.ac.in,,,,,,,https://www.iitkgp.ac.in/Departments/showPeopleFormerStaff [POST show_people_former_staff=former_faculty&dept_code=BM] (unit page https://www.iitkgp.ac.in/department/BM)
M Vimala Rani,Vinod Gupta School of Management,Former faculty (2019-2025),former,2019,,vimala@vgsom.iitkgp.ac.in,0000-0003-3216-2031,,,,,,https://www.iitkgp.ac.in/Departments/showPeopleFormerStaff [POST show_people_former_staff=former_faculty&dept_code=BM] (unit page https://www.iitkgp.ac.in/department/BM)
R Gopalakrishnan,Vinod Gupta School of Management,Former faculty (2017-2021),former,2017,,,,,,,,,https://www.iitkgp.ac.in/Departments/showPeopleFormerStaff [POST show_people_former_staff=former_faculty&dept_code=BM] (unit page https://www.iitkgp.ac.in/department/BM)
Ranjan Chaudhuri,Vinod Gupta School of Management,Former faculty (2017-2018),former,2017,,ranjan@vgsom.iitkgp.ac.in,,,,,,,https://www.iitkgp.ac.in/Departments/showPeopleFormerStaff [POST show_people_former_staff=former_faculty&dept_code=BM] (unit page https://www.iitkgp.ac.in/department/BM)
Ravi Kant,Vinod Gupta School of Management,Former faculty (2017-2021),former,2017,,,,,,,,,https://www.iitkgp.ac.in/Departments/showPeopleFormerStaff [POST show_people_former_staff=former_faculty&dept_code=BM] (unit page https://www.iitkgp.ac.in/department/BM)
S Srinivasan,Vinod Gupta School of Management,Former faculty (2019-2023),former,2019,,srinivasan@vgsom.iitkgp.ac.in,,,,,,,https://www.iitkgp.ac.in/Departments/showPeopleFormerStaff [POST show_people_former_staff=former_faculty&dept_code=BM] (unit page https://www.iitkgp.ac.in/department/BM)
Sanjib Chowdhury,Vinod Gupta School of Management,Visiting Faculty,visiting,2018,https://www.iitkgp.ac.in/department/BM/faculty/bm-sanjib,sanjib@vgsom.iitkgp.ac.in,0000-0002-6846-2119,,,,,https://www.linkedin.com/in/dr-sanjib-chowdhury-91a8b422/,https://www.iitkgp.ac.in/Departments/showPeopleFormerStaff [POST show_people_former_staff=faculty&dept_code=BM] (unit page https://www.iitkgp.ac.in/department/BM)
Surojit Mookherjee,Vinod Gupta School of Management,Visiting Faculty,visiting,2019,https://www.iitkgp.ac.in/department/BM/faculty/bm-surojit,surojit@vgsom.iitkgp.ac.in,0009-0008-8147-9688,,,,,,https://www.iitkgp.ac.in/Departments/showPeopleFormerStaff [POST show_people_former_staff=faculty&dept_code=BM] (unit page https://www.iitkgp.ac.in/department/BM)
Sushil Punia,Vinod Gupta School of Management,Former faculty (2021-2026),former,2021,,spunia@vgsom.iitkgp.ac.in,,,,,,,https://www.iitkgp.ac.in/Departments/showPeopleFormerStaff [POST show_people_former_staff=former_faculty&dept_code=BM] (unit page https://www.iitkgp.ac.in/department/BM)
Swagato Chatterjee,Vinod Gupta School of Management,Former faculty (2017-2023),former,2017,,swagato@vgsom.iitkgp.ac.in,,,,,,,https://www.iitkgp.ac.in/Departments/showPeopleFormerStaff [POST show_people_former_staff=former_faculty&dept_code=BM] (unit page https://www.iitkgp.ac.in/department/BM)
Tuheena Mukherjee,Vinod Gupta School of Management,Former faculty (2015-2019),former,2015,,tuheena@vgsom.iitkgp.ac.in,,,,,,,https://www.iitkgp.ac.in/Departments/showPeopleFormerStaff [POST show_people_former_staff=former_faculty&dept_code=BM] (unit page https://www.iitkgp.ac.in/department/BM)
Vivek Kumar Dubey,Vinod Gupta School of Management,Former faculty (2018-2019),former,2018,,,,,,,,,https://www.iitkgp.ac.in/Departments/showPeopleFormerStaff [POST show_people_former_staff=former_faculty&dept_code=BM] (unit page https://www.iitkgp.ac.in/department/BM)
